Copyright 1986-2022 Xilinx, Inc. All Rights Reserved. Copyright 2022-2026 Advanced Micro Devices, Inc. All Rights Reserved.
---------------------------------------------------------------------------------------------------------------------------------------------
| Tool Version : Vivado v.2026.1 (win64) Build 6511674 Tue Jun 16 11:02:23 MDT 2026
| Date         : Wed Aug 12 13:24:37 2026
| Host         : DESKTOP-4GB7DVJ running 64-bit major release  (build 9200)
| Command      : report_timing -max_paths 20 -sort_by group -file reports/vector_stage8/stage8_80mhz_worst_paths.rpt
| Design       : vector_memory_program_core_synth_top
| Device       : 7a35t-cpg236
| Speed File   : -1  PRODUCTION 1.23 2018-06-13
| Design State : Routed
---------------------------------------------------------------------------------------------------------------------------------------------

Timing Report

Slack (MET) :             0.155ns  (required time - arrival time)
  Source:                 core/current_pc_reg[1]/C
                            (rising edge-triggered cell FDRE clocked by vector_memory_clk  {rise@0.000ns fall@6.250ns period=12.500ns})
  Destination:            core/eu/vector_register_file_inst/regs_reg[0][32]/D
                            (rising edge-triggered cell FDRE clocked by vector_memory_clk  {rise@0.000ns fall@6.250ns period=12.500ns})
  Path Group:             vector_memory_clk
  Path Type:              Setup (Max at Slow Process Corner)
  Requirement:            12.500ns  (vector_memory_clk rise@12.500ns - vector_memory_clk rise@0.000ns)
  Data Path Delay:        12.242ns  (logic 3.462ns (28.279%)  route 8.780ns (71.721%))
  Logic Levels:           12  (CARRY4=1 LUT2=1 LUT3=2 LUT4=2 LUT6=4 MUXF7=1 RAMD32=1)
  Clock Path Skew:        -0.036ns (DCD - SCD + CPR)
    Destination Clock Delay (DCD):    4.792ns = ( 17.292 - 12.500 ) 
    Source Clock Delay      (SCD):    5.088ns
    Clock Pessimism Removal (CPR):    0.260ns
  Clock Uncertainty:      0.035ns  ((TSJ^2 + TIJ^2)^1/2 + DJ) / 2 + PE
    Total System Jitter     (TSJ):    0.071ns
    Total Input Jitter      (TIJ):    0.000ns
    Discrete Jitter          (DJ):    0.000ns
    Phase Error              (PE):    0.000ns

    Location             Delay type                Incr(ns)  Path(ns)    Netlist Resource(s)
  -------------------------------------------------------------------    -------------------
                         (clock vector_memory_clk rise edge)
                                                      0.000     0.000 r  <hidden>
    W5                                                0.000     0.000 r  clk
                         net (fo=0)                   0.000     0.000    clk
    W5                   IBUF (Prop_ibuf_I_O)         1.458     1.458 r  clk_IBUF_inst/O
                         net (fo=1, routed)           1.967     3.425    clk_IBUF
    BUFGCTRL_X0Y0        BUFG (Prop_bufg_I_O)         0.096     3.521 r  clk_IBUF_BUFG_inst/O
                         net (fo=1067, routed)        1.567     5.088    core/clk
    SLICE_X29Y47         FDRE                                         r  core/current_pc_reg[1]/C
  -------------------------------------------------------------------    -------------------
    SLICE_X29Y47         FDRE (Prop_fdre_C_Q)         0.419     5.507 r  core/current_pc_reg[1]/Q
                         net (fo=23, routed)          0.897     6.405    core/pim/memory_reg_0_15_12_15/ADDRB1
    SLICE_X30Y46         RAMD32 (Prop_ramd32_RADR1_O)
                                                      0.327     6.732 f  core/pim/memory_reg_0_15_12_15/RAMB/O
                         net (fo=36, routed)          1.080     7.812    core/pim/read_data[0]
    SLICE_X28Y46         LUT6 (Prop_lut6_I3_O)        0.348     8.160 r  core/pim/memory_reg_0_i_313/O
                         net (fo=4, routed)           0.816     8.976    core/pim/src_a[0]
    SLICE_X15Y48         LUT4 (Prop_lut4_I3_O)        0.124     9.100 r  core/pim/memory_reg_0_i_309/O
                         net (fo=64, routed)          1.209    10.310    core/eu/vector_register_file_inst/regs[0][63]_i_32_1
    SLICE_X3Y55          LUT6 (Prop_lut6_I4_O)        0.124    10.434 r  core/eu/vector_register_file_inst/memory_reg_0_i_233/O
                         net (fo=7, routed)           1.307    11.740    core/eu/vector_register_file_inst/memory_reg_0_i_233_n_0
    SLICE_X6Y51          LUT3 (Prop_lut3_I0_O)        0.150    11.890 r  core/eu/vector_register_file_inst/memory_reg_0_i_123/O
                         net (fo=15, routed)          0.790    12.681    core/eu/vector_register_file_inst/debug_read_data[59]
    SLICE_X10Y51         LUT2 (Prop_lut2_I0_O)        0.328    13.009 r  core/eu/vector_register_file_inst/regs[0][59]_i_7/O
                         net (fo=3, routed)           0.680    13.689    core/eu/vector_register_file_inst/regs[0][59]_i_23_n_0
    SLICE_X13Y49         LUT3 (Prop_lut3_I2_O)        0.124    13.813 r  core/eu/vector_register_file_inst/regs[0][32]_i_31/O
                         net (fo=1, routed)           0.000    13.813    core/eu/vector_register_file_inst/regs[0][32]_i_31_n_0
    SLICE_X13Y49         CARRY4 (Prop_carry4_S[1]_CO[2])
                                                      0.570    14.383 r  core/eu/vector_register_file_inst/regs_reg[0][32]_i_19/CO[2]
                         net (fo=1, routed)           0.451    14.833    core/eu/vector_register_file_inst/regs_reg[0][32]_i_19_n_1
    SLICE_X12Y46         LUT4 (Prop_lut4_I0_O)        0.313    15.146 r  core/eu/vector_register_file_inst/regs[0][32]_i_9/O
                         net (fo=1, routed)           0.522    15.669    core/eu/vector_register_file_inst/regs[0][32]_i_9_n_0
    SLICE_X10Y43         LUT6 (Prop_lut6_I5_O)        0.124    15.793 r  core/eu/vector_register_file_inst/regs[0][32]_i_6/O
                         net (fo=1, routed)           0.000    15.793    core/eu/vector_register_file_inst/regs[0][32]_i_6_n_0
    SLICE_X10Y43         MUXF7 (Prop_muxf7_I1_O)      0.214    16.007 r  core/eu/vector_register_file_inst/regs_reg[0][32]_i_3/O
                         net (fo=1, routed)           0.341    16.347    core/eu/vector_register_file_inst/regs_reg[0][32]_i_3_n_0
    SLICE_X8Y44          LUT6 (Prop_lut6_I5_O)        0.297    16.644 r  core/eu/vector_register_file_inst/regs[0][32]_i_1/O
                         net (fo=8, routed)           0.686    17.331    core/eu/vector_register_file_inst/rf_write_data[32]
    SLICE_X10Y45         FDRE                                         r  core/eu/vector_register_file_inst/regs_reg[0][32]/D
  -------------------------------------------------------------------    -------------------

                         (clock vector_memory_clk rise edge)
                                                     12.500    12.500 r  <hidden>
    W5                                                0.000    12.500 r  clk
                         net (fo=0)                   0.000    12.500    clk
    W5                   IBUF (Prop_ibuf_I_O)         1.388    13.888 r  clk_IBUF_inst/O
                         net (fo=1, routed)           1.862    15.750    clk_IBUF
    BUFGCTRL_X0Y0        BUFG (Prop_bufg_I_O)         0.091    15.841 r  clk_IBUF_BUFG_inst/O
                         net (fo=1067, routed)        1.451    17.292    core/eu/vector_register_file_inst/clk
    SLICE_X10Y45         FDRE                                         r  core/eu/vector_register_file_inst/regs_reg[0][32]/C
                         clock pessimism              0.260    17.552    <hidden>
                         clock uncertainty           -0.035    17.517    <hidden>
    SLICE_X10Y45         FDRE (Setup_fdre_C_D)       -0.031    17.486    core/eu/vector_register_file_inst/regs_reg[0][32]
  -------------------------------------------------------------------
                         required time                         17.486    <hidden>
                         arrival time                         -17.331    <hidden>
  -------------------------------------------------------------------
                         slack                                  0.155    <hidden>

Slack (MET) :             0.182ns  (required time - arrival time)
  Source:                 core/current_pc_reg[1]/C
                            (rising edge-triggered cell FDRE clocked by vector_memory_clk  {rise@0.000ns fall@6.250ns period=12.500ns})
  Destination:            core/eu/vector_register_file_inst/regs_reg[6][57]/D
                            (rising edge-triggered cell FDRE clocked by vector_memory_clk  {rise@0.000ns fall@6.250ns period=12.500ns})
  Path Group:             vector_memory_clk
  Path Type:              Setup (Max at Slow Process Corner)
  Requirement:            12.500ns  (vector_memory_clk rise@12.500ns - vector_memory_clk rise@0.000ns)
  Data Path Delay:        12.155ns  (logic 3.593ns (29.559%)  route 8.562ns (70.441%))
  Logic Levels:           14  (CARRY4=5 LUT2=1 LUT3=1 LUT4=1 LUT6=5 RAMD32=1)
  Clock Path Skew:        -0.061ns (DCD - SCD + CPR)
    Destination Clock Delay (DCD):    4.848ns = ( 17.348 - 12.500 ) 
    Source Clock Delay      (SCD):    5.088ns
    Clock Pessimism Removal (CPR):    0.180ns
  Clock Uncertainty:      0.035ns  ((TSJ^2 + TIJ^2)^1/2 + DJ) / 2 + PE
    Total System Jitter     (TSJ):    0.071ns
    Total Input Jitter      (TIJ):    0.000ns
    Discrete Jitter          (DJ):    0.000ns
    Phase Error              (PE):    0.000ns

    Location             Delay type                Incr(ns)  Path(ns)    Netlist Resource(s)
  -------------------------------------------------------------------    -------------------
                         (clock vector_memory_clk rise edge)
                                                      0.000     0.000 r  <hidden>
    W5                                                0.000     0.000 r  clk
                         net (fo=0)                   0.000     0.000    clk
    W5                   IBUF (Prop_ibuf_I_O)         1.458     1.458 r  clk_IBUF_inst/O
                         net (fo=1, routed)           1.967     3.425    clk_IBUF
    BUFGCTRL_X0Y0        BUFG (Prop_bufg_I_O)         0.096     3.521 r  clk_IBUF_BUFG_inst/O
                         net (fo=1067, routed)        1.567     5.088    core/clk
    SLICE_X29Y47         FDRE                                         r  core/current_pc_reg[1]/C
  -------------------------------------------------------------------    -------------------
    SLICE_X29Y47         FDRE (Prop_fdre_C_Q)         0.419     5.507 r  core/current_pc_reg[1]/Q
                         net (fo=23, routed)          0.897     6.405    core/pim/memory_reg_0_15_12_15/ADDRB1
    SLICE_X30Y46         RAMD32 (Prop_ramd32_RADR1_O)
                                                      0.327     6.732 f  core/pim/memory_reg_0_15_12_15/RAMB/O
                         net (fo=36, routed)          1.080     7.812    core/pim/read_data[0]
    SLICE_X28Y46         LUT6 (Prop_lut6_I3_O)        0.348     8.160 r  core/pim/memory_reg_0_i_313/O
                         net (fo=4, routed)           0.816     8.976    core/pim/src_a[0]
    SLICE_X15Y48         LUT4 (Prop_lut4_I3_O)        0.124     9.100 r  core/pim/memory_reg_0_i_309/O
                         net (fo=64, routed)          1.330    10.430    core/eu/vector_register_file_inst/regs[0][63]_i_32_1
    SLICE_X7Y41          LUT6 (Prop_lut6_I4_O)        0.124    10.554 r  core/eu/vector_register_file_inst/memory_reg_0_i_269/O
                         net (fo=7, routed)           1.067    11.621    core/eu/vector_register_file_inst/memory_reg_0_i_269_n_0
    SLICE_X8Y42          LUT3 (Prop_lut3_I0_O)        0.146    11.767 r  core/eu/vector_register_file_inst/memory_reg_0_i_141/O
                         net (fo=13, routed)          0.818    12.585    core/eu/vector_register_file_inst/debug_read_data[41]
    SLICE_X11Y45         LUT2 (Prop_lut2_I0_O)        0.328    12.913 r  core/eu/vector_register_file_inst/regs[0][43]_i_34/O
                         net (fo=1, routed)           0.000    12.913    core/eu/vector_register_file_inst/regs[0][43]_i_34_n_0
    SLICE_X11Y45         CARRY4 (Prop_carry4_S[1]_CO[3])
                                                      0.550    13.463 r  core/eu/vector_register_file_inst/regs_reg[0][43]_i_16/CO[3]
                         net (fo=1, routed)           0.000    13.463    core/eu/vector_register_file_inst/regs_reg[0][43]_i_16_n_0
    SLICE_X11Y46         CARRY4 (Prop_carry4_CI_CO[3])
                                                      0.114    13.577 r  core/eu/vector_register_file_inst/regs_reg[0][47]_i_18/CO[3]
                         net (fo=1, routed)           0.000    13.577    core/eu/vector_register_file_inst/regs_reg[0][47]_i_18_n_0
    SLICE_X11Y47         CARRY4 (Prop_carry4_CI_CO[3])
                                                      0.114    13.691 r  core/eu/vector_register_file_inst/regs_reg[0][51]_i_17/CO[3]
                         net (fo=1, routed)           0.000    13.691    core/eu/vector_register_file_inst/regs_reg[0][51]_i_17_n_0
    SLICE_X11Y48         CARRY4 (Prop_carry4_CI_CO[3])
                                                      0.114    13.805 r  core/eu/vector_register_file_inst/regs_reg[0][55]_i_17/CO[3]
                         net (fo=1, routed)           0.000    13.805    core/eu/vector_register_file_inst/regs_reg[0][55]_i_17_n_0
    SLICE_X11Y49         CARRY4 (Prop_carry4_CI_O[1])
                                                      0.334    14.139 r  core/eu/vector_register_file_inst/regs_reg[0][59]_i_16/O[1]
                         net (fo=1, routed)           0.561    14.700    core/eu/vector_register_file_inst/regs_reg[0][59]_i_16_n_6
    SLICE_X9Y51          LUT6 (Prop_lut6_I5_O)        0.303    15.003 r  core/eu/vector_register_file_inst/regs[0][57]_i_10/O
                         net (fo=1, routed)           0.502    15.505    core/eu/vector_register_file_inst/regs[0][57]_i_10_n_0
    SLICE_X8Y52          LUT6 (Prop_lut6_I5_O)        0.124    15.629 r  core/eu/vector_register_file_inst/regs[0][57]_i_4/O
                         net (fo=1, routed)           0.656    16.284    core/eu/vector_register_file_inst/regs[0][57]_i_4_n_0
    SLICE_X6Y53          LUT6 (Prop_lut6_I5_O)        0.124    16.408 r  core/eu/vector_register_file_inst/regs[0][57]_i_1/O
                         net (fo=8, routed)           0.835    17.244    core/eu/vector_register_file_inst/rf_write_data[57]
    SLICE_X5Y55          FDRE                                         r  core/eu/vector_register_file_inst/regs_reg[6][57]/D
  -------------------------------------------------------------------    -------------------

                         (clock vector_memory_clk rise edge)
                                                     12.500    12.500 r  <hidden>
    W5                                                0.000    12.500 r  clk
                         net (fo=0)                   0.000    12.500    clk
    W5                   IBUF (Prop_ibuf_I_O)         1.388    13.888 r  clk_IBUF_inst/O
                         net (fo=1, routed)           1.862    15.750    clk_IBUF
    BUFGCTRL_X0Y0        BUFG (Prop_bufg_I_O)         0.091    15.841 r  clk_IBUF_BUFG_inst/O
                         net (fo=1067, routed)        1.507    17.348    core/eu/vector_register_file_inst/clk
    SLICE_X5Y55          FDRE                                         r  core/eu/vector_register_file_inst/regs_reg[6][57]/C
                         clock pessimism              0.180    17.528    <hidden>
                         clock uncertainty           -0.035    17.492    <hidden>
    SLICE_X5Y55          FDRE (Setup_fdre_C_D)       -0.067    17.425    core/eu/vector_register_file_inst/regs_reg[6][57]
  -------------------------------------------------------------------
                         required time                         17.425    <hidden>
                         arrival time                         -17.244    <hidden>
  -------------------------------------------------------------------
                         slack                                  0.182    <hidden>

Slack (MET) :             0.195ns  (required time - arrival time)
  Source:                 core/current_pc_reg[2]/C
                            (rising edge-triggered cell FDRE clocked by vector_memory_clk  {rise@0.000ns fall@6.250ns period=12.500ns})
  Destination:            core/eu/vector_register_file_inst/regs_reg[0][64]/D
                            (rising edge-triggered cell FDRE clocked by vector_memory_clk  {rise@0.000ns fall@6.250ns period=12.500ns})
  Path Group:             vector_memory_clk
  Path Type:              Setup (Max at Slow Process Corner)
  Requirement:            12.500ns  (vector_memory_clk rise@12.500ns - vector_memory_clk rise@0.000ns)
  Data Path Delay:        12.117ns  (logic 3.725ns (30.741%)  route 8.392ns (69.259%))
  Logic Levels:           13  (CARRY4=2 LUT2=1 LUT3=2 LUT4=2 LUT6=4 MUXF7=1 RAMD32=1)
  Clock Path Skew:        -0.043ns (DCD - SCD + CPR)
    Destination Clock Delay (DCD):    4.784ns = ( 17.284 - 12.500 ) 
    Source Clock Delay      (SCD):    5.087ns
    Clock Pessimism Removal (CPR):    0.260ns
  Clock Uncertainty:      0.035ns  ((TSJ^2 + TIJ^2)^1/2 + DJ) / 2 + PE
    Total System Jitter     (TSJ):    0.071ns
    Total Input Jitter      (TIJ):    0.000ns
    Discrete Jitter          (DJ):    0.000ns
    Phase Error              (PE):    0.000ns

    Location             Delay type                Incr(ns)  Path(ns)    Netlist Resource(s)
  -------------------------------------------------------------------    -------------------
                         (clock vector_memory_clk rise edge)
                                                      0.000     0.000 r  <hidden>
    W5                                                0.000     0.000 r  clk
                         net (fo=0)                   0.000     0.000    clk
    W5                   IBUF (Prop_ibuf_I_O)         1.458     1.458 r  clk_IBUF_inst/O
                         net (fo=1, routed)           1.967     3.425    clk_IBUF
    BUFGCTRL_X0Y0        BUFG (Prop_bufg_I_O)         0.096     3.521 r  clk_IBUF_BUFG_inst/O
                         net (fo=1067, routed)        1.566     5.087    core/clk
    SLICE_X31Y47         FDRE                                         r  core/current_pc_reg[2]/C
  -------------------------------------------------------------------    -------------------
    SLICE_X31Y47         FDRE (Prop_fdre_C_Q)         0.456     5.543 r  core/current_pc_reg[2]/Q
                         net (fo=22, routed)          1.078     6.621    core/pim/memory_reg_0_15_12_15/ADDRA2
    SLICE_X30Y46         RAMD32 (Prop_ramd32_RADR2_O)
                                                      0.148     6.769 r  core/pim/memory_reg_0_15_12_15/RAMA/O
                         net (fo=13, routed)          0.849     7.618    core/pim/current_instruction[12]
    SLICE_X30Y45         LUT6 (Prop_lut6_I0_O)        0.328     7.946 r  core/pim/memory_reg_0_i_312/O
                         net (fo=4, routed)           0.470     8.416    core/pim/src_a[1]
    SLICE_X28Y46         LUT4 (Prop_lut4_I3_O)        0.119     8.535 r  core/pim/memory_reg_0_i_310/O
                         net (fo=64, routed)          1.121     9.655    core/eu/vector_register_file_inst/regs[0][95]_i_32_0
    SLICE_X39Y55         LUT6 (Prop_lut6_I2_O)        0.332     9.987 r  core/eu/vector_register_file_inst/memory_reg_1_i_163/O
                         net (fo=7, routed)           1.395    11.383    core/eu/vector_register_file_inst/memory_reg_1_i_163_n_0
    SLICE_X40Y48         LUT3 (Prop_lut3_I0_O)        0.152    11.535 r  core/eu/vector_register_file_inst/memory_reg_1_i_82/O
                         net (fo=12, routed)          0.674    12.209    core/eu/vector_register_file_inst/debug_read_data[78]
    SLICE_X35Y47         LUT2 (Prop_lut2_I0_O)        0.326    12.535 r  core/eu/vector_register_file_inst/regs[0][78]_i_9/O
                         net (fo=4, routed)           0.858    13.393    core/eu/vector_register_file_inst/regs[0][79]_i_28_n_0
    SLICE_X35Y42         LUT3 (Prop_lut3_I0_O)        0.124    13.517 r  core/eu/vector_register_file_inst/regs[0][64]_i_46/O
                         net (fo=1, routed)           0.000    13.517    core/eu/vector_register_file_inst/regs[0][64]_i_46_n_0
    SLICE_X35Y42         CARRY4 (Prop_carry4_S[0]_CO[3])
                                                      0.532    14.049 r  core/eu/vector_register_file_inst/regs_reg[0][64]_i_29/CO[3]
                         net (fo=1, routed)           0.000    14.049    core/eu/vector_register_file_inst/regs_reg[0][64]_i_29_n_0
    SLICE_X35Y43         CARRY4 (Prop_carry4_CI_CO[2])
                                                      0.228    14.277 r  core/eu/vector_register_file_inst/regs_reg[0][64]_i_19/CO[2]
                         net (fo=1, routed)           0.438    14.715    core/eu/vector_register_file_inst/regs_reg[0][64]_i_19_n_1
    SLICE_X31Y42         LUT4 (Prop_lut4_I0_O)        0.313    15.028 r  core/eu/vector_register_file_inst/regs[0][64]_i_9/O
                         net (fo=1, routed)           0.149    15.177    core/eu/vector_register_file_inst/regs[0][64]_i_9_n_0
    SLICE_X31Y42         LUT6 (Prop_lut6_I5_O)        0.124    15.301 r  core/eu/vector_register_file_inst/regs[0][64]_i_6/O
                         net (fo=1, routed)           0.000    15.301    core/eu/vector_register_file_inst/regs[0][64]_i_6_n_0
    SLICE_X31Y42         MUXF7 (Prop_muxf7_I1_O)      0.245    15.546 r  core/eu/vector_register_file_inst/regs_reg[0][64]_i_3/O
                         net (fo=1, routed)           0.287    15.832    core/eu/vector_register_file_inst/regs_reg[0][64]_i_3_n_0
    SLICE_X33Y42         LUT6 (Prop_lut6_I5_O)        0.298    16.130 r  core/eu/vector_register_file_inst/regs[0][64]_i_1/O
                         net (fo=8, routed)           1.074    17.205    core/eu/vector_register_file_inst/rf_write_data[64]
    SLICE_X35Y41         FDRE                                         r  core/eu/vector_register_file_inst/regs_reg[0][64]/D
  -------------------------------------------------------------------    -------------------

                         (clock vector_memory_clk rise edge)
                                                     12.500    12.500 r  <hidden>
    W5                                                0.000    12.500 r  clk
                         net (fo=0)                   0.000    12.500    clk
    W5                   IBUF (Prop_ibuf_I_O)         1.388    13.888 r  clk_IBUF_inst/O
                         net (fo=1, routed)           1.862    15.750    clk_IBUF
    BUFGCTRL_X0Y0        BUFG (Prop_bufg_I_O)         0.091    15.841 r  clk_IBUF_BUFG_inst/O
                         net (fo=1067, routed)        1.443    17.284    core/eu/vector_register_file_inst/clk
    SLICE_X35Y41         FDRE                                         r  core/eu/vector_register_file_inst/regs_reg[0][64]/C
                         clock pessimism              0.260    17.544    <hidden>
                         clock uncertainty           -0.035    17.509    <hidden>
    SLICE_X35Y41         FDRE (Setup_fdre_C_D)       -0.109    17.400    core/eu/vector_register_file_inst/regs_reg[0][64]
  -------------------------------------------------------------------
                         required time                         17.400    <hidden>
                         arrival time                         -17.205    <hidden>
  -------------------------------------------------------------------
                         slack                                  0.195    <hidden>

Slack (MET) :             0.262ns  (required time - arrival time)
  Source:                 core/current_pc_reg[1]/C
                            (rising edge-triggered cell FDRE clocked by vector_memory_clk  {rise@0.000ns fall@6.250ns period=12.500ns})
  Destination:            core/eu/vector_register_file_inst/regs_reg[4][32]/D
                            (rising edge-triggered cell FDRE clocked by vector_memory_clk  {rise@0.000ns fall@6.250ns period=12.500ns})
  Path Group:             vector_memory_clk
  Path Type:              Setup (Max at Slow Process Corner)
  Requirement:            12.500ns  (vector_memory_clk rise@12.500ns - vector_memory_clk rise@0.000ns)
  Data Path Delay:        12.135ns  (logic 3.462ns (28.528%)  route 8.673ns (71.472%))
  Logic Levels:           12  (CARRY4=1 LUT2=1 LUT3=2 LUT4=2 LUT6=4 MUXF7=1 RAMD32=1)
  Clock Path Skew:        -0.036ns (DCD - SCD + CPR)
    Destination Clock Delay (DCD):    4.792ns = ( 17.292 - 12.500 ) 
    Source Clock Delay      (SCD):    5.088ns
    Clock Pessimism Removal (CPR):    0.260ns
  Clock Uncertainty:      0.035ns  ((TSJ^2 + TIJ^2)^1/2 + DJ) / 2 + PE
    Total System Jitter     (TSJ):    0.071ns
    Total Input Jitter      (TIJ):    0.000ns
    Discrete Jitter          (DJ):    0.000ns
    Phase Error              (PE):    0.000ns

    Location             Delay type                Incr(ns)  Path(ns)    Netlist Resource(s)
  -------------------------------------------------------------------    -------------------
                         (clock vector_memory_clk rise edge)
                                                      0.000     0.000 r  <hidden>
    W5                                                0.000     0.000 r  clk
                         net (fo=0)                   0.000     0.000    clk
    W5                   IBUF (Prop_ibuf_I_O)         1.458     1.458 r  clk_IBUF_inst/O
                         net (fo=1, routed)           1.967     3.425    clk_IBUF
    BUFGCTRL_X0Y0        BUFG (Prop_bufg_I_O)         0.096     3.521 r  clk_IBUF_BUFG_inst/O
                         net (fo=1067, routed)        1.567     5.088    core/clk
    SLICE_X29Y47         FDRE                                         r  core/current_pc_reg[1]/C
  -------------------------------------------------------------------    -------------------
    SLICE_X29Y47         FDRE (Prop_fdre_C_Q)         0.419     5.507 r  core/current_pc_reg[1]/Q
                         net (fo=23, routed)          0.897     6.405    core/pim/memory_reg_0_15_12_15/ADDRB1
    SLICE_X30Y46         RAMD32 (Prop_ramd32_RADR1_O)
                                                      0.327     6.732 f  core/pim/memory_reg_0_15_12_15/RAMB/O
                         net (fo=36, routed)          1.080     7.812    core/pim/read_data[0]
    SLICE_X28Y46         LUT6 (Prop_lut6_I3_O)        0.348     8.160 r  core/pim/memory_reg_0_i_313/O
                         net (fo=4, routed)           0.816     8.976    core/pim/src_a[0]
    SLICE_X15Y48         LUT4 (Prop_lut4_I3_O)        0.124     9.100 r  core/pim/memory_reg_0_i_309/O
                         net (fo=64, routed)          1.209    10.310    core/eu/vector_register_file_inst/regs[0][63]_i_32_1
    SLICE_X3Y55          LUT6 (Prop_lut6_I4_O)        0.124    10.434 r  core/eu/vector_register_file_inst/memory_reg_0_i_233/O
                         net (fo=7, routed)           1.307    11.740    core/eu/vector_register_file_inst/memory_reg_0_i_233_n_0
    SLICE_X6Y51          LUT3 (Prop_lut3_I0_O)        0.150    11.890 r  core/eu/vector_register_file_inst/memory_reg_0_i_123/O
                         net (fo=15, routed)          0.790    12.681    core/eu/vector_register_file_inst/debug_read_data[59]
    SLICE_X10Y51         LUT2 (Prop_lut2_I0_O)        0.328    13.009 r  core/eu/vector_register_file_inst/regs[0][59]_i_7/O
                         net (fo=3, routed)           0.680    13.689    core/eu/vector_register_file_inst/regs[0][59]_i_23_n_0
    SLICE_X13Y49         LUT3 (Prop_lut3_I2_O)        0.124    13.813 r  core/eu/vector_register_file_inst/regs[0][32]_i_31/O
                         net (fo=1, routed)           0.000    13.813    core/eu/vector_register_file_inst/regs[0][32]_i_31_n_0
    SLICE_X13Y49         CARRY4 (Prop_carry4_S[1]_CO[2])
                                                      0.570    14.383 r  core/eu/vector_register_file_inst/regs_reg[0][32]_i_19/CO[2]
                         net (fo=1, routed)           0.451    14.833    core/eu/vector_register_file_inst/regs_reg[0][32]_i_19_n_1
    SLICE_X12Y46         LUT4 (Prop_lut4_I0_O)        0.313    15.146 r  core/eu/vector_register_file_inst/regs[0][32]_i_9/O
                         net (fo=1, routed)           0.522    15.669    core/eu/vector_register_file_inst/regs[0][32]_i_9_n_0
    SLICE_X10Y43         LUT6 (Prop_lut6_I5_O)        0.124    15.793 r  core/eu/vector_register_file_inst/regs[0][32]_i_6/O
                         net (fo=1, routed)           0.000    15.793    core/eu/vector_register_file_inst/regs[0][32]_i_6_n_0
    SLICE_X10Y43         MUXF7 (Prop_muxf7_I1_O)      0.214    16.007 r  core/eu/vector_register_file_inst/regs_reg[0][32]_i_3/O
                         net (fo=1, routed)           0.341    16.347    core/eu/vector_register_file_inst/regs_reg[0][32]_i_3_n_0
    SLICE_X8Y44          LUT6 (Prop_lut6_I5_O)        0.297    16.644 r  core/eu/vector_register_file_inst/regs[0][32]_i_1/O
                         net (fo=8, routed)           0.579    17.224    core/eu/vector_register_file_inst/rf_write_data[32]
    SLICE_X10Y44         FDRE                                         r  core/eu/vector_register_file_inst/regs_reg[4][32]/D
  -------------------------------------------------------------------    -------------------

                         (clock vector_memory_clk rise edge)
                                                     12.500    12.500 r  <hidden>
    W5                                                0.000    12.500 r  clk
                         net (fo=0)                   0.000    12.500    clk
    W5                   IBUF (Prop_ibuf_I_O)         1.388    13.888 r  clk_IBUF_inst/O
                         net (fo=1, routed)           1.862    15.750    clk_IBUF
    BUFGCTRL_X0Y0        BUFG (Prop_bufg_I_O)         0.091    15.841 r  clk_IBUF_BUFG_inst/O
                         net (fo=1067, routed)        1.451    17.292    core/eu/vector_register_file_inst/clk
    SLICE_X10Y44         FDRE                                         r  core/eu/vector_register_file_inst/regs_reg[4][32]/C
                         clock pessimism              0.260    17.552    <hidden>
                         clock uncertainty           -0.035    17.517    <hidden>
    SLICE_X10Y44         FDRE (Setup_fdre_C_D)       -0.031    17.486    core/eu/vector_register_file_inst/regs_reg[4][32]
  -------------------------------------------------------------------
                         required time                         17.486    <hidden>
                         arrival time                         -17.224    <hidden>
  -------------------------------------------------------------------
                         slack                                  0.262    <hidden>

Slack (MET) :             0.303ns  (required time - arrival time)
  Source:                 core/current_pc_reg[1]/C
                            (rising edge-triggered cell FDRE clocked by vector_memory_clk  {rise@0.000ns fall@6.250ns period=12.500ns})
  Destination:            core/eu/vector_register_file_inst/regs_reg[5][32]/D
                            (rising edge-triggered cell FDRE clocked by vector_memory_clk  {rise@0.000ns fall@6.250ns period=12.500ns})
  Path Group:             vector_memory_clk
  Path Type:              Setup (Max at Slow Process Corner)
  Requirement:            12.500ns  (vector_memory_clk rise@12.500ns - vector_memory_clk rise@0.000ns)
  Data Path Delay:        12.093ns  (logic 3.462ns (28.627%)  route 8.631ns (71.373%))
  Logic Levels:           12  (CARRY4=1 LUT2=1 LUT3=2 LUT4=2 LUT6=4 MUXF7=1 RAMD32=1)
  Clock Path Skew:        -0.037ns (DCD - SCD + CPR)
    Destination Clock Delay (DCD):    4.791ns = ( 17.291 - 12.500 ) 
    Source Clock Delay      (SCD):    5.088ns
    Clock Pessimism Removal (CPR):    0.260ns
  Clock Uncertainty:      0.035ns  ((TSJ^2 + TIJ^2)^1/2 + DJ) / 2 + PE
    Total System Jitter     (TSJ):    0.071ns
    Total Input Jitter      (TIJ):    0.000ns
    Discrete Jitter          (DJ):    0.000ns
    Phase Error              (PE):    0.000ns

    Location             Delay type                Incr(ns)  Path(ns)    Netlist Resource(s)
  -------------------------------------------------------------------    -------------------
                         (clock vector_memory_clk rise edge)
                                                      0.000     0.000 r  <hidden>
    W5                                                0.000     0.000 r  clk
                         net (fo=0)                   0.000     0.000    clk
    W5                   IBUF (Prop_ibuf_I_O)         1.458     1.458 r  clk_IBUF_inst/O
                         net (fo=1, routed)           1.967     3.425    clk_IBUF
    BUFGCTRL_X0Y0        BUFG (Prop_bufg_I_O)         0.096     3.521 r  clk_IBUF_BUFG_inst/O
                         net (fo=1067, routed)        1.567     5.088    core/clk
    SLICE_X29Y47         FDRE                                         r  core/current_pc_reg[1]/C
  -------------------------------------------------------------------    -------------------
    SLICE_X29Y47         FDRE (Prop_fdre_C_Q)         0.419     5.507 r  core/current_pc_reg[1]/Q
                         net (fo=23, routed)          0.897     6.405    core/pim/memory_reg_0_15_12_15/ADDRB1
    SLICE_X30Y46         RAMD32 (Prop_ramd32_RADR1_O)
                                                      0.327     6.732 f  core/pim/memory_reg_0_15_12_15/RAMB/O
                         net (fo=36, routed)          1.080     7.812    core/pim/read_data[0]
    SLICE_X28Y46         LUT6 (Prop_lut6_I3_O)        0.348     8.160 r  core/pim/memory_reg_0_i_313/O
                         net (fo=4, routed)           0.816     8.976    core/pim/src_a[0]
    SLICE_X15Y48         LUT4 (Prop_lut4_I3_O)        0.124     9.100 r  core/pim/memory_reg_0_i_309/O
                         net (fo=64, routed)          1.209    10.310    core/eu/vector_register_file_inst/regs[0][63]_i_32_1
    SLICE_X3Y55          LUT6 (Prop_lut6_I4_O)        0.124    10.434 r  core/eu/vector_register_file_inst/memory_reg_0_i_233/O
                         net (fo=7, routed)           1.307    11.740    core/eu/vector_register_file_inst/memory_reg_0_i_233_n_0
    SLICE_X6Y51          LUT3 (Prop_lut3_I0_O)        0.150    11.890 r  core/eu/vector_register_file_inst/memory_reg_0_i_123/O
                         net (fo=15, routed)          0.790    12.681    core/eu/vector_register_file_inst/debug_read_data[59]
    SLICE_X10Y51         LUT2 (Prop_lut2_I0_O)        0.328    13.009 r  core/eu/vector_register_file_inst/regs[0][59]_i_7/O
                         net (fo=3, routed)           0.680    13.689    core/eu/vector_register_file_inst/regs[0][59]_i_23_n_0
    SLICE_X13Y49         LUT3 (Prop_lut3_I2_O)        0.124    13.813 r  core/eu/vector_register_file_inst/regs[0][32]_i_31/O
                         net (fo=1, routed)           0.000    13.813    core/eu/vector_register_file_inst/regs[0][32]_i_31_n_0
    SLICE_X13Y49         CARRY4 (Prop_carry4_S[1]_CO[2])
                                                      0.570    14.383 r  core/eu/vector_register_file_inst/regs_reg[0][32]_i_19/CO[2]
                         net (fo=1, routed)           0.451    14.833    core/eu/vector_register_file_inst/regs_reg[0][32]_i_19_n_1
    SLICE_X12Y46         LUT4 (Prop_lut4_I0_O)        0.313    15.146 r  core/eu/vector_register_file_inst/regs[0][32]_i_9/O
                         net (fo=1, routed)           0.522    15.669    core/eu/vector_register_file_inst/regs[0][32]_i_9_n_0
    SLICE_X10Y43         LUT6 (Prop_lut6_I5_O)        0.124    15.793 r  core/eu/vector_register_file_inst/regs[0][32]_i_6/O
                         net (fo=1, routed)           0.000    15.793    core/eu/vector_register_file_inst/regs[0][32]_i_6_n_0
    SLICE_X10Y43         MUXF7 (Prop_muxf7_I1_O)      0.214    16.007 r  core/eu/vector_register_file_inst/regs_reg[0][32]_i_3/O
                         net (fo=1, routed)           0.341    16.347    core/eu/vector_register_file_inst/regs_reg[0][32]_i_3_n_0
    SLICE_X8Y44          LUT6 (Prop_lut6_I5_O)        0.297    16.644 r  core/eu/vector_register_file_inst/regs[0][32]_i_1/O
                         net (fo=8, routed)           0.537    17.182    core/eu/vector_register_file_inst/rf_write_data[32]
    SLICE_X8Y43          FDRE                                         r  core/eu/vector_register_file_inst/regs_reg[5][32]/D
  -------------------------------------------------------------------    -------------------

                         (clock vector_memory_clk rise edge)
                                                     12.500    12.500 r  <hidden>
    W5                                                0.000    12.500 r  clk
                         net (fo=0)                   0.000    12.500    clk
    W5                   IBUF (Prop_ibuf_I_O)         1.388    13.888 r  clk_IBUF_inst/O
                         net (fo=1, routed)           1.862    15.750    clk_IBUF
    BUFGCTRL_X0Y0        BUFG (Prop_bufg_I_O)         0.091    15.841 r  clk_IBUF_BUFG_inst/O
                         net (fo=1067, routed)        1.450    17.291    core/eu/vector_register_file_inst/clk
    SLICE_X8Y43          FDRE                                         r  core/eu/vector_register_file_inst/regs_reg[5][32]/C
                         clock pessimism              0.260    17.551    <hidden>
                         clock uncertainty           -0.035    17.516    <hidden>
    SLICE_X8Y43          FDRE (Setup_fdre_C_D)       -0.031    17.485    core/eu/vector_register_file_inst/regs_reg[5][32]
  -------------------------------------------------------------------
                         required time                         17.485    <hidden>
                         arrival time                         -17.182    <hidden>
  -------------------------------------------------------------------
                         slack                                  0.303    <hidden>

Slack (MET) :             0.327ns  (required time - arrival time)
  Source:                 core/current_pc_reg[1]/C
                            (rising edge-triggered cell FDRE clocked by vector_memory_clk  {rise@0.000ns fall@6.250ns period=12.500ns})
  Destination:            core/eu/vector_register_file_inst/regs_reg[6][60]/D
                            (rising edge-triggered cell FDRE clocked by vector_memory_clk  {rise@0.000ns fall@6.250ns period=12.500ns})
  Path Group:             vector_memory_clk
  Path Type:              Setup (Max at Slow Process Corner)
  Requirement:            12.500ns  (vector_memory_clk rise@12.500ns - vector_memory_clk rise@0.000ns)
  Data Path Delay:        12.010ns  (logic 3.579ns (29.801%)  route 8.431ns (70.199%))
  Logic Levels:           15  (CARRY4=6 LUT2=1 LUT3=1 LUT4=1 LUT6=5 RAMD32=1)
  Clock Path Skew:        -0.061ns (DCD - SCD + CPR)
    Destination Clock Delay (DCD):    4.848ns = ( 17.348 - 12.500 ) 
    Source Clock Delay      (SCD):    5.088ns
    Clock Pessimism Removal (CPR):    0.180ns
  Clock Uncertainty:      0.035ns  ((TSJ^2 + TIJ^2)^1/2 + DJ) / 2 + PE
    Total System Jitter     (TSJ):    0.071ns
    Total Input Jitter      (TIJ):    0.000ns
    Discrete Jitter          (DJ):    0.000ns
    Phase Error              (PE):    0.000ns

    Location             Delay type                Incr(ns)  Path(ns)    Netlist Resource(s)
  -------------------------------------------------------------------    -------------------
                         (clock vector_memory_clk rise edge)
                                                      0.000     0.000 r  <hidden>
    W5                                                0.000     0.000 r  clk
                         net (fo=0)                   0.000     0.000    clk
    W5                   IBUF (Prop_ibuf_I_O)         1.458     1.458 r  clk_IBUF_inst/O
                         net (fo=1, routed)           1.967     3.425    clk_IBUF
    BUFGCTRL_X0Y0        BUFG (Prop_bufg_I_O)         0.096     3.521 r  clk_IBUF_BUFG_inst/O
                         net (fo=1067, routed)        1.567     5.088    core/clk
    SLICE_X29Y47         FDRE                                         r  core/current_pc_reg[1]/C
  -------------------------------------------------------------------    -------------------
    SLICE_X29Y47         FDRE (Prop_fdre_C_Q)         0.419     5.507 r  core/current_pc_reg[1]/Q
                         net (fo=23, routed)          0.897     6.405    core/pim/memory_reg_0_15_12_15/ADDRB1
    SLICE_X30Y46         RAMD32 (Prop_ramd32_RADR1_O)
                                                      0.327     6.732 f  core/pim/memory_reg_0_15_12_15/RAMB/O
                         net (fo=36, routed)          1.080     7.812    core/pim/read_data[0]
    SLICE_X28Y46         LUT6 (Prop_lut6_I3_O)        0.348     8.160 r  core/pim/memory_reg_0_i_313/O
                         net (fo=4, routed)           0.816     8.976    core/pim/src_a[0]
    SLICE_X15Y48         LUT4 (Prop_lut4_I3_O)        0.124     9.100 r  core/pim/memory_reg_0_i_309/O
                         net (fo=64, routed)          1.330    10.430    core/eu/vector_register_file_inst/regs[0][63]_i_32_1
    SLICE_X7Y41          LUT6 (Prop_lut6_I4_O)        0.124    10.554 r  core/eu/vector_register_file_inst/memory_reg_0_i_269/O
                         net (fo=7, routed)           1.067    11.621    core/eu/vector_register_file_inst/memory_reg_0_i_269_n_0
    SLICE_X8Y42          LUT3 (Prop_lut3_I0_O)        0.146    11.767 r  core/eu/vector_register_file_inst/memory_reg_0_i_141/O
                         net (fo=13, routed)          0.886    12.653    core/eu/vector_register_file_inst/debug_read_data[41]
    SLICE_X10Y47         LUT2 (Prop_lut2_I0_O)        0.328    12.981 r  core/eu/vector_register_file_inst/regs[0][41]_i_8/O
                         net (fo=3, routed)           0.000    12.981    core/eu/vector_register_file_inst/regs[0][43]_i_26_n_0
    SLICE_X10Y47         CARRY4 (Prop_carry4_S[1]_CO[3])
                                                      0.533    13.514 r  core/eu/vector_register_file_inst/regs_reg[0][43]_i_15/CO[3]
                         net (fo=1, routed)           0.000    13.514    core/eu/vector_register_file_inst/regs_reg[0][43]_i_15_n_0
    SLICE_X10Y48         CARRY4 (Prop_carry4_CI_CO[3])
                                                      0.117    13.631 r  core/eu/vector_register_file_inst/regs_reg[0][47]_i_17/CO[3]
                         net (fo=1, routed)           0.000    13.631    core/eu/vector_register_file_inst/regs_reg[0][47]_i_17_n_0
    SLICE_X10Y49         CARRY4 (Prop_carry4_CI_CO[3])
                                                      0.117    13.748 r  core/eu/vector_register_file_inst/regs_reg[0][51]_i_16/CO[3]
                         net (fo=1, routed)           0.001    13.749    core/eu/vector_register_file_inst/regs_reg[0][51]_i_16_n_0
    SLICE_X10Y50         CARRY4 (Prop_carry4_CI_CO[3])
                                                      0.117    13.866 r  core/eu/vector_register_file_inst/regs_reg[0][55]_i_16/CO[3]
                         net (fo=1, routed)           0.000    13.866    core/eu/vector_register_file_inst/regs_reg[0][55]_i_16_n_0
    SLICE_X10Y51         CARRY4 (Prop_carry4_CI_CO[3])
                                                      0.117    13.983 r  core/eu/vector_register_file_inst/regs_reg[0][59]_i_15/CO[3]
                         net (fo=1, routed)           0.000    13.983    core/eu/vector_register_file_inst/regs_reg[0][59]_i_15_n_0
    SLICE_X10Y52         CARRY4 (Prop_carry4_CI_O[0])
                                                      0.219    14.202 r  core/eu/vector_register_file_inst/regs_reg[0][63]_i_20/O[0]
                         net (fo=1, routed)           0.623    14.826    core/eu/vector_register_file_inst/regs_reg[0][63]_i_20_n_7
    SLICE_X11Y52         LUT6 (Prop_lut6_I3_O)        0.295    15.121 r  core/eu/vector_register_file_inst/regs[0][60]_i_7/O
                         net (fo=1, routed)           0.433    15.553    core/eu/vector_register_file_inst/regs[0][60]_i_7_n_0
    SLICE_X11Y52         LUT6 (Prop_lut6_I5_O)        0.124    15.677 r  core/eu/vector_register_file_inst/regs[0][60]_i_3/O
                         net (fo=1, routed)           0.546    16.224    core/pim/regs_reg[7][60]_0
    SLICE_X7Y53          LUT6 (Prop_lut6_I5_O)        0.124    16.348 r  core/pim/regs[0][60]_i_1/O
                         net (fo=8, routed)           0.751    17.098    core/eu/vector_register_file_inst/D[7]
    SLICE_X7Y56          FDRE                                         r  core/eu/vector_register_file_inst/regs_reg[6][60]/D
  -------------------------------------------------------------------    -------------------

                         (clock vector_memory_clk rise edge)
                                                     12.500    12.500 r  <hidden>
    W5                                                0.000    12.500 r  clk
                         net (fo=0)                   0.000    12.500    clk
    W5                   IBUF (Prop_ibuf_I_O)         1.388    13.888 r  clk_IBUF_inst/O
                         net (fo=1, routed)           1.862    15.750    clk_IBUF
    BUFGCTRL_X0Y0        BUFG (Prop_bufg_I_O)         0.091    15.841 r  clk_IBUF_BUFG_inst/O
                         net (fo=1067, routed)        1.507    17.348    core/eu/vector_register_file_inst/clk
    SLICE_X7Y56          FDRE                                         r  core/eu/vector_register_file_inst/regs_reg[6][60]/C
                         clock pessimism              0.180    17.528    <hidden>
                         clock uncertainty           -0.035    17.492    <hidden>
    SLICE_X7Y56          FDRE (Setup_fdre_C_D)       -0.067    17.425    core/eu/vector_register_file_inst/regs_reg[6][60]
  -------------------------------------------------------------------
                         required time                         17.425    <hidden>
                         arrival time                         -17.098    <hidden>
  -------------------------------------------------------------------
                         slack                                  0.327    <hidden>

Slack (MET) :             0.331ns  (required time - arrival time)
  Source:                 core/current_pc_reg[1]/C
                            (rising edge-triggered cell FDRE clocked by vector_memory_clk  {rise@0.000ns fall@6.250ns period=12.500ns})
  Destination:            core/eu/vector_register_file_inst/regs_reg[1][57]/D
                            (rising edge-triggered cell FDRE clocked by vector_memory_clk  {rise@0.000ns fall@6.250ns period=12.500ns})
  Path Group:             vector_memory_clk
  Path Type:              Setup (Max at Slow Process Corner)
  Requirement:            12.500ns  (vector_memory_clk rise@12.500ns - vector_memory_clk rise@0.000ns)
  Data Path Delay:        11.994ns  (logic 3.593ns (29.957%)  route 8.401ns (70.043%))
  Logic Levels:           14  (CARRY4=5 LUT2=1 LUT3=1 LUT4=1 LUT6=5 RAMD32=1)
  Clock Path Skew:        -0.059ns (DCD - SCD + CPR)
    Destination Clock Delay (DCD):    4.850ns = ( 17.350 - 12.500 ) 
    Source Clock Delay      (SCD):    5.088ns
    Clock Pessimism Removal (CPR):    0.180ns
  Clock Uncertainty:      0.035ns  ((TSJ^2 + TIJ^2)^1/2 + DJ) / 2 + PE
    Total System Jitter     (TSJ):    0.071ns
    Total Input Jitter      (TIJ):    0.000ns
    Discrete Jitter          (DJ):    0.000ns
    Phase Error              (PE):    0.000ns

    Location             Delay type                Incr(ns)  Path(ns)    Netlist Resource(s)
  -------------------------------------------------------------------    -------------------
                         (clock vector_memory_clk rise edge)
                                                      0.000     0.000 r  <hidden>
    W5                                                0.000     0.000 r  clk
                         net (fo=0)                   0.000     0.000    clk
    W5                   IBUF (Prop_ibuf_I_O)         1.458     1.458 r  clk_IBUF_inst/O
                         net (fo=1, routed)           1.967     3.425    clk_IBUF
    BUFGCTRL_X0Y0        BUFG (Prop_bufg_I_O)         0.096     3.521 r  clk_IBUF_BUFG_inst/O
                         net (fo=1067, routed)        1.567     5.088    core/clk
    SLICE_X29Y47         FDRE                                         r  core/current_pc_reg[1]/C
  -------------------------------------------------------------------    -------------------
    SLICE_X29Y47         FDRE (Prop_fdre_C_Q)         0.419     5.507 r  core/current_pc_reg[1]/Q
                         net (fo=23, routed)          0.897     6.405    core/pim/memory_reg_0_15_12_15/ADDRB1
    SLICE_X30Y46         RAMD32 (Prop_ramd32_RADR1_O)
                                                      0.327     6.732 f  core/pim/memory_reg_0_15_12_15/RAMB/O
                         net (fo=36, routed)          1.080     7.812    core/pim/read_data[0]
    SLICE_X28Y46         LUT6 (Prop_lut6_I3_O)        0.348     8.160 r  core/pim/memory_reg_0_i_313/O
                         net (fo=4, routed)           0.816     8.976    core/pim/src_a[0]
    SLICE_X15Y48         LUT4 (Prop_lut4_I3_O)        0.124     9.100 r  core/pim/memory_reg_0_i_309/O
                         net (fo=64, routed)          1.330    10.430    core/eu/vector_register_file_inst/regs[0][63]_i_32_1
    SLICE_X7Y41          LUT6 (Prop_lut6_I4_O)        0.124    10.554 r  core/eu/vector_register_file_inst/memory_reg_0_i_269/O
                         net (fo=7, routed)           1.067    11.621    core/eu/vector_register_file_inst/memory_reg_0_i_269_n_0
    SLICE_X8Y42          LUT3 (Prop_lut3_I0_O)        0.146    11.767 r  core/eu/vector_register_file_inst/memory_reg_0_i_141/O
                         net (fo=13, routed)          0.818    12.585    core/eu/vector_register_file_inst/debug_read_data[41]
    SLICE_X11Y45         LUT2 (Prop_lut2_I0_O)        0.328    12.913 r  core/eu/vector_register_file_inst/regs[0][43]_i_34/O
                         net (fo=1, routed)           0.000    12.913    core/eu/vector_register_file_inst/regs[0][43]_i_34_n_0
    SLICE_X11Y45         CARRY4 (Prop_carry4_S[1]_CO[3])
                                                      0.550    13.463 r  core/eu/vector_register_file_inst/regs_reg[0][43]_i_16/CO[3]
                         net (fo=1, routed)           0.000    13.463    core/eu/vector_register_file_inst/regs_reg[0][43]_i_16_n_0
    SLICE_X11Y46         CARRY4 (Prop_carry4_CI_CO[3])
                                                      0.114    13.577 r  core/eu/vector_register_file_inst/regs_reg[0][47]_i_18/CO[3]
                         net (fo=1, routed)           0.000    13.577    core/eu/vector_register_file_inst/regs_reg[0][47]_i_18_n_0
    SLICE_X11Y47         CARRY4 (Prop_carry4_CI_CO[3])
                                                      0.114    13.691 r  core/eu/vector_register_file_inst/regs_reg[0][51]_i_17/CO[3]
                         net (fo=1, routed)           0.000    13.691    core/eu/vector_register_file_inst/regs_reg[0][51]_i_17_n_0
    SLICE_X11Y48         CARRY4 (Prop_carry4_CI_CO[3])
                                                      0.114    13.805 r  core/eu/vector_register_file_inst/regs_reg[0][55]_i_17/CO[3]
                         net (fo=1, routed)           0.000    13.805    core/eu/vector_register_file_inst/regs_reg[0][55]_i_17_n_0
    SLICE_X11Y49         CARRY4 (Prop_carry4_CI_O[1])
                                                      0.334    14.139 r  core/eu/vector_register_file_inst/regs_reg[0][59]_i_16/O[1]
                         net (fo=1, routed)           0.561    14.700    core/eu/vector_register_file_inst/regs_reg[0][59]_i_16_n_6
    SLICE_X9Y51          LUT6 (Prop_lut6_I5_O)        0.303    15.003 r  core/eu/vector_register_file_inst/regs[0][57]_i_10/O
                         net (fo=1, routed)           0.502    15.505    core/eu/vector_register_file_inst/regs[0][57]_i_10_n_0
    SLICE_X8Y52          LUT6 (Prop_lut6_I5_O)        0.124    15.629 r  core/eu/vector_register_file_inst/regs[0][57]_i_4/O
                         net (fo=1, routed)           0.656    16.284    core/eu/vector_register_file_inst/regs[0][57]_i_4_n_0
    SLICE_X6Y53          LUT6 (Prop_lut6_I5_O)        0.124    16.408 r  core/eu/vector_register_file_inst/regs[0][57]_i_1/O
                         net (fo=8, routed)           0.674    17.082    core/eu/vector_register_file_inst/rf_write_data[57]
    SLICE_X3Y53          FDRE                                         r  core/eu/vector_register_file_inst/regs_reg[1][57]/D
  -------------------------------------------------------------------    -------------------

                         (clock vector_memory_clk rise edge)
                                                     12.500    12.500 r  <hidden>
    W5                                                0.000    12.500 r  clk
                         net (fo=0)                   0.000    12.500    clk
    W5                   IBUF (Prop_ibuf_I_O)         1.388    13.888 r  clk_IBUF_inst/O
                         net (fo=1, routed)           1.862    15.750    clk_IBUF
    BUFGCTRL_X0Y0        BUFG (Prop_bufg_I_O)         0.091    15.841 r  clk_IBUF_BUFG_inst/O
                         net (fo=1067, routed)        1.509    17.350    core/eu/vector_register_file_inst/clk
    SLICE_X3Y53          FDRE                                         r  core/eu/vector_register_file_inst/regs_reg[1][57]/C
                         clock pessimism              0.180    17.530    <hidden>
                         clock uncertainty           -0.035    17.494    <hidden>
    SLICE_X3Y53          FDRE (Setup_fdre_C_D)       -0.081    17.413    core/eu/vector_register_file_inst/regs_reg[1][57]
  -------------------------------------------------------------------
                         required time                         17.413    <hidden>
                         arrival time                         -17.082    <hidden>
  -------------------------------------------------------------------
                         slack                                  0.331    <hidden>

Slack (MET) :             0.332ns  (required time - arrival time)
  Source:                 core/current_pc_reg[1]/C
                            (rising edge-triggered cell FDRE clocked by vector_memory_clk  {rise@0.000ns fall@6.250ns period=12.500ns})
  Destination:            core/eu/vector_register_file_inst/regs_reg[0][57]/D
                            (rising edge-triggered cell FDRE clocked by vector_memory_clk  {rise@0.000ns fall@6.250ns period=12.500ns})
  Path Group:             vector_memory_clk
  Path Type:              Setup (Max at Slow Process Corner)
  Requirement:            12.500ns  (vector_memory_clk rise@12.500ns - vector_memory_clk rise@0.000ns)
  Data Path Delay:        11.991ns  (logic 3.593ns (29.965%)  route 8.398ns (70.035%))
  Logic Levels:           14  (CARRY4=5 LUT2=1 LUT3=1 LUT4=1 LUT6=5 RAMD32=1)
  Clock Path Skew:        -0.061ns (DCD - SCD + CPR)
    Destination Clock Delay (DCD):    4.848ns = ( 17.348 - 12.500 ) 
    Source Clock Delay      (SCD):    5.088ns
    Clock Pessimism Removal (CPR):    0.180ns
  Clock Uncertainty:      0.035ns  ((TSJ^2 + TIJ^2)^1/2 + DJ) / 2 + PE
    Total System Jitter     (TSJ):    0.071ns
    Total Input Jitter      (TIJ):    0.000ns
    Discrete Jitter          (DJ):    0.000ns
    Phase Error              (PE):    0.000ns

    Location             Delay type                Incr(ns)  Path(ns)    Netlist Resource(s)
  -------------------------------------------------------------------    -------------------
                         (clock vector_memory_clk rise edge)
                                                      0.000     0.000 r  <hidden>
    W5                                                0.000     0.000 r  clk
                         net (fo=0)                   0.000     0.000    clk
    W5                   IBUF (Prop_ibuf_I_O)         1.458     1.458 r  clk_IBUF_inst/O
                         net (fo=1, routed)           1.967     3.425    clk_IBUF
    BUFGCTRL_X0Y0        BUFG (Prop_bufg_I_O)         0.096     3.521 r  clk_IBUF_BUFG_inst/O
                         net (fo=1067, routed)        1.567     5.088    core/clk
    SLICE_X29Y47         FDRE                                         r  core/current_pc_reg[1]/C
  -------------------------------------------------------------------    -------------------
    SLICE_X29Y47         FDRE (Prop_fdre_C_Q)         0.419     5.507 r  core/current_pc_reg[1]/Q
                         net (fo=23, routed)          0.897     6.405    core/pim/memory_reg_0_15_12_15/ADDRB1
    SLICE_X30Y46         RAMD32 (Prop_ramd32_RADR1_O)
                                                      0.327     6.732 f  core/pim/memory_reg_0_15_12_15/RAMB/O
                         net (fo=36, routed)          1.080     7.812    core/pim/read_data[0]
    SLICE_X28Y46         LUT6 (Prop_lut6_I3_O)        0.348     8.160 r  core/pim/memory_reg_0_i_313/O
                         net (fo=4, routed)           0.816     8.976    core/pim/src_a[0]
    SLICE_X15Y48         LUT4 (Prop_lut4_I3_O)        0.124     9.100 r  core/pim/memory_reg_0_i_309/O
                         net (fo=64, routed)          1.330    10.430    core/eu/vector_register_file_inst/regs[0][63]_i_32_1
    SLICE_X7Y41          LUT6 (Prop_lut6_I4_O)        0.124    10.554 r  core/eu/vector_register_file_inst/memory_reg_0_i_269/O
                         net (fo=7, routed)           1.067    11.621    core/eu/vector_register_file_inst/memory_reg_0_i_269_n_0
    SLICE_X8Y42          LUT3 (Prop_lut3_I0_O)        0.146    11.767 r  core/eu/vector_register_file_inst/memory_reg_0_i_141/O
                         net (fo=13, routed)          0.818    12.585    core/eu/vector_register_file_inst/debug_read_data[41]
    SLICE_X11Y45         LUT2 (Prop_lut2_I0_O)        0.328    12.913 r  core/eu/vector_register_file_inst/regs[0][43]_i_34/O
                         net (fo=1, routed)           0.000    12.913    core/eu/vector_register_file_inst/regs[0][43]_i_34_n_0
    SLICE_X11Y45         CARRY4 (Prop_carry4_S[1]_CO[3])
                                                      0.550    13.463 r  core/eu/vector_register_file_inst/regs_reg[0][43]_i_16/CO[3]
                         net (fo=1, routed)           0.000    13.463    core/eu/vector_register_file_inst/regs_reg[0][43]_i_16_n_0
    SLICE_X11Y46         CARRY4 (Prop_carry4_CI_CO[3])
                                                      0.114    13.577 r  core/eu/vector_register_file_inst/regs_reg[0][47]_i_18/CO[3]
                         net (fo=1, routed)           0.000    13.577    core/eu/vector_register_file_inst/regs_reg[0][47]_i_18_n_0
    SLICE_X11Y47         CARRY4 (Prop_carry4_CI_CO[3])
                                                      0.114    13.691 r  core/eu/vector_register_file_inst/regs_reg[0][51]_i_17/CO[3]
                         net (fo=1, routed)           0.000    13.691    core/eu/vector_register_file_inst/regs_reg[0][51]_i_17_n_0
    SLICE_X11Y48         CARRY4 (Prop_carry4_CI_CO[3])
                                                      0.114    13.805 r  core/eu/vector_register_file_inst/regs_reg[0][55]_i_17/CO[3]
                         net (fo=1, routed)           0.000    13.805    core/eu/vector_register_file_inst/regs_reg[0][55]_i_17_n_0
    SLICE_X11Y49         CARRY4 (Prop_carry4_CI_O[1])
                                                      0.334    14.139 r  core/eu/vector_register_file_inst/regs_reg[0][59]_i_16/O[1]
                         net (fo=1, routed)           0.561    14.700    core/eu/vector_register_file_inst/regs_reg[0][59]_i_16_n_6
    SLICE_X9Y51          LUT6 (Prop_lut6_I5_O)        0.303    15.003 r  core/eu/vector_register_file_inst/regs[0][57]_i_10/O
                         net (fo=1, routed)           0.502    15.505    core/eu/vector_register_file_inst/regs[0][57]_i_10_n_0
    SLICE_X8Y52          LUT6 (Prop_lut6_I5_O)        0.124    15.629 r  core/eu/vector_register_file_inst/regs[0][57]_i_4/O
                         net (fo=1, routed)           0.656    16.284    core/eu/vector_register_file_inst/regs[0][57]_i_4_n_0
    SLICE_X6Y53          LUT6 (Prop_lut6_I5_O)        0.124    16.408 r  core/eu/vector_register_file_inst/regs[0][57]_i_1/O
                         net (fo=8, routed)           0.670    17.079    core/eu/vector_register_file_inst/rf_write_data[57]
    SLICE_X7Y54          FDRE                                         r  core/eu/vector_register_file_inst/regs_reg[0][57]/D
  -------------------------------------------------------------------    -------------------

                         (clock vector_memory_clk rise edge)
                                                     12.500    12.500 r  <hidden>
    W5                                                0.000    12.500 r  clk
                         net (fo=0)                   0.000    12.500    clk
    W5                   IBUF (Prop_ibuf_I_O)         1.388    13.888 r  clk_IBUF_inst/O
                         net (fo=1, routed)           1.862    15.750    clk_IBUF
    BUFGCTRL_X0Y0        BUFG (Prop_bufg_I_O)         0.091    15.841 r  clk_IBUF_BUFG_inst/O
                         net (fo=1067, routed)        1.507    17.348    core/eu/vector_register_file_inst/clk
    SLICE_X7Y54          FDRE                                         r  core/eu/vector_register_file_inst/regs_reg[0][57]/C
                         clock pessimism              0.180    17.528    <hidden>
                         clock uncertainty           -0.035    17.492    <hidden>
    SLICE_X7Y54          FDRE (Setup_fdre_C_D)       -0.081    17.411    core/eu/vector_register_file_inst/regs_reg[0][57]
  -------------------------------------------------------------------
                         required time                         17.411    <hidden>
                         arrival time                         -17.079    <hidden>
  -------------------------------------------------------------------
                         slack                                  0.332    <hidden>

Slack (MET) :             0.345ns  (required time - arrival time)
  Source:                 core/current_pc_reg[1]/C
                            (rising edge-triggered cell FDRE clocked by vector_memory_clk  {rise@0.000ns fall@6.250ns period=12.500ns})
  Destination:            core/eu/vector_register_file_inst/regs_reg[2][55]/D
                            (rising edge-triggered cell FDRE clocked by vector_memory_clk  {rise@0.000ns fall@6.250ns period=12.500ns})
  Path Group:             vector_memory_clk
  Path Type:              Setup (Max at Slow Process Corner)
  Requirement:            12.500ns  (vector_memory_clk rise@12.500ns - vector_memory_clk rise@0.000ns)
  Data Path Delay:        11.978ns  (logic 2.422ns (20.220%)  route 9.556ns (79.780%))
  Logic Levels:           9  (LUT3=1 LUT4=3 LUT6=4 RAMD32=1)
  Clock Path Skew:        -0.061ns (DCD - SCD + CPR)
    Destination Clock Delay (DCD):    4.848ns = ( 17.348 - 12.500 ) 
    Source Clock Delay      (SCD):    5.088ns
    Clock Pessimism Removal (CPR):    0.180ns
  Clock Uncertainty:      0.035ns  ((TSJ^2 + TIJ^2)^1/2 + DJ) / 2 + PE
    Total System Jitter     (TSJ):    0.071ns
    Total Input Jitter      (TIJ):    0.000ns
    Discrete Jitter          (DJ):    0.000ns
    Phase Error              (PE):    0.000ns

    Location             Delay type                Incr(ns)  Path(ns)    Netlist Resource(s)
  -------------------------------------------------------------------    -------------------
                         (clock vector_memory_clk rise edge)
                                                      0.000     0.000 r  <hidden>
    W5                                                0.000     0.000 r  clk
                         net (fo=0)                   0.000     0.000    clk
    W5                   IBUF (Prop_ibuf_I_O)         1.458     1.458 r  clk_IBUF_inst/O
                         net (fo=1, routed)           1.967     3.425    clk_IBUF
    BUFGCTRL_X0Y0        BUFG (Prop_bufg_I_O)         0.096     3.521 r  clk_IBUF_BUFG_inst/O
                         net (fo=1067, routed)        1.567     5.088    core/clk
    SLICE_X29Y47         FDRE                                         r  core/current_pc_reg[1]/C
  -------------------------------------------------------------------    -------------------
    SLICE_X29Y47         FDRE (Prop_fdre_C_Q)         0.419     5.507 r  core/current_pc_reg[1]/Q
                         net (fo=23, routed)          0.897     6.405    core/pim/memory_reg_0_15_12_15/ADDRB1
    SLICE_X30Y46         RAMD32 (Prop_ramd32_RADR1_O)
                                                      0.327     6.732 f  core/pim/memory_reg_0_15_12_15/RAMB/O
                         net (fo=36, routed)          1.080     7.812    core/pim/read_data[0]
    SLICE_X28Y46         LUT6 (Prop_lut6_I3_O)        0.348     8.160 r  core/pim/memory_reg_0_i_313/O
                         net (fo=4, routed)           0.816     8.976    core/pim/src_a[0]
    SLICE_X15Y48         LUT4 (Prop_lut4_I3_O)        0.124     9.100 r  core/pim/memory_reg_0_i_309/O
                         net (fo=64, routed)          1.209    10.310    core/eu/vector_register_file_inst/regs[0][63]_i_32_1
    SLICE_X3Y55          LUT6 (Prop_lut6_I4_O)        0.124    10.434 r  core/eu/vector_register_file_inst/memory_reg_0_i_233/O
                         net (fo=7, routed)           1.307    11.740    core/eu/vector_register_file_inst/memory_reg_0_i_233_n_0
    SLICE_X6Y51          LUT3 (Prop_lut3_I0_O)        0.150    11.890 r  core/eu/vector_register_file_inst/memory_reg_0_i_123/O
                         net (fo=15, routed)          1.194    13.084    core/eu/vector_register_file_inst/debug_read_data[59]
    SLICE_X12Y45         LUT4 (Prop_lut4_I0_O)        0.354    13.438 r  core/eu/vector_register_file_inst/regs[0][55]_i_11/O
                         net (fo=2, routed)           0.776    14.214    core/eu/vector_register_file_inst/regs[0][55]_i_11_n_0
    SLICE_X10Y44         LUT4 (Prop_lut4_I2_O)        0.328    14.542 r  core/eu/vector_register_file_inst/regs[0][55]_i_5/O
                         net (fo=1, routed)           1.018    15.560    core/eu/vector_register_file_inst/regs[0][55]_i_5_n_0
    SLICE_X5Y50          LUT6 (Prop_lut6_I0_O)        0.124    15.684 r  core/eu/vector_register_file_inst/regs[0][55]_i_3/O
                         net (fo=1, routed)           0.559    16.243    core/eu/vector_register_file_inst/regs[0][55]_i_3_n_0
    SLICE_X6Y52          LUT6 (Prop_lut6_I2_O)        0.124    16.367 r  core/eu/vector_register_file_inst/regs[0][55]_i_1/O
                         net (fo=8, routed)           0.700    17.067    core/eu/vector_register_file_inst/rf_write_data[55]
    SLICE_X7Y53          FDRE                                         r  core/eu/vector_register_file_inst/regs_reg[2][55]/D
  -------------------------------------------------------------------    -------------------

                         (clock vector_memory_clk rise edge)
                                                     12.500    12.500 r  <hidden>
    W5                                                0.000    12.500 r  clk
                         net (fo=0)                   0.000    12.500    clk
    W5                   IBUF (Prop_ibuf_I_O)         1.388    13.888 r  clk_IBUF_inst/O
                         net (fo=1, routed)           1.862    15.750    clk_IBUF
    BUFGCTRL_X0Y0        BUFG (Prop_bufg_I_O)         0.091    15.841 r  clk_IBUF_BUFG_inst/O
                         net (fo=1067, routed)        1.507    17.348    core/eu/vector_register_file_inst/clk
    SLICE_X7Y53          FDRE                                         r  core/eu/vector_register_file_inst/regs_reg[2][55]/C
                         clock pessimism              0.180    17.528    <hidden>
                         clock uncertainty           -0.035    17.492    <hidden>
    SLICE_X7Y53          FDRE (Setup_fdre_C_D)       -0.081    17.411    core/eu/vector_register_file_inst/regs_reg[2][55]
  -------------------------------------------------------------------
                         required time                         17.411    <hidden>
                         arrival time                         -17.067    <hidden>
  -------------------------------------------------------------------
                         slack                                  0.345    <hidden>

Slack (MET) :             0.347ns  (required time - arrival time)
  Source:                 core/current_pc_reg[1]/C
                            (rising edge-triggered cell FDRE clocked by vector_memory_clk  {rise@0.000ns fall@6.250ns period=12.500ns})
  Destination:            core/eu/vector_register_file_inst/regs_reg[1][60]/D
                            (rising edge-triggered cell FDRE clocked by vector_memory_clk  {rise@0.000ns fall@6.250ns period=12.500ns})
  Path Group:             vector_memory_clk
  Path Type:              Setup (Max at Slow Process Corner)
  Requirement:            12.500ns  (vector_memory_clk rise@12.500ns - vector_memory_clk rise@0.000ns)
  Data Path Delay:        12.012ns  (logic 3.579ns (29.796%)  route 8.433ns (70.204%))
  Logic Levels:           15  (CARRY4=6 LUT2=1 LUT3=1 LUT4=1 LUT6=5 RAMD32=1)
  Clock Path Skew:        -0.061ns (DCD - SCD + CPR)
    Destination Clock Delay (DCD):    4.848ns = ( 17.348 - 12.500 ) 
    Source Clock Delay      (SCD):    5.088ns
    Clock Pessimism Removal (CPR):    0.180ns
  Clock Uncertainty:      0.035ns  ((TSJ^2 + TIJ^2)^1/2 + DJ) / 2 + PE
    Total System Jitter     (TSJ):    0.071ns
    Total Input Jitter      (TIJ):    0.000ns
    Discrete Jitter          (DJ):    0.000ns
    Phase Error              (PE):    0.000ns

    Location             Delay type                Incr(ns)  Path(ns)    Netlist Resource(s)
  -------------------------------------------------------------------    -------------------
                         (clock vector_memory_clk rise edge)
                                                      0.000     0.000 r  <hidden>
    W5                                                0.000     0.000 r  clk
                         net (fo=0)                   0.000     0.000    clk
    W5                   IBUF (Prop_ibuf_I_O)         1.458     1.458 r  clk_IBUF_inst/O
                         net (fo=1, routed)           1.967     3.425    clk_IBUF
    BUFGCTRL_X0Y0        BUFG (Prop_bufg_I_O)         0.096     3.521 r  clk_IBUF_BUFG_inst/O
                         net (fo=1067, routed)        1.567     5.088    core/clk
    SLICE_X29Y47         FDRE                                         r  core/current_pc_reg[1]/C
  -------------------------------------------------------------------    -------------------
    SLICE_X29Y47         FDRE (Prop_fdre_C_Q)         0.419     5.507 r  core/current_pc_reg[1]/Q
                         net (fo=23, routed)          0.897     6.405    core/pim/memory_reg_0_15_12_15/ADDRB1
    SLICE_X30Y46         RAMD32 (Prop_ramd32_RADR1_O)
                                                      0.327     6.732 f  core/pim/memory_reg_0_15_12_15/RAMB/O
                         net (fo=36, routed)          1.080     7.812    core/pim/read_data[0]
    SLICE_X28Y46         LUT6 (Prop_lut6_I3_O)        0.348     8.160 r  core/pim/memory_reg_0_i_313/O
                         net (fo=4, routed)           0.816     8.976    core/pim/src_a[0]
    SLICE_X15Y48         LUT4 (Prop_lut4_I3_O)        0.124     9.100 r  core/pim/memory_reg_0_i_309/O
                         net (fo=64, routed)          1.330    10.430    core/eu/vector_register_file_inst/regs[0][63]_i_32_1
    SLICE_X7Y41          LUT6 (Prop_lut6_I4_O)        0.124    10.554 r  core/eu/vector_register_file_inst/memory_reg_0_i_269/O
                         net (fo=7, routed)           1.067    11.621    core/eu/vector_register_file_inst/memory_reg_0_i_269_n_0
    SLICE_X8Y42          LUT3 (Prop_lut3_I0_O)        0.146    11.767 r  core/eu/vector_register_file_inst/memory_reg_0_i_141/O
                         net (fo=13, routed)          0.886    12.653    core/eu/vector_register_file_inst/debug_read_data[41]
    SLICE_X10Y47         LUT2 (Prop_lut2_I0_O)        0.328    12.981 r  core/eu/vector_register_file_inst/regs[0][41]_i_8/O
                         net (fo=3, routed)           0.000    12.981    core/eu/vector_register_file_inst/regs[0][43]_i_26_n_0
    SLICE_X10Y47         CARRY4 (Prop_carry4_S[1]_CO[3])
                                                      0.533    13.514 r  core/eu/vector_register_file_inst/regs_reg[0][43]_i_15/CO[3]
                         net (fo=1, routed)           0.000    13.514    core/eu/vector_register_file_inst/regs_reg[0][43]_i_15_n_0
    SLICE_X10Y48         CARRY4 (Prop_carry4_CI_CO[3])
                                                      0.117    13.631 r  core/eu/vector_register_file_inst/regs_reg[0][47]_i_17/CO[3]
                         net (fo=1, routed)           0.000    13.631    core/eu/vector_register_file_inst/regs_reg[0][47]_i_17_n_0
    SLICE_X10Y49         CARRY4 (Prop_carry4_CI_CO[3])
                                                      0.117    13.748 r  core/eu/vector_register_file_inst/regs_reg[0][51]_i_16/CO[3]
                         net (fo=1, routed)           0.001    13.749    core/eu/vector_register_file_inst/regs_reg[0][51]_i_16_n_0
    SLICE_X10Y50         CARRY4 (Prop_carry4_CI_CO[3])
                                                      0.117    13.866 r  core/eu/vector_register_file_inst/regs_reg[0][55]_i_16/CO[3]
                         net (fo=1, routed)           0.000    13.866    core/eu/vector_register_file_inst/regs_reg[0][55]_i_16_n_0
    SLICE_X10Y51         CARRY4 (Prop_carry4_CI_CO[3])
                                                      0.117    13.983 r  core/eu/vector_register_file_inst/regs_reg[0][59]_i_15/CO[3]
                         net (fo=1, routed)           0.000    13.983    core/eu/vector_register_file_inst/regs_reg[0][59]_i_15_n_0
    SLICE_X10Y52         CARRY4 (Prop_carry4_CI_O[0])
                                                      0.219    14.202 r  core/eu/vector_register_file_inst/regs_reg[0][63]_i_20/O[0]
                         net (fo=1, routed)           0.623    14.826    core/eu/vector_register_file_inst/regs_reg[0][63]_i_20_n_7
    SLICE_X11Y52         LUT6 (Prop_lut6_I3_O)        0.295    15.121 r  core/eu/vector_register_file_inst/regs[0][60]_i_7/O
                         net (fo=1, routed)           0.433    15.553    core/eu/vector_register_file_inst/regs[0][60]_i_7_n_0
    SLICE_X11Y52         LUT6 (Prop_lut6_I5_O)        0.124    15.677 r  core/eu/vector_register_file_inst/regs[0][60]_i_3/O
                         net (fo=1, routed)           0.546    16.224    core/pim/regs_reg[7][60]_0
    SLICE_X7Y53          LUT6 (Prop_lut6_I5_O)        0.124    16.348 r  core/pim/regs[0][60]_i_1/O
                         net (fo=8, routed)           0.753    17.100    core/eu/vector_register_file_inst/D[7]
    SLICE_X6Y56          FDRE                                         r  core/eu/vector_register_file_inst/regs_reg[1][60]/D
  -------------------------------------------------------------------    -------------------

                         (clock vector_memory_clk rise edge)
                                                     12.500    12.500 r  <hidden>
    W5                                                0.000    12.500 r  clk
                         net (fo=0)                   0.000    12.500    clk
    W5                   IBUF (Prop_ibuf_I_O)         1.388    13.888 r  clk_IBUF_inst/O
                         net (fo=1, routed)           1.862    15.750    clk_IBUF
    BUFGCTRL_X0Y0        BUFG (Prop_bufg_I_O)         0.091    15.841 r  clk_IBUF_BUFG_inst/O
                         net (fo=1067, routed)        1.507    17.348    core/eu/vector_register_file_inst/clk
    SLICE_X6Y56          FDRE                                         r  core/eu/vector_register_file_inst/regs_reg[1][60]/C
                         clock pessimism              0.180    17.528    <hidden>
                         clock uncertainty           -0.035    17.492    <hidden>
    SLICE_X6Y56          FDRE (Setup_fdre_C_D)       -0.045    17.447    core/eu/vector_register_file_inst/regs_reg[1][60]
  -------------------------------------------------------------------
                         required time                         17.447    <hidden>
                         arrival time                         -17.100    <hidden>
  -------------------------------------------------------------------
                         slack                                  0.347    <hidden>

Slack (MET) :             0.360ns  (required time - arrival time)
  Source:                 core/current_pc_reg[1]/C
                            (rising edge-triggered cell FDRE clocked by vector_memory_clk  {rise@0.000ns fall@6.250ns period=12.500ns})
  Destination:            core/eu/vector_register_file_inst/regs_reg[3][60]/D
                            (rising edge-triggered cell FDRE clocked by vector_memory_clk  {rise@0.000ns fall@6.250ns period=12.500ns})
  Path Group:             vector_memory_clk
  Path Type:              Setup (Max at Slow Process Corner)
  Requirement:            12.500ns  (vector_memory_clk rise@12.500ns - vector_memory_clk rise@0.000ns)
  Data Path Delay:        12.012ns  (logic 3.579ns (29.795%)  route 8.433ns (70.205%))
  Logic Levels:           15  (CARRY4=6 LUT2=1 LUT3=1 LUT4=1 LUT6=5 RAMD32=1)
  Clock Path Skew:        -0.062ns (DCD - SCD + CPR)
    Destination Clock Delay (DCD):    4.847ns = ( 17.347 - 12.500 ) 
    Source Clock Delay      (SCD):    5.088ns
    Clock Pessimism Removal (CPR):    0.180ns
  Clock Uncertainty:      0.035ns  ((TSJ^2 + TIJ^2)^1/2 + DJ) / 2 + PE
    Total System Jitter     (TSJ):    0.071ns
    Total Input Jitter      (TIJ):    0.000ns
    Discrete Jitter          (DJ):    0.000ns
    Phase Error              (PE):    0.000ns

    Location             Delay type                Incr(ns)  Path(ns)    Netlist Resource(s)
  -------------------------------------------------------------------    -------------------
                         (clock vector_memory_clk rise edge)
                                                      0.000     0.000 r  <hidden>
    W5                                                0.000     0.000 r  clk
                         net (fo=0)                   0.000     0.000    clk
    W5                   IBUF (Prop_ibuf_I_O)         1.458     1.458 r  clk_IBUF_inst/O
                         net (fo=1, routed)           1.967     3.425    clk_IBUF
    BUFGCTRL_X0Y0        BUFG (Prop_bufg_I_O)         0.096     3.521 r  clk_IBUF_BUFG_inst/O
                         net (fo=1067, routed)        1.567     5.088    core/clk
    SLICE_X29Y47         FDRE                                         r  core/current_pc_reg[1]/C
  -------------------------------------------------------------------    -------------------
    SLICE_X29Y47         FDRE (Prop_fdre_C_Q)         0.419     5.507 r  core/current_pc_reg[1]/Q
                         net (fo=23, routed)          0.897     6.405    core/pim/memory_reg_0_15_12_15/ADDRB1
    SLICE_X30Y46         RAMD32 (Prop_ramd32_RADR1_O)
                                                      0.327     6.732 f  core/pim/memory_reg_0_15_12_15/RAMB/O
                         net (fo=36, routed)          1.080     7.812    core/pim/read_data[0]
    SLICE_X28Y46         LUT6 (Prop_lut6_I3_O)        0.348     8.160 r  core/pim/memory_reg_0_i_313/O
                         net (fo=4, routed)           0.816     8.976    core/pim/src_a[0]
    SLICE_X15Y48         LUT4 (Prop_lut4_I3_O)        0.124     9.100 r  core/pim/memory_reg_0_i_309/O
                         net (fo=64, routed)          1.330    10.430    core/eu/vector_register_file_inst/regs[0][63]_i_32_1
    SLICE_X7Y41          LUT6 (Prop_lut6_I4_O)        0.124    10.554 r  core/eu/vector_register_file_inst/memory_reg_0_i_269/O
                         net (fo=7, routed)           1.067    11.621    core/eu/vector_register_file_inst/memory_reg_0_i_269_n_0
    SLICE_X8Y42          LUT3 (Prop_lut3_I0_O)        0.146    11.767 r  core/eu/vector_register_file_inst/memory_reg_0_i_141/O
                         net (fo=13, routed)          0.886    12.653    core/eu/vector_register_file_inst/debug_read_data[41]
    SLICE_X10Y47         LUT2 (Prop_lut2_I0_O)        0.328    12.981 r  core/eu/vector_register_file_inst/regs[0][41]_i_8/O
                         net (fo=3, routed)           0.000    12.981    core/eu/vector_register_file_inst/regs[0][43]_i_26_n_0
    SLICE_X10Y47         CARRY4 (Prop_carry4_S[1]_CO[3])
                                                      0.533    13.514 r  core/eu/vector_register_file_inst/regs_reg[0][43]_i_15/CO[3]
                         net (fo=1, routed)           0.000    13.514    core/eu/vector_register_file_inst/regs_reg[0][43]_i_15_n_0
    SLICE_X10Y48         CARRY4 (Prop_carry4_CI_CO[3])
                                                      0.117    13.631 r  core/eu/vector_register_file_inst/regs_reg[0][47]_i_17/CO[3]
                         net (fo=1, routed)           0.000    13.631    core/eu/vector_register_file_inst/regs_reg[0][47]_i_17_n_0
    SLICE_X10Y49         CARRY4 (Prop_carry4_CI_CO[3])
                                                      0.117    13.748 r  core/eu/vector_register_file_inst/regs_reg[0][51]_i_16/CO[3]
                         net (fo=1, routed)           0.001    13.749    core/eu/vector_register_file_inst/regs_reg[0][51]_i_16_n_0
    SLICE_X10Y50         CARRY4 (Prop_carry4_CI_CO[3])
                                                      0.117    13.866 r  core/eu/vector_register_file_inst/regs_reg[0][55]_i_16/CO[3]
                         net (fo=1, routed)           0.000    13.866    core/eu/vector_register_file_inst/regs_reg[0][55]_i_16_n_0
    SLICE_X10Y51         CARRY4 (Prop_carry4_CI_CO[3])
                                                      0.117    13.983 r  core/eu/vector_register_file_inst/regs_reg[0][59]_i_15/CO[3]
                         net (fo=1, routed)           0.000    13.983    core/eu/vector_register_file_inst/regs_reg[0][59]_i_15_n_0
    SLICE_X10Y52         CARRY4 (Prop_carry4_CI_O[0])
                                                      0.219    14.202 r  core/eu/vector_register_file_inst/regs_reg[0][63]_i_20/O[0]
                         net (fo=1, routed)           0.623    14.826    core/eu/vector_register_file_inst/regs_reg[0][63]_i_20_n_7
    SLICE_X11Y52         LUT6 (Prop_lut6_I3_O)        0.295    15.121 r  core/eu/vector_register_file_inst/regs[0][60]_i_7/O
                         net (fo=1, routed)           0.433    15.553    core/eu/vector_register_file_inst/regs[0][60]_i_7_n_0
    SLICE_X11Y52         LUT6 (Prop_lut6_I5_O)        0.124    15.677 r  core/eu/vector_register_file_inst/regs[0][60]_i_3/O
                         net (fo=1, routed)           0.546    16.224    core/pim/regs_reg[7][60]_0
    SLICE_X7Y53          LUT6 (Prop_lut6_I5_O)        0.124    16.348 r  core/pim/regs[0][60]_i_1/O
                         net (fo=8, routed)           0.753    17.100    core/eu/vector_register_file_inst/D[7]
    SLICE_X6Y57          FDRE                                         r  core/eu/vector_register_file_inst/regs_reg[3][60]/D
  -------------------------------------------------------------------    -------------------

                         (clock vector_memory_clk rise edge)
                                                     12.500    12.500 r  <hidden>
    W5                                                0.000    12.500 r  clk
                         net (fo=0)                   0.000    12.500    clk
    W5                   IBUF (Prop_ibuf_I_O)         1.388    13.888 r  clk_IBUF_inst/O
                         net (fo=1, routed)           1.862    15.750    clk_IBUF
    BUFGCTRL_X0Y0        BUFG (Prop_bufg_I_O)         0.091    15.841 r  clk_IBUF_BUFG_inst/O
                         net (fo=1067, routed)        1.506    17.347    core/eu/vector_register_file_inst/clk
    SLICE_X6Y57          FDRE                                         r  core/eu/vector_register_file_inst/regs_reg[3][60]/C
                         clock pessimism              0.180    17.527    <hidden>
                         clock uncertainty           -0.035    17.491    <hidden>
    SLICE_X6Y57          FDRE (Setup_fdre_C_D)       -0.031    17.460    core/eu/vector_register_file_inst/regs_reg[3][60]
  -------------------------------------------------------------------
                         required time                         17.460    <hidden>
                         arrival time                         -17.100    <hidden>
  -------------------------------------------------------------------
                         slack                                  0.360    <hidden>

Slack (MET) :             0.364ns  (required time - arrival time)
  Source:                 core/current_pc_reg[1]/C
                            (rising edge-triggered cell FDRE clocked by vector_memory_clk  {rise@0.000ns fall@6.250ns period=12.500ns})
  Destination:            core/eu/vector_register_file_inst/regs_reg[7][32]/D
                            (rising edge-triggered cell FDRE clocked by vector_memory_clk  {rise@0.000ns fall@6.250ns period=12.500ns})
  Path Group:             vector_memory_clk
  Path Type:              Setup (Max at Slow Process Corner)
  Requirement:            12.500ns  (vector_memory_clk rise@12.500ns - vector_memory_clk rise@0.000ns)
  Data Path Delay:        11.982ns  (logic 3.462ns (28.893%)  route 8.520ns (71.107%))
  Logic Levels:           12  (CARRY4=1 LUT2=1 LUT3=2 LUT4=2 LUT6=4 MUXF7=1 RAMD32=1)
  Clock Path Skew:        -0.037ns (DCD - SCD + CPR)
    Destination Clock Delay (DCD):    4.791ns = ( 17.291 - 12.500 ) 
    Source Clock Delay      (SCD):    5.088ns
    Clock Pessimism Removal (CPR):    0.260ns
  Clock Uncertainty:      0.035ns  ((TSJ^2 + TIJ^2)^1/2 + DJ) / 2 + PE
    Total System Jitter     (TSJ):    0.071ns
    Total Input Jitter      (TIJ):    0.000ns
    Discrete Jitter          (DJ):    0.000ns
    Phase Error              (PE):    0.000ns

    Location             Delay type                Incr(ns)  Path(ns)    Netlist Resource(s)
  -------------------------------------------------------------------    -------------------
                         (clock vector_memory_clk rise edge)
                                                      0.000     0.000 r  <hidden>
    W5                                                0.000     0.000 r  clk
                         net (fo=0)                   0.000     0.000    clk
    W5                   IBUF (Prop_ibuf_I_O)         1.458     1.458 r  clk_IBUF_inst/O
                         net (fo=1, routed)           1.967     3.425    clk_IBUF
    BUFGCTRL_X0Y0        BUFG (Prop_bufg_I_O)         0.096     3.521 r  clk_IBUF_BUFG_inst/O
                         net (fo=1067, routed)        1.567     5.088    core/clk
    SLICE_X29Y47         FDRE                                         r  core/current_pc_reg[1]/C
  -------------------------------------------------------------------    -------------------
    SLICE_X29Y47         FDRE (Prop_fdre_C_Q)         0.419     5.507 r  core/current_pc_reg[1]/Q
                         net (fo=23, routed)          0.897     6.405    core/pim/memory_reg_0_15_12_15/ADDRB1
    SLICE_X30Y46         RAMD32 (Prop_ramd32_RADR1_O)
                                                      0.327     6.732 f  core/pim/memory_reg_0_15_12_15/RAMB/O
                         net (fo=36, routed)          1.080     7.812    core/pim/read_data[0]
    SLICE_X28Y46         LUT6 (Prop_lut6_I3_O)        0.348     8.160 r  core/pim/memory_reg_0_i_313/O
                         net (fo=4, routed)           0.816     8.976    core/pim/src_a[0]
    SLICE_X15Y48         LUT4 (Prop_lut4_I3_O)        0.124     9.100 r  core/pim/memory_reg_0_i_309/O
                         net (fo=64, routed)          1.209    10.310    core/eu/vector_register_file_inst/regs[0][63]_i_32_1
    SLICE_X3Y55          LUT6 (Prop_lut6_I4_O)        0.124    10.434 r  core/eu/vector_register_file_inst/memory_reg_0_i_233/O
                         net (fo=7, routed)           1.307    11.740    core/eu/vector_register_file_inst/memory_reg_0_i_233_n_0
    SLICE_X6Y51          LUT3 (Prop_lut3_I0_O)        0.150    11.890 r  core/eu/vector_register_file_inst/memory_reg_0_i_123/O
                         net (fo=15, routed)          0.790    12.681    core/eu/vector_register_file_inst/debug_read_data[59]
    SLICE_X10Y51         LUT2 (Prop_lut2_I0_O)        0.328    13.009 r  core/eu/vector_register_file_inst/regs[0][59]_i_7/O
                         net (fo=3, routed)           0.680    13.689    core/eu/vector_register_file_inst/regs[0][59]_i_23_n_0
    SLICE_X13Y49         LUT3 (Prop_lut3_I2_O)        0.124    13.813 r  core/eu/vector_register_file_inst/regs[0][32]_i_31/O
                         net (fo=1, routed)           0.000    13.813    core/eu/vector_register_file_inst/regs[0][32]_i_31_n_0
    SLICE_X13Y49         CARRY4 (Prop_carry4_S[1]_CO[2])
                                                      0.570    14.383 r  core/eu/vector_register_file_inst/regs_reg[0][32]_i_19/CO[2]
                         net (fo=1, routed)           0.451    14.833    core/eu/vector_register_file_inst/regs_reg[0][32]_i_19_n_1
    SLICE_X12Y46         LUT4 (Prop_lut4_I0_O)        0.313    15.146 r  core/eu/vector_register_file_inst/regs[0][32]_i_9/O
                         net (fo=1, routed)           0.522    15.669    core/eu/vector_register_file_inst/regs[0][32]_i_9_n_0
    SLICE_X10Y43         LUT6 (Prop_lut6_I5_O)        0.124    15.793 r  core/eu/vector_register_file_inst/regs[0][32]_i_6/O
                         net (fo=1, routed)           0.000    15.793    core/eu/vector_register_file_inst/regs[0][32]_i_6_n_0
    SLICE_X10Y43         MUXF7 (Prop_muxf7_I1_O)      0.214    16.007 r  core/eu/vector_register_file_inst/regs_reg[0][32]_i_3/O
                         net (fo=1, routed)           0.341    16.347    core/eu/vector_register_file_inst/regs_reg[0][32]_i_3_n_0
    SLICE_X8Y44          LUT6 (Prop_lut6_I5_O)        0.297    16.644 r  core/eu/vector_register_file_inst/regs[0][32]_i_1/O
                         net (fo=8, routed)           0.426    17.071    core/eu/vector_register_file_inst/rf_write_data[32]
    SLICE_X9Y44          FDRE                                         r  core/eu/vector_register_file_inst/regs_reg[7][32]/D
  -------------------------------------------------------------------    -------------------

                         (clock vector_memory_clk rise edge)
                                                     12.500    12.500 r  <hidden>
    W5                                                0.000    12.500 r  clk
                         net (fo=0)                   0.000    12.500    clk
    W5                   IBUF (Prop_ibuf_I_O)         1.388    13.888 r  clk_IBUF_inst/O
                         net (fo=1, routed)           1.862    15.750    clk_IBUF
    BUFGCTRL_X0Y0        BUFG (Prop_bufg_I_O)         0.091    15.841 r  clk_IBUF_BUFG_inst/O
                         net (fo=1067, routed)        1.450    17.291    core/eu/vector_register_file_inst/clk
    SLICE_X9Y44          FDRE                                         r  core/eu/vector_register_file_inst/regs_reg[7][32]/C
                         clock pessimism              0.260    17.551    <hidden>
                         clock uncertainty           -0.035    17.516    <hidden>
    SLICE_X9Y44          FDRE (Setup_fdre_C_D)       -0.081    17.435    core/eu/vector_register_file_inst/regs_reg[7][32]
  -------------------------------------------------------------------
                         required time                         17.435    <hidden>
                         arrival time                         -17.071    <hidden>
  -------------------------------------------------------------------
                         slack                                  0.364    <hidden>

Slack (MET) :             0.368ns  (required time - arrival time)
  Source:                 core/current_pc_reg[1]/C
                            (rising edge-triggered cell FDRE clocked by vector_memory_clk  {rise@0.000ns fall@6.250ns period=12.500ns})
  Destination:            core/eu/vector_register_file_inst/regs_reg[4][0]/D
                            (rising edge-triggered cell FDRE clocked by vector_memory_clk  {rise@0.000ns fall@6.250ns period=12.500ns})
  Path Group:             vector_memory_clk
  Path Type:              Setup (Max at Slow Process Corner)
  Requirement:            12.500ns  (vector_memory_clk rise@12.500ns - vector_memory_clk rise@0.000ns)
  Data Path Delay:        11.964ns  (logic 3.523ns (29.448%)  route 8.441ns (70.552%))
  Logic Levels:           13  (CARRY4=2 LUT2=1 LUT3=2 LUT4=2 LUT6=4 MUXF7=1 RAMD32=1)
  Clock Path Skew:        -0.052ns (DCD - SCD + CPR)
    Destination Clock Delay (DCD):    4.776ns = ( 17.276 - 12.500 ) 
    Source Clock Delay      (SCD):    5.088ns
    Clock Pessimism Removal (CPR):    0.260ns
  Clock Uncertainty:      0.035ns  ((TSJ^2 + TIJ^2)^1/2 + DJ) / 2 + PE
    Total System Jitter     (TSJ):    0.071ns
    Total Input Jitter      (TIJ):    0.000ns
    Discrete Jitter          (DJ):    0.000ns
    Phase Error              (PE):    0.000ns

    Location             Delay type                Incr(ns)  Path(ns)    Netlist Resource(s)
  -------------------------------------------------------------------    -------------------
                         (clock vector_memory_clk rise edge)
                                                      0.000     0.000 r  <hidden>
    W5                                                0.000     0.000 r  clk
                         net (fo=0)                   0.000     0.000    clk
    W5                   IBUF (Prop_ibuf_I_O)         1.458     1.458 r  clk_IBUF_inst/O
                         net (fo=1, routed)           1.967     3.425    clk_IBUF
    BUFGCTRL_X0Y0        BUFG (Prop_bufg_I_O)         0.096     3.521 r  clk_IBUF_BUFG_inst/O
                         net (fo=1067, routed)        1.567     5.088    core/clk
    SLICE_X29Y47         FDRE                                         r  core/current_pc_reg[1]/C
  -------------------------------------------------------------------    -------------------
    SLICE_X29Y47         FDRE (Prop_fdre_C_Q)         0.419     5.507 r  core/current_pc_reg[1]/Q
                         net (fo=23, routed)          0.897     6.405    core/pim/memory_reg_0_15_12_15/ADDRB1
    SLICE_X30Y46         RAMD32 (Prop_ramd32_RADR1_O)
                                                      0.327     6.732 f  core/pim/memory_reg_0_15_12_15/RAMB/O
                         net (fo=36, routed)          1.080     7.812    core/pim/read_data[0]
    SLICE_X28Y46         LUT6 (Prop_lut6_I3_O)        0.348     8.160 r  core/pim/memory_reg_0_i_313/O
                         net (fo=4, routed)           0.793     8.953    core/pim/src_a[0]
    SLICE_X15Y44         LUT4 (Prop_lut4_I3_O)        0.124     9.077 r  core/pim/memory_reg_0_i_307/O
                         net (fo=64, routed)          1.497    10.574    core/eu/vector_register_file_inst/regs[0][31]_i_32_1
    SLICE_X0Y32          LUT6 (Prop_lut6_I4_O)        0.124    10.698 r  core/eu/vector_register_file_inst/memory_reg_0_i_187/O
                         net (fo=7, routed)           1.008    11.706    core/eu/vector_register_file_inst/memory_reg_0_i_187_n_0
    SLICE_X4Y32          LUT3 (Prop_lut3_I2_O)        0.152    11.858 r  core/eu/vector_register_file_inst/memory_reg_0_i_100/O
                         net (fo=10, routed)          0.613    12.472    core/eu/vector_register_file_inst/debug_read_data[18]
    SLICE_X5Y29          LUT2 (Prop_lut2_I0_O)        0.326    12.798 r  core/eu/vector_register_file_inst/regs[0][18]_i_8/O
                         net (fo=4, routed)           0.603    13.401    core/eu/vector_register_file_inst/regs[0][19]_i_26_n_0
    SLICE_X4Y28          LUT3 (Prop_lut3_I1_O)        0.124    13.525 r  core/eu/vector_register_file_inst/regs[0][0]_i_44/O
                         net (fo=1, routed)           0.000    13.525    core/eu/vector_register_file_inst/regs[0][0]_i_44_n_0
    SLICE_X4Y28          CARRY4 (Prop_carry4_S[2]_CO[3])
                                                      0.398    13.923 r  core/eu/vector_register_file_inst/regs_reg[0][0]_i_29/CO[3]
                         net (fo=1, routed)           0.000    13.923    core/eu/vector_register_file_inst/regs_reg[0][0]_i_29_n_0
    SLICE_X4Y29          CARRY4 (Prop_carry4_CI_CO[2])
                                                      0.228    14.151 r  core/eu/vector_register_file_inst/regs_reg[0][0]_i_19/CO[2]
                         net (fo=1, routed)           0.524    14.675    core/eu/vector_register_file_inst/regs_reg[0][0]_i_19_n_1
    SLICE_X9Y29          LUT4 (Prop_lut4_I0_O)        0.313    14.988 r  core/eu/vector_register_file_inst/regs[0][0]_i_9/O
                         net (fo=1, routed)           0.403    15.391    core/eu/vector_register_file_inst/regs[0][0]_i_9_n_0
    SLICE_X9Y29          LUT6 (Prop_lut6_I5_O)        0.124    15.515 r  core/eu/vector_register_file_inst/regs[0][0]_i_6/O
                         net (fo=1, routed)           0.000    15.515    core/eu/vector_register_file_inst/regs[0][0]_i_6_n_0
    SLICE_X9Y29          MUXF7 (Prop_muxf7_I1_O)      0.217    15.732 r  core/eu/vector_register_file_inst/regs_reg[0][0]_i_3/O
                         net (fo=1, routed)           0.484    16.216    core/eu/vector_register_file_inst/regs_reg[0][0]_i_3_n_0
    SLICE_X12Y28         LUT6 (Prop_lut6_I5_O)        0.299    16.515 r  core/eu/vector_register_file_inst/regs[0][0]_i_1/O
                         net (fo=8, routed)           0.537    17.052    core/eu/vector_register_file_inst/rf_write_data[0]
    SLICE_X13Y26         FDRE                                         r  core/eu/vector_register_file_inst/regs_reg[4][0]/D
  -------------------------------------------------------------------    -------------------

                         (clock vector_memory_clk rise edge)
                                                     12.500    12.500 r  <hidden>
    W5                                                0.000    12.500 r  clk
                         net (fo=0)                   0.000    12.500    clk
    W5                   IBUF (Prop_ibuf_I_O)         1.388    13.888 r  clk_IBUF_inst/O
                         net (fo=1, routed)           1.862    15.750    clk_IBUF
    BUFGCTRL_X0Y0        BUFG (Prop_bufg_I_O)         0.091    15.841 r  clk_IBUF_BUFG_inst/O
                         net (fo=1067, routed)        1.435    17.276    core/eu/vector_register_file_inst/clk
    SLICE_X13Y26         FDRE                                         r  core/eu/vector_register_file_inst/regs_reg[4][0]/C
                         clock pessimism              0.260    17.536    <hidden>
                         clock uncertainty           -0.035    17.501    <hidden>
    SLICE_X13Y26         FDRE (Setup_fdre_C_D)       -0.081    17.420    core/eu/vector_register_file_inst/regs_reg[4][0]
  -------------------------------------------------------------------
                         required time                         17.420    <hidden>
                         arrival time                         -17.052    <hidden>
  -------------------------------------------------------------------
                         slack                                  0.368    <hidden>

Slack (MET) :             0.369ns  (required time - arrival time)
  Source:                 core/current_pc_reg[1]/C
                            (rising edge-triggered cell FDRE clocked by vector_memory_clk  {rise@0.000ns fall@6.250ns period=12.500ns})
  Destination:            core/eu/vector_register_file_inst/regs_reg[0][44]/D
                            (rising edge-triggered cell FDRE clocked by vector_memory_clk  {rise@0.000ns fall@6.250ns period=12.500ns})
  Path Group:             vector_memory_clk
  Path Type:              Setup (Max at Slow Process Corner)
  Requirement:            12.500ns  (vector_memory_clk rise@12.500ns - vector_memory_clk rise@0.000ns)
  Data Path Delay:        11.924ns  (logic 3.111ns (26.089%)  route 8.813ns (73.911%))
  Logic Levels:           11  (CARRY4=2 LUT2=1 LUT3=1 LUT4=1 LUT6=5 RAMD32=1)
  Clock Path Skew:        -0.127ns (DCD - SCD + CPR)
    Destination Clock Delay (DCD):    4.782ns = ( 17.282 - 12.500 ) 
    Source Clock Delay      (SCD):    5.088ns
    Clock Pessimism Removal (CPR):    0.180ns
  Clock Uncertainty:      0.035ns  ((TSJ^2 + TIJ^2)^1/2 + DJ) / 2 + PE
    Total System Jitter     (TSJ):    0.071ns
    Total Input Jitter      (TIJ):    0.000ns
    Discrete Jitter          (DJ):    0.000ns
    Phase Error              (PE):    0.000ns

    Location             Delay type                Incr(ns)  Path(ns)    Netlist Resource(s)
  -------------------------------------------------------------------    -------------------
                         (clock vector_memory_clk rise edge)
                                                      0.000     0.000 r  <hidden>
    W5                                                0.000     0.000 r  clk
                         net (fo=0)                   0.000     0.000    clk
    W5                   IBUF (Prop_ibuf_I_O)         1.458     1.458 r  clk_IBUF_inst/O
                         net (fo=1, routed)           1.967     3.425    clk_IBUF
    BUFGCTRL_X0Y0        BUFG (Prop_bufg_I_O)         0.096     3.521 r  clk_IBUF_BUFG_inst/O
                         net (fo=1067, routed)        1.567     5.088    core/clk
    SLICE_X29Y47         FDRE                                         r  core/current_pc_reg[1]/C
  -------------------------------------------------------------------    -------------------
    SLICE_X29Y47         FDRE (Prop_fdre_C_Q)         0.419     5.507 r  core/current_pc_reg[1]/Q
                         net (fo=23, routed)          0.897     6.405    core/pim/memory_reg_0_15_12_15/ADDRB1
    SLICE_X30Y46         RAMD32 (Prop_ramd32_RADR1_O)
                                                      0.327     6.732 f  core/pim/memory_reg_0_15_12_15/RAMB/O
                         net (fo=36, routed)          1.080     7.812    core/pim/read_data[0]
    SLICE_X28Y46         LUT6 (Prop_lut6_I3_O)        0.348     8.160 r  core/pim/memory_reg_0_i_313/O
                         net (fo=4, routed)           0.816     8.976    core/pim/src_a[0]
    SLICE_X15Y48         LUT4 (Prop_lut4_I3_O)        0.124     9.100 r  core/pim/memory_reg_0_i_309/O
                         net (fo=64, routed)          1.330    10.430    core/eu/vector_register_file_inst/regs[0][63]_i_32_1
    SLICE_X7Y41          LUT6 (Prop_lut6_I4_O)        0.124    10.554 r  core/eu/vector_register_file_inst/memory_reg_0_i_269/O
                         net (fo=7, routed)           1.067    11.621    core/eu/vector_register_file_inst/memory_reg_0_i_269_n_0
    SLICE_X8Y42          LUT3 (Prop_lut3_I0_O)        0.146    11.767 r  core/eu/vector_register_file_inst/memory_reg_0_i_141/O
                         net (fo=13, routed)          0.886    12.653    core/eu/vector_register_file_inst/debug_read_data[41]
    SLICE_X10Y47         LUT2 (Prop_lut2_I0_O)        0.328    12.981 r  core/eu/vector_register_file_inst/regs[0][41]_i_8/O
                         net (fo=3, routed)           0.000    12.981    core/eu/vector_register_file_inst/regs[0][43]_i_26_n_0
    SLICE_X10Y47         CARRY4 (Prop_carry4_S[1]_CO[3])
                                                      0.533    13.514 r  core/eu/vector_register_file_inst/regs_reg[0][43]_i_15/CO[3]
                         net (fo=1, routed)           0.000    13.514    core/eu/vector_register_file_inst/regs_reg[0][43]_i_15_n_0
    SLICE_X10Y48         CARRY4 (Prop_carry4_CI_O[0])
                                                      0.219    13.733 r  core/eu/vector_register_file_inst/regs_reg[0][47]_i_17/O[0]
                         net (fo=1, routed)           0.583    14.317    core/eu/vector_register_file_inst/regs_reg[0][47]_i_17_n_7
    SLICE_X9Y48          LUT6 (Prop_lut6_I3_O)        0.295    14.612 r  core/eu/vector_register_file_inst/regs[0][44]_i_9/O
                         net (fo=1, routed)           0.813    15.425    core/eu/vector_register_file_inst/regs[0][44]_i_9_n_0
    SLICE_X12Y51         LUT6 (Prop_lut6_I5_O)        0.124    15.549 r  core/eu/vector_register_file_inst/regs[0][44]_i_4/O
                         net (fo=1, routed)           0.452    16.001    core/eu/vector_register_file_inst/regs[0][44]_i_4_n_0
    SLICE_X12Y51         LUT6 (Prop_lut6_I5_O)        0.124    16.125 r  core/eu/vector_register_file_inst/regs[0][44]_i_1/O
                         net (fo=8, routed)           0.888    17.013    core/eu/vector_register_file_inst/rf_write_data[44]
    SLICE_X12Y51         FDRE                                         r  core/eu/vector_register_file_inst/regs_reg[0][44]/D
  -------------------------------------------------------------------    -------------------

                         (clock vector_memory_clk rise edge)
                                                     12.500    12.500 r  <hidden>
    W5                                                0.000    12.500 r  clk
                         net (fo=0)                   0.000    12.500    clk
    W5                   IBUF (Prop_ibuf_I_O)         1.388    13.888 r  clk_IBUF_inst/O
                         net (fo=1, routed)           1.862    15.750    clk_IBUF
    BUFGCTRL_X0Y0        BUFG (Prop_bufg_I_O)         0.091    15.841 r  clk_IBUF_BUFG_inst/O
                         net (fo=1067, routed)        1.441    17.282    core/eu/vector_register_file_inst/clk
    SLICE_X12Y51         FDRE                                         r  core/eu/vector_register_file_inst/regs_reg[0][44]/C
                         clock pessimism              0.180    17.462    <hidden>
                         clock uncertainty           -0.035    17.426    <hidden>
    SLICE_X12Y51         FDRE (Setup_fdre_C_D)       -0.045    17.381    core/eu/vector_register_file_inst/regs_reg[0][44]
  -------------------------------------------------------------------
                         required time                         17.381    <hidden>
                         arrival time                         -17.013    <hidden>
  -------------------------------------------------------------------
                         slack                                  0.369    <hidden>

Slack (MET) :             0.378ns  (required time - arrival time)
  Source:                 core/current_pc_reg[1]/C
                            (rising edge-triggered cell FDRE clocked by vector_memory_clk  {rise@0.000ns fall@6.250ns period=12.500ns})
  Destination:            core/eu/vector_register_file_inst/regs_reg[3][32]/D
                            (rising edge-triggered cell FDRE clocked by vector_memory_clk  {rise@0.000ns fall@6.250ns period=12.500ns})
  Path Group:             vector_memory_clk
  Path Type:              Setup (Max at Slow Process Corner)
  Requirement:            12.500ns  (vector_memory_clk rise@12.500ns - vector_memory_clk rise@0.000ns)
  Data Path Delay:        11.982ns  (logic 3.462ns (28.893%)  route 8.520ns (71.107%))
  Logic Levels:           12  (CARRY4=1 LUT2=1 LUT3=2 LUT4=2 LUT6=4 MUXF7=1 RAMD32=1)
  Clock Path Skew:        -0.037ns (DCD - SCD + CPR)
    Destination Clock Delay (DCD):    4.791ns = ( 17.291 - 12.500 ) 
    Source Clock Delay      (SCD):    5.088ns
    Clock Pessimism Removal (CPR):    0.260ns
  Clock Uncertainty:      0.035ns  ((TSJ^2 + TIJ^2)^1/2 + DJ) / 2 + PE
    Total System Jitter     (TSJ):    0.071ns
    Total Input Jitter      (TIJ):    0.000ns
    Discrete Jitter          (DJ):    0.000ns
    Phase Error              (PE):    0.000ns

    Location             Delay type                Incr(ns)  Path(ns)    Netlist Resource(s)
  -------------------------------------------------------------------    -------------------
                         (clock vector_memory_clk rise edge)
                                                      0.000     0.000 r  <hidden>
    W5                                                0.000     0.000 r  clk
                         net (fo=0)                   0.000     0.000    clk
    W5                   IBUF (Prop_ibuf_I_O)         1.458     1.458 r  clk_IBUF_inst/O
                         net (fo=1, routed)           1.967     3.425    clk_IBUF
    BUFGCTRL_X0Y0        BUFG (Prop_bufg_I_O)         0.096     3.521 r  clk_IBUF_BUFG_inst/O
                         net (fo=1067, routed)        1.567     5.088    core/clk
    SLICE_X29Y47         FDRE                                         r  core/current_pc_reg[1]/C
  -------------------------------------------------------------------    -------------------
    SLICE_X29Y47         FDRE (Prop_fdre_C_Q)         0.419     5.507 r  core/current_pc_reg[1]/Q
                         net (fo=23, routed)          0.897     6.405    core/pim/memory_reg_0_15_12_15/ADDRB1
    SLICE_X30Y46         RAMD32 (Prop_ramd32_RADR1_O)
                                                      0.327     6.732 f  core/pim/memory_reg_0_15_12_15/RAMB/O
                         net (fo=36, routed)          1.080     7.812    core/pim/read_data[0]
    SLICE_X28Y46         LUT6 (Prop_lut6_I3_O)        0.348     8.160 r  core/pim/memory_reg_0_i_313/O
                         net (fo=4, routed)           0.816     8.976    core/pim/src_a[0]
    SLICE_X15Y48         LUT4 (Prop_lut4_I3_O)        0.124     9.100 r  core/pim/memory_reg_0_i_309/O
                         net (fo=64, routed)          1.209    10.310    core/eu/vector_register_file_inst/regs[0][63]_i_32_1
    SLICE_X3Y55          LUT6 (Prop_lut6_I4_O)        0.124    10.434 r  core/eu/vector_register_file_inst/memory_reg_0_i_233/O
                         net (fo=7, routed)           1.307    11.740    core/eu/vector_register_file_inst/memory_reg_0_i_233_n_0
    SLICE_X6Y51          LUT3 (Prop_lut3_I0_O)        0.150    11.890 r  core/eu/vector_register_file_inst/memory_reg_0_i_123/O
                         net (fo=15, routed)          0.790    12.681    core/eu/vector_register_file_inst/debug_read_data[59]
    SLICE_X10Y51         LUT2 (Prop_lut2_I0_O)        0.328    13.009 r  core/eu/vector_register_file_inst/regs[0][59]_i_7/O
                         net (fo=3, routed)           0.680    13.689    core/eu/vector_register_file_inst/regs[0][59]_i_23_n_0
    SLICE_X13Y49         LUT3 (Prop_lut3_I2_O)        0.124    13.813 r  core/eu/vector_register_file_inst/regs[0][32]_i_31/O
                         net (fo=1, routed)           0.000    13.813    core/eu/vector_register_file_inst/regs[0][32]_i_31_n_0
    SLICE_X13Y49         CARRY4 (Prop_carry4_S[1]_CO[2])
                                                      0.570    14.383 r  core/eu/vector_register_file_inst/regs_reg[0][32]_i_19/CO[2]
                         net (fo=1, routed)           0.451    14.833    core/eu/vector_register_file_inst/regs_reg[0][32]_i_19_n_1
    SLICE_X12Y46         LUT4 (Prop_lut4_I0_O)        0.313    15.146 r  core/eu/vector_register_file_inst/regs[0][32]_i_9/O
                         net (fo=1, routed)           0.522    15.669    core/eu/vector_register_file_inst/regs[0][32]_i_9_n_0
    SLICE_X10Y43         LUT6 (Prop_lut6_I5_O)        0.124    15.793 r  core/eu/vector_register_file_inst/regs[0][32]_i_6/O
                         net (fo=1, routed)           0.000    15.793    core/eu/vector_register_file_inst/regs[0][32]_i_6_n_0
    SLICE_X10Y43         MUXF7 (Prop_muxf7_I1_O)      0.214    16.007 r  core/eu/vector_register_file_inst/regs_reg[0][32]_i_3/O
                         net (fo=1, routed)           0.341    16.347    core/eu/vector_register_file_inst/regs_reg[0][32]_i_3_n_0
    SLICE_X8Y44          LUT6 (Prop_lut6_I5_O)        0.297    16.644 r  core/eu/vector_register_file_inst/regs[0][32]_i_1/O
                         net (fo=8, routed)           0.426    17.071    core/eu/vector_register_file_inst/rf_write_data[32]
    SLICE_X9Y45          FDRE                                         r  core/eu/vector_register_file_inst/regs_reg[3][32]/D
  -------------------------------------------------------------------    -------------------

                         (clock vector_memory_clk rise edge)
                                                     12.500    12.500 r  <hidden>
    W5                                                0.000    12.500 r  clk
                         net (fo=0)                   0.000    12.500    clk
    W5                   IBUF (Prop_ibuf_I_O)         1.388    13.888 r  clk_IBUF_inst/O
                         net (fo=1, routed)           1.862    15.750    clk_IBUF
    BUFGCTRL_X0Y0        BUFG (Prop_bufg_I_O)         0.091    15.841 r  clk_IBUF_BUFG_inst/O
                         net (fo=1067, routed)        1.450    17.291    core/eu/vector_register_file_inst/clk
    SLICE_X9Y45          FDRE                                         r  core/eu/vector_register_file_inst/regs_reg[3][32]/C
                         clock pessimism              0.260    17.551    <hidden>
                         clock uncertainty           -0.035    17.516    <hidden>
    SLICE_X9Y45          FDRE (Setup_fdre_C_D)       -0.067    17.449    core/eu/vector_register_file_inst/regs_reg[3][32]
  -------------------------------------------------------------------
                         required time                         17.449    <hidden>
                         arrival time                         -17.071    <hidden>
  -------------------------------------------------------------------
                         slack                                  0.378    <hidden>

Slack (MET) :             0.387ns  (required time - arrival time)
  Source:                 core/current_pc_reg[1]/C
                            (rising edge-triggered cell FDRE clocked by vector_memory_clk  {rise@0.000ns fall@6.250ns period=12.500ns})
  Destination:            core/eu/vector_register_file_inst/regs_reg[2][96]/D
                            (rising edge-triggered cell FDRE clocked by vector_memory_clk  {rise@0.000ns fall@6.250ns period=12.500ns})
  Path Group:             vector_memory_clk
  Path Type:              Setup (Max at Slow Process Corner)
  Requirement:            12.500ns  (vector_memory_clk rise@12.500ns - vector_memory_clk rise@0.000ns)
  Data Path Delay:        11.920ns  (logic 3.635ns (30.494%)  route 8.285ns (69.506%))
  Logic Levels:           14  (CARRY4=3 LUT2=1 LUT3=2 LUT4=2 LUT6=4 MUXF7=1 RAMD32=1)
  Clock Path Skew:        -0.112ns (DCD - SCD + CPR)
    Destination Clock Delay (DCD):    4.788ns = ( 17.288 - 12.500 ) 
    Source Clock Delay      (SCD):    5.088ns
    Clock Pessimism Removal (CPR):    0.188ns
  Clock Uncertainty:      0.035ns  ((TSJ^2 + TIJ^2)^1/2 + DJ) / 2 + PE
    Total System Jitter     (TSJ):    0.071ns
    Total Input Jitter      (TIJ):    0.000ns
    Discrete Jitter          (DJ):    0.000ns
    Phase Error              (PE):    0.000ns

    Location             Delay type                Incr(ns)  Path(ns)    Netlist Resource(s)
  -------------------------------------------------------------------    -------------------
                         (clock vector_memory_clk rise edge)
                                                      0.000     0.000 r  <hidden>
    W5                                                0.000     0.000 r  clk
                         net (fo=0)                   0.000     0.000    clk
    W5                   IBUF (Prop_ibuf_I_O)         1.458     1.458 r  clk_IBUF_inst/O
                         net (fo=1, routed)           1.967     3.425    clk_IBUF
    BUFGCTRL_X0Y0        BUFG (Prop_bufg_I_O)         0.096     3.521 r  clk_IBUF_BUFG_inst/O
                         net (fo=1067, routed)        1.567     5.088    core/clk
    SLICE_X29Y47         FDRE                                         r  core/current_pc_reg[1]/C
  -------------------------------------------------------------------    -------------------
    SLICE_X29Y47         FDRE (Prop_fdre_C_Q)         0.419     5.507 r  core/current_pc_reg[1]/Q
                         net (fo=23, routed)          0.897     6.405    core/pim/memory_reg_0_15_12_15/ADDRB1
    SLICE_X30Y46         RAMD32 (Prop_ramd32_RADR1_O)
                                                      0.327     6.732 f  core/pim/memory_reg_0_15_12_15/RAMB/O
                         net (fo=36, routed)          1.080     7.812    core/pim/read_data[0]
    SLICE_X28Y46         LUT6 (Prop_lut6_I3_O)        0.348     8.160 r  core/pim/memory_reg_0_i_313/O
                         net (fo=4, routed)           0.516     8.676    core/pim/src_a[0]
    SLICE_X29Y48         LUT4 (Prop_lut4_I3_O)        0.124     8.800 r  core/pim/memory_reg_1_i_226/O
                         net (fo=64, routed)          1.132     9.932    core/eu/vector_register_file_inst/rf_read_addr_a[0]
    SLICE_X43Y58         LUT6 (Prop_lut6_I4_O)        0.124    10.056 r  core/eu/vector_register_file_inst/memory_reg_1_i_221/O
                         net (fo=7, routed)           1.194    11.250    core/eu/vector_register_file_inst/memory_reg_1_i_221_n_0
    SLICE_X47Y50         LUT3 (Prop_lut3_I0_O)        0.152    11.402 r  core/eu/vector_register_file_inst/memory_reg_1_i_111/O
                         net (fo=13, routed)          0.939    12.341    core/eu/vector_register_file_inst/debug_read_data[105]
    SLICE_X43Y47         LUT2 (Prop_lut2_I0_O)        0.326    12.667 r  core/eu/vector_register_file_inst/regs[0][105]_i_8/O
                         net (fo=3, routed)           0.610    13.278    core/eu/vector_register_file_inst/regs[0][107]_i_26_n_0
    SLICE_X41Y47         LUT3 (Prop_lut3_I2_O)        0.124    13.402 r  core/eu/vector_register_file_inst/regs[0][96]_i_55/O
                         net (fo=1, routed)           0.000    13.402    core/eu/vector_register_file_inst/regs[0][96]_i_55_n_0
    SLICE_X41Y47         CARRY4 (Prop_carry4_S[3]_CO[3])
                                                      0.401    13.803 r  core/eu/vector_register_file_inst/regs_reg[0][96]_i_42/CO[3]
                         net (fo=1, routed)           0.000    13.803    core/eu/vector_register_file_inst/regs_reg[0][96]_i_42_n_0
    SLICE_X41Y48         CARRY4 (Prop_carry4_CI_CO[3])
                                                      0.114    13.917 r  core/eu/vector_register_file_inst/regs_reg[0][96]_i_29/CO[3]
                         net (fo=1, routed)           0.000    13.917    core/eu/vector_register_file_inst/regs_reg[0][96]_i_29_n_0
    SLICE_X41Y49         CARRY4 (Prop_carry4_CI_CO[2])
                                                      0.228    14.145 r  core/eu/vector_register_file_inst/regs_reg[0][96]_i_19/CO[2]
                         net (fo=1, routed)           0.550    14.694    core/eu/vector_register_file_inst/vector_alu_inst/data5
    SLICE_X41Y46         LUT4 (Prop_lut4_I0_O)        0.313    15.007 r  core/eu/vector_register_file_inst/regs[0][96]_i_9/O
                         net (fo=1, routed)           0.298    15.305    core/eu/vector_register_file_inst/regs[0][96]_i_9_n_0
    SLICE_X42Y46         LUT6 (Prop_lut6_I5_O)        0.124    15.429 r  core/eu/vector_register_file_inst/regs[0][96]_i_6/O
                         net (fo=1, routed)           0.000    15.429    core/eu/vector_register_file_inst/regs[0][96]_i_6_n_0
    SLICE_X42Y46         MUXF7 (Prop_muxf7_I1_O)      0.214    15.643 r  core/eu/vector_register_file_inst/regs_reg[0][96]_i_3/O
                         net (fo=1, routed)           0.452    16.096    core/eu/vector_register_file_inst/regs_reg[0][96]_i_3_n_0
    SLICE_X42Y46         LUT6 (Prop_lut6_I5_O)        0.297    16.393 r  core/eu/vector_register_file_inst/regs[0][96]_i_1/O
                         net (fo=8, routed)           0.616    17.009    core/eu/vector_register_file_inst/rf_write_data[96]
    SLICE_X42Y46         FDRE                                         r  core/eu/vector_register_file_inst/regs_reg[2][96]/D
  -------------------------------------------------------------------    -------------------

                         (clock vector_memory_clk rise edge)
                                                     12.500    12.500 r  <hidden>
    W5                                                0.000    12.500 r  clk
                         net (fo=0)                   0.000    12.500    clk
    W5                   IBUF (Prop_ibuf_I_O)         1.388    13.888 r  clk_IBUF_inst/O
                         net (fo=1, routed)           1.862    15.750    clk_IBUF
    BUFGCTRL_X0Y0        BUFG (Prop_bufg_I_O)         0.091    15.841 r  clk_IBUF_BUFG_inst/O
                         net (fo=1067, routed)        1.447    17.288    core/eu/vector_register_file_inst/clk
    SLICE_X42Y46         FDRE                                         r  core/eu/vector_register_file_inst/regs_reg[2][96]/C
                         clock pessimism              0.188    17.476    <hidden>
                         clock uncertainty           -0.035    17.441    <hidden>
    SLICE_X42Y46         FDRE (Setup_fdre_C_D)       -0.045    17.396    core/eu/vector_register_file_inst/regs_reg[2][96]
  -------------------------------------------------------------------
                         required time                         17.396    <hidden>
                         arrival time                         -17.009    <hidden>
  -------------------------------------------------------------------
                         slack                                  0.387    <hidden>

Slack (MET) :             0.395ns  (required time - arrival time)
  Source:                 core/current_pc_reg[1]/C
                            (rising edge-triggered cell FDRE clocked by vector_memory_clk  {rise@0.000ns fall@6.250ns period=12.500ns})
  Destination:            core/eu/vector_register_file_inst/regs_reg[4][55]/D
                            (rising edge-triggered cell FDRE clocked by vector_memory_clk  {rise@0.000ns fall@6.250ns period=12.500ns})
  Path Group:             vector_memory_clk
  Path Type:              Setup (Max at Slow Process Corner)
  Requirement:            12.500ns  (vector_memory_clk rise@12.500ns - vector_memory_clk rise@0.000ns)
  Data Path Delay:        11.965ns  (logic 2.422ns (20.243%)  route 9.543ns (79.757%))
  Logic Levels:           9  (LUT3=1 LUT4=3 LUT6=4 RAMD32=1)
  Clock Path Skew:        -0.060ns (DCD - SCD + CPR)
    Destination Clock Delay (DCD):    4.849ns = ( 17.349 - 12.500 ) 
    Source Clock Delay      (SCD):    5.088ns
    Clock Pessimism Removal (CPR):    0.180ns
  Clock Uncertainty:      0.035ns  ((TSJ^2 + TIJ^2)^1/2 + DJ) / 2 + PE
    Total System Jitter     (TSJ):    0.071ns
    Total Input Jitter      (TIJ):    0.000ns
    Discrete Jitter          (DJ):    0.000ns
    Phase Error              (PE):    0.000ns

    Location             Delay type                Incr(ns)  Path(ns)    Netlist Resource(s)
  -------------------------------------------------------------------    -------------------
                         (clock vector_memory_clk rise edge)
                                                      0.000     0.000 r  <hidden>
    W5                                                0.000     0.000 r  clk
                         net (fo=0)                   0.000     0.000    clk
    W5                   IBUF (Prop_ibuf_I_O)         1.458     1.458 r  clk_IBUF_inst/O
                         net (fo=1, routed)           1.967     3.425    clk_IBUF
    BUFGCTRL_X0Y0        BUFG (Prop_bufg_I_O)         0.096     3.521 r  clk_IBUF_BUFG_inst/O
                         net (fo=1067, routed)        1.567     5.088    core/clk
    SLICE_X29Y47         FDRE                                         r  core/current_pc_reg[1]/C
  -------------------------------------------------------------------    -------------------
    SLICE_X29Y47         FDRE (Prop_fdre_C_Q)         0.419     5.507 r  core/current_pc_reg[1]/Q
                         net (fo=23, routed)          0.897     6.405    core/pim/memory_reg_0_15_12_15/ADDRB1
    SLICE_X30Y46         RAMD32 (Prop_ramd32_RADR1_O)
                                                      0.327     6.732 f  core/pim/memory_reg_0_15_12_15/RAMB/O
                         net (fo=36, routed)          1.080     7.812    core/pim/read_data[0]
    SLICE_X28Y46         LUT6 (Prop_lut6_I3_O)        0.348     8.160 r  core/pim/memory_reg_0_i_313/O
                         net (fo=4, routed)           0.816     8.976    core/pim/src_a[0]
    SLICE_X15Y48         LUT4 (Prop_lut4_I3_O)        0.124     9.100 r  core/pim/memory_reg_0_i_309/O
                         net (fo=64, routed)          1.209    10.310    core/eu/vector_register_file_inst/regs[0][63]_i_32_1
    SLICE_X3Y55          LUT6 (Prop_lut6_I4_O)        0.124    10.434 r  core/eu/vector_register_file_inst/memory_reg_0_i_233/O
                         net (fo=7, routed)           1.307    11.740    core/eu/vector_register_file_inst/memory_reg_0_i_233_n_0
    SLICE_X6Y51          LUT3 (Prop_lut3_I0_O)        0.150    11.890 r  core/eu/vector_register_file_inst/memory_reg_0_i_123/O
                         net (fo=15, routed)          1.194    13.084    core/eu/vector_register_file_inst/debug_read_data[59]
    SLICE_X12Y45         LUT4 (Prop_lut4_I0_O)        0.354    13.438 r  core/eu/vector_register_file_inst/regs[0][55]_i_11/O
                         net (fo=2, routed)           0.776    14.214    core/eu/vector_register_file_inst/regs[0][55]_i_11_n_0
    SLICE_X10Y44         LUT4 (Prop_lut4_I2_O)        0.328    14.542 r  core/eu/vector_register_file_inst/regs[0][55]_i_5/O
                         net (fo=1, routed)           1.018    15.560    core/eu/vector_register_file_inst/regs[0][55]_i_5_n_0
    SLICE_X5Y50          LUT6 (Prop_lut6_I0_O)        0.124    15.684 r  core/eu/vector_register_file_inst/regs[0][55]_i_3/O
                         net (fo=1, routed)           0.559    16.243    core/eu/vector_register_file_inst/regs[0][55]_i_3_n_0
    SLICE_X6Y52          LUT6 (Prop_lut6_I2_O)        0.124    16.367 r  core/eu/vector_register_file_inst/regs[0][55]_i_1/O
                         net (fo=8, routed)           0.686    17.053    core/eu/vector_register_file_inst/rf_write_data[55]
    SLICE_X6Y51          FDRE                                         r  core/eu/vector_register_file_inst/regs_reg[4][55]/D
  -------------------------------------------------------------------    -------------------

                         (clock vector_memory_clk rise edge)
                                                     12.500    12.500 r  <hidden>
    W5                                                0.000    12.500 r  clk
                         net (fo=0)                   0.000    12.500    clk
    W5                   IBUF (Prop_ibuf_I_O)         1.388    13.888 r  clk_IBUF_inst/O
                         net (fo=1, routed)           1.862    15.750    clk_IBUF
    BUFGCTRL_X0Y0        BUFG (Prop_bufg_I_O)         0.091    15.841 r  clk_IBUF_BUFG_inst/O
                         net (fo=1067, routed)        1.508    17.349    core/eu/vector_register_file_inst/clk
    SLICE_X6Y51          FDRE                                         r  core/eu/vector_register_file_inst/regs_reg[4][55]/C
                         clock pessimism              0.180    17.529    <hidden>
                         clock uncertainty           -0.035    17.493    <hidden>
    SLICE_X6Y51          FDRE (Setup_fdre_C_D)       -0.045    17.448    core/eu/vector_register_file_inst/regs_reg[4][55]
  -------------------------------------------------------------------
                         required time                         17.448    <hidden>
                         arrival time                         -17.053    <hidden>
  -------------------------------------------------------------------
                         slack                                  0.395    <hidden>

Slack (MET) :             0.398ns  (required time - arrival time)
  Source:                 core/current_pc_reg[1]/C
                            (rising edge-triggered cell FDRE clocked by vector_memory_clk  {rise@0.000ns fall@6.250ns period=12.500ns})
  Destination:            core/eu/vector_register_file_inst/regs_reg[3][96]/D
                            (rising edge-triggered cell FDRE clocked by vector_memory_clk  {rise@0.000ns fall@6.250ns period=12.500ns})
  Path Group:             vector_memory_clk
  Path Type:              Setup (Max at Slow Process Corner)
  Requirement:            12.500ns  (vector_memory_clk rise@12.500ns - vector_memory_clk rise@0.000ns)
  Data Path Delay:        11.925ns  (logic 3.635ns (30.483%)  route 8.290ns (69.517%))
  Logic Levels:           14  (CARRY4=3 LUT2=1 LUT3=2 LUT4=2 LUT6=4 MUXF7=1 RAMD32=1)
  Clock Path Skew:        -0.111ns (DCD - SCD + CPR)
    Destination Clock Delay (DCD):    4.789ns = ( 17.289 - 12.500 ) 
    Source Clock Delay      (SCD):    5.088ns
    Clock Pessimism Removal (CPR):    0.188ns
  Clock Uncertainty:      0.035ns  ((TSJ^2 + TIJ^2)^1/2 + DJ) / 2 + PE
    Total System Jitter     (TSJ):    0.071ns
    Total Input Jitter      (TIJ):    0.000ns
    Discrete Jitter          (DJ):    0.000ns
    Phase Error              (PE):    0.000ns

    Location             Delay type                Incr(ns)  Path(ns)    Netlist Resource(s)
  -------------------------------------------------------------------    -------------------
                         (clock vector_memory_clk rise edge)
                                                      0.000     0.000 r  <hidden>
    W5                                                0.000     0.000 r  clk
                         net (fo=0)                   0.000     0.000    clk
    W5                   IBUF (Prop_ibuf_I_O)         1.458     1.458 r  clk_IBUF_inst/O
                         net (fo=1, routed)           1.967     3.425    clk_IBUF
    BUFGCTRL_X0Y0        BUFG (Prop_bufg_I_O)         0.096     3.521 r  clk_IBUF_BUFG_inst/O
                         net (fo=1067, routed)        1.567     5.088    core/clk
    SLICE_X29Y47         FDRE                                         r  core/current_pc_reg[1]/C
  -------------------------------------------------------------------    -------------------
    SLICE_X29Y47         FDRE (Prop_fdre_C_Q)         0.419     5.507 r  core/current_pc_reg[1]/Q
                         net (fo=23, routed)          0.897     6.405    core/pim/memory_reg_0_15_12_15/ADDRB1
    SLICE_X30Y46         RAMD32 (Prop_ramd32_RADR1_O)
                                                      0.327     6.732 f  core/pim/memory_reg_0_15_12_15/RAMB/O
                         net (fo=36, routed)          1.080     7.812    core/pim/read_data[0]
    SLICE_X28Y46         LUT6 (Prop_lut6_I3_O)        0.348     8.160 r  core/pim/memory_reg_0_i_313/O
                         net (fo=4, routed)           0.516     8.676    core/pim/src_a[0]
    SLICE_X29Y48         LUT4 (Prop_lut4_I3_O)        0.124     8.800 r  core/pim/memory_reg_1_i_226/O
                         net (fo=64, routed)          1.132     9.932    core/eu/vector_register_file_inst/rf_read_addr_a[0]
    SLICE_X43Y58         LUT6 (Prop_lut6_I4_O)        0.124    10.056 r  core/eu/vector_register_file_inst/memory_reg_1_i_221/O
                         net (fo=7, routed)           1.194    11.250    core/eu/vector_register_file_inst/memory_reg_1_i_221_n_0
    SLICE_X47Y50         LUT3 (Prop_lut3_I0_O)        0.152    11.402 r  core/eu/vector_register_file_inst/memory_reg_1_i_111/O
                         net (fo=13, routed)          0.939    12.341    core/eu/vector_register_file_inst/debug_read_data[105]
    SLICE_X43Y47         LUT2 (Prop_lut2_I0_O)        0.326    12.667 r  core/eu/vector_register_file_inst/regs[0][105]_i_8/O
                         net (fo=3, routed)           0.610    13.278    core/eu/vector_register_file_inst/regs[0][107]_i_26_n_0
    SLICE_X41Y47         LUT3 (Prop_lut3_I2_O)        0.124    13.402 r  core/eu/vector_register_file_inst/regs[0][96]_i_55/O
                         net (fo=1, routed)           0.000    13.402    core/eu/vector_register_file_inst/regs[0][96]_i_55_n_0
    SLICE_X41Y47         CARRY4 (Prop_carry4_S[3]_CO[3])
                                                      0.401    13.803 r  core/eu/vector_register_file_inst/regs_reg[0][96]_i_42/CO[3]
                         net (fo=1, routed)           0.000    13.803    core/eu/vector_register_file_inst/regs_reg[0][96]_i_42_n_0
    SLICE_X41Y48         CARRY4 (Prop_carry4_CI_CO[3])
                                                      0.114    13.917 r  core/eu/vector_register_file_inst/regs_reg[0][96]_i_29/CO[3]
                         net (fo=1, routed)           0.000    13.917    core/eu/vector_register_file_inst/regs_reg[0][96]_i_29_n_0
    SLICE_X41Y49         CARRY4 (Prop_carry4_CI_CO[2])
                                                      0.228    14.145 r  core/eu/vector_register_file_inst/regs_reg[0][96]_i_19/CO[2]
                         net (fo=1, routed)           0.550    14.694    core/eu/vector_register_file_inst/vector_alu_inst/data5
    SLICE_X41Y46         LUT4 (Prop_lut4_I0_O)        0.313    15.007 r  core/eu/vector_register_file_inst/regs[0][96]_i_9/O
                         net (fo=1, routed)           0.298    15.305    core/eu/vector_register_file_inst/regs[0][96]_i_9_n_0
    SLICE_X42Y46         LUT6 (Prop_lut6_I5_O)        0.124    15.429 r  core/eu/vector_register_file_inst/regs[0][96]_i_6/O
                         net (fo=1, routed)           0.000    15.429    core/eu/vector_register_file_inst/regs[0][96]_i_6_n_0
    SLICE_X42Y46         MUXF7 (Prop_muxf7_I1_O)      0.214    15.643 r  core/eu/vector_register_file_inst/regs_reg[0][96]_i_3/O
                         net (fo=1, routed)           0.452    16.096    core/eu/vector_register_file_inst/regs_reg[0][96]_i_3_n_0
    SLICE_X42Y46         LUT6 (Prop_lut6_I5_O)        0.297    16.393 r  core/eu/vector_register_file_inst/regs[0][96]_i_1/O
                         net (fo=8, routed)           0.620    17.013    core/eu/vector_register_file_inst/rf_write_data[96]
    SLICE_X46Y46         FDRE                                         r  core/eu/vector_register_file_inst/regs_reg[3][96]/D
  -------------------------------------------------------------------    -------------------

                         (clock vector_memory_clk rise edge)
                                                     12.500    12.500 r  <hidden>
    W5                                                0.000    12.500 r  clk
                         net (fo=0)                   0.000    12.500    clk
    W5                   IBUF (Prop_ibuf_I_O)         1.388    13.888 r  clk_IBUF_inst/O
                         net (fo=1, routed)           1.862    15.750    clk_IBUF
    BUFGCTRL_X0Y0        BUFG (Prop_bufg_I_O)         0.091    15.841 r  clk_IBUF_BUFG_inst/O
                         net (fo=1067, routed)        1.448    17.289    core/eu/vector_register_file_inst/clk
    SLICE_X46Y46         FDRE                                         r  core/eu/vector_register_file_inst/regs_reg[3][96]/C
                         clock pessimism              0.188    17.477    <hidden>
                         clock uncertainty           -0.035    17.442    <hidden>
    SLICE_X46Y46         FDRE (Setup_fdre_C_D)       -0.031    17.411    core/eu/vector_register_file_inst/regs_reg[3][96]
  -------------------------------------------------------------------
                         required time                         17.411    <hidden>
                         arrival time                         -17.013    <hidden>
  -------------------------------------------------------------------
                         slack                                  0.398    <hidden>

Slack (MET) :             0.401ns  (required time - arrival time)
  Source:                 core/current_pc_reg[1]/C
                            (rising edge-triggered cell FDRE clocked by vector_memory_clk  {rise@0.000ns fall@6.250ns period=12.500ns})
  Destination:            core/eu/vector_register_file_inst/regs_reg[5][96]/D
                            (rising edge-triggered cell FDRE clocked by vector_memory_clk  {rise@0.000ns fall@6.250ns period=12.500ns})
  Path Group:             vector_memory_clk
  Path Type:              Setup (Max at Slow Process Corner)
  Requirement:            12.500ns  (vector_memory_clk rise@12.500ns - vector_memory_clk rise@0.000ns)
  Data Path Delay:        11.886ns  (logic 3.635ns (30.582%)  route 8.251ns (69.418%))
  Logic Levels:           14  (CARRY4=3 LUT2=1 LUT3=2 LUT4=2 LUT6=4 MUXF7=1 RAMD32=1)
  Clock Path Skew:        -0.111ns (DCD - SCD + CPR)
    Destination Clock Delay (DCD):    4.789ns = ( 17.289 - 12.500 ) 
    Source Clock Delay      (SCD):    5.088ns
    Clock Pessimism Removal (CPR):    0.188ns
  Clock Uncertainty:      0.035ns  ((TSJ^2 + TIJ^2)^1/2 + DJ) / 2 + PE
    Total System Jitter     (TSJ):    0.071ns
    Total Input Jitter      (TIJ):    0.000ns
    Discrete Jitter          (DJ):    0.000ns
    Phase Error              (PE):    0.000ns

    Location             Delay type                Incr(ns)  Path(ns)    Netlist Resource(s)
  -------------------------------------------------------------------    -------------------
                         (clock vector_memory_clk rise edge)
                                                      0.000     0.000 r  <hidden>
    W5                                                0.000     0.000 r  clk
                         net (fo=0)                   0.000     0.000    clk
    W5                   IBUF (Prop_ibuf_I_O)         1.458     1.458 r  clk_IBUF_inst/O
                         net (fo=1, routed)           1.967     3.425    clk_IBUF
    BUFGCTRL_X0Y0        BUFG (Prop_bufg_I_O)         0.096     3.521 r  clk_IBUF_BUFG_inst/O
                         net (fo=1067, routed)        1.567     5.088    core/clk
    SLICE_X29Y47         FDRE                                         r  core/current_pc_reg[1]/C
  -------------------------------------------------------------------    -------------------
    SLICE_X29Y47         FDRE (Prop_fdre_C_Q)         0.419     5.507 r  core/current_pc_reg[1]/Q
                         net (fo=23, routed)          0.897     6.405    core/pim/memory_reg_0_15_12_15/ADDRB1
    SLICE_X30Y46         RAMD32 (Prop_ramd32_RADR1_O)
                                                      0.327     6.732 f  core/pim/memory_reg_0_15_12_15/RAMB/O
                         net (fo=36, routed)          1.080     7.812    core/pim/read_data[0]
    SLICE_X28Y46         LUT6 (Prop_lut6_I3_O)        0.348     8.160 r  core/pim/memory_reg_0_i_313/O
                         net (fo=4, routed)           0.516     8.676    core/pim/src_a[0]
    SLICE_X29Y48         LUT4 (Prop_lut4_I3_O)        0.124     8.800 r  core/pim/memory_reg_1_i_226/O
                         net (fo=64, routed)          1.132     9.932    core/eu/vector_register_file_inst/rf_read_addr_a[0]
    SLICE_X43Y58         LUT6 (Prop_lut6_I4_O)        0.124    10.056 r  core/eu/vector_register_file_inst/memory_reg_1_i_221/O
                         net (fo=7, routed)           1.194    11.250    core/eu/vector_register_file_inst/memory_reg_1_i_221_n_0
    SLICE_X47Y50         LUT3 (Prop_lut3_I0_O)        0.152    11.402 r  core/eu/vector_register_file_inst/memory_reg_1_i_111/O
                         net (fo=13, routed)          0.939    12.341    core/eu/vector_register_file_inst/debug_read_data[105]
    SLICE_X43Y47         LUT2 (Prop_lut2_I0_O)        0.326    12.667 r  core/eu/vector_register_file_inst/regs[0][105]_i_8/O
                         net (fo=3, routed)           0.610    13.278    core/eu/vector_register_file_inst/regs[0][107]_i_26_n_0
    SLICE_X41Y47         LUT3 (Prop_lut3_I2_O)        0.124    13.402 r  core/eu/vector_register_file_inst/regs[0][96]_i_55/O
                         net (fo=1, routed)           0.000    13.402    core/eu/vector_register_file_inst/regs[0][96]_i_55_n_0
    SLICE_X41Y47         CARRY4 (Prop_carry4_S[3]_CO[3])
                                                      0.401    13.803 r  core/eu/vector_register_file_inst/regs_reg[0][96]_i_42/CO[3]
                         net (fo=1, routed)           0.000    13.803    core/eu/vector_register_file_inst/regs_reg[0][96]_i_42_n_0
    SLICE_X41Y48         CARRY4 (Prop_carry4_CI_CO[3])
                                                      0.114    13.917 r  core/eu/vector_register_file_inst/regs_reg[0][96]_i_29/CO[3]
                         net (fo=1, routed)           0.000    13.917    core/eu/vector_register_file_inst/regs_reg[0][96]_i_29_n_0
    SLICE_X41Y49         CARRY4 (Prop_carry4_CI_CO[2])
                                                      0.228    14.145 r  core/eu/vector_register_file_inst/regs_reg[0][96]_i_19/CO[2]
                         net (fo=1, routed)           0.550    14.694    core/eu/vector_register_file_inst/vector_alu_inst/data5
    SLICE_X41Y46         LUT4 (Prop_lut4_I0_O)        0.313    15.007 r  core/eu/vector_register_file_inst/regs[0][96]_i_9/O
                         net (fo=1, routed)           0.298    15.305    core/eu/vector_register_file_inst/regs[0][96]_i_9_n_0
    SLICE_X42Y46         LUT6 (Prop_lut6_I5_O)        0.124    15.429 r  core/eu/vector_register_file_inst/regs[0][96]_i_6/O
                         net (fo=1, routed)           0.000    15.429    core/eu/vector_register_file_inst/regs[0][96]_i_6_n_0
    SLICE_X42Y46         MUXF7 (Prop_muxf7_I1_O)      0.214    15.643 r  core/eu/vector_register_file_inst/regs_reg[0][96]_i_3/O
                         net (fo=1, routed)           0.452    16.096    core/eu/vector_register_file_inst/regs_reg[0][96]_i_3_n_0
    SLICE_X42Y46         LUT6 (Prop_lut6_I5_O)        0.297    16.393 r  core/eu/vector_register_file_inst/regs[0][96]_i_1/O
                         net (fo=8, routed)           0.582    16.974    core/eu/vector_register_file_inst/rf_write_data[96]
    SLICE_X40Y47         FDRE                                         r  core/eu/vector_register_file_inst/regs_reg[5][96]/D
  -------------------------------------------------------------------    -------------------

                         (clock vector_memory_clk rise edge)
                                                     12.500    12.500 r  <hidden>
    W5                                                0.000    12.500 r  clk
                         net (fo=0)                   0.000    12.500    clk
    W5                   IBUF (Prop_ibuf_I_O)         1.388    13.888 r  clk_IBUF_inst/O
                         net (fo=1, routed)           1.862    15.750    clk_IBUF
    BUFGCTRL_X0Y0        BUFG (Prop_bufg_I_O)         0.091    15.841 r  clk_IBUF_BUFG_inst/O
                         net (fo=1067, routed)        1.448    17.289    core/eu/vector_register_file_inst/clk
    SLICE_X40Y47         FDRE                                         r  core/eu/vector_register_file_inst/regs_reg[5][96]/C
                         clock pessimism              0.188    17.477    <hidden>
                         clock uncertainty           -0.035    17.442    <hidden>
    SLICE_X40Y47         FDRE (Setup_fdre_C_D)       -0.067    17.375    core/eu/vector_register_file_inst/regs_reg[5][96]
  -------------------------------------------------------------------
                         required time                         17.375    <hidden>
                         arrival time                         -16.974    <hidden>
  -------------------------------------------------------------------
                         slack                                  0.401    <hidden>

Slack (MET) :             0.419ns  (required time - arrival time)
  Source:                 core/current_pc_reg[1]/C
                            (rising edge-triggered cell FDRE clocked by vector_memory_clk  {rise@0.000ns fall@6.250ns period=12.500ns})
  Destination:            core/eu/vector_register_file_inst/regs_reg[7][0]/D
                            (rising edge-triggered cell FDRE clocked by vector_memory_clk  {rise@0.000ns fall@6.250ns period=12.500ns})
  Path Group:             vector_memory_clk
  Path Type:              Setup (Max at Slow Process Corner)
  Requirement:            12.500ns  (vector_memory_clk rise@12.500ns - vector_memory_clk rise@0.000ns)
  Data Path Delay:        11.963ns  (logic 3.523ns (29.450%)  route 8.440ns (70.550%))
  Logic Levels:           13  (CARRY4=2 LUT2=1 LUT3=2 LUT4=2 LUT6=4 MUXF7=1 RAMD32=1)
  Clock Path Skew:        -0.052ns (DCD - SCD + CPR)
    Destination Clock Delay (DCD):    4.776ns = ( 17.276 - 12.500 ) 
    Source Clock Delay      (SCD):    5.088ns
    Clock Pessimism Removal (CPR):    0.260ns
  Clock Uncertainty:      0.035ns  ((TSJ^2 + TIJ^2)^1/2 + DJ) / 2 + PE
    Total System Jitter     (TSJ):    0.071ns
    Total Input Jitter      (TIJ):    0.000ns
    Discrete Jitter          (DJ):    0.000ns
    Phase Error              (PE):    0.000ns

    Location             Delay type                Incr(ns)  Path(ns)    Netlist Resource(s)
  -------------------------------------------------------------------    -------------------
                         (clock vector_memory_clk rise edge)
                                                      0.000     0.000 r  <hidden>
    W5                                                0.000     0.000 r  clk
                         net (fo=0)                   0.000     0.000    clk
    W5                   IBUF (Prop_ibuf_I_O)         1.458     1.458 r  clk_IBUF_inst/O
                         net (fo=1, routed)           1.967     3.425    clk_IBUF
    BUFGCTRL_X0Y0        BUFG (Prop_bufg_I_O)         0.096     3.521 r  clk_IBUF_BUFG_inst/O
                         net (fo=1067, routed)        1.567     5.088    core/clk
    SLICE_X29Y47         FDRE                                         r  core/current_pc_reg[1]/C
  -------------------------------------------------------------------    -------------------
    SLICE_X29Y47         FDRE (Prop_fdre_C_Q)         0.419     5.507 r  core/current_pc_reg[1]/Q
                         net (fo=23, routed)          0.897     6.405    core/pim/memory_reg_0_15_12_15/ADDRB1
    SLICE_X30Y46         RAMD32 (Prop_ramd32_RADR1_O)
                                                      0.327     6.732 f  core/pim/memory_reg_0_15_12_15/RAMB/O
                         net (fo=36, routed)          1.080     7.812    core/pim/read_data[0]
    SLICE_X28Y46         LUT6 (Prop_lut6_I3_O)        0.348     8.160 r  core/pim/memory_reg_0_i_313/O
                         net (fo=4, routed)           0.793     8.953    core/pim/src_a[0]
    SLICE_X15Y44         LUT4 (Prop_lut4_I3_O)        0.124     9.077 r  core/pim/memory_reg_0_i_307/O
                         net (fo=64, routed)          1.497    10.574    core/eu/vector_register_file_inst/regs[0][31]_i_32_1
    SLICE_X0Y32          LUT6 (Prop_lut6_I4_O)        0.124    10.698 r  core/eu/vector_register_file_inst/memory_reg_0_i_187/O
                         net (fo=7, routed)           1.008    11.706    core/eu/vector_register_file_inst/memory_reg_0_i_187_n_0
    SLICE_X4Y32          LUT3 (Prop_lut3_I2_O)        0.152    11.858 r  core/eu/vector_register_file_inst/memory_reg_0_i_100/O
                         net (fo=10, routed)          0.613    12.472    core/eu/vector_register_file_inst/debug_read_data[18]
    SLICE_X5Y29          LUT2 (Prop_lut2_I0_O)        0.326    12.798 r  core/eu/vector_register_file_inst/regs[0][18]_i_8/O
                         net (fo=4, routed)           0.603    13.401    core/eu/vector_register_file_inst/regs[0][19]_i_26_n_0
    SLICE_X4Y28          LUT3 (Prop_lut3_I1_O)        0.124    13.525 r  core/eu/vector_register_file_inst/regs[0][0]_i_44/O
                         net (fo=1, routed)           0.000    13.525    core/eu/vector_register_file_inst/regs[0][0]_i_44_n_0
    SLICE_X4Y28          CARRY4 (Prop_carry4_S[2]_CO[3])
                                                      0.398    13.923 r  core/eu/vector_register_file_inst/regs_reg[0][0]_i_29/CO[3]
                         net (fo=1, routed)           0.000    13.923    core/eu/vector_register_file_inst/regs_reg[0][0]_i_29_n_0
    SLICE_X4Y29          CARRY4 (Prop_carry4_CI_CO[2])
                                                      0.228    14.151 r  core/eu/vector_register_file_inst/regs_reg[0][0]_i_19/CO[2]
                         net (fo=1, routed)           0.524    14.675    core/eu/vector_register_file_inst/regs_reg[0][0]_i_19_n_1
    SLICE_X9Y29          LUT4 (Prop_lut4_I0_O)        0.313    14.988 r  core/eu/vector_register_file_inst/regs[0][0]_i_9/O
                         net (fo=1, routed)           0.403    15.391    core/eu/vector_register_file_inst/regs[0][0]_i_9_n_0
    SLICE_X9Y29          LUT6 (Prop_lut6_I5_O)        0.124    15.515 r  core/eu/vector_register_file_inst/regs[0][0]_i_6/O
                         net (fo=1, routed)           0.000    15.515    core/eu/vector_register_file_inst/regs[0][0]_i_6_n_0
    SLICE_X9Y29          MUXF7 (Prop_muxf7_I1_O)      0.217    15.732 r  core/eu/vector_register_file_inst/regs_reg[0][0]_i_3/O
                         net (fo=1, routed)           0.484    16.216    core/eu/vector_register_file_inst/regs_reg[0][0]_i_3_n_0
    SLICE_X12Y28         LUT6 (Prop_lut6_I5_O)        0.299    16.515 r  core/eu/vector_register_file_inst/regs[0][0]_i_1/O
                         net (fo=8, routed)           0.536    17.051    core/eu/vector_register_file_inst/rf_write_data[0]
    SLICE_X12Y26         FDRE                                         r  core/eu/vector_register_file_inst/regs_reg[7][0]/D
  -------------------------------------------------------------------    -------------------

                         (clock vector_memory_clk rise edge)
                                                     12.500    12.500 r  <hidden>
    W5                                                0.000    12.500 r  clk
                         net (fo=0)                   0.000    12.500    clk
    W5                   IBUF (Prop_ibuf_I_O)         1.388    13.888 r  clk_IBUF_inst/O
                         net (fo=1, routed)           1.862    15.750    clk_IBUF
    BUFGCTRL_X0Y0        BUFG (Prop_bufg_I_O)         0.091    15.841 r  clk_IBUF_BUFG_inst/O
                         net (fo=1067, routed)        1.435    17.276    core/eu/vector_register_file_inst/clk
    SLICE_X12Y26         FDRE                                         r  core/eu/vector_register_file_inst/regs_reg[7][0]/C
                         clock pessimism              0.260    17.536    <hidden>
                         clock uncertainty           -0.035    17.501    <hidden>
    SLICE_X12Y26         FDRE (Setup_fdre_C_D)       -0.031    17.470    core/eu/vector_register_file_inst/regs_reg[7][0]
  -------------------------------------------------------------------
                         required time                         17.470    <hidden>
                         arrival time                         -17.051    <hidden>
  -------------------------------------------------------------------
                         slack                                  0.419    <hidden>




