Copyright 1986-2022 Xilinx, Inc. All Rights Reserved. Copyright 2022-2026 Advanced Micro Devices, Inc. All Rights Reserved.
--------------------------------------------------------------------------------------------------------------------------------------------------------------------------------------------------------------------------------------
| Tool Version : Vivado v.2026.1 (win64) Build 6511674 Tue Jun 16 11:02:23 MDT 2026
| Date         : Mon Aug 10 13:39:28 2026
| Host         : DESKTOP-4GB7DVJ running 64-bit major release  (build 9200)
| Command      : report_timing -delay_type max -path_type full_clock_expanded -input_pins -max_paths 25 -nworst 1 -file C:/FPGA/systemverilog-fpga-cpu/reports/dot4acc_stage_h13b/100mhz_run1/timing/post_route_worst_setup_paths.rpt
| Design       : fpga_top_pipeline_dot4acc_memopt_h13b
| Device       : 7a35t-cpg236
| Speed File   : -1  PRODUCTION 1.23 2018-06-13
| Design State : Routed
--------------------------------------------------------------------------------------------------------------------------------------------------------------------------------------------------------------------------------------

Timing Report

Slack (VIOLATED) :        -1.865ns  (required time - arrival time)
  Source:                 cpu_inst/mem_wb_reg_reg[rd][2]/C
                            (rising edge-triggered cell FDRE clocked by sys_clk_pin  {rise@0.000ns fall@5.000ns period=10.000ns})
  Destination:            cpu_inst/instr_mem_inst/instruction_reg/RSTRAMARSTRAM
                            (rising edge-triggered cell RAMB18E1 clocked by sys_clk_pin  {rise@0.000ns fall@5.000ns period=10.000ns})
  Path Group:             sys_clk_pin
  Path Type:              Setup (Max at Slow Process Corner)
  Requirement:            10.000ns  (sys_clk_pin rise@10.000ns - sys_clk_pin rise@0.000ns)
  Data Path Delay:        11.395ns  (logic 2.947ns (25.861%)  route 8.448ns (74.139%))
  Logic Levels:           14  (CARRY4=3 LUT2=1 LUT3=1 LUT4=1 LUT5=3 LUT6=5)
  Clock Path Skew:        -0.076ns (DCD - SCD + CPR)
    Destination Clock Delay (DCD):    4.819ns = ( 14.819 - 10.000 ) 
    Source Clock Delay      (SCD):    5.154ns
    Clock Pessimism Removal (CPR):    0.260ns
  Clock Uncertainty:      0.035ns  ((TSJ^2 + TIJ^2)^1/2 + DJ) / 2 + PE
    Total System Jitter     (TSJ):    0.071ns
    Total Input Jitter      (TIJ):    0.000ns
    Discrete Jitter          (DJ):    0.000ns
    Phase Error              (PE):    0.000ns

    Location             Delay type                Incr(ns)  Path(ns)    Netlist Resource(s)
  -------------------------------------------------------------------    -------------------
                         (clock sys_clk_pin rise edge)
                                                      0.000     0.000 r  <hidden>
    W5                                                0.000     0.000 r  clk
                         net (fo=0)                   0.000     0.000    clk
    W5                                                                r  clk_IBUF_inst/I
    W5                   IBUF (Prop_ibuf_I_O)         1.458     1.458 r  clk_IBUF_inst/O
                         net (fo=1, routed)           1.967     3.425    clk_IBUF
    BUFGCTRL_X0Y0                                                     r  clk_IBUF_BUFG_inst/I
    BUFGCTRL_X0Y0        BUFG (Prop_bufg_I_O)         0.096     3.521 r  clk_IBUF_BUFG_inst/O
                         net (fo=1821, routed)        1.633     5.154    cpu_inst/clk_IBUF_BUFG
    SLICE_X2Y14          FDRE                                         r  cpu_inst/mem_wb_reg_reg[rd][2]/C
  -------------------------------------------------------------------    -------------------
    SLICE_X2Y14          FDRE (Prop_fdre_C_Q)         0.518     5.672 f  cpu_inst/mem_wb_reg_reg[rd][2]/Q
                         net (fo=17, routed)          0.884     6.556    cpu_inst/dot4acc_pipeline_inst/product0_reg_reg_i_39_0[2]
    SLICE_X2Y14                                                       f  cpu_inst/dot4acc_pipeline_inst/led_OBUF[10]_inst_i_7/I2
    SLICE_X2Y14          LUT5 (Prop_lut5_I2_O)        0.124     6.680 f  cpu_inst/dot4acc_pipeline_inst/led_OBUF[10]_inst_i_7/O
                         net (fo=1, routed)           0.466     7.146    cpu_inst/dot4acc_pipeline_inst/led_OBUF[10]_inst_i_7_n_0
    SLICE_X2Y14                                                       f  cpu_inst/dot4acc_pipeline_inst/led_OBUF[10]_inst_i_4/I0
    SLICE_X2Y14          LUT3 (Prop_lut3_I0_O)        0.124     7.270 f  cpu_inst/dot4acc_pipeline_inst/led_OBUF[10]_inst_i_4/O
                         net (fo=7, routed)           0.874     8.144    cpu_inst/dot4acc_pipeline_inst/mem_wb_reg_reg[reg_write]
    SLICE_X4Y15                                                       f  cpu_inst/dot4acc_pipeline_inst/ex_alu_result0_i_42/I0
    SLICE_X4Y15          LUT6 (Prop_lut6_I0_O)        0.124     8.268 r  cpu_inst/dot4acc_pipeline_inst/ex_alu_result0_i_42/O
                         net (fo=32, routed)          1.049     9.317    cpu_inst/data_mem_inst/ex_alu_result0_11
    SLICE_X9Y21                                                       r  cpu_inst/data_mem_inst/ex_alu_result0_i_4/I3
    SLICE_X9Y21          LUT5 (Prop_lut5_I3_O)        0.124     9.441 r  cpu_inst/data_mem_inst/ex_alu_result0_i_4/O
                         net (fo=2, routed)           0.596    10.038    cpu_inst/data_mem_inst/A[4]
    SLICE_X9Y18                                                       r  cpu_inst/data_mem_inst/product0_reg_reg_i_33/I0
    SLICE_X9Y18          LUT5 (Prop_lut5_I0_O)        0.124    10.162 r  cpu_inst/data_mem_inst/product0_reg_reg_i_33/O
                         net (fo=8, routed)           1.090    11.252    cpu_inst/data_mem_inst/ex_mem_reg[alu_result][7]_i_10_n_0
    SLICE_X8Y15                                                       r  cpu_inst/data_mem_inst/fetch_buffer_pc[31]_i_15/I0
    SLICE_X8Y15          LUT6 (Prop_lut6_I0_O)        0.124    11.376 r  cpu_inst/data_mem_inst/fetch_buffer_pc[31]_i_15/O
                         net (fo=1, routed)           0.000    11.376    cpu_inst/data_mem_inst/fetch_buffer_pc[31]_i_15_n_0
    SLICE_X8Y15                                                       r  cpu_inst/data_mem_inst/fetch_buffer_pc_reg[31]_i_8/S[1]
    SLICE_X8Y15          CARRY4 (Prop_carry4_S[1]_CO[3])
                                                      0.533    11.909 r  cpu_inst/data_mem_inst/fetch_buffer_pc_reg[31]_i_8/CO[3]
                         net (fo=1, routed)           0.000    11.909    cpu_inst/data_mem_inst/fetch_buffer_pc_reg[31]_i_8_n_0
    SLICE_X8Y16                                                       r  cpu_inst/data_mem_inst/fetch_buffer_pc_reg[31]_i_4/CI
    SLICE_X8Y16          CARRY4 (Prop_carry4_CI_CO[3])
                                                      0.117    12.026 r  cpu_inst/data_mem_inst/fetch_buffer_pc_reg[31]_i_4/CO[3]
                         net (fo=1, routed)           0.000    12.026    cpu_inst/data_mem_inst/fetch_buffer_pc_reg[31]_i_4_n_0
    SLICE_X8Y17                                                       r  cpu_inst/data_mem_inst/fetch_buffer_pc_reg[31]_i_2/CI
    SLICE_X8Y17          CARRY4 (Prop_carry4_CI_CO[2])
                                                      0.229    12.255 f  cpu_inst/data_mem_inst/fetch_buffer_pc_reg[31]_i_2/CO[2]
                         net (fo=23, routed)          0.450    12.704    cpu_inst/data_mem_inst/ex_branch_taken0
    SLICE_X10Y17                                                      f  cpu_inst/data_mem_inst/if_id_reg[pc][31]_i_4/I3
    SLICE_X10Y17         LUT4 (Prop_lut4_I3_O)        0.310    13.014 f  cpu_inst/data_mem_inst/if_id_reg[pc][31]_i_4/O
                         net (fo=42, routed)          0.507    13.521    cpu_inst/data_mem_inst/if_id_reg[pc][31]_i_4_n_0
    SLICE_X8Y18                                                       f  cpu_inst/data_mem_inst/load_overlap_reserved_i_2/I3
    SLICE_X8Y18          LUT6 (Prop_lut6_I3_O)        0.124    13.645 r  cpu_inst/data_mem_inst/load_overlap_reserved_i_2/O
                         net (fo=2, routed)           0.702    14.347    cpu_inst/data_mem_inst/load_overlap_allowed
    SLICE_X4Y16                                                       r  cpu_inst/data_mem_inst/instruction_reg_i_15/I2
    SLICE_X4Y16          LUT6 (Prop_lut6_I2_O)        0.124    14.471 f  cpu_inst/data_mem_inst/instruction_reg_i_15/O
                         net (fo=16, routed)          0.634    15.105    cpu_inst/data_mem_inst/instruction_reg_i_15_n_0
    SLICE_X4Y19                                                       f  cpu_inst/data_mem_inst/instruction_reg_i_12/I1
    SLICE_X4Y19          LUT2 (Prop_lut2_I1_O)        0.124    15.229 r  cpu_inst/data_mem_inst/instruction_reg_i_12/O
                         net (fo=1, routed)           0.435    15.665    cpu_inst/data_mem_inst/instruction_reg_i_12_n_0
    SLICE_X4Y20                                                       r  cpu_inst/data_mem_inst/instruction_reg_i_1/I2
    SLICE_X4Y20          LUT6 (Prop_lut6_I2_O)        0.124    15.789 r  cpu_inst/data_mem_inst/instruction_reg_i_1/O
                         net (fo=2, routed)           0.761    16.550    cpu_inst/instr_mem_inst/instruction_reg_0
    RAMB18_X0Y8          RAMB18E1                                     r  cpu_inst/instr_mem_inst/instruction_reg/RSTRAMARSTRAM
  -------------------------------------------------------------------    -------------------

                         (clock sys_clk_pin rise edge)
                                                     10.000    10.000 r  <hidden>
    W5                                                0.000    10.000 r  clk
                         net (fo=0)                   0.000    10.000    clk
    W5                                                                r  clk_IBUF_inst/I
    W5                   IBUF (Prop_ibuf_I_O)         1.388    11.388 r  clk_IBUF_inst/O
                         net (fo=1, routed)           1.862    13.250    clk_IBUF
    BUFGCTRL_X0Y0                                                     r  clk_IBUF_BUFG_inst/I
    BUFGCTRL_X0Y0        BUFG (Prop_bufg_I_O)         0.091    13.341 r  clk_IBUF_BUFG_inst/O
                         net (fo=1821, routed)        1.478    14.819    cpu_inst/instr_mem_inst/clk_IBUF_BUFG
    RAMB18_X0Y8          RAMB18E1                                     r  cpu_inst/instr_mem_inst/instruction_reg/CLKARDCLK
                         clock pessimism              0.260    15.079    <hidden>
                         clock uncertainty           -0.035    15.043    <hidden>
    RAMB18_X0Y8          RAMB18E1 (Setup_ramb18e1_CLKARDCLK_RSTRAMARSTRAM)
                                                     -0.359    14.684    cpu_inst/instr_mem_inst/instruction_reg
  -------------------------------------------------------------------
                         required time                         14.684    <hidden>
                         arrival time                         -16.550    <hidden>
  -------------------------------------------------------------------
                         slack                                 -1.865    <hidden>

Slack (VIOLATED) :        -1.857ns  (required time - arrival time)
  Source:                 cpu_inst/mem_wb_reg_reg[rd][2]/C
                            (rising edge-triggered cell FDRE clocked by sys_clk_pin  {rise@0.000ns fall@5.000ns period=10.000ns})
  Destination:            cpu_inst/id_ex_reg_reg[accumulator][22]/R
                            (rising edge-triggered cell FDRE clocked by sys_clk_pin  {rise@0.000ns fall@5.000ns period=10.000ns})
  Path Group:             sys_clk_pin
  Path Type:              Setup (Max at Slow Process Corner)
  Requirement:            10.000ns  (sys_clk_pin rise@10.000ns - sys_clk_pin rise@0.000ns)
  Data Path Delay:        11.348ns  (logic 2.947ns (25.970%)  route 8.401ns (74.030%))
  Logic Levels:           14  (CARRY4=3 LUT3=1 LUT5=5 LUT6=5)
  Clock Path Skew:        -0.045ns (DCD - SCD + CPR)
    Destination Clock Delay (DCD):    4.849ns = ( 14.849 - 10.000 ) 
    Source Clock Delay      (SCD):    5.154ns
    Clock Pessimism Removal (CPR):    0.260ns
  Clock Uncertainty:      0.035ns  ((TSJ^2 + TIJ^2)^1/2 + DJ) / 2 + PE
    Total System Jitter     (TSJ):    0.071ns
    Total Input Jitter      (TIJ):    0.000ns
    Discrete Jitter          (DJ):    0.000ns
    Phase Error              (PE):    0.000ns

    Location             Delay type                Incr(ns)  Path(ns)    Netlist Resource(s)
  -------------------------------------------------------------------    -------------------
                         (clock sys_clk_pin rise edge)
                                                      0.000     0.000 r  <hidden>
    W5                                                0.000     0.000 r  clk
                         net (fo=0)                   0.000     0.000    clk
    W5                                                                r  clk_IBUF_inst/I
    W5                   IBUF (Prop_ibuf_I_O)         1.458     1.458 r  clk_IBUF_inst/O
                         net (fo=1, routed)           1.967     3.425    clk_IBUF
    BUFGCTRL_X0Y0                                                     r  clk_IBUF_BUFG_inst/I
    BUFGCTRL_X0Y0        BUFG (Prop_bufg_I_O)         0.096     3.521 r  clk_IBUF_BUFG_inst/O
                         net (fo=1821, routed)        1.633     5.154    cpu_inst/clk_IBUF_BUFG
    SLICE_X2Y14          FDRE                                         r  cpu_inst/mem_wb_reg_reg[rd][2]/C
  -------------------------------------------------------------------    -------------------
    SLICE_X2Y14          FDRE (Prop_fdre_C_Q)         0.518     5.672 f  cpu_inst/mem_wb_reg_reg[rd][2]/Q
                         net (fo=17, routed)          0.884     6.556    cpu_inst/dot4acc_pipeline_inst/product0_reg_reg_i_39_0[2]
    SLICE_X2Y14                                                       f  cpu_inst/dot4acc_pipeline_inst/led_OBUF[10]_inst_i_7/I2
    SLICE_X2Y14          LUT5 (Prop_lut5_I2_O)        0.124     6.680 f  cpu_inst/dot4acc_pipeline_inst/led_OBUF[10]_inst_i_7/O
                         net (fo=1, routed)           0.466     7.146    cpu_inst/dot4acc_pipeline_inst/led_OBUF[10]_inst_i_7_n_0
    SLICE_X2Y14                                                       f  cpu_inst/dot4acc_pipeline_inst/led_OBUF[10]_inst_i_4/I0
    SLICE_X2Y14          LUT3 (Prop_lut3_I0_O)        0.124     7.270 f  cpu_inst/dot4acc_pipeline_inst/led_OBUF[10]_inst_i_4/O
                         net (fo=7, routed)           0.874     8.144    cpu_inst/dot4acc_pipeline_inst/mem_wb_reg_reg[reg_write]
    SLICE_X4Y15                                                       f  cpu_inst/dot4acc_pipeline_inst/ex_alu_result0_i_42/I0
    SLICE_X4Y15          LUT6 (Prop_lut6_I0_O)        0.124     8.268 r  cpu_inst/dot4acc_pipeline_inst/ex_alu_result0_i_42/O
                         net (fo=32, routed)          1.049     9.317    cpu_inst/data_mem_inst/ex_alu_result0_11
    SLICE_X9Y21                                                       r  cpu_inst/data_mem_inst/ex_alu_result0_i_4/I3
    SLICE_X9Y21          LUT5 (Prop_lut5_I3_O)        0.124     9.441 r  cpu_inst/data_mem_inst/ex_alu_result0_i_4/O
                         net (fo=2, routed)           0.596    10.038    cpu_inst/data_mem_inst/A[4]
    SLICE_X9Y18                                                       r  cpu_inst/data_mem_inst/product0_reg_reg_i_33/I0
    SLICE_X9Y18          LUT5 (Prop_lut5_I0_O)        0.124    10.162 r  cpu_inst/data_mem_inst/product0_reg_reg_i_33/O
                         net (fo=8, routed)           1.090    11.252    cpu_inst/data_mem_inst/ex_mem_reg[alu_result][7]_i_10_n_0
    SLICE_X8Y15                                                       r  cpu_inst/data_mem_inst/fetch_buffer_pc[31]_i_15/I0
    SLICE_X8Y15          LUT6 (Prop_lut6_I0_O)        0.124    11.376 r  cpu_inst/data_mem_inst/fetch_buffer_pc[31]_i_15/O
                         net (fo=1, routed)           0.000    11.376    cpu_inst/data_mem_inst/fetch_buffer_pc[31]_i_15_n_0
    SLICE_X8Y15                                                       r  cpu_inst/data_mem_inst/fetch_buffer_pc_reg[31]_i_8/S[1]
    SLICE_X8Y15          CARRY4 (Prop_carry4_S[1]_CO[3])
                                                      0.533    11.909 r  cpu_inst/data_mem_inst/fetch_buffer_pc_reg[31]_i_8/CO[3]
                         net (fo=1, routed)           0.000    11.909    cpu_inst/data_mem_inst/fetch_buffer_pc_reg[31]_i_8_n_0
    SLICE_X8Y16                                                       r  cpu_inst/data_mem_inst/fetch_buffer_pc_reg[31]_i_4/CI
    SLICE_X8Y16          CARRY4 (Prop_carry4_CI_CO[3])
                                                      0.117    12.026 r  cpu_inst/data_mem_inst/fetch_buffer_pc_reg[31]_i_4/CO[3]
                         net (fo=1, routed)           0.000    12.026    cpu_inst/data_mem_inst/fetch_buffer_pc_reg[31]_i_4_n_0
    SLICE_X8Y17                                                       r  cpu_inst/data_mem_inst/fetch_buffer_pc_reg[31]_i_2/CI
    SLICE_X8Y17          CARRY4 (Prop_carry4_CI_CO[2])
                                                      0.229    12.255 f  cpu_inst/data_mem_inst/fetch_buffer_pc_reg[31]_i_2/CO[2]
                         net (fo=23, routed)          0.902    13.156    cpu_inst/data_mem_inst/ex_branch_taken0
    SLICE_X4Y13                                                       f  cpu_inst/data_mem_inst/instruction_reg_i_33/I0
    SLICE_X4Y13          LUT6 (Prop_lut6_I0_O)        0.310    13.466 f  cpu_inst/data_mem_inst/instruction_reg_i_33/O
                         net (fo=1, routed)           0.159    13.625    cpu_inst/data_mem_inst/instruction_reg_i_33_n_0
    SLICE_X4Y13                                                       f  cpu_inst/data_mem_inst/instruction_reg_i_27/I3
    SLICE_X4Y13          LUT5 (Prop_lut5_I3_O)        0.124    13.749 f  cpu_inst/data_mem_inst/instruction_reg_i_27/O
                         net (fo=4, routed)           0.669    14.418    cpu_inst/data_mem_inst/instruction_reg_i_27_n_0
    SLICE_X4Y21                                                       f  cpu_inst/data_mem_inst/id_ex_reg[pc][31]_i_7/I1
    SLICE_X4Y21          LUT6 (Prop_lut6_I1_O)        0.124    14.542 r  cpu_inst/data_mem_inst/id_ex_reg[pc][31]_i_7/O
                         net (fo=5, routed)           0.306    14.847    cpu_inst/data_mem_inst/id_ex_reg42_out
    SLICE_X4Y21                                                       r  cpu_inst/data_mem_inst/id_ex_reg[operand_b][31]_i_1/I3
    SLICE_X4Y21          LUT5 (Prop_lut5_I3_O)        0.124    14.971 r  cpu_inst/data_mem_inst/id_ex_reg[operand_b][31]_i_1/O
                         net (fo=98, routed)          0.698    15.669    cpu_inst/data_mem_inst/id_ex_reg_reg[valid]
    SLICE_X5Y28                                                       r  cpu_inst/data_mem_inst/id_ex_reg[accumulator][31]_i_1/I0
    SLICE_X5Y28          LUT6 (Prop_lut6_I0_O)        0.124    15.793 r  cpu_inst/data_mem_inst/id_ex_reg[accumulator][31]_i_1/O
                         net (fo=32, routed)          0.709    16.502    cpu_inst/data_mem_inst_n_0
    SLICE_X3Y30          FDRE                                         r  cpu_inst/id_ex_reg_reg[accumulator][22]/R
  -------------------------------------------------------------------    -------------------

                         (clock sys_clk_pin rise edge)
                                                     10.000    10.000 r  <hidden>
    W5                                                0.000    10.000 r  clk
                         net (fo=0)                   0.000    10.000    clk
    W5                                                                r  clk_IBUF_inst/I
    W5                   IBUF (Prop_ibuf_I_O)         1.388    11.388 r  clk_IBUF_inst/O
                         net (fo=1, routed)           1.862    13.250    clk_IBUF
    BUFGCTRL_X0Y0                                                     r  clk_IBUF_BUFG_inst/I
    BUFGCTRL_X0Y0        BUFG (Prop_bufg_I_O)         0.091    13.341 r  clk_IBUF_BUFG_inst/O
                         net (fo=1821, routed)        1.508    14.849    cpu_inst/clk_IBUF_BUFG
    SLICE_X3Y30          FDRE                                         r  cpu_inst/id_ex_reg_reg[accumulator][22]/C
                         clock pessimism              0.260    15.109    <hidden>
                         clock uncertainty           -0.035    15.074    <hidden>
    SLICE_X3Y30          FDRE (Setup_fdre_C_R)       -0.429    14.645    cpu_inst/id_ex_reg_reg[accumulator][22]
  -------------------------------------------------------------------
                         required time                         14.645    <hidden>
                         arrival time                         -16.502    <hidden>
  -------------------------------------------------------------------
                         slack                                 -1.857    <hidden>

Slack (VIOLATED) :        -1.857ns  (required time - arrival time)
  Source:                 cpu_inst/mem_wb_reg_reg[rd][2]/C
                            (rising edge-triggered cell FDRE clocked by sys_clk_pin  {rise@0.000ns fall@5.000ns period=10.000ns})
  Destination:            cpu_inst/id_ex_reg_reg[accumulator][8]/R
                            (rising edge-triggered cell FDRE clocked by sys_clk_pin  {rise@0.000ns fall@5.000ns period=10.000ns})
  Path Group:             sys_clk_pin
  Path Type:              Setup (Max at Slow Process Corner)
  Requirement:            10.000ns  (sys_clk_pin rise@10.000ns - sys_clk_pin rise@0.000ns)
  Data Path Delay:        11.348ns  (logic 2.947ns (25.970%)  route 8.401ns (74.030%))
  Logic Levels:           14  (CARRY4=3 LUT3=1 LUT5=5 LUT6=5)
  Clock Path Skew:        -0.045ns (DCD - SCD + CPR)
    Destination Clock Delay (DCD):    4.849ns = ( 14.849 - 10.000 ) 
    Source Clock Delay      (SCD):    5.154ns
    Clock Pessimism Removal (CPR):    0.260ns
  Clock Uncertainty:      0.035ns  ((TSJ^2 + TIJ^2)^1/2 + DJ) / 2 + PE
    Total System Jitter     (TSJ):    0.071ns
    Total Input Jitter      (TIJ):    0.000ns
    Discrete Jitter          (DJ):    0.000ns
    Phase Error              (PE):    0.000ns

    Location             Delay type                Incr(ns)  Path(ns)    Netlist Resource(s)
  -------------------------------------------------------------------    -------------------
                         (clock sys_clk_pin rise edge)
                                                      0.000     0.000 r  <hidden>
    W5                                                0.000     0.000 r  clk
                         net (fo=0)                   0.000     0.000    clk
    W5                                                                r  clk_IBUF_inst/I
    W5                   IBUF (Prop_ibuf_I_O)         1.458     1.458 r  clk_IBUF_inst/O
                         net (fo=1, routed)           1.967     3.425    clk_IBUF
    BUFGCTRL_X0Y0                                                     r  clk_IBUF_BUFG_inst/I
    BUFGCTRL_X0Y0        BUFG (Prop_bufg_I_O)         0.096     3.521 r  clk_IBUF_BUFG_inst/O
                         net (fo=1821, routed)        1.633     5.154    cpu_inst/clk_IBUF_BUFG
    SLICE_X2Y14          FDRE                                         r  cpu_inst/mem_wb_reg_reg[rd][2]/C
  -------------------------------------------------------------------    -------------------
    SLICE_X2Y14          FDRE (Prop_fdre_C_Q)         0.518     5.672 f  cpu_inst/mem_wb_reg_reg[rd][2]/Q
                         net (fo=17, routed)          0.884     6.556    cpu_inst/dot4acc_pipeline_inst/product0_reg_reg_i_39_0[2]
    SLICE_X2Y14                                                       f  cpu_inst/dot4acc_pipeline_inst/led_OBUF[10]_inst_i_7/I2
    SLICE_X2Y14          LUT5 (Prop_lut5_I2_O)        0.124     6.680 f  cpu_inst/dot4acc_pipeline_inst/led_OBUF[10]_inst_i_7/O
                         net (fo=1, routed)           0.466     7.146    cpu_inst/dot4acc_pipeline_inst/led_OBUF[10]_inst_i_7_n_0
    SLICE_X2Y14                                                       f  cpu_inst/dot4acc_pipeline_inst/led_OBUF[10]_inst_i_4/I0
    SLICE_X2Y14          LUT3 (Prop_lut3_I0_O)        0.124     7.270 f  cpu_inst/dot4acc_pipeline_inst/led_OBUF[10]_inst_i_4/O
                         net (fo=7, routed)           0.874     8.144    cpu_inst/dot4acc_pipeline_inst/mem_wb_reg_reg[reg_write]
    SLICE_X4Y15                                                       f  cpu_inst/dot4acc_pipeline_inst/ex_alu_result0_i_42/I0
    SLICE_X4Y15          LUT6 (Prop_lut6_I0_O)        0.124     8.268 r  cpu_inst/dot4acc_pipeline_inst/ex_alu_result0_i_42/O
                         net (fo=32, routed)          1.049     9.317    cpu_inst/data_mem_inst/ex_alu_result0_11
    SLICE_X9Y21                                                       r  cpu_inst/data_mem_inst/ex_alu_result0_i_4/I3
    SLICE_X9Y21          LUT5 (Prop_lut5_I3_O)        0.124     9.441 r  cpu_inst/data_mem_inst/ex_alu_result0_i_4/O
                         net (fo=2, routed)           0.596    10.038    cpu_inst/data_mem_inst/A[4]
    SLICE_X9Y18                                                       r  cpu_inst/data_mem_inst/product0_reg_reg_i_33/I0
    SLICE_X9Y18          LUT5 (Prop_lut5_I0_O)        0.124    10.162 r  cpu_inst/data_mem_inst/product0_reg_reg_i_33/O
                         net (fo=8, routed)           1.090    11.252    cpu_inst/data_mem_inst/ex_mem_reg[alu_result][7]_i_10_n_0
    SLICE_X8Y15                                                       r  cpu_inst/data_mem_inst/fetch_buffer_pc[31]_i_15/I0
    SLICE_X8Y15          LUT6 (Prop_lut6_I0_O)        0.124    11.376 r  cpu_inst/data_mem_inst/fetch_buffer_pc[31]_i_15/O
                         net (fo=1, routed)           0.000    11.376    cpu_inst/data_mem_inst/fetch_buffer_pc[31]_i_15_n_0
    SLICE_X8Y15                                                       r  cpu_inst/data_mem_inst/fetch_buffer_pc_reg[31]_i_8/S[1]
    SLICE_X8Y15          CARRY4 (Prop_carry4_S[1]_CO[3])
                                                      0.533    11.909 r  cpu_inst/data_mem_inst/fetch_buffer_pc_reg[31]_i_8/CO[3]
                         net (fo=1, routed)           0.000    11.909    cpu_inst/data_mem_inst/fetch_buffer_pc_reg[31]_i_8_n_0
    SLICE_X8Y16                                                       r  cpu_inst/data_mem_inst/fetch_buffer_pc_reg[31]_i_4/CI
    SLICE_X8Y16          CARRY4 (Prop_carry4_CI_CO[3])
                                                      0.117    12.026 r  cpu_inst/data_mem_inst/fetch_buffer_pc_reg[31]_i_4/CO[3]
                         net (fo=1, routed)           0.000    12.026    cpu_inst/data_mem_inst/fetch_buffer_pc_reg[31]_i_4_n_0
    SLICE_X8Y17                                                       r  cpu_inst/data_mem_inst/fetch_buffer_pc_reg[31]_i_2/CI
    SLICE_X8Y17          CARRY4 (Prop_carry4_CI_CO[2])
                                                      0.229    12.255 f  cpu_inst/data_mem_inst/fetch_buffer_pc_reg[31]_i_2/CO[2]
                         net (fo=23, routed)          0.902    13.156    cpu_inst/data_mem_inst/ex_branch_taken0
    SLICE_X4Y13                                                       f  cpu_inst/data_mem_inst/instruction_reg_i_33/I0
    SLICE_X4Y13          LUT6 (Prop_lut6_I0_O)        0.310    13.466 f  cpu_inst/data_mem_inst/instruction_reg_i_33/O
                         net (fo=1, routed)           0.159    13.625    cpu_inst/data_mem_inst/instruction_reg_i_33_n_0
    SLICE_X4Y13                                                       f  cpu_inst/data_mem_inst/instruction_reg_i_27/I3
    SLICE_X4Y13          LUT5 (Prop_lut5_I3_O)        0.124    13.749 f  cpu_inst/data_mem_inst/instruction_reg_i_27/O
                         net (fo=4, routed)           0.669    14.418    cpu_inst/data_mem_inst/instruction_reg_i_27_n_0
    SLICE_X4Y21                                                       f  cpu_inst/data_mem_inst/id_ex_reg[pc][31]_i_7/I1
    SLICE_X4Y21          LUT6 (Prop_lut6_I1_O)        0.124    14.542 r  cpu_inst/data_mem_inst/id_ex_reg[pc][31]_i_7/O
                         net (fo=5, routed)           0.306    14.847    cpu_inst/data_mem_inst/id_ex_reg42_out
    SLICE_X4Y21                                                       r  cpu_inst/data_mem_inst/id_ex_reg[operand_b][31]_i_1/I3
    SLICE_X4Y21          LUT5 (Prop_lut5_I3_O)        0.124    14.971 r  cpu_inst/data_mem_inst/id_ex_reg[operand_b][31]_i_1/O
                         net (fo=98, routed)          0.698    15.669    cpu_inst/data_mem_inst/id_ex_reg_reg[valid]
    SLICE_X5Y28                                                       r  cpu_inst/data_mem_inst/id_ex_reg[accumulator][31]_i_1/I0
    SLICE_X5Y28          LUT6 (Prop_lut6_I0_O)        0.124    15.793 r  cpu_inst/data_mem_inst/id_ex_reg[accumulator][31]_i_1/O
                         net (fo=32, routed)          0.709    16.502    cpu_inst/data_mem_inst_n_0
    SLICE_X3Y30          FDRE                                         r  cpu_inst/id_ex_reg_reg[accumulator][8]/R
  -------------------------------------------------------------------    -------------------

                         (clock sys_clk_pin rise edge)
                                                     10.000    10.000 r  <hidden>
    W5                                                0.000    10.000 r  clk
                         net (fo=0)                   0.000    10.000    clk
    W5                                                                r  clk_IBUF_inst/I
    W5                   IBUF (Prop_ibuf_I_O)         1.388    11.388 r  clk_IBUF_inst/O
                         net (fo=1, routed)           1.862    13.250    clk_IBUF
    BUFGCTRL_X0Y0                                                     r  clk_IBUF_BUFG_inst/I
    BUFGCTRL_X0Y0        BUFG (Prop_bufg_I_O)         0.091    13.341 r  clk_IBUF_BUFG_inst/O
                         net (fo=1821, routed)        1.508    14.849    cpu_inst/clk_IBUF_BUFG
    SLICE_X3Y30          FDRE                                         r  cpu_inst/id_ex_reg_reg[accumulator][8]/C
                         clock pessimism              0.260    15.109    <hidden>
                         clock uncertainty           -0.035    15.074    <hidden>
    SLICE_X3Y30          FDRE (Setup_fdre_C_R)       -0.429    14.645    cpu_inst/id_ex_reg_reg[accumulator][8]
  -------------------------------------------------------------------
                         required time                         14.645    <hidden>
                         arrival time                         -16.502    <hidden>
  -------------------------------------------------------------------
                         slack                                 -1.857    <hidden>

Slack (VIOLATED) :        -1.850ns  (required time - arrival time)
  Source:                 cpu_inst/mem_wb_reg_reg[rd][2]/C
                            (rising edge-triggered cell FDRE clocked by sys_clk_pin  {rise@0.000ns fall@5.000ns period=10.000ns})
  Destination:            cpu_inst/id_ex_reg_reg[accumulator][14]/R
                            (rising edge-triggered cell FDRE clocked by sys_clk_pin  {rise@0.000ns fall@5.000ns period=10.000ns})
  Path Group:             sys_clk_pin
  Path Type:              Setup (Max at Slow Process Corner)
  Requirement:            10.000ns  (sys_clk_pin rise@10.000ns - sys_clk_pin rise@0.000ns)
  Data Path Delay:        11.339ns  (logic 2.947ns (25.990%)  route 8.392ns (74.010%))
  Logic Levels:           14  (CARRY4=3 LUT3=1 LUT5=5 LUT6=5)
  Clock Path Skew:        -0.047ns (DCD - SCD + CPR)
    Destination Clock Delay (DCD):    4.847ns = ( 14.847 - 10.000 ) 
    Source Clock Delay      (SCD):    5.154ns
    Clock Pessimism Removal (CPR):    0.260ns
  Clock Uncertainty:      0.035ns  ((TSJ^2 + TIJ^2)^1/2 + DJ) / 2 + PE
    Total System Jitter     (TSJ):    0.071ns
    Total Input Jitter      (TIJ):    0.000ns
    Discrete Jitter          (DJ):    0.000ns
    Phase Error              (PE):    0.000ns

    Location             Delay type                Incr(ns)  Path(ns)    Netlist Resource(s)
  -------------------------------------------------------------------    -------------------
                         (clock sys_clk_pin rise edge)
                                                      0.000     0.000 r  <hidden>
    W5                                                0.000     0.000 r  clk
                         net (fo=0)                   0.000     0.000    clk
    W5                                                                r  clk_IBUF_inst/I
    W5                   IBUF (Prop_ibuf_I_O)         1.458     1.458 r  clk_IBUF_inst/O
                         net (fo=1, routed)           1.967     3.425    clk_IBUF
    BUFGCTRL_X0Y0                                                     r  clk_IBUF_BUFG_inst/I
    BUFGCTRL_X0Y0        BUFG (Prop_bufg_I_O)         0.096     3.521 r  clk_IBUF_BUFG_inst/O
                         net (fo=1821, routed)        1.633     5.154    cpu_inst/clk_IBUF_BUFG
    SLICE_X2Y14          FDRE                                         r  cpu_inst/mem_wb_reg_reg[rd][2]/C
  -------------------------------------------------------------------    -------------------
    SLICE_X2Y14          FDRE (Prop_fdre_C_Q)         0.518     5.672 f  cpu_inst/mem_wb_reg_reg[rd][2]/Q
                         net (fo=17, routed)          0.884     6.556    cpu_inst/dot4acc_pipeline_inst/product0_reg_reg_i_39_0[2]
    SLICE_X2Y14                                                       f  cpu_inst/dot4acc_pipeline_inst/led_OBUF[10]_inst_i_7/I2
    SLICE_X2Y14          LUT5 (Prop_lut5_I2_O)        0.124     6.680 f  cpu_inst/dot4acc_pipeline_inst/led_OBUF[10]_inst_i_7/O
                         net (fo=1, routed)           0.466     7.146    cpu_inst/dot4acc_pipeline_inst/led_OBUF[10]_inst_i_7_n_0
    SLICE_X2Y14                                                       f  cpu_inst/dot4acc_pipeline_inst/led_OBUF[10]_inst_i_4/I0
    SLICE_X2Y14          LUT3 (Prop_lut3_I0_O)        0.124     7.270 f  cpu_inst/dot4acc_pipeline_inst/led_OBUF[10]_inst_i_4/O
                         net (fo=7, routed)           0.874     8.144    cpu_inst/dot4acc_pipeline_inst/mem_wb_reg_reg[reg_write]
    SLICE_X4Y15                                                       f  cpu_inst/dot4acc_pipeline_inst/ex_alu_result0_i_42/I0
    SLICE_X4Y15          LUT6 (Prop_lut6_I0_O)        0.124     8.268 r  cpu_inst/dot4acc_pipeline_inst/ex_alu_result0_i_42/O
                         net (fo=32, routed)          1.049     9.317    cpu_inst/data_mem_inst/ex_alu_result0_11
    SLICE_X9Y21                                                       r  cpu_inst/data_mem_inst/ex_alu_result0_i_4/I3
    SLICE_X9Y21          LUT5 (Prop_lut5_I3_O)        0.124     9.441 r  cpu_inst/data_mem_inst/ex_alu_result0_i_4/O
                         net (fo=2, routed)           0.596    10.038    cpu_inst/data_mem_inst/A[4]
    SLICE_X9Y18                                                       r  cpu_inst/data_mem_inst/product0_reg_reg_i_33/I0
    SLICE_X9Y18          LUT5 (Prop_lut5_I0_O)        0.124    10.162 r  cpu_inst/data_mem_inst/product0_reg_reg_i_33/O
                         net (fo=8, routed)           1.090    11.252    cpu_inst/data_mem_inst/ex_mem_reg[alu_result][7]_i_10_n_0
    SLICE_X8Y15                                                       r  cpu_inst/data_mem_inst/fetch_buffer_pc[31]_i_15/I0
    SLICE_X8Y15          LUT6 (Prop_lut6_I0_O)        0.124    11.376 r  cpu_inst/data_mem_inst/fetch_buffer_pc[31]_i_15/O
                         net (fo=1, routed)           0.000    11.376    cpu_inst/data_mem_inst/fetch_buffer_pc[31]_i_15_n_0
    SLICE_X8Y15                                                       r  cpu_inst/data_mem_inst/fetch_buffer_pc_reg[31]_i_8/S[1]
    SLICE_X8Y15          CARRY4 (Prop_carry4_S[1]_CO[3])
                                                      0.533    11.909 r  cpu_inst/data_mem_inst/fetch_buffer_pc_reg[31]_i_8/CO[3]
                         net (fo=1, routed)           0.000    11.909    cpu_inst/data_mem_inst/fetch_buffer_pc_reg[31]_i_8_n_0
    SLICE_X8Y16                                                       r  cpu_inst/data_mem_inst/fetch_buffer_pc_reg[31]_i_4/CI
    SLICE_X8Y16          CARRY4 (Prop_carry4_CI_CO[3])
                                                      0.117    12.026 r  cpu_inst/data_mem_inst/fetch_buffer_pc_reg[31]_i_4/CO[3]
                         net (fo=1, routed)           0.000    12.026    cpu_inst/data_mem_inst/fetch_buffer_pc_reg[31]_i_4_n_0
    SLICE_X8Y17                                                       r  cpu_inst/data_mem_inst/fetch_buffer_pc_reg[31]_i_2/CI
    SLICE_X8Y17          CARRY4 (Prop_carry4_CI_CO[2])
                                                      0.229    12.255 f  cpu_inst/data_mem_inst/fetch_buffer_pc_reg[31]_i_2/CO[2]
                         net (fo=23, routed)          0.902    13.156    cpu_inst/data_mem_inst/ex_branch_taken0
    SLICE_X4Y13                                                       f  cpu_inst/data_mem_inst/instruction_reg_i_33/I0
    SLICE_X4Y13          LUT6 (Prop_lut6_I0_O)        0.310    13.466 f  cpu_inst/data_mem_inst/instruction_reg_i_33/O
                         net (fo=1, routed)           0.159    13.625    cpu_inst/data_mem_inst/instruction_reg_i_33_n_0
    SLICE_X4Y13                                                       f  cpu_inst/data_mem_inst/instruction_reg_i_27/I3
    SLICE_X4Y13          LUT5 (Prop_lut5_I3_O)        0.124    13.749 f  cpu_inst/data_mem_inst/instruction_reg_i_27/O
                         net (fo=4, routed)           0.669    14.418    cpu_inst/data_mem_inst/instruction_reg_i_27_n_0
    SLICE_X4Y21                                                       f  cpu_inst/data_mem_inst/id_ex_reg[pc][31]_i_7/I1
    SLICE_X4Y21          LUT6 (Prop_lut6_I1_O)        0.124    14.542 r  cpu_inst/data_mem_inst/id_ex_reg[pc][31]_i_7/O
                         net (fo=5, routed)           0.306    14.847    cpu_inst/data_mem_inst/id_ex_reg42_out
    SLICE_X4Y21                                                       r  cpu_inst/data_mem_inst/id_ex_reg[operand_b][31]_i_1/I3
    SLICE_X4Y21          LUT5 (Prop_lut5_I3_O)        0.124    14.971 r  cpu_inst/data_mem_inst/id_ex_reg[operand_b][31]_i_1/O
                         net (fo=98, routed)          0.698    15.669    cpu_inst/data_mem_inst/id_ex_reg_reg[valid]
    SLICE_X5Y28                                                       r  cpu_inst/data_mem_inst/id_ex_reg[accumulator][31]_i_1/I0
    SLICE_X5Y28          LUT6 (Prop_lut6_I0_O)        0.124    15.793 r  cpu_inst/data_mem_inst/id_ex_reg[accumulator][31]_i_1/O
                         net (fo=32, routed)          0.700    16.493    cpu_inst/data_mem_inst_n_0
    SLICE_X4Y30          FDRE                                         r  cpu_inst/id_ex_reg_reg[accumulator][14]/R
  -------------------------------------------------------------------    -------------------

                         (clock sys_clk_pin rise edge)
                                                     10.000    10.000 r  <hidden>
    W5                                                0.000    10.000 r  clk
                         net (fo=0)                   0.000    10.000    clk
    W5                                                                r  clk_IBUF_inst/I
    W5                   IBUF (Prop_ibuf_I_O)         1.388    11.388 r  clk_IBUF_inst/O
                         net (fo=1, routed)           1.862    13.250    clk_IBUF
    BUFGCTRL_X0Y0                                                     r  clk_IBUF_BUFG_inst/I
    BUFGCTRL_X0Y0        BUFG (Prop_bufg_I_O)         0.091    13.341 r  clk_IBUF_BUFG_inst/O
                         net (fo=1821, routed)        1.506    14.847    cpu_inst/clk_IBUF_BUFG
    SLICE_X4Y30          FDRE                                         r  cpu_inst/id_ex_reg_reg[accumulator][14]/C
                         clock pessimism              0.260    15.107    <hidden>
                         clock uncertainty           -0.035    15.072    <hidden>
    SLICE_X4Y30          FDRE (Setup_fdre_C_R)       -0.429    14.643    cpu_inst/id_ex_reg_reg[accumulator][14]
  -------------------------------------------------------------------
                         required time                         14.643    <hidden>
                         arrival time                         -16.493    <hidden>
  -------------------------------------------------------------------
                         slack                                 -1.850    <hidden>

Slack (VIOLATED) :        -1.850ns  (required time - arrival time)
  Source:                 cpu_inst/mem_wb_reg_reg[rd][2]/C
                            (rising edge-triggered cell FDRE clocked by sys_clk_pin  {rise@0.000ns fall@5.000ns period=10.000ns})
  Destination:            cpu_inst/id_ex_reg_reg[accumulator][1]/R
                            (rising edge-triggered cell FDRE clocked by sys_clk_pin  {rise@0.000ns fall@5.000ns period=10.000ns})
  Path Group:             sys_clk_pin
  Path Type:              Setup (Max at Slow Process Corner)
  Requirement:            10.000ns  (sys_clk_pin rise@10.000ns - sys_clk_pin rise@0.000ns)
  Data Path Delay:        11.339ns  (logic 2.947ns (25.990%)  route 8.392ns (74.010%))
  Logic Levels:           14  (CARRY4=3 LUT3=1 LUT5=5 LUT6=5)
  Clock Path Skew:        -0.047ns (DCD - SCD + CPR)
    Destination Clock Delay (DCD):    4.847ns = ( 14.847 - 10.000 ) 
    Source Clock Delay      (SCD):    5.154ns
    Clock Pessimism Removal (CPR):    0.260ns
  Clock Uncertainty:      0.035ns  ((TSJ^2 + TIJ^2)^1/2 + DJ) / 2 + PE
    Total System Jitter     (TSJ):    0.071ns
    Total Input Jitter      (TIJ):    0.000ns
    Discrete Jitter          (DJ):    0.000ns
    Phase Error              (PE):    0.000ns

    Location             Delay type                Incr(ns)  Path(ns)    Netlist Resource(s)
  -------------------------------------------------------------------    -------------------
                         (clock sys_clk_pin rise edge)
                                                      0.000     0.000 r  <hidden>
    W5                                                0.000     0.000 r  clk
                         net (fo=0)                   0.000     0.000    clk
    W5                                                                r  clk_IBUF_inst/I
    W5                   IBUF (Prop_ibuf_I_O)         1.458     1.458 r  clk_IBUF_inst/O
                         net (fo=1, routed)           1.967     3.425    clk_IBUF
    BUFGCTRL_X0Y0                                                     r  clk_IBUF_BUFG_inst/I
    BUFGCTRL_X0Y0        BUFG (Prop_bufg_I_O)         0.096     3.521 r  clk_IBUF_BUFG_inst/O
                         net (fo=1821, routed)        1.633     5.154    cpu_inst/clk_IBUF_BUFG
    SLICE_X2Y14          FDRE                                         r  cpu_inst/mem_wb_reg_reg[rd][2]/C
  -------------------------------------------------------------------    -------------------
    SLICE_X2Y14          FDRE (Prop_fdre_C_Q)         0.518     5.672 f  cpu_inst/mem_wb_reg_reg[rd][2]/Q
                         net (fo=17, routed)          0.884     6.556    cpu_inst/dot4acc_pipeline_inst/product0_reg_reg_i_39_0[2]
    SLICE_X2Y14                                                       f  cpu_inst/dot4acc_pipeline_inst/led_OBUF[10]_inst_i_7/I2
    SLICE_X2Y14          LUT5 (Prop_lut5_I2_O)        0.124     6.680 f  cpu_inst/dot4acc_pipeline_inst/led_OBUF[10]_inst_i_7/O
                         net (fo=1, routed)           0.466     7.146    cpu_inst/dot4acc_pipeline_inst/led_OBUF[10]_inst_i_7_n_0
    SLICE_X2Y14                                                       f  cpu_inst/dot4acc_pipeline_inst/led_OBUF[10]_inst_i_4/I0
    SLICE_X2Y14          LUT3 (Prop_lut3_I0_O)        0.124     7.270 f  cpu_inst/dot4acc_pipeline_inst/led_OBUF[10]_inst_i_4/O
                         net (fo=7, routed)           0.874     8.144    cpu_inst/dot4acc_pipeline_inst/mem_wb_reg_reg[reg_write]
    SLICE_X4Y15                                                       f  cpu_inst/dot4acc_pipeline_inst/ex_alu_result0_i_42/I0
    SLICE_X4Y15          LUT6 (Prop_lut6_I0_O)        0.124     8.268 r  cpu_inst/dot4acc_pipeline_inst/ex_alu_result0_i_42/O
                         net (fo=32, routed)          1.049     9.317    cpu_inst/data_mem_inst/ex_alu_result0_11
    SLICE_X9Y21                                                       r  cpu_inst/data_mem_inst/ex_alu_result0_i_4/I3
    SLICE_X9Y21          LUT5 (Prop_lut5_I3_O)        0.124     9.441 r  cpu_inst/data_mem_inst/ex_alu_result0_i_4/O
                         net (fo=2, routed)           0.596    10.038    cpu_inst/data_mem_inst/A[4]
    SLICE_X9Y18                                                       r  cpu_inst/data_mem_inst/product0_reg_reg_i_33/I0
    SLICE_X9Y18          LUT5 (Prop_lut5_I0_O)        0.124    10.162 r  cpu_inst/data_mem_inst/product0_reg_reg_i_33/O
                         net (fo=8, routed)           1.090    11.252    cpu_inst/data_mem_inst/ex_mem_reg[alu_result][7]_i_10_n_0
    SLICE_X8Y15                                                       r  cpu_inst/data_mem_inst/fetch_buffer_pc[31]_i_15/I0
    SLICE_X8Y15          LUT6 (Prop_lut6_I0_O)        0.124    11.376 r  cpu_inst/data_mem_inst/fetch_buffer_pc[31]_i_15/O
                         net (fo=1, routed)           0.000    11.376    cpu_inst/data_mem_inst/fetch_buffer_pc[31]_i_15_n_0
    SLICE_X8Y15                                                       r  cpu_inst/data_mem_inst/fetch_buffer_pc_reg[31]_i_8/S[1]
    SLICE_X8Y15          CARRY4 (Prop_carry4_S[1]_CO[3])
                                                      0.533    11.909 r  cpu_inst/data_mem_inst/fetch_buffer_pc_reg[31]_i_8/CO[3]
                         net (fo=1, routed)           0.000    11.909    cpu_inst/data_mem_inst/fetch_buffer_pc_reg[31]_i_8_n_0
    SLICE_X8Y16                                                       r  cpu_inst/data_mem_inst/fetch_buffer_pc_reg[31]_i_4/CI
    SLICE_X8Y16          CARRY4 (Prop_carry4_CI_CO[3])
                                                      0.117    12.026 r  cpu_inst/data_mem_inst/fetch_buffer_pc_reg[31]_i_4/CO[3]
                         net (fo=1, routed)           0.000    12.026    cpu_inst/data_mem_inst/fetch_buffer_pc_reg[31]_i_4_n_0
    SLICE_X8Y17                                                       r  cpu_inst/data_mem_inst/fetch_buffer_pc_reg[31]_i_2/CI
    SLICE_X8Y17          CARRY4 (Prop_carry4_CI_CO[2])
                                                      0.229    12.255 f  cpu_inst/data_mem_inst/fetch_buffer_pc_reg[31]_i_2/CO[2]
                         net (fo=23, routed)          0.902    13.156    cpu_inst/data_mem_inst/ex_branch_taken0
    SLICE_X4Y13                                                       f  cpu_inst/data_mem_inst/instruction_reg_i_33/I0
    SLICE_X4Y13          LUT6 (Prop_lut6_I0_O)        0.310    13.466 f  cpu_inst/data_mem_inst/instruction_reg_i_33/O
                         net (fo=1, routed)           0.159    13.625    cpu_inst/data_mem_inst/instruction_reg_i_33_n_0
    SLICE_X4Y13                                                       f  cpu_inst/data_mem_inst/instruction_reg_i_27/I3
    SLICE_X4Y13          LUT5 (Prop_lut5_I3_O)        0.124    13.749 f  cpu_inst/data_mem_inst/instruction_reg_i_27/O
                         net (fo=4, routed)           0.669    14.418    cpu_inst/data_mem_inst/instruction_reg_i_27_n_0
    SLICE_X4Y21                                                       f  cpu_inst/data_mem_inst/id_ex_reg[pc][31]_i_7/I1
    SLICE_X4Y21          LUT6 (Prop_lut6_I1_O)        0.124    14.542 r  cpu_inst/data_mem_inst/id_ex_reg[pc][31]_i_7/O
                         net (fo=5, routed)           0.306    14.847    cpu_inst/data_mem_inst/id_ex_reg42_out
    SLICE_X4Y21                                                       r  cpu_inst/data_mem_inst/id_ex_reg[operand_b][31]_i_1/I3
    SLICE_X4Y21          LUT5 (Prop_lut5_I3_O)        0.124    14.971 r  cpu_inst/data_mem_inst/id_ex_reg[operand_b][31]_i_1/O
                         net (fo=98, routed)          0.698    15.669    cpu_inst/data_mem_inst/id_ex_reg_reg[valid]
    SLICE_X5Y28                                                       r  cpu_inst/data_mem_inst/id_ex_reg[accumulator][31]_i_1/I0
    SLICE_X5Y28          LUT6 (Prop_lut6_I0_O)        0.124    15.793 r  cpu_inst/data_mem_inst/id_ex_reg[accumulator][31]_i_1/O
                         net (fo=32, routed)          0.700    16.493    cpu_inst/data_mem_inst_n_0
    SLICE_X4Y30          FDRE                                         r  cpu_inst/id_ex_reg_reg[accumulator][1]/R
  -------------------------------------------------------------------    -------------------

                         (clock sys_clk_pin rise edge)
                                                     10.000    10.000 r  <hidden>
    W5                                                0.000    10.000 r  clk
                         net (fo=0)                   0.000    10.000    clk
    W5                                                                r  clk_IBUF_inst/I
    W5                   IBUF (Prop_ibuf_I_O)         1.388    11.388 r  clk_IBUF_inst/O
                         net (fo=1, routed)           1.862    13.250    clk_IBUF
    BUFGCTRL_X0Y0                                                     r  clk_IBUF_BUFG_inst/I
    BUFGCTRL_X0Y0        BUFG (Prop_bufg_I_O)         0.091    13.341 r  clk_IBUF_BUFG_inst/O
                         net (fo=1821, routed)        1.506    14.847    cpu_inst/clk_IBUF_BUFG
    SLICE_X4Y30          FDRE                                         r  cpu_inst/id_ex_reg_reg[accumulator][1]/C
                         clock pessimism              0.260    15.107    <hidden>
                         clock uncertainty           -0.035    15.072    <hidden>
    SLICE_X4Y30          FDRE (Setup_fdre_C_R)       -0.429    14.643    cpu_inst/id_ex_reg_reg[accumulator][1]
  -------------------------------------------------------------------
                         required time                         14.643    <hidden>
                         arrival time                         -16.493    <hidden>
  -------------------------------------------------------------------
                         slack                                 -1.850    <hidden>

Slack (VIOLATED) :        -1.850ns  (required time - arrival time)
  Source:                 cpu_inst/mem_wb_reg_reg[rd][2]/C
                            (rising edge-triggered cell FDRE clocked by sys_clk_pin  {rise@0.000ns fall@5.000ns period=10.000ns})
  Destination:            cpu_inst/id_ex_reg_reg[accumulator][29]/R
                            (rising edge-triggered cell FDRE clocked by sys_clk_pin  {rise@0.000ns fall@5.000ns period=10.000ns})
  Path Group:             sys_clk_pin
  Path Type:              Setup (Max at Slow Process Corner)
  Requirement:            10.000ns  (sys_clk_pin rise@10.000ns - sys_clk_pin rise@0.000ns)
  Data Path Delay:        11.339ns  (logic 2.947ns (25.990%)  route 8.392ns (74.010%))
  Logic Levels:           14  (CARRY4=3 LUT3=1 LUT5=5 LUT6=5)
  Clock Path Skew:        -0.047ns (DCD - SCD + CPR)
    Destination Clock Delay (DCD):    4.847ns = ( 14.847 - 10.000 ) 
    Source Clock Delay      (SCD):    5.154ns
    Clock Pessimism Removal (CPR):    0.260ns
  Clock Uncertainty:      0.035ns  ((TSJ^2 + TIJ^2)^1/2 + DJ) / 2 + PE
    Total System Jitter     (TSJ):    0.071ns
    Total Input Jitter      (TIJ):    0.000ns
    Discrete Jitter          (DJ):    0.000ns
    Phase Error              (PE):    0.000ns

    Location             Delay type                Incr(ns)  Path(ns)    Netlist Resource(s)
  -------------------------------------------------------------------    -------------------
                         (clock sys_clk_pin rise edge)
                                                      0.000     0.000 r  <hidden>
    W5                                                0.000     0.000 r  clk
                         net (fo=0)                   0.000     0.000    clk
    W5                                                                r  clk_IBUF_inst/I
    W5                   IBUF (Prop_ibuf_I_O)         1.458     1.458 r  clk_IBUF_inst/O
                         net (fo=1, routed)           1.967     3.425    clk_IBUF
    BUFGCTRL_X0Y0                                                     r  clk_IBUF_BUFG_inst/I
    BUFGCTRL_X0Y0        BUFG (Prop_bufg_I_O)         0.096     3.521 r  clk_IBUF_BUFG_inst/O
                         net (fo=1821, routed)        1.633     5.154    cpu_inst/clk_IBUF_BUFG
    SLICE_X2Y14          FDRE                                         r  cpu_inst/mem_wb_reg_reg[rd][2]/C
  -------------------------------------------------------------------    -------------------
    SLICE_X2Y14          FDRE (Prop_fdre_C_Q)         0.518     5.672 f  cpu_inst/mem_wb_reg_reg[rd][2]/Q
                         net (fo=17, routed)          0.884     6.556    cpu_inst/dot4acc_pipeline_inst/product0_reg_reg_i_39_0[2]
    SLICE_X2Y14                                                       f  cpu_inst/dot4acc_pipeline_inst/led_OBUF[10]_inst_i_7/I2
    SLICE_X2Y14          LUT5 (Prop_lut5_I2_O)        0.124     6.680 f  cpu_inst/dot4acc_pipeline_inst/led_OBUF[10]_inst_i_7/O
                         net (fo=1, routed)           0.466     7.146    cpu_inst/dot4acc_pipeline_inst/led_OBUF[10]_inst_i_7_n_0
    SLICE_X2Y14                                                       f  cpu_inst/dot4acc_pipeline_inst/led_OBUF[10]_inst_i_4/I0
    SLICE_X2Y14          LUT3 (Prop_lut3_I0_O)        0.124     7.270 f  cpu_inst/dot4acc_pipeline_inst/led_OBUF[10]_inst_i_4/O
                         net (fo=7, routed)           0.874     8.144    cpu_inst/dot4acc_pipeline_inst/mem_wb_reg_reg[reg_write]
    SLICE_X4Y15                                                       f  cpu_inst/dot4acc_pipeline_inst/ex_alu_result0_i_42/I0
    SLICE_X4Y15          LUT6 (Prop_lut6_I0_O)        0.124     8.268 r  cpu_inst/dot4acc_pipeline_inst/ex_alu_result0_i_42/O
                         net (fo=32, routed)          1.049     9.317    cpu_inst/data_mem_inst/ex_alu_result0_11
    SLICE_X9Y21                                                       r  cpu_inst/data_mem_inst/ex_alu_result0_i_4/I3
    SLICE_X9Y21          LUT5 (Prop_lut5_I3_O)        0.124     9.441 r  cpu_inst/data_mem_inst/ex_alu_result0_i_4/O
                         net (fo=2, routed)           0.596    10.038    cpu_inst/data_mem_inst/A[4]
    SLICE_X9Y18                                                       r  cpu_inst/data_mem_inst/product0_reg_reg_i_33/I0
    SLICE_X9Y18          LUT5 (Prop_lut5_I0_O)        0.124    10.162 r  cpu_inst/data_mem_inst/product0_reg_reg_i_33/O
                         net (fo=8, routed)           1.090    11.252    cpu_inst/data_mem_inst/ex_mem_reg[alu_result][7]_i_10_n_0
    SLICE_X8Y15                                                       r  cpu_inst/data_mem_inst/fetch_buffer_pc[31]_i_15/I0
    SLICE_X8Y15          LUT6 (Prop_lut6_I0_O)        0.124    11.376 r  cpu_inst/data_mem_inst/fetch_buffer_pc[31]_i_15/O
                         net (fo=1, routed)           0.000    11.376    cpu_inst/data_mem_inst/fetch_buffer_pc[31]_i_15_n_0
    SLICE_X8Y15                                                       r  cpu_inst/data_mem_inst/fetch_buffer_pc_reg[31]_i_8/S[1]
    SLICE_X8Y15          CARRY4 (Prop_carry4_S[1]_CO[3])
                                                      0.533    11.909 r  cpu_inst/data_mem_inst/fetch_buffer_pc_reg[31]_i_8/CO[3]
                         net (fo=1, routed)           0.000    11.909    cpu_inst/data_mem_inst/fetch_buffer_pc_reg[31]_i_8_n_0
    SLICE_X8Y16                                                       r  cpu_inst/data_mem_inst/fetch_buffer_pc_reg[31]_i_4/CI
    SLICE_X8Y16          CARRY4 (Prop_carry4_CI_CO[3])
                                                      0.117    12.026 r  cpu_inst/data_mem_inst/fetch_buffer_pc_reg[31]_i_4/CO[3]
                         net (fo=1, routed)           0.000    12.026    cpu_inst/data_mem_inst/fetch_buffer_pc_reg[31]_i_4_n_0
    SLICE_X8Y17                                                       r  cpu_inst/data_mem_inst/fetch_buffer_pc_reg[31]_i_2/CI
    SLICE_X8Y17          CARRY4 (Prop_carry4_CI_CO[2])
                                                      0.229    12.255 f  cpu_inst/data_mem_inst/fetch_buffer_pc_reg[31]_i_2/CO[2]
                         net (fo=23, routed)          0.902    13.156    cpu_inst/data_mem_inst/ex_branch_taken0
    SLICE_X4Y13                                                       f  cpu_inst/data_mem_inst/instruction_reg_i_33/I0
    SLICE_X4Y13          LUT6 (Prop_lut6_I0_O)        0.310    13.466 f  cpu_inst/data_mem_inst/instruction_reg_i_33/O
                         net (fo=1, routed)           0.159    13.625    cpu_inst/data_mem_inst/instruction_reg_i_33_n_0
    SLICE_X4Y13                                                       f  cpu_inst/data_mem_inst/instruction_reg_i_27/I3
    SLICE_X4Y13          LUT5 (Prop_lut5_I3_O)        0.124    13.749 f  cpu_inst/data_mem_inst/instruction_reg_i_27/O
                         net (fo=4, routed)           0.669    14.418    cpu_inst/data_mem_inst/instruction_reg_i_27_n_0
    SLICE_X4Y21                                                       f  cpu_inst/data_mem_inst/id_ex_reg[pc][31]_i_7/I1
    SLICE_X4Y21          LUT6 (Prop_lut6_I1_O)        0.124    14.542 r  cpu_inst/data_mem_inst/id_ex_reg[pc][31]_i_7/O
                         net (fo=5, routed)           0.306    14.847    cpu_inst/data_mem_inst/id_ex_reg42_out
    SLICE_X4Y21                                                       r  cpu_inst/data_mem_inst/id_ex_reg[operand_b][31]_i_1/I3
    SLICE_X4Y21          LUT5 (Prop_lut5_I3_O)        0.124    14.971 r  cpu_inst/data_mem_inst/id_ex_reg[operand_b][31]_i_1/O
                         net (fo=98, routed)          0.698    15.669    cpu_inst/data_mem_inst/id_ex_reg_reg[valid]
    SLICE_X5Y28                                                       r  cpu_inst/data_mem_inst/id_ex_reg[accumulator][31]_i_1/I0
    SLICE_X5Y28          LUT6 (Prop_lut6_I0_O)        0.124    15.793 r  cpu_inst/data_mem_inst/id_ex_reg[accumulator][31]_i_1/O
                         net (fo=32, routed)          0.700    16.493    cpu_inst/data_mem_inst_n_0
    SLICE_X4Y30          FDRE                                         r  cpu_inst/id_ex_reg_reg[accumulator][29]/R
  -------------------------------------------------------------------    -------------------

                         (clock sys_clk_pin rise edge)
                                                     10.000    10.000 r  <hidden>
    W5                                                0.000    10.000 r  clk
                         net (fo=0)                   0.000    10.000    clk
    W5                                                                r  clk_IBUF_inst/I
    W5                   IBUF (Prop_ibuf_I_O)         1.388    11.388 r  clk_IBUF_inst/O
                         net (fo=1, routed)           1.862    13.250    clk_IBUF
    BUFGCTRL_X0Y0                                                     r  clk_IBUF_BUFG_inst/I
    BUFGCTRL_X0Y0        BUFG (Prop_bufg_I_O)         0.091    13.341 r  clk_IBUF_BUFG_inst/O
                         net (fo=1821, routed)        1.506    14.847    cpu_inst/clk_IBUF_BUFG
    SLICE_X4Y30          FDRE                                         r  cpu_inst/id_ex_reg_reg[accumulator][29]/C
                         clock pessimism              0.260    15.107    <hidden>
                         clock uncertainty           -0.035    15.072    <hidden>
    SLICE_X4Y30          FDRE (Setup_fdre_C_R)       -0.429    14.643    cpu_inst/id_ex_reg_reg[accumulator][29]
  -------------------------------------------------------------------
                         required time                         14.643    <hidden>
                         arrival time                         -16.493    <hidden>
  -------------------------------------------------------------------
                         slack                                 -1.850    <hidden>

Slack (VIOLATED) :        -1.850ns  (required time - arrival time)
  Source:                 cpu_inst/mem_wb_reg_reg[rd][2]/C
                            (rising edge-triggered cell FDRE clocked by sys_clk_pin  {rise@0.000ns fall@5.000ns period=10.000ns})
  Destination:            cpu_inst/id_ex_reg_reg[accumulator][5]/R
                            (rising edge-triggered cell FDRE clocked by sys_clk_pin  {rise@0.000ns fall@5.000ns period=10.000ns})
  Path Group:             sys_clk_pin
  Path Type:              Setup (Max at Slow Process Corner)
  Requirement:            10.000ns  (sys_clk_pin rise@10.000ns - sys_clk_pin rise@0.000ns)
  Data Path Delay:        11.339ns  (logic 2.947ns (25.990%)  route 8.392ns (74.010%))
  Logic Levels:           14  (CARRY4=3 LUT3=1 LUT5=5 LUT6=5)
  Clock Path Skew:        -0.047ns (DCD - SCD + CPR)
    Destination Clock Delay (DCD):    4.847ns = ( 14.847 - 10.000 ) 
    Source Clock Delay      (SCD):    5.154ns
    Clock Pessimism Removal (CPR):    0.260ns
  Clock Uncertainty:      0.035ns  ((TSJ^2 + TIJ^2)^1/2 + DJ) / 2 + PE
    Total System Jitter     (TSJ):    0.071ns
    Total Input Jitter      (TIJ):    0.000ns
    Discrete Jitter          (DJ):    0.000ns
    Phase Error              (PE):    0.000ns

    Location             Delay type                Incr(ns)  Path(ns)    Netlist Resource(s)
  -------------------------------------------------------------------    -------------------
                         (clock sys_clk_pin rise edge)
                                                      0.000     0.000 r  <hidden>
    W5                                                0.000     0.000 r  clk
                         net (fo=0)                   0.000     0.000    clk
    W5                                                                r  clk_IBUF_inst/I
    W5                   IBUF (Prop_ibuf_I_O)         1.458     1.458 r  clk_IBUF_inst/O
                         net (fo=1, routed)           1.967     3.425    clk_IBUF
    BUFGCTRL_X0Y0                                                     r  clk_IBUF_BUFG_inst/I
    BUFGCTRL_X0Y0        BUFG (Prop_bufg_I_O)         0.096     3.521 r  clk_IBUF_BUFG_inst/O
                         net (fo=1821, routed)        1.633     5.154    cpu_inst/clk_IBUF_BUFG
    SLICE_X2Y14          FDRE                                         r  cpu_inst/mem_wb_reg_reg[rd][2]/C
  -------------------------------------------------------------------    -------------------
    SLICE_X2Y14          FDRE (Prop_fdre_C_Q)         0.518     5.672 f  cpu_inst/mem_wb_reg_reg[rd][2]/Q
                         net (fo=17, routed)          0.884     6.556    cpu_inst/dot4acc_pipeline_inst/product0_reg_reg_i_39_0[2]
    SLICE_X2Y14                                                       f  cpu_inst/dot4acc_pipeline_inst/led_OBUF[10]_inst_i_7/I2
    SLICE_X2Y14          LUT5 (Prop_lut5_I2_O)        0.124     6.680 f  cpu_inst/dot4acc_pipeline_inst/led_OBUF[10]_inst_i_7/O
                         net (fo=1, routed)           0.466     7.146    cpu_inst/dot4acc_pipeline_inst/led_OBUF[10]_inst_i_7_n_0
    SLICE_X2Y14                                                       f  cpu_inst/dot4acc_pipeline_inst/led_OBUF[10]_inst_i_4/I0
    SLICE_X2Y14          LUT3 (Prop_lut3_I0_O)        0.124     7.270 f  cpu_inst/dot4acc_pipeline_inst/led_OBUF[10]_inst_i_4/O
                         net (fo=7, routed)           0.874     8.144    cpu_inst/dot4acc_pipeline_inst/mem_wb_reg_reg[reg_write]
    SLICE_X4Y15                                                       f  cpu_inst/dot4acc_pipeline_inst/ex_alu_result0_i_42/I0
    SLICE_X4Y15          LUT6 (Prop_lut6_I0_O)        0.124     8.268 r  cpu_inst/dot4acc_pipeline_inst/ex_alu_result0_i_42/O
                         net (fo=32, routed)          1.049     9.317    cpu_inst/data_mem_inst/ex_alu_result0_11
    SLICE_X9Y21                                                       r  cpu_inst/data_mem_inst/ex_alu_result0_i_4/I3
    SLICE_X9Y21          LUT5 (Prop_lut5_I3_O)        0.124     9.441 r  cpu_inst/data_mem_inst/ex_alu_result0_i_4/O
                         net (fo=2, routed)           0.596    10.038    cpu_inst/data_mem_inst/A[4]
    SLICE_X9Y18                                                       r  cpu_inst/data_mem_inst/product0_reg_reg_i_33/I0
    SLICE_X9Y18          LUT5 (Prop_lut5_I0_O)        0.124    10.162 r  cpu_inst/data_mem_inst/product0_reg_reg_i_33/O
                         net (fo=8, routed)           1.090    11.252    cpu_inst/data_mem_inst/ex_mem_reg[alu_result][7]_i_10_n_0
    SLICE_X8Y15                                                       r  cpu_inst/data_mem_inst/fetch_buffer_pc[31]_i_15/I0
    SLICE_X8Y15          LUT6 (Prop_lut6_I0_O)        0.124    11.376 r  cpu_inst/data_mem_inst/fetch_buffer_pc[31]_i_15/O
                         net (fo=1, routed)           0.000    11.376    cpu_inst/data_mem_inst/fetch_buffer_pc[31]_i_15_n_0
    SLICE_X8Y15                                                       r  cpu_inst/data_mem_inst/fetch_buffer_pc_reg[31]_i_8/S[1]
    SLICE_X8Y15          CARRY4 (Prop_carry4_S[1]_CO[3])
                                                      0.533    11.909 r  cpu_inst/data_mem_inst/fetch_buffer_pc_reg[31]_i_8/CO[3]
                         net (fo=1, routed)           0.000    11.909    cpu_inst/data_mem_inst/fetch_buffer_pc_reg[31]_i_8_n_0
    SLICE_X8Y16                                                       r  cpu_inst/data_mem_inst/fetch_buffer_pc_reg[31]_i_4/CI
    SLICE_X8Y16          CARRY4 (Prop_carry4_CI_CO[3])
                                                      0.117    12.026 r  cpu_inst/data_mem_inst/fetch_buffer_pc_reg[31]_i_4/CO[3]
                         net (fo=1, routed)           0.000    12.026    cpu_inst/data_mem_inst/fetch_buffer_pc_reg[31]_i_4_n_0
    SLICE_X8Y17                                                       r  cpu_inst/data_mem_inst/fetch_buffer_pc_reg[31]_i_2/CI
    SLICE_X8Y17          CARRY4 (Prop_carry4_CI_CO[2])
                                                      0.229    12.255 f  cpu_inst/data_mem_inst/fetch_buffer_pc_reg[31]_i_2/CO[2]
                         net (fo=23, routed)          0.902    13.156    cpu_inst/data_mem_inst/ex_branch_taken0
    SLICE_X4Y13                                                       f  cpu_inst/data_mem_inst/instruction_reg_i_33/I0
    SLICE_X4Y13          LUT6 (Prop_lut6_I0_O)        0.310    13.466 f  cpu_inst/data_mem_inst/instruction_reg_i_33/O
                         net (fo=1, routed)           0.159    13.625    cpu_inst/data_mem_inst/instruction_reg_i_33_n_0
    SLICE_X4Y13                                                       f  cpu_inst/data_mem_inst/instruction_reg_i_27/I3
    SLICE_X4Y13          LUT5 (Prop_lut5_I3_O)        0.124    13.749 f  cpu_inst/data_mem_inst/instruction_reg_i_27/O
                         net (fo=4, routed)           0.669    14.418    cpu_inst/data_mem_inst/instruction_reg_i_27_n_0
    SLICE_X4Y21                                                       f  cpu_inst/data_mem_inst/id_ex_reg[pc][31]_i_7/I1
    SLICE_X4Y21          LUT6 (Prop_lut6_I1_O)        0.124    14.542 r  cpu_inst/data_mem_inst/id_ex_reg[pc][31]_i_7/O
                         net (fo=5, routed)           0.306    14.847    cpu_inst/data_mem_inst/id_ex_reg42_out
    SLICE_X4Y21                                                       r  cpu_inst/data_mem_inst/id_ex_reg[operand_b][31]_i_1/I3
    SLICE_X4Y21          LUT5 (Prop_lut5_I3_O)        0.124    14.971 r  cpu_inst/data_mem_inst/id_ex_reg[operand_b][31]_i_1/O
                         net (fo=98, routed)          0.698    15.669    cpu_inst/data_mem_inst/id_ex_reg_reg[valid]
    SLICE_X5Y28                                                       r  cpu_inst/data_mem_inst/id_ex_reg[accumulator][31]_i_1/I0
    SLICE_X5Y28          LUT6 (Prop_lut6_I0_O)        0.124    15.793 r  cpu_inst/data_mem_inst/id_ex_reg[accumulator][31]_i_1/O
                         net (fo=32, routed)          0.700    16.493    cpu_inst/data_mem_inst_n_0
    SLICE_X4Y30          FDRE                                         r  cpu_inst/id_ex_reg_reg[accumulator][5]/R
  -------------------------------------------------------------------    -------------------

                         (clock sys_clk_pin rise edge)
                                                     10.000    10.000 r  <hidden>
    W5                                                0.000    10.000 r  clk
                         net (fo=0)                   0.000    10.000    clk
    W5                                                                r  clk_IBUF_inst/I
    W5                   IBUF (Prop_ibuf_I_O)         1.388    11.388 r  clk_IBUF_inst/O
                         net (fo=1, routed)           1.862    13.250    clk_IBUF
    BUFGCTRL_X0Y0                                                     r  clk_IBUF_BUFG_inst/I
    BUFGCTRL_X0Y0        BUFG (Prop_bufg_I_O)         0.091    13.341 r  clk_IBUF_BUFG_inst/O
                         net (fo=1821, routed)        1.506    14.847    cpu_inst/clk_IBUF_BUFG
    SLICE_X4Y30          FDRE                                         r  cpu_inst/id_ex_reg_reg[accumulator][5]/C
                         clock pessimism              0.260    15.107    <hidden>
                         clock uncertainty           -0.035    15.072    <hidden>
    SLICE_X4Y30          FDRE (Setup_fdre_C_R)       -0.429    14.643    cpu_inst/id_ex_reg_reg[accumulator][5]
  -------------------------------------------------------------------
                         required time                         14.643    <hidden>
                         arrival time                         -16.493    <hidden>
  -------------------------------------------------------------------
                         slack                                 -1.850    <hidden>

Slack (VIOLATED) :        -1.840ns  (required time - arrival time)
  Source:                 cpu_inst/mem_wb_reg_reg[rd][2]/C
                            (rising edge-triggered cell FDRE clocked by sys_clk_pin  {rise@0.000ns fall@5.000ns period=10.000ns})
  Destination:            cpu_inst/id_ex_reg_reg[operand_a][5]/R
                            (rising edge-triggered cell FDRE clocked by sys_clk_pin  {rise@0.000ns fall@5.000ns period=10.000ns})
  Path Group:             sys_clk_pin
  Path Type:              Setup (Max at Slow Process Corner)
  Requirement:            10.000ns  (sys_clk_pin rise@10.000ns - sys_clk_pin rise@0.000ns)
  Data Path Delay:        11.257ns  (logic 2.947ns (26.179%)  route 8.310ns (73.821%))
  Logic Levels:           14  (CARRY4=3 LUT3=1 LUT5=5 LUT6=5)
  Clock Path Skew:        -0.118ns (DCD - SCD + CPR)
    Destination Clock Delay (DCD):    4.776ns = ( 14.776 - 10.000 ) 
    Source Clock Delay      (SCD):    5.154ns
    Clock Pessimism Removal (CPR):    0.260ns
  Clock Uncertainty:      0.035ns  ((TSJ^2 + TIJ^2)^1/2 + DJ) / 2 + PE
    Total System Jitter     (TSJ):    0.071ns
    Total Input Jitter      (TIJ):    0.000ns
    Discrete Jitter          (DJ):    0.000ns
    Phase Error              (PE):    0.000ns

    Location             Delay type                Incr(ns)  Path(ns)    Netlist Resource(s)
  -------------------------------------------------------------------    -------------------
                         (clock sys_clk_pin rise edge)
                                                      0.000     0.000 r  <hidden>
    W5                                                0.000     0.000 r  clk
                         net (fo=0)                   0.000     0.000    clk
    W5                                                                r  clk_IBUF_inst/I
    W5                   IBUF (Prop_ibuf_I_O)         1.458     1.458 r  clk_IBUF_inst/O
                         net (fo=1, routed)           1.967     3.425    clk_IBUF
    BUFGCTRL_X0Y0                                                     r  clk_IBUF_BUFG_inst/I
    BUFGCTRL_X0Y0        BUFG (Prop_bufg_I_O)         0.096     3.521 r  clk_IBUF_BUFG_inst/O
                         net (fo=1821, routed)        1.633     5.154    cpu_inst/clk_IBUF_BUFG
    SLICE_X2Y14          FDRE                                         r  cpu_inst/mem_wb_reg_reg[rd][2]/C
  -------------------------------------------------------------------    -------------------
    SLICE_X2Y14          FDRE (Prop_fdre_C_Q)         0.518     5.672 f  cpu_inst/mem_wb_reg_reg[rd][2]/Q
                         net (fo=17, routed)          0.884     6.556    cpu_inst/dot4acc_pipeline_inst/product0_reg_reg_i_39_0[2]
    SLICE_X2Y14                                                       f  cpu_inst/dot4acc_pipeline_inst/led_OBUF[10]_inst_i_7/I2
    SLICE_X2Y14          LUT5 (Prop_lut5_I2_O)        0.124     6.680 f  cpu_inst/dot4acc_pipeline_inst/led_OBUF[10]_inst_i_7/O
                         net (fo=1, routed)           0.466     7.146    cpu_inst/dot4acc_pipeline_inst/led_OBUF[10]_inst_i_7_n_0
    SLICE_X2Y14                                                       f  cpu_inst/dot4acc_pipeline_inst/led_OBUF[10]_inst_i_4/I0
    SLICE_X2Y14          LUT3 (Prop_lut3_I0_O)        0.124     7.270 f  cpu_inst/dot4acc_pipeline_inst/led_OBUF[10]_inst_i_4/O
                         net (fo=7, routed)           0.874     8.144    cpu_inst/dot4acc_pipeline_inst/mem_wb_reg_reg[reg_write]
    SLICE_X4Y15                                                       f  cpu_inst/dot4acc_pipeline_inst/ex_alu_result0_i_42/I0
    SLICE_X4Y15          LUT6 (Prop_lut6_I0_O)        0.124     8.268 r  cpu_inst/dot4acc_pipeline_inst/ex_alu_result0_i_42/O
                         net (fo=32, routed)          1.049     9.317    cpu_inst/data_mem_inst/ex_alu_result0_11
    SLICE_X9Y21                                                       r  cpu_inst/data_mem_inst/ex_alu_result0_i_4/I3
    SLICE_X9Y21          LUT5 (Prop_lut5_I3_O)        0.124     9.441 r  cpu_inst/data_mem_inst/ex_alu_result0_i_4/O
                         net (fo=2, routed)           0.596    10.038    cpu_inst/data_mem_inst/A[4]
    SLICE_X9Y18                                                       r  cpu_inst/data_mem_inst/product0_reg_reg_i_33/I0
    SLICE_X9Y18          LUT5 (Prop_lut5_I0_O)        0.124    10.162 r  cpu_inst/data_mem_inst/product0_reg_reg_i_33/O
                         net (fo=8, routed)           1.090    11.252    cpu_inst/data_mem_inst/ex_mem_reg[alu_result][7]_i_10_n_0
    SLICE_X8Y15                                                       r  cpu_inst/data_mem_inst/fetch_buffer_pc[31]_i_15/I0
    SLICE_X8Y15          LUT6 (Prop_lut6_I0_O)        0.124    11.376 r  cpu_inst/data_mem_inst/fetch_buffer_pc[31]_i_15/O
                         net (fo=1, routed)           0.000    11.376    cpu_inst/data_mem_inst/fetch_buffer_pc[31]_i_15_n_0
    SLICE_X8Y15                                                       r  cpu_inst/data_mem_inst/fetch_buffer_pc_reg[31]_i_8/S[1]
    SLICE_X8Y15          CARRY4 (Prop_carry4_S[1]_CO[3])
                                                      0.533    11.909 r  cpu_inst/data_mem_inst/fetch_buffer_pc_reg[31]_i_8/CO[3]
                         net (fo=1, routed)           0.000    11.909    cpu_inst/data_mem_inst/fetch_buffer_pc_reg[31]_i_8_n_0
    SLICE_X8Y16                                                       r  cpu_inst/data_mem_inst/fetch_buffer_pc_reg[31]_i_4/CI
    SLICE_X8Y16          CARRY4 (Prop_carry4_CI_CO[3])
                                                      0.117    12.026 r  cpu_inst/data_mem_inst/fetch_buffer_pc_reg[31]_i_4/CO[3]
                         net (fo=1, routed)           0.000    12.026    cpu_inst/data_mem_inst/fetch_buffer_pc_reg[31]_i_4_n_0
    SLICE_X8Y17                                                       r  cpu_inst/data_mem_inst/fetch_buffer_pc_reg[31]_i_2/CI
    SLICE_X8Y17          CARRY4 (Prop_carry4_CI_CO[2])
                                                      0.229    12.255 f  cpu_inst/data_mem_inst/fetch_buffer_pc_reg[31]_i_2/CO[2]
                         net (fo=23, routed)          0.902    13.156    cpu_inst/data_mem_inst/ex_branch_taken0
    SLICE_X4Y13                                                       f  cpu_inst/data_mem_inst/instruction_reg_i_33/I0
    SLICE_X4Y13          LUT6 (Prop_lut6_I0_O)        0.310    13.466 f  cpu_inst/data_mem_inst/instruction_reg_i_33/O
                         net (fo=1, routed)           0.159    13.625    cpu_inst/data_mem_inst/instruction_reg_i_33_n_0
    SLICE_X4Y13                                                       f  cpu_inst/data_mem_inst/instruction_reg_i_27/I3
    SLICE_X4Y13          LUT5 (Prop_lut5_I3_O)        0.124    13.749 f  cpu_inst/data_mem_inst/instruction_reg_i_27/O
                         net (fo=4, routed)           0.669    14.418    cpu_inst/data_mem_inst/instruction_reg_i_27_n_0
    SLICE_X4Y21                                                       f  cpu_inst/data_mem_inst/id_ex_reg[pc][31]_i_7/I1
    SLICE_X4Y21          LUT6 (Prop_lut6_I1_O)        0.124    14.542 r  cpu_inst/data_mem_inst/id_ex_reg[pc][31]_i_7/O
                         net (fo=5, routed)           0.306    14.847    cpu_inst/data_mem_inst/id_ex_reg42_out
    SLICE_X4Y21                                                       r  cpu_inst/data_mem_inst/id_ex_reg[operand_b][31]_i_1/I3
    SLICE_X4Y21          LUT5 (Prop_lut5_I3_O)        0.124    14.971 r  cpu_inst/data_mem_inst/id_ex_reg[operand_b][31]_i_1/O
                         net (fo=98, routed)          0.577    15.548    cpu_inst/data_mem_inst/id_ex_reg_reg[valid]
    SLICE_X7Y22                                                       r  cpu_inst/data_mem_inst/id_ex_reg[operand_a][31]_i_1/I0
    SLICE_X7Y22          LUT6 (Prop_lut6_I0_O)        0.124    15.672 r  cpu_inst/data_mem_inst/id_ex_reg[operand_a][31]_i_1/O
                         net (fo=32, routed)          0.739    16.411    cpu_inst/data_mem_inst_n_2
    SLICE_X15Y26         FDRE                                         r  cpu_inst/id_ex_reg_reg[operand_a][5]/R
  -------------------------------------------------------------------    -------------------

                         (clock sys_clk_pin rise edge)
                                                     10.000    10.000 r  <hidden>
    W5                                                0.000    10.000 r  clk
                         net (fo=0)                   0.000    10.000    clk
    W5                                                                r  clk_IBUF_inst/I
    W5                   IBUF (Prop_ibuf_I_O)         1.388    11.388 r  clk_IBUF_inst/O
                         net (fo=1, routed)           1.862    13.250    clk_IBUF
    BUFGCTRL_X0Y0                                                     r  clk_IBUF_BUFG_inst/I
    BUFGCTRL_X0Y0        BUFG (Prop_bufg_I_O)         0.091    13.341 r  clk_IBUF_BUFG_inst/O
                         net (fo=1821, routed)        1.435    14.776    cpu_inst/clk_IBUF_BUFG
    SLICE_X15Y26         FDRE                                         r  cpu_inst/id_ex_reg_reg[operand_a][5]/C
                         clock pessimism              0.260    15.036    <hidden>
                         clock uncertainty           -0.035    15.001    <hidden>
    SLICE_X15Y26         FDRE (Setup_fdre_C_R)       -0.429    14.572    cpu_inst/id_ex_reg_reg[operand_a][5]
  -------------------------------------------------------------------
                         required time                         14.572    <hidden>
                         arrival time                         -16.411    <hidden>
  -------------------------------------------------------------------
                         slack                                 -1.840    <hidden>

Slack (VIOLATED) :        -1.826ns  (required time - arrival time)
  Source:                 cpu_inst/mem_wb_reg_reg[rd][2]/C
                            (rising edge-triggered cell FDRE clocked by sys_clk_pin  {rise@0.000ns fall@5.000ns period=10.000ns})
  Destination:            cpu_inst/id_ex_reg_reg[operand_a][0]/R
                            (rising edge-triggered cell FDRE clocked by sys_clk_pin  {rise@0.000ns fall@5.000ns period=10.000ns})
  Path Group:             sys_clk_pin
  Path Type:              Setup (Max at Slow Process Corner)
  Requirement:            10.000ns  (sys_clk_pin rise@10.000ns - sys_clk_pin rise@0.000ns)
  Data Path Delay:        11.247ns  (logic 2.947ns (26.203%)  route 8.300ns (73.797%))
  Logic Levels:           14  (CARRY4=3 LUT3=1 LUT5=5 LUT6=5)
  Clock Path Skew:        -0.115ns (DCD - SCD + CPR)
    Destination Clock Delay (DCD):    4.779ns = ( 14.779 - 10.000 ) 
    Source Clock Delay      (SCD):    5.154ns
    Clock Pessimism Removal (CPR):    0.260ns
  Clock Uncertainty:      0.035ns  ((TSJ^2 + TIJ^2)^1/2 + DJ) / 2 + PE
    Total System Jitter     (TSJ):    0.071ns
    Total Input Jitter      (TIJ):    0.000ns
    Discrete Jitter          (DJ):    0.000ns
    Phase Error              (PE):    0.000ns

    Location             Delay type                Incr(ns)  Path(ns)    Netlist Resource(s)
  -------------------------------------------------------------------    -------------------
                         (clock sys_clk_pin rise edge)
                                                      0.000     0.000 r  <hidden>
    W5                                                0.000     0.000 r  clk
                         net (fo=0)                   0.000     0.000    clk
    W5                                                                r  clk_IBUF_inst/I
    W5                   IBUF (Prop_ibuf_I_O)         1.458     1.458 r  clk_IBUF_inst/O
                         net (fo=1, routed)           1.967     3.425    clk_IBUF
    BUFGCTRL_X0Y0                                                     r  clk_IBUF_BUFG_inst/I
    BUFGCTRL_X0Y0        BUFG (Prop_bufg_I_O)         0.096     3.521 r  clk_IBUF_BUFG_inst/O
                         net (fo=1821, routed)        1.633     5.154    cpu_inst/clk_IBUF_BUFG
    SLICE_X2Y14          FDRE                                         r  cpu_inst/mem_wb_reg_reg[rd][2]/C
  -------------------------------------------------------------------    -------------------
    SLICE_X2Y14          FDRE (Prop_fdre_C_Q)         0.518     5.672 f  cpu_inst/mem_wb_reg_reg[rd][2]/Q
                         net (fo=17, routed)          0.884     6.556    cpu_inst/dot4acc_pipeline_inst/product0_reg_reg_i_39_0[2]
    SLICE_X2Y14                                                       f  cpu_inst/dot4acc_pipeline_inst/led_OBUF[10]_inst_i_7/I2
    SLICE_X2Y14          LUT5 (Prop_lut5_I2_O)        0.124     6.680 f  cpu_inst/dot4acc_pipeline_inst/led_OBUF[10]_inst_i_7/O
                         net (fo=1, routed)           0.466     7.146    cpu_inst/dot4acc_pipeline_inst/led_OBUF[10]_inst_i_7_n_0
    SLICE_X2Y14                                                       f  cpu_inst/dot4acc_pipeline_inst/led_OBUF[10]_inst_i_4/I0
    SLICE_X2Y14          LUT3 (Prop_lut3_I0_O)        0.124     7.270 f  cpu_inst/dot4acc_pipeline_inst/led_OBUF[10]_inst_i_4/O
                         net (fo=7, routed)           0.874     8.144    cpu_inst/dot4acc_pipeline_inst/mem_wb_reg_reg[reg_write]
    SLICE_X4Y15                                                       f  cpu_inst/dot4acc_pipeline_inst/ex_alu_result0_i_42/I0
    SLICE_X4Y15          LUT6 (Prop_lut6_I0_O)        0.124     8.268 r  cpu_inst/dot4acc_pipeline_inst/ex_alu_result0_i_42/O
                         net (fo=32, routed)          1.049     9.317    cpu_inst/data_mem_inst/ex_alu_result0_11
    SLICE_X9Y21                                                       r  cpu_inst/data_mem_inst/ex_alu_result0_i_4/I3
    SLICE_X9Y21          LUT5 (Prop_lut5_I3_O)        0.124     9.441 r  cpu_inst/data_mem_inst/ex_alu_result0_i_4/O
                         net (fo=2, routed)           0.596    10.038    cpu_inst/data_mem_inst/A[4]
    SLICE_X9Y18                                                       r  cpu_inst/data_mem_inst/product0_reg_reg_i_33/I0
    SLICE_X9Y18          LUT5 (Prop_lut5_I0_O)        0.124    10.162 r  cpu_inst/data_mem_inst/product0_reg_reg_i_33/O
                         net (fo=8, routed)           1.090    11.252    cpu_inst/data_mem_inst/ex_mem_reg[alu_result][7]_i_10_n_0
    SLICE_X8Y15                                                       r  cpu_inst/data_mem_inst/fetch_buffer_pc[31]_i_15/I0
    SLICE_X8Y15          LUT6 (Prop_lut6_I0_O)        0.124    11.376 r  cpu_inst/data_mem_inst/fetch_buffer_pc[31]_i_15/O
                         net (fo=1, routed)           0.000    11.376    cpu_inst/data_mem_inst/fetch_buffer_pc[31]_i_15_n_0
    SLICE_X8Y15                                                       r  cpu_inst/data_mem_inst/fetch_buffer_pc_reg[31]_i_8/S[1]
    SLICE_X8Y15          CARRY4 (Prop_carry4_S[1]_CO[3])
                                                      0.533    11.909 r  cpu_inst/data_mem_inst/fetch_buffer_pc_reg[31]_i_8/CO[3]
                         net (fo=1, routed)           0.000    11.909    cpu_inst/data_mem_inst/fetch_buffer_pc_reg[31]_i_8_n_0
    SLICE_X8Y16                                                       r  cpu_inst/data_mem_inst/fetch_buffer_pc_reg[31]_i_4/CI
    SLICE_X8Y16          CARRY4 (Prop_carry4_CI_CO[3])
                                                      0.117    12.026 r  cpu_inst/data_mem_inst/fetch_buffer_pc_reg[31]_i_4/CO[3]
                         net (fo=1, routed)           0.000    12.026    cpu_inst/data_mem_inst/fetch_buffer_pc_reg[31]_i_4_n_0
    SLICE_X8Y17                                                       r  cpu_inst/data_mem_inst/fetch_buffer_pc_reg[31]_i_2/CI
    SLICE_X8Y17          CARRY4 (Prop_carry4_CI_CO[2])
                                                      0.229    12.255 f  cpu_inst/data_mem_inst/fetch_buffer_pc_reg[31]_i_2/CO[2]
                         net (fo=23, routed)          0.902    13.156    cpu_inst/data_mem_inst/ex_branch_taken0
    SLICE_X4Y13                                                       f  cpu_inst/data_mem_inst/instruction_reg_i_33/I0
    SLICE_X4Y13          LUT6 (Prop_lut6_I0_O)        0.310    13.466 f  cpu_inst/data_mem_inst/instruction_reg_i_33/O
                         net (fo=1, routed)           0.159    13.625    cpu_inst/data_mem_inst/instruction_reg_i_33_n_0
    SLICE_X4Y13                                                       f  cpu_inst/data_mem_inst/instruction_reg_i_27/I3
    SLICE_X4Y13          LUT5 (Prop_lut5_I3_O)        0.124    13.749 f  cpu_inst/data_mem_inst/instruction_reg_i_27/O
                         net (fo=4, routed)           0.669    14.418    cpu_inst/data_mem_inst/instruction_reg_i_27_n_0
    SLICE_X4Y21                                                       f  cpu_inst/data_mem_inst/id_ex_reg[pc][31]_i_7/I1
    SLICE_X4Y21          LUT6 (Prop_lut6_I1_O)        0.124    14.542 r  cpu_inst/data_mem_inst/id_ex_reg[pc][31]_i_7/O
                         net (fo=5, routed)           0.306    14.847    cpu_inst/data_mem_inst/id_ex_reg42_out
    SLICE_X4Y21                                                       r  cpu_inst/data_mem_inst/id_ex_reg[operand_b][31]_i_1/I3
    SLICE_X4Y21          LUT5 (Prop_lut5_I3_O)        0.124    14.971 r  cpu_inst/data_mem_inst/id_ex_reg[operand_b][31]_i_1/O
                         net (fo=98, routed)          0.577    15.548    cpu_inst/data_mem_inst/id_ex_reg_reg[valid]
    SLICE_X7Y22                                                       r  cpu_inst/data_mem_inst/id_ex_reg[operand_a][31]_i_1/I0
    SLICE_X7Y22          LUT6 (Prop_lut6_I0_O)        0.124    15.672 r  cpu_inst/data_mem_inst/id_ex_reg[operand_a][31]_i_1/O
                         net (fo=32, routed)          0.729    16.401    cpu_inst/data_mem_inst_n_2
    SLICE_X9Y28          FDRE                                         r  cpu_inst/id_ex_reg_reg[operand_a][0]/R
  -------------------------------------------------------------------    -------------------

                         (clock sys_clk_pin rise edge)
                                                     10.000    10.000 r  <hidden>
    W5                                                0.000    10.000 r  clk
                         net (fo=0)                   0.000    10.000    clk
    W5                                                                r  clk_IBUF_inst/I
    W5                   IBUF (Prop_ibuf_I_O)         1.388    11.388 r  clk_IBUF_inst/O
                         net (fo=1, routed)           1.862    13.250    clk_IBUF
    BUFGCTRL_X0Y0                                                     r  clk_IBUF_BUFG_inst/I
    BUFGCTRL_X0Y0        BUFG (Prop_bufg_I_O)         0.091    13.341 r  clk_IBUF_BUFG_inst/O
                         net (fo=1821, routed)        1.438    14.779    cpu_inst/clk_IBUF_BUFG
    SLICE_X9Y28          FDRE                                         r  cpu_inst/id_ex_reg_reg[operand_a][0]/C
                         clock pessimism              0.260    15.039    <hidden>
                         clock uncertainty           -0.035    15.004    <hidden>
    SLICE_X9Y28          FDRE (Setup_fdre_C_R)       -0.429    14.575    cpu_inst/id_ex_reg_reg[operand_a][0]
  -------------------------------------------------------------------
                         required time                         14.575    <hidden>
                         arrival time                         -16.401    <hidden>
  -------------------------------------------------------------------
                         slack                                 -1.826    <hidden>

Slack (VIOLATED) :        -1.821ns  (required time - arrival time)
  Source:                 cpu_inst/mem_wb_reg_reg[rd][2]/C
                            (rising edge-triggered cell FDRE clocked by sys_clk_pin  {rise@0.000ns fall@5.000ns period=10.000ns})
  Destination:            cpu_inst/fetch_pc_reg[29]/CE
                            (rising edge-triggered cell FDRE clocked by sys_clk_pin  {rise@0.000ns fall@5.000ns period=10.000ns})
  Path Group:             sys_clk_pin
  Path Type:              Setup (Max at Slow Process Corner)
  Requirement:            10.000ns  (sys_clk_pin rise@10.000ns - sys_clk_pin rise@0.000ns)
  Data Path Delay:        11.546ns  (logic 2.947ns (25.525%)  route 8.599ns (74.475%))
  Logic Levels:           14  (CARRY4=3 LUT3=1 LUT4=2 LUT5=3 LUT6=5)
  Clock Path Skew:        -0.035ns (DCD - SCD + CPR)
    Destination Clock Delay (DCD):    4.845ns = ( 14.845 - 10.000 ) 
    Source Clock Delay      (SCD):    5.154ns
    Clock Pessimism Removal (CPR):    0.274ns
  Clock Uncertainty:      0.035ns  ((TSJ^2 + TIJ^2)^1/2 + DJ) / 2 + PE
    Total System Jitter     (TSJ):    0.071ns
    Total Input Jitter      (TIJ):    0.000ns
    Discrete Jitter          (DJ):    0.000ns
    Phase Error              (PE):    0.000ns

    Location             Delay type                Incr(ns)  Path(ns)    Netlist Resource(s)
  -------------------------------------------------------------------    -------------------
                         (clock sys_clk_pin rise edge)
                                                      0.000     0.000 r  <hidden>
    W5                                                0.000     0.000 r  clk
                         net (fo=0)                   0.000     0.000    clk
    W5                                                                r  clk_IBUF_inst/I
    W5                   IBUF (Prop_ibuf_I_O)         1.458     1.458 r  clk_IBUF_inst/O
                         net (fo=1, routed)           1.967     3.425    clk_IBUF
    BUFGCTRL_X0Y0                                                     r  clk_IBUF_BUFG_inst/I
    BUFGCTRL_X0Y0        BUFG (Prop_bufg_I_O)         0.096     3.521 r  clk_IBUF_BUFG_inst/O
                         net (fo=1821, routed)        1.633     5.154    cpu_inst/clk_IBUF_BUFG
    SLICE_X2Y14          FDRE                                         r  cpu_inst/mem_wb_reg_reg[rd][2]/C
  -------------------------------------------------------------------    -------------------
    SLICE_X2Y14          FDRE (Prop_fdre_C_Q)         0.518     5.672 f  cpu_inst/mem_wb_reg_reg[rd][2]/Q
                         net (fo=17, routed)          0.884     6.556    cpu_inst/dot4acc_pipeline_inst/product0_reg_reg_i_39_0[2]
    SLICE_X2Y14                                                       f  cpu_inst/dot4acc_pipeline_inst/led_OBUF[10]_inst_i_7/I2
    SLICE_X2Y14          LUT5 (Prop_lut5_I2_O)        0.124     6.680 f  cpu_inst/dot4acc_pipeline_inst/led_OBUF[10]_inst_i_7/O
                         net (fo=1, routed)           0.466     7.146    cpu_inst/dot4acc_pipeline_inst/led_OBUF[10]_inst_i_7_n_0
    SLICE_X2Y14                                                       f  cpu_inst/dot4acc_pipeline_inst/led_OBUF[10]_inst_i_4/I0
    SLICE_X2Y14          LUT3 (Prop_lut3_I0_O)        0.124     7.270 f  cpu_inst/dot4acc_pipeline_inst/led_OBUF[10]_inst_i_4/O
                         net (fo=7, routed)           0.874     8.144    cpu_inst/dot4acc_pipeline_inst/mem_wb_reg_reg[reg_write]
    SLICE_X4Y15                                                       f  cpu_inst/dot4acc_pipeline_inst/ex_alu_result0_i_42/I0
    SLICE_X4Y15          LUT6 (Prop_lut6_I0_O)        0.124     8.268 r  cpu_inst/dot4acc_pipeline_inst/ex_alu_result0_i_42/O
                         net (fo=32, routed)          1.049     9.317    cpu_inst/data_mem_inst/ex_alu_result0_11
    SLICE_X9Y21                                                       r  cpu_inst/data_mem_inst/ex_alu_result0_i_4/I3
    SLICE_X9Y21          LUT5 (Prop_lut5_I3_O)        0.124     9.441 r  cpu_inst/data_mem_inst/ex_alu_result0_i_4/O
                         net (fo=2, routed)           0.596    10.038    cpu_inst/data_mem_inst/A[4]
    SLICE_X9Y18                                                       r  cpu_inst/data_mem_inst/product0_reg_reg_i_33/I0
    SLICE_X9Y18          LUT5 (Prop_lut5_I0_O)        0.124    10.162 r  cpu_inst/data_mem_inst/product0_reg_reg_i_33/O
                         net (fo=8, routed)           1.090    11.252    cpu_inst/data_mem_inst/ex_mem_reg[alu_result][7]_i_10_n_0
    SLICE_X8Y15                                                       r  cpu_inst/data_mem_inst/fetch_buffer_pc[31]_i_15/I0
    SLICE_X8Y15          LUT6 (Prop_lut6_I0_O)        0.124    11.376 r  cpu_inst/data_mem_inst/fetch_buffer_pc[31]_i_15/O
                         net (fo=1, routed)           0.000    11.376    cpu_inst/data_mem_inst/fetch_buffer_pc[31]_i_15_n_0
    SLICE_X8Y15                                                       r  cpu_inst/data_mem_inst/fetch_buffer_pc_reg[31]_i_8/S[1]
    SLICE_X8Y15          CARRY4 (Prop_carry4_S[1]_CO[3])
                                                      0.533    11.909 r  cpu_inst/data_mem_inst/fetch_buffer_pc_reg[31]_i_8/CO[3]
                         net (fo=1, routed)           0.000    11.909    cpu_inst/data_mem_inst/fetch_buffer_pc_reg[31]_i_8_n_0
    SLICE_X8Y16                                                       r  cpu_inst/data_mem_inst/fetch_buffer_pc_reg[31]_i_4/CI
    SLICE_X8Y16          CARRY4 (Prop_carry4_CI_CO[3])
                                                      0.117    12.026 r  cpu_inst/data_mem_inst/fetch_buffer_pc_reg[31]_i_4/CO[3]
                         net (fo=1, routed)           0.000    12.026    cpu_inst/data_mem_inst/fetch_buffer_pc_reg[31]_i_4_n_0
    SLICE_X8Y17                                                       r  cpu_inst/data_mem_inst/fetch_buffer_pc_reg[31]_i_2/CI
    SLICE_X8Y17          CARRY4 (Prop_carry4_CI_CO[2])
                                                      0.229    12.255 r  cpu_inst/data_mem_inst/fetch_buffer_pc_reg[31]_i_2/CO[2]
                         net (fo=23, routed)          0.450    12.704    cpu_inst/data_mem_inst/ex_branch_taken0
    SLICE_X10Y17                                                      r  cpu_inst/data_mem_inst/if_id_reg[pc][31]_i_4/I3
    SLICE_X10Y17         LUT4 (Prop_lut4_I3_O)        0.310    13.014 r  cpu_inst/data_mem_inst/if_id_reg[pc][31]_i_4/O
                         net (fo=42, routed)          0.507    13.521    cpu_inst/data_mem_inst/if_id_reg[pc][31]_i_4_n_0
    SLICE_X8Y18                                                       r  cpu_inst/data_mem_inst/load_overlap_reserved_i_2/I3
    SLICE_X8Y18          LUT6 (Prop_lut6_I3_O)        0.124    13.645 f  cpu_inst/data_mem_inst/load_overlap_reserved_i_2/O
                         net (fo=2, routed)           0.702    14.347    cpu_inst/data_mem_inst/load_overlap_allowed
    SLICE_X4Y16                                                       f  cpu_inst/data_mem_inst/instruction_reg_i_15/I2
    SLICE_X4Y16          LUT6 (Prop_lut6_I2_O)        0.124    14.471 r  cpu_inst/data_mem_inst/instruction_reg_i_15/O
                         net (fo=16, routed)          0.503    14.974    cpu_inst/data_mem_inst/instruction_reg_i_15_n_0
    SLICE_X3Y17                                                       r  cpu_inst/data_mem_inst/led_OBUF[12]_inst_i_2/I4
    SLICE_X3Y17          LUT6 (Prop_lut6_I4_O)        0.124    15.098 r  cpu_inst/data_mem_inst/led_OBUF[12]_inst_i_2/O
                         net (fo=5, routed)           0.612    15.710    cpu_inst/data_mem_inst/led_OBUF[12]_inst_i_2_n_0
    SLICE_X3Y18                                                       r  cpu_inst/data_mem_inst/fetch_pending_pc[31]_i_1/I2
    SLICE_X3Y18          LUT4 (Prop_lut4_I2_O)        0.124    15.834 r  cpu_inst/data_mem_inst/fetch_pending_pc[31]_i_1/O
                         net (fo=62, routed)          0.866    16.700    cpu_inst/data_mem_inst_n_35
    SLICE_X1Y23          FDRE                                         r  cpu_inst/fetch_pc_reg[29]/CE
  -------------------------------------------------------------------    -------------------

                         (clock sys_clk_pin rise edge)
                                                     10.000    10.000 r  <hidden>
    W5                                                0.000    10.000 r  clk
                         net (fo=0)                   0.000    10.000    clk
    W5                                                                r  clk_IBUF_inst/I
    W5                   IBUF (Prop_ibuf_I_O)         1.388    11.388 r  clk_IBUF_inst/O
                         net (fo=1, routed)           1.862    13.250    clk_IBUF
    BUFGCTRL_X0Y0                                                     r  clk_IBUF_BUFG_inst/I
    BUFGCTRL_X0Y0        BUFG (Prop_bufg_I_O)         0.091    13.341 r  clk_IBUF_BUFG_inst/O
                         net (fo=1821, routed)        1.504    14.845    cpu_inst/clk_IBUF_BUFG
    SLICE_X1Y23          FDRE                                         r  cpu_inst/fetch_pc_reg[29]/C
                         clock pessimism              0.274    15.119    <hidden>
                         clock uncertainty           -0.035    15.084    <hidden>
    SLICE_X1Y23          FDRE (Setup_fdre_C_CE)      -0.205    14.879    cpu_inst/fetch_pc_reg[29]
  -------------------------------------------------------------------
                         required time                         14.879    <hidden>
                         arrival time                         -16.700    <hidden>
  -------------------------------------------------------------------
                         slack                                 -1.821    <hidden>

Slack (VIOLATED) :        -1.821ns  (required time - arrival time)
  Source:                 cpu_inst/mem_wb_reg_reg[rd][2]/C
                            (rising edge-triggered cell FDRE clocked by sys_clk_pin  {rise@0.000ns fall@5.000ns period=10.000ns})
  Destination:            cpu_inst/fetch_pc_reg[30]/CE
                            (rising edge-triggered cell FDRE clocked by sys_clk_pin  {rise@0.000ns fall@5.000ns period=10.000ns})
  Path Group:             sys_clk_pin
  Path Type:              Setup (Max at Slow Process Corner)
  Requirement:            10.000ns  (sys_clk_pin rise@10.000ns - sys_clk_pin rise@0.000ns)
  Data Path Delay:        11.546ns  (logic 2.947ns (25.525%)  route 8.599ns (74.475%))
  Logic Levels:           14  (CARRY4=3 LUT3=1 LUT4=2 LUT5=3 LUT6=5)
  Clock Path Skew:        -0.035ns (DCD - SCD + CPR)
    Destination Clock Delay (DCD):    4.845ns = ( 14.845 - 10.000 ) 
    Source Clock Delay      (SCD):    5.154ns
    Clock Pessimism Removal (CPR):    0.274ns
  Clock Uncertainty:      0.035ns  ((TSJ^2 + TIJ^2)^1/2 + DJ) / 2 + PE
    Total System Jitter     (TSJ):    0.071ns
    Total Input Jitter      (TIJ):    0.000ns
    Discrete Jitter          (DJ):    0.000ns
    Phase Error              (PE):    0.000ns

    Location             Delay type                Incr(ns)  Path(ns)    Netlist Resource(s)
  -------------------------------------------------------------------    -------------------
                         (clock sys_clk_pin rise edge)
                                                      0.000     0.000 r  <hidden>
    W5                                                0.000     0.000 r  clk
                         net (fo=0)                   0.000     0.000    clk
    W5                                                                r  clk_IBUF_inst/I
    W5                   IBUF (Prop_ibuf_I_O)         1.458     1.458 r  clk_IBUF_inst/O
                         net (fo=1, routed)           1.967     3.425    clk_IBUF
    BUFGCTRL_X0Y0                                                     r  clk_IBUF_BUFG_inst/I
    BUFGCTRL_X0Y0        BUFG (Prop_bufg_I_O)         0.096     3.521 r  clk_IBUF_BUFG_inst/O
                         net (fo=1821, routed)        1.633     5.154    cpu_inst/clk_IBUF_BUFG
    SLICE_X2Y14          FDRE                                         r  cpu_inst/mem_wb_reg_reg[rd][2]/C
  -------------------------------------------------------------------    -------------------
    SLICE_X2Y14          FDRE (Prop_fdre_C_Q)         0.518     5.672 f  cpu_inst/mem_wb_reg_reg[rd][2]/Q
                         net (fo=17, routed)          0.884     6.556    cpu_inst/dot4acc_pipeline_inst/product0_reg_reg_i_39_0[2]
    SLICE_X2Y14                                                       f  cpu_inst/dot4acc_pipeline_inst/led_OBUF[10]_inst_i_7/I2
    SLICE_X2Y14          LUT5 (Prop_lut5_I2_O)        0.124     6.680 f  cpu_inst/dot4acc_pipeline_inst/led_OBUF[10]_inst_i_7/O
                         net (fo=1, routed)           0.466     7.146    cpu_inst/dot4acc_pipeline_inst/led_OBUF[10]_inst_i_7_n_0
    SLICE_X2Y14                                                       f  cpu_inst/dot4acc_pipeline_inst/led_OBUF[10]_inst_i_4/I0
    SLICE_X2Y14          LUT3 (Prop_lut3_I0_O)        0.124     7.270 f  cpu_inst/dot4acc_pipeline_inst/led_OBUF[10]_inst_i_4/O
                         net (fo=7, routed)           0.874     8.144    cpu_inst/dot4acc_pipeline_inst/mem_wb_reg_reg[reg_write]
    SLICE_X4Y15                                                       f  cpu_inst/dot4acc_pipeline_inst/ex_alu_result0_i_42/I0
    SLICE_X4Y15          LUT6 (Prop_lut6_I0_O)        0.124     8.268 r  cpu_inst/dot4acc_pipeline_inst/ex_alu_result0_i_42/O
                         net (fo=32, routed)          1.049     9.317    cpu_inst/data_mem_inst/ex_alu_result0_11
    SLICE_X9Y21                                                       r  cpu_inst/data_mem_inst/ex_alu_result0_i_4/I3
    SLICE_X9Y21          LUT5 (Prop_lut5_I3_O)        0.124     9.441 r  cpu_inst/data_mem_inst/ex_alu_result0_i_4/O
                         net (fo=2, routed)           0.596    10.038    cpu_inst/data_mem_inst/A[4]
    SLICE_X9Y18                                                       r  cpu_inst/data_mem_inst/product0_reg_reg_i_33/I0
    SLICE_X9Y18          LUT5 (Prop_lut5_I0_O)        0.124    10.162 r  cpu_inst/data_mem_inst/product0_reg_reg_i_33/O
                         net (fo=8, routed)           1.090    11.252    cpu_inst/data_mem_inst/ex_mem_reg[alu_result][7]_i_10_n_0
    SLICE_X8Y15                                                       r  cpu_inst/data_mem_inst/fetch_buffer_pc[31]_i_15/I0
    SLICE_X8Y15          LUT6 (Prop_lut6_I0_O)        0.124    11.376 r  cpu_inst/data_mem_inst/fetch_buffer_pc[31]_i_15/O
                         net (fo=1, routed)           0.000    11.376    cpu_inst/data_mem_inst/fetch_buffer_pc[31]_i_15_n_0
    SLICE_X8Y15                                                       r  cpu_inst/data_mem_inst/fetch_buffer_pc_reg[31]_i_8/S[1]
    SLICE_X8Y15          CARRY4 (Prop_carry4_S[1]_CO[3])
                                                      0.533    11.909 r  cpu_inst/data_mem_inst/fetch_buffer_pc_reg[31]_i_8/CO[3]
                         net (fo=1, routed)           0.000    11.909    cpu_inst/data_mem_inst/fetch_buffer_pc_reg[31]_i_8_n_0
    SLICE_X8Y16                                                       r  cpu_inst/data_mem_inst/fetch_buffer_pc_reg[31]_i_4/CI
    SLICE_X8Y16          CARRY4 (Prop_carry4_CI_CO[3])
                                                      0.117    12.026 r  cpu_inst/data_mem_inst/fetch_buffer_pc_reg[31]_i_4/CO[3]
                         net (fo=1, routed)           0.000    12.026    cpu_inst/data_mem_inst/fetch_buffer_pc_reg[31]_i_4_n_0
    SLICE_X8Y17                                                       r  cpu_inst/data_mem_inst/fetch_buffer_pc_reg[31]_i_2/CI
    SLICE_X8Y17          CARRY4 (Prop_carry4_CI_CO[2])
                                                      0.229    12.255 r  cpu_inst/data_mem_inst/fetch_buffer_pc_reg[31]_i_2/CO[2]
                         net (fo=23, routed)          0.450    12.704    cpu_inst/data_mem_inst/ex_branch_taken0
    SLICE_X10Y17                                                      r  cpu_inst/data_mem_inst/if_id_reg[pc][31]_i_4/I3
    SLICE_X10Y17         LUT4 (Prop_lut4_I3_O)        0.310    13.014 r  cpu_inst/data_mem_inst/if_id_reg[pc][31]_i_4/O
                         net (fo=42, routed)          0.507    13.521    cpu_inst/data_mem_inst/if_id_reg[pc][31]_i_4_n_0
    SLICE_X8Y18                                                       r  cpu_inst/data_mem_inst/load_overlap_reserved_i_2/I3
    SLICE_X8Y18          LUT6 (Prop_lut6_I3_O)        0.124    13.645 f  cpu_inst/data_mem_inst/load_overlap_reserved_i_2/O
                         net (fo=2, routed)           0.702    14.347    cpu_inst/data_mem_inst/load_overlap_allowed
    SLICE_X4Y16                                                       f  cpu_inst/data_mem_inst/instruction_reg_i_15/I2
    SLICE_X4Y16          LUT6 (Prop_lut6_I2_O)        0.124    14.471 r  cpu_inst/data_mem_inst/instruction_reg_i_15/O
                         net (fo=16, routed)          0.503    14.974    cpu_inst/data_mem_inst/instruction_reg_i_15_n_0
    SLICE_X3Y17                                                       r  cpu_inst/data_mem_inst/led_OBUF[12]_inst_i_2/I4
    SLICE_X3Y17          LUT6 (Prop_lut6_I4_O)        0.124    15.098 r  cpu_inst/data_mem_inst/led_OBUF[12]_inst_i_2/O
                         net (fo=5, routed)           0.612    15.710    cpu_inst/data_mem_inst/led_OBUF[12]_inst_i_2_n_0
    SLICE_X3Y18                                                       r  cpu_inst/data_mem_inst/fetch_pending_pc[31]_i_1/I2
    SLICE_X3Y18          LUT4 (Prop_lut4_I2_O)        0.124    15.834 r  cpu_inst/data_mem_inst/fetch_pending_pc[31]_i_1/O
                         net (fo=62, routed)          0.866    16.700    cpu_inst/data_mem_inst_n_35
    SLICE_X1Y23          FDRE                                         r  cpu_inst/fetch_pc_reg[30]/CE
  -------------------------------------------------------------------    -------------------

                         (clock sys_clk_pin rise edge)
                                                     10.000    10.000 r  <hidden>
    W5                                                0.000    10.000 r  clk
                         net (fo=0)                   0.000    10.000    clk
    W5                                                                r  clk_IBUF_inst/I
    W5                   IBUF (Prop_ibuf_I_O)         1.388    11.388 r  clk_IBUF_inst/O
                         net (fo=1, routed)           1.862    13.250    clk_IBUF
    BUFGCTRL_X0Y0                                                     r  clk_IBUF_BUFG_inst/I
    BUFGCTRL_X0Y0        BUFG (Prop_bufg_I_O)         0.091    13.341 r  clk_IBUF_BUFG_inst/O
                         net (fo=1821, routed)        1.504    14.845    cpu_inst/clk_IBUF_BUFG
    SLICE_X1Y23          FDRE                                         r  cpu_inst/fetch_pc_reg[30]/C
                         clock pessimism              0.274    15.119    <hidden>
                         clock uncertainty           -0.035    15.084    <hidden>
    SLICE_X1Y23          FDRE (Setup_fdre_C_CE)      -0.205    14.879    cpu_inst/fetch_pc_reg[30]
  -------------------------------------------------------------------
                         required time                         14.879    <hidden>
                         arrival time                         -16.700    <hidden>
  -------------------------------------------------------------------
                         slack                                 -1.821    <hidden>

Slack (VIOLATED) :        -1.821ns  (required time - arrival time)
  Source:                 cpu_inst/mem_wb_reg_reg[rd][2]/C
                            (rising edge-triggered cell FDRE clocked by sys_clk_pin  {rise@0.000ns fall@5.000ns period=10.000ns})
  Destination:            cpu_inst/fetch_pc_reg[31]/CE
                            (rising edge-triggered cell FDRE clocked by sys_clk_pin  {rise@0.000ns fall@5.000ns period=10.000ns})
  Path Group:             sys_clk_pin
  Path Type:              Setup (Max at Slow Process Corner)
  Requirement:            10.000ns  (sys_clk_pin rise@10.000ns - sys_clk_pin rise@0.000ns)
  Data Path Delay:        11.546ns  (logic 2.947ns (25.525%)  route 8.599ns (74.475%))
  Logic Levels:           14  (CARRY4=3 LUT3=1 LUT4=2 LUT5=3 LUT6=5)
  Clock Path Skew:        -0.035ns (DCD - SCD + CPR)
    Destination Clock Delay (DCD):    4.845ns = ( 14.845 - 10.000 ) 
    Source Clock Delay      (SCD):    5.154ns
    Clock Pessimism Removal (CPR):    0.274ns
  Clock Uncertainty:      0.035ns  ((TSJ^2 + TIJ^2)^1/2 + DJ) / 2 + PE
    Total System Jitter     (TSJ):    0.071ns
    Total Input Jitter      (TIJ):    0.000ns
    Discrete Jitter          (DJ):    0.000ns
    Phase Error              (PE):    0.000ns

    Location             Delay type                Incr(ns)  Path(ns)    Netlist Resource(s)
  -------------------------------------------------------------------    -------------------
                         (clock sys_clk_pin rise edge)
                                                      0.000     0.000 r  <hidden>
    W5                                                0.000     0.000 r  clk
                         net (fo=0)                   0.000     0.000    clk
    W5                                                                r  clk_IBUF_inst/I
    W5                   IBUF (Prop_ibuf_I_O)         1.458     1.458 r  clk_IBUF_inst/O
                         net (fo=1, routed)           1.967     3.425    clk_IBUF
    BUFGCTRL_X0Y0                                                     r  clk_IBUF_BUFG_inst/I
    BUFGCTRL_X0Y0        BUFG (Prop_bufg_I_O)         0.096     3.521 r  clk_IBUF_BUFG_inst/O
                         net (fo=1821, routed)        1.633     5.154    cpu_inst/clk_IBUF_BUFG
    SLICE_X2Y14          FDRE                                         r  cpu_inst/mem_wb_reg_reg[rd][2]/C
  -------------------------------------------------------------------    -------------------
    SLICE_X2Y14          FDRE (Prop_fdre_C_Q)         0.518     5.672 f  cpu_inst/mem_wb_reg_reg[rd][2]/Q
                         net (fo=17, routed)          0.884     6.556    cpu_inst/dot4acc_pipeline_inst/product0_reg_reg_i_39_0[2]
    SLICE_X2Y14                                                       f  cpu_inst/dot4acc_pipeline_inst/led_OBUF[10]_inst_i_7/I2
    SLICE_X2Y14          LUT5 (Prop_lut5_I2_O)        0.124     6.680 f  cpu_inst/dot4acc_pipeline_inst/led_OBUF[10]_inst_i_7/O
                         net (fo=1, routed)           0.466     7.146    cpu_inst/dot4acc_pipeline_inst/led_OBUF[10]_inst_i_7_n_0
    SLICE_X2Y14                                                       f  cpu_inst/dot4acc_pipeline_inst/led_OBUF[10]_inst_i_4/I0
    SLICE_X2Y14          LUT3 (Prop_lut3_I0_O)        0.124     7.270 f  cpu_inst/dot4acc_pipeline_inst/led_OBUF[10]_inst_i_4/O
                         net (fo=7, routed)           0.874     8.144    cpu_inst/dot4acc_pipeline_inst/mem_wb_reg_reg[reg_write]
    SLICE_X4Y15                                                       f  cpu_inst/dot4acc_pipeline_inst/ex_alu_result0_i_42/I0
    SLICE_X4Y15          LUT6 (Prop_lut6_I0_O)        0.124     8.268 r  cpu_inst/dot4acc_pipeline_inst/ex_alu_result0_i_42/O
                         net (fo=32, routed)          1.049     9.317    cpu_inst/data_mem_inst/ex_alu_result0_11
    SLICE_X9Y21                                                       r  cpu_inst/data_mem_inst/ex_alu_result0_i_4/I3
    SLICE_X9Y21          LUT5 (Prop_lut5_I3_O)        0.124     9.441 r  cpu_inst/data_mem_inst/ex_alu_result0_i_4/O
                         net (fo=2, routed)           0.596    10.038    cpu_inst/data_mem_inst/A[4]
    SLICE_X9Y18                                                       r  cpu_inst/data_mem_inst/product0_reg_reg_i_33/I0
    SLICE_X9Y18          LUT5 (Prop_lut5_I0_O)        0.124    10.162 r  cpu_inst/data_mem_inst/product0_reg_reg_i_33/O
                         net (fo=8, routed)           1.090    11.252    cpu_inst/data_mem_inst/ex_mem_reg[alu_result][7]_i_10_n_0
    SLICE_X8Y15                                                       r  cpu_inst/data_mem_inst/fetch_buffer_pc[31]_i_15/I0
    SLICE_X8Y15          LUT6 (Prop_lut6_I0_O)        0.124    11.376 r  cpu_inst/data_mem_inst/fetch_buffer_pc[31]_i_15/O
                         net (fo=1, routed)           0.000    11.376    cpu_inst/data_mem_inst/fetch_buffer_pc[31]_i_15_n_0
    SLICE_X8Y15                                                       r  cpu_inst/data_mem_inst/fetch_buffer_pc_reg[31]_i_8/S[1]
    SLICE_X8Y15          CARRY4 (Prop_carry4_S[1]_CO[3])
                                                      0.533    11.909 r  cpu_inst/data_mem_inst/fetch_buffer_pc_reg[31]_i_8/CO[3]
                         net (fo=1, routed)           0.000    11.909    cpu_inst/data_mem_inst/fetch_buffer_pc_reg[31]_i_8_n_0
    SLICE_X8Y16                                                       r  cpu_inst/data_mem_inst/fetch_buffer_pc_reg[31]_i_4/CI
    SLICE_X8Y16          CARRY4 (Prop_carry4_CI_CO[3])
                                                      0.117    12.026 r  cpu_inst/data_mem_inst/fetch_buffer_pc_reg[31]_i_4/CO[3]
                         net (fo=1, routed)           0.000    12.026    cpu_inst/data_mem_inst/fetch_buffer_pc_reg[31]_i_4_n_0
    SLICE_X8Y17                                                       r  cpu_inst/data_mem_inst/fetch_buffer_pc_reg[31]_i_2/CI
    SLICE_X8Y17          CARRY4 (Prop_carry4_CI_CO[2])
                                                      0.229    12.255 r  cpu_inst/data_mem_inst/fetch_buffer_pc_reg[31]_i_2/CO[2]
                         net (fo=23, routed)          0.450    12.704    cpu_inst/data_mem_inst/ex_branch_taken0
    SLICE_X10Y17                                                      r  cpu_inst/data_mem_inst/if_id_reg[pc][31]_i_4/I3
    SLICE_X10Y17         LUT4 (Prop_lut4_I3_O)        0.310    13.014 r  cpu_inst/data_mem_inst/if_id_reg[pc][31]_i_4/O
                         net (fo=42, routed)          0.507    13.521    cpu_inst/data_mem_inst/if_id_reg[pc][31]_i_4_n_0
    SLICE_X8Y18                                                       r  cpu_inst/data_mem_inst/load_overlap_reserved_i_2/I3
    SLICE_X8Y18          LUT6 (Prop_lut6_I3_O)        0.124    13.645 f  cpu_inst/data_mem_inst/load_overlap_reserved_i_2/O
                         net (fo=2, routed)           0.702    14.347    cpu_inst/data_mem_inst/load_overlap_allowed
    SLICE_X4Y16                                                       f  cpu_inst/data_mem_inst/instruction_reg_i_15/I2
    SLICE_X4Y16          LUT6 (Prop_lut6_I2_O)        0.124    14.471 r  cpu_inst/data_mem_inst/instruction_reg_i_15/O
                         net (fo=16, routed)          0.503    14.974    cpu_inst/data_mem_inst/instruction_reg_i_15_n_0
    SLICE_X3Y17                                                       r  cpu_inst/data_mem_inst/led_OBUF[12]_inst_i_2/I4
    SLICE_X3Y17          LUT6 (Prop_lut6_I4_O)        0.124    15.098 r  cpu_inst/data_mem_inst/led_OBUF[12]_inst_i_2/O
                         net (fo=5, routed)           0.612    15.710    cpu_inst/data_mem_inst/led_OBUF[12]_inst_i_2_n_0
    SLICE_X3Y18                                                       r  cpu_inst/data_mem_inst/fetch_pending_pc[31]_i_1/I2
    SLICE_X3Y18          LUT4 (Prop_lut4_I2_O)        0.124    15.834 r  cpu_inst/data_mem_inst/fetch_pending_pc[31]_i_1/O
                         net (fo=62, routed)          0.866    16.700    cpu_inst/data_mem_inst_n_35
    SLICE_X1Y23          FDRE                                         r  cpu_inst/fetch_pc_reg[31]/CE
  -------------------------------------------------------------------    -------------------

                         (clock sys_clk_pin rise edge)
                                                     10.000    10.000 r  <hidden>
    W5                                                0.000    10.000 r  clk
                         net (fo=0)                   0.000    10.000    clk
    W5                                                                r  clk_IBUF_inst/I
    W5                   IBUF (Prop_ibuf_I_O)         1.388    11.388 r  clk_IBUF_inst/O
                         net (fo=1, routed)           1.862    13.250    clk_IBUF
    BUFGCTRL_X0Y0                                                     r  clk_IBUF_BUFG_inst/I
    BUFGCTRL_X0Y0        BUFG (Prop_bufg_I_O)         0.091    13.341 r  clk_IBUF_BUFG_inst/O
                         net (fo=1821, routed)        1.504    14.845    cpu_inst/clk_IBUF_BUFG
    SLICE_X1Y23          FDRE                                         r  cpu_inst/fetch_pc_reg[31]/C
                         clock pessimism              0.274    15.119    <hidden>
                         clock uncertainty           -0.035    15.084    <hidden>
    SLICE_X1Y23          FDRE (Setup_fdre_C_CE)      -0.205    14.879    cpu_inst/fetch_pc_reg[31]
  -------------------------------------------------------------------
                         required time                         14.879    <hidden>
                         arrival time                         -16.700    <hidden>
  -------------------------------------------------------------------
                         slack                                 -1.821    <hidden>

Slack (VIOLATED) :        -1.789ns  (required time - arrival time)
  Source:                 cpu_inst/mem_wb_reg_reg[rd][2]/C
                            (rising edge-triggered cell FDRE clocked by sys_clk_pin  {rise@0.000ns fall@5.000ns period=10.000ns})
  Destination:            cpu_inst/id_ex_reg_reg[operand_a][11]/R
                            (rising edge-triggered cell FDRE clocked by sys_clk_pin  {rise@0.000ns fall@5.000ns period=10.000ns})
  Path Group:             sys_clk_pin
  Path Type:              Setup (Max at Slow Process Corner)
  Requirement:            10.000ns  (sys_clk_pin rise@10.000ns - sys_clk_pin rise@0.000ns)
  Data Path Delay:        11.278ns  (logic 2.947ns (26.131%)  route 8.331ns (73.869%))
  Logic Levels:           14  (CARRY4=3 LUT3=1 LUT5=5 LUT6=5)
  Clock Path Skew:        -0.047ns (DCD - SCD + CPR)
    Destination Clock Delay (DCD):    4.847ns = ( 14.847 - 10.000 ) 
    Source Clock Delay      (SCD):    5.154ns
    Clock Pessimism Removal (CPR):    0.260ns
  Clock Uncertainty:      0.035ns  ((TSJ^2 + TIJ^2)^1/2 + DJ) / 2 + PE
    Total System Jitter     (TSJ):    0.071ns
    Total Input Jitter      (TIJ):    0.000ns
    Discrete Jitter          (DJ):    0.000ns
    Phase Error              (PE):    0.000ns

    Location             Delay type                Incr(ns)  Path(ns)    Netlist Resource(s)
  -------------------------------------------------------------------    -------------------
                         (clock sys_clk_pin rise edge)
                                                      0.000     0.000 r  <hidden>
    W5                                                0.000     0.000 r  clk
                         net (fo=0)                   0.000     0.000    clk
    W5                                                                r  clk_IBUF_inst/I
    W5                   IBUF (Prop_ibuf_I_O)         1.458     1.458 r  clk_IBUF_inst/O
                         net (fo=1, routed)           1.967     3.425    clk_IBUF
    BUFGCTRL_X0Y0                                                     r  clk_IBUF_BUFG_inst/I
    BUFGCTRL_X0Y0        BUFG (Prop_bufg_I_O)         0.096     3.521 r  clk_IBUF_BUFG_inst/O
                         net (fo=1821, routed)        1.633     5.154    cpu_inst/clk_IBUF_BUFG
    SLICE_X2Y14          FDRE                                         r  cpu_inst/mem_wb_reg_reg[rd][2]/C
  -------------------------------------------------------------------    -------------------
    SLICE_X2Y14          FDRE (Prop_fdre_C_Q)         0.518     5.672 f  cpu_inst/mem_wb_reg_reg[rd][2]/Q
                         net (fo=17, routed)          0.884     6.556    cpu_inst/dot4acc_pipeline_inst/product0_reg_reg_i_39_0[2]
    SLICE_X2Y14                                                       f  cpu_inst/dot4acc_pipeline_inst/led_OBUF[10]_inst_i_7/I2
    SLICE_X2Y14          LUT5 (Prop_lut5_I2_O)        0.124     6.680 f  cpu_inst/dot4acc_pipeline_inst/led_OBUF[10]_inst_i_7/O
                         net (fo=1, routed)           0.466     7.146    cpu_inst/dot4acc_pipeline_inst/led_OBUF[10]_inst_i_7_n_0
    SLICE_X2Y14                                                       f  cpu_inst/dot4acc_pipeline_inst/led_OBUF[10]_inst_i_4/I0
    SLICE_X2Y14          LUT3 (Prop_lut3_I0_O)        0.124     7.270 f  cpu_inst/dot4acc_pipeline_inst/led_OBUF[10]_inst_i_4/O
                         net (fo=7, routed)           0.874     8.144    cpu_inst/dot4acc_pipeline_inst/mem_wb_reg_reg[reg_write]
    SLICE_X4Y15                                                       f  cpu_inst/dot4acc_pipeline_inst/ex_alu_result0_i_42/I0
    SLICE_X4Y15          LUT6 (Prop_lut6_I0_O)        0.124     8.268 r  cpu_inst/dot4acc_pipeline_inst/ex_alu_result0_i_42/O
                         net (fo=32, routed)          1.049     9.317    cpu_inst/data_mem_inst/ex_alu_result0_11
    SLICE_X9Y21                                                       r  cpu_inst/data_mem_inst/ex_alu_result0_i_4/I3
    SLICE_X9Y21          LUT5 (Prop_lut5_I3_O)        0.124     9.441 r  cpu_inst/data_mem_inst/ex_alu_result0_i_4/O
                         net (fo=2, routed)           0.596    10.038    cpu_inst/data_mem_inst/A[4]
    SLICE_X9Y18                                                       r  cpu_inst/data_mem_inst/product0_reg_reg_i_33/I0
    SLICE_X9Y18          LUT5 (Prop_lut5_I0_O)        0.124    10.162 r  cpu_inst/data_mem_inst/product0_reg_reg_i_33/O
                         net (fo=8, routed)           1.090    11.252    cpu_inst/data_mem_inst/ex_mem_reg[alu_result][7]_i_10_n_0
    SLICE_X8Y15                                                       r  cpu_inst/data_mem_inst/fetch_buffer_pc[31]_i_15/I0
    SLICE_X8Y15          LUT6 (Prop_lut6_I0_O)        0.124    11.376 r  cpu_inst/data_mem_inst/fetch_buffer_pc[31]_i_15/O
                         net (fo=1, routed)           0.000    11.376    cpu_inst/data_mem_inst/fetch_buffer_pc[31]_i_15_n_0
    SLICE_X8Y15                                                       r  cpu_inst/data_mem_inst/fetch_buffer_pc_reg[31]_i_8/S[1]
    SLICE_X8Y15          CARRY4 (Prop_carry4_S[1]_CO[3])
                                                      0.533    11.909 r  cpu_inst/data_mem_inst/fetch_buffer_pc_reg[31]_i_8/CO[3]
                         net (fo=1, routed)           0.000    11.909    cpu_inst/data_mem_inst/fetch_buffer_pc_reg[31]_i_8_n_0
    SLICE_X8Y16                                                       r  cpu_inst/data_mem_inst/fetch_buffer_pc_reg[31]_i_4/CI
    SLICE_X8Y16          CARRY4 (Prop_carry4_CI_CO[3])
                                                      0.117    12.026 r  cpu_inst/data_mem_inst/fetch_buffer_pc_reg[31]_i_4/CO[3]
                         net (fo=1, routed)           0.000    12.026    cpu_inst/data_mem_inst/fetch_buffer_pc_reg[31]_i_4_n_0
    SLICE_X8Y17                                                       r  cpu_inst/data_mem_inst/fetch_buffer_pc_reg[31]_i_2/CI
    SLICE_X8Y17          CARRY4 (Prop_carry4_CI_CO[2])
                                                      0.229    12.255 f  cpu_inst/data_mem_inst/fetch_buffer_pc_reg[31]_i_2/CO[2]
                         net (fo=23, routed)          0.902    13.156    cpu_inst/data_mem_inst/ex_branch_taken0
    SLICE_X4Y13                                                       f  cpu_inst/data_mem_inst/instruction_reg_i_33/I0
    SLICE_X4Y13          LUT6 (Prop_lut6_I0_O)        0.310    13.466 f  cpu_inst/data_mem_inst/instruction_reg_i_33/O
                         net (fo=1, routed)           0.159    13.625    cpu_inst/data_mem_inst/instruction_reg_i_33_n_0
    SLICE_X4Y13                                                       f  cpu_inst/data_mem_inst/instruction_reg_i_27/I3
    SLICE_X4Y13          LUT5 (Prop_lut5_I3_O)        0.124    13.749 f  cpu_inst/data_mem_inst/instruction_reg_i_27/O
                         net (fo=4, routed)           0.669    14.418    cpu_inst/data_mem_inst/instruction_reg_i_27_n_0
    SLICE_X4Y21                                                       f  cpu_inst/data_mem_inst/id_ex_reg[pc][31]_i_7/I1
    SLICE_X4Y21          LUT6 (Prop_lut6_I1_O)        0.124    14.542 r  cpu_inst/data_mem_inst/id_ex_reg[pc][31]_i_7/O
                         net (fo=5, routed)           0.306    14.847    cpu_inst/data_mem_inst/id_ex_reg42_out
    SLICE_X4Y21                                                       r  cpu_inst/data_mem_inst/id_ex_reg[operand_b][31]_i_1/I3
    SLICE_X4Y21          LUT5 (Prop_lut5_I3_O)        0.124    14.971 r  cpu_inst/data_mem_inst/id_ex_reg[operand_b][31]_i_1/O
                         net (fo=98, routed)          0.577    15.548    cpu_inst/data_mem_inst/id_ex_reg_reg[valid]
    SLICE_X7Y22                                                       r  cpu_inst/data_mem_inst/id_ex_reg[operand_a][31]_i_1/I0
    SLICE_X7Y22          LUT6 (Prop_lut6_I0_O)        0.124    15.672 r  cpu_inst/data_mem_inst/id_ex_reg[operand_a][31]_i_1/O
                         net (fo=32, routed)          0.760    16.432    cpu_inst/data_mem_inst_n_2
    SLICE_X5Y30          FDRE                                         r  cpu_inst/id_ex_reg_reg[operand_a][11]/R
  -------------------------------------------------------------------    -------------------

                         (clock sys_clk_pin rise edge)
                                                     10.000    10.000 r  <hidden>
    W5                                                0.000    10.000 r  clk
                         net (fo=0)                   0.000    10.000    clk
    W5                                                                r  clk_IBUF_inst/I
    W5                   IBUF (Prop_ibuf_I_O)         1.388    11.388 r  clk_IBUF_inst/O
                         net (fo=1, routed)           1.862    13.250    clk_IBUF
    BUFGCTRL_X0Y0                                                     r  clk_IBUF_BUFG_inst/I
    BUFGCTRL_X0Y0        BUFG (Prop_bufg_I_O)         0.091    13.341 r  clk_IBUF_BUFG_inst/O
                         net (fo=1821, routed)        1.506    14.847    cpu_inst/clk_IBUF_BUFG
    SLICE_X5Y30          FDRE                                         r  cpu_inst/id_ex_reg_reg[operand_a][11]/C
                         clock pessimism              0.260    15.107    <hidden>
                         clock uncertainty           -0.035    15.072    <hidden>
    SLICE_X5Y30          FDRE (Setup_fdre_C_R)       -0.429    14.643    cpu_inst/id_ex_reg_reg[operand_a][11]
  -------------------------------------------------------------------
                         required time                         14.643    <hidden>
                         arrival time                         -16.432    <hidden>
  -------------------------------------------------------------------
                         slack                                 -1.789    <hidden>

Slack (VIOLATED) :        -1.789ns  (required time - arrival time)
  Source:                 cpu_inst/mem_wb_reg_reg[rd][2]/C
                            (rising edge-triggered cell FDRE clocked by sys_clk_pin  {rise@0.000ns fall@5.000ns period=10.000ns})
  Destination:            cpu_inst/id_ex_reg_reg[operand_a][13]/R
                            (rising edge-triggered cell FDRE clocked by sys_clk_pin  {rise@0.000ns fall@5.000ns period=10.000ns})
  Path Group:             sys_clk_pin
  Path Type:              Setup (Max at Slow Process Corner)
  Requirement:            10.000ns  (sys_clk_pin rise@10.000ns - sys_clk_pin rise@0.000ns)
  Data Path Delay:        11.278ns  (logic 2.947ns (26.131%)  route 8.331ns (73.869%))
  Logic Levels:           14  (CARRY4=3 LUT3=1 LUT5=5 LUT6=5)
  Clock Path Skew:        -0.047ns (DCD - SCD + CPR)
    Destination Clock Delay (DCD):    4.847ns = ( 14.847 - 10.000 ) 
    Source Clock Delay      (SCD):    5.154ns
    Clock Pessimism Removal (CPR):    0.260ns
  Clock Uncertainty:      0.035ns  ((TSJ^2 + TIJ^2)^1/2 + DJ) / 2 + PE
    Total System Jitter     (TSJ):    0.071ns
    Total Input Jitter      (TIJ):    0.000ns
    Discrete Jitter          (DJ):    0.000ns
    Phase Error              (PE):    0.000ns

    Location             Delay type                Incr(ns)  Path(ns)    Netlist Resource(s)
  -------------------------------------------------------------------    -------------------
                         (clock sys_clk_pin rise edge)
                                                      0.000     0.000 r  <hidden>
    W5                                                0.000     0.000 r  clk
                         net (fo=0)                   0.000     0.000    clk
    W5                                                                r  clk_IBUF_inst/I
    W5                   IBUF (Prop_ibuf_I_O)         1.458     1.458 r  clk_IBUF_inst/O
                         net (fo=1, routed)           1.967     3.425    clk_IBUF
    BUFGCTRL_X0Y0                                                     r  clk_IBUF_BUFG_inst/I
    BUFGCTRL_X0Y0        BUFG (Prop_bufg_I_O)         0.096     3.521 r  clk_IBUF_BUFG_inst/O
                         net (fo=1821, routed)        1.633     5.154    cpu_inst/clk_IBUF_BUFG
    SLICE_X2Y14          FDRE                                         r  cpu_inst/mem_wb_reg_reg[rd][2]/C
  -------------------------------------------------------------------    -------------------
    SLICE_X2Y14          FDRE (Prop_fdre_C_Q)         0.518     5.672 f  cpu_inst/mem_wb_reg_reg[rd][2]/Q
                         net (fo=17, routed)          0.884     6.556    cpu_inst/dot4acc_pipeline_inst/product0_reg_reg_i_39_0[2]
    SLICE_X2Y14                                                       f  cpu_inst/dot4acc_pipeline_inst/led_OBUF[10]_inst_i_7/I2
    SLICE_X2Y14          LUT5 (Prop_lut5_I2_O)        0.124     6.680 f  cpu_inst/dot4acc_pipeline_inst/led_OBUF[10]_inst_i_7/O
                         net (fo=1, routed)           0.466     7.146    cpu_inst/dot4acc_pipeline_inst/led_OBUF[10]_inst_i_7_n_0
    SLICE_X2Y14                                                       f  cpu_inst/dot4acc_pipeline_inst/led_OBUF[10]_inst_i_4/I0
    SLICE_X2Y14          LUT3 (Prop_lut3_I0_O)        0.124     7.270 f  cpu_inst/dot4acc_pipeline_inst/led_OBUF[10]_inst_i_4/O
                         net (fo=7, routed)           0.874     8.144    cpu_inst/dot4acc_pipeline_inst/mem_wb_reg_reg[reg_write]
    SLICE_X4Y15                                                       f  cpu_inst/dot4acc_pipeline_inst/ex_alu_result0_i_42/I0
    SLICE_X4Y15          LUT6 (Prop_lut6_I0_O)        0.124     8.268 r  cpu_inst/dot4acc_pipeline_inst/ex_alu_result0_i_42/O
                         net (fo=32, routed)          1.049     9.317    cpu_inst/data_mem_inst/ex_alu_result0_11
    SLICE_X9Y21                                                       r  cpu_inst/data_mem_inst/ex_alu_result0_i_4/I3
    SLICE_X9Y21          LUT5 (Prop_lut5_I3_O)        0.124     9.441 r  cpu_inst/data_mem_inst/ex_alu_result0_i_4/O
                         net (fo=2, routed)           0.596    10.038    cpu_inst/data_mem_inst/A[4]
    SLICE_X9Y18                                                       r  cpu_inst/data_mem_inst/product0_reg_reg_i_33/I0
    SLICE_X9Y18          LUT5 (Prop_lut5_I0_O)        0.124    10.162 r  cpu_inst/data_mem_inst/product0_reg_reg_i_33/O
                         net (fo=8, routed)           1.090    11.252    cpu_inst/data_mem_inst/ex_mem_reg[alu_result][7]_i_10_n_0
    SLICE_X8Y15                                                       r  cpu_inst/data_mem_inst/fetch_buffer_pc[31]_i_15/I0
    SLICE_X8Y15          LUT6 (Prop_lut6_I0_O)        0.124    11.376 r  cpu_inst/data_mem_inst/fetch_buffer_pc[31]_i_15/O
                         net (fo=1, routed)           0.000    11.376    cpu_inst/data_mem_inst/fetch_buffer_pc[31]_i_15_n_0
    SLICE_X8Y15                                                       r  cpu_inst/data_mem_inst/fetch_buffer_pc_reg[31]_i_8/S[1]
    SLICE_X8Y15          CARRY4 (Prop_carry4_S[1]_CO[3])
                                                      0.533    11.909 r  cpu_inst/data_mem_inst/fetch_buffer_pc_reg[31]_i_8/CO[3]
                         net (fo=1, routed)           0.000    11.909    cpu_inst/data_mem_inst/fetch_buffer_pc_reg[31]_i_8_n_0
    SLICE_X8Y16                                                       r  cpu_inst/data_mem_inst/fetch_buffer_pc_reg[31]_i_4/CI
    SLICE_X8Y16          CARRY4 (Prop_carry4_CI_CO[3])
                                                      0.117    12.026 r  cpu_inst/data_mem_inst/fetch_buffer_pc_reg[31]_i_4/CO[3]
                         net (fo=1, routed)           0.000    12.026    cpu_inst/data_mem_inst/fetch_buffer_pc_reg[31]_i_4_n_0
    SLICE_X8Y17                                                       r  cpu_inst/data_mem_inst/fetch_buffer_pc_reg[31]_i_2/CI
    SLICE_X8Y17          CARRY4 (Prop_carry4_CI_CO[2])
                                                      0.229    12.255 f  cpu_inst/data_mem_inst/fetch_buffer_pc_reg[31]_i_2/CO[2]
                         net (fo=23, routed)          0.902    13.156    cpu_inst/data_mem_inst/ex_branch_taken0
    SLICE_X4Y13                                                       f  cpu_inst/data_mem_inst/instruction_reg_i_33/I0
    SLICE_X4Y13          LUT6 (Prop_lut6_I0_O)        0.310    13.466 f  cpu_inst/data_mem_inst/instruction_reg_i_33/O
                         net (fo=1, routed)           0.159    13.625    cpu_inst/data_mem_inst/instruction_reg_i_33_n_0
    SLICE_X4Y13                                                       f  cpu_inst/data_mem_inst/instruction_reg_i_27/I3
    SLICE_X4Y13          LUT5 (Prop_lut5_I3_O)        0.124    13.749 f  cpu_inst/data_mem_inst/instruction_reg_i_27/O
                         net (fo=4, routed)           0.669    14.418    cpu_inst/data_mem_inst/instruction_reg_i_27_n_0
    SLICE_X4Y21                                                       f  cpu_inst/data_mem_inst/id_ex_reg[pc][31]_i_7/I1
    SLICE_X4Y21          LUT6 (Prop_lut6_I1_O)        0.124    14.542 r  cpu_inst/data_mem_inst/id_ex_reg[pc][31]_i_7/O
                         net (fo=5, routed)           0.306    14.847    cpu_inst/data_mem_inst/id_ex_reg42_out
    SLICE_X4Y21                                                       r  cpu_inst/data_mem_inst/id_ex_reg[operand_b][31]_i_1/I3
    SLICE_X4Y21          LUT5 (Prop_lut5_I3_O)        0.124    14.971 r  cpu_inst/data_mem_inst/id_ex_reg[operand_b][31]_i_1/O
                         net (fo=98, routed)          0.577    15.548    cpu_inst/data_mem_inst/id_ex_reg_reg[valid]
    SLICE_X7Y22                                                       r  cpu_inst/data_mem_inst/id_ex_reg[operand_a][31]_i_1/I0
    SLICE_X7Y22          LUT6 (Prop_lut6_I0_O)        0.124    15.672 r  cpu_inst/data_mem_inst/id_ex_reg[operand_a][31]_i_1/O
                         net (fo=32, routed)          0.760    16.432    cpu_inst/data_mem_inst_n_2
    SLICE_X5Y30          FDRE                                         r  cpu_inst/id_ex_reg_reg[operand_a][13]/R
  -------------------------------------------------------------------    -------------------

                         (clock sys_clk_pin rise edge)
                                                     10.000    10.000 r  <hidden>
    W5                                                0.000    10.000 r  clk
                         net (fo=0)                   0.000    10.000    clk
    W5                                                                r  clk_IBUF_inst/I
    W5                   IBUF (Prop_ibuf_I_O)         1.388    11.388 r  clk_IBUF_inst/O
                         net (fo=1, routed)           1.862    13.250    clk_IBUF
    BUFGCTRL_X0Y0                                                     r  clk_IBUF_BUFG_inst/I
    BUFGCTRL_X0Y0        BUFG (Prop_bufg_I_O)         0.091    13.341 r  clk_IBUF_BUFG_inst/O
                         net (fo=1821, routed)        1.506    14.847    cpu_inst/clk_IBUF_BUFG
    SLICE_X5Y30          FDRE                                         r  cpu_inst/id_ex_reg_reg[operand_a][13]/C
                         clock pessimism              0.260    15.107    <hidden>
                         clock uncertainty           -0.035    15.072    <hidden>
    SLICE_X5Y30          FDRE (Setup_fdre_C_R)       -0.429    14.643    cpu_inst/id_ex_reg_reg[operand_a][13]
  -------------------------------------------------------------------
                         required time                         14.643    <hidden>
                         arrival time                         -16.432    <hidden>
  -------------------------------------------------------------------
                         slack                                 -1.789    <hidden>

Slack (VIOLATED) :        -1.789ns  (required time - arrival time)
  Source:                 cpu_inst/mem_wb_reg_reg[rd][2]/C
                            (rising edge-triggered cell FDRE clocked by sys_clk_pin  {rise@0.000ns fall@5.000ns period=10.000ns})
  Destination:            cpu_inst/id_ex_reg_reg[operand_a][16]/R
                            (rising edge-triggered cell FDRE clocked by sys_clk_pin  {rise@0.000ns fall@5.000ns period=10.000ns})
  Path Group:             sys_clk_pin
  Path Type:              Setup (Max at Slow Process Corner)
  Requirement:            10.000ns  (sys_clk_pin rise@10.000ns - sys_clk_pin rise@0.000ns)
  Data Path Delay:        11.278ns  (logic 2.947ns (26.131%)  route 8.331ns (73.869%))
  Logic Levels:           14  (CARRY4=3 LUT3=1 LUT5=5 LUT6=5)
  Clock Path Skew:        -0.047ns (DCD - SCD + CPR)
    Destination Clock Delay (DCD):    4.847ns = ( 14.847 - 10.000 ) 
    Source Clock Delay      (SCD):    5.154ns
    Clock Pessimism Removal (CPR):    0.260ns
  Clock Uncertainty:      0.035ns  ((TSJ^2 + TIJ^2)^1/2 + DJ) / 2 + PE
    Total System Jitter     (TSJ):    0.071ns
    Total Input Jitter      (TIJ):    0.000ns
    Discrete Jitter          (DJ):    0.000ns
    Phase Error              (PE):    0.000ns

    Location             Delay type                Incr(ns)  Path(ns)    Netlist Resource(s)
  -------------------------------------------------------------------    -------------------
                         (clock sys_clk_pin rise edge)
                                                      0.000     0.000 r  <hidden>
    W5                                                0.000     0.000 r  clk
                         net (fo=0)                   0.000     0.000    clk
    W5                                                                r  clk_IBUF_inst/I
    W5                   IBUF (Prop_ibuf_I_O)         1.458     1.458 r  clk_IBUF_inst/O
                         net (fo=1, routed)           1.967     3.425    clk_IBUF
    BUFGCTRL_X0Y0                                                     r  clk_IBUF_BUFG_inst/I
    BUFGCTRL_X0Y0        BUFG (Prop_bufg_I_O)         0.096     3.521 r  clk_IBUF_BUFG_inst/O
                         net (fo=1821, routed)        1.633     5.154    cpu_inst/clk_IBUF_BUFG
    SLICE_X2Y14          FDRE                                         r  cpu_inst/mem_wb_reg_reg[rd][2]/C
  -------------------------------------------------------------------    -------------------
    SLICE_X2Y14          FDRE (Prop_fdre_C_Q)         0.518     5.672 f  cpu_inst/mem_wb_reg_reg[rd][2]/Q
                         net (fo=17, routed)          0.884     6.556    cpu_inst/dot4acc_pipeline_inst/product0_reg_reg_i_39_0[2]
    SLICE_X2Y14                                                       f  cpu_inst/dot4acc_pipeline_inst/led_OBUF[10]_inst_i_7/I2
    SLICE_X2Y14          LUT5 (Prop_lut5_I2_O)        0.124     6.680 f  cpu_inst/dot4acc_pipeline_inst/led_OBUF[10]_inst_i_7/O
                         net (fo=1, routed)           0.466     7.146    cpu_inst/dot4acc_pipeline_inst/led_OBUF[10]_inst_i_7_n_0
    SLICE_X2Y14                                                       f  cpu_inst/dot4acc_pipeline_inst/led_OBUF[10]_inst_i_4/I0
    SLICE_X2Y14          LUT3 (Prop_lut3_I0_O)        0.124     7.270 f  cpu_inst/dot4acc_pipeline_inst/led_OBUF[10]_inst_i_4/O
                         net (fo=7, routed)           0.874     8.144    cpu_inst/dot4acc_pipeline_inst/mem_wb_reg_reg[reg_write]
    SLICE_X4Y15                                                       f  cpu_inst/dot4acc_pipeline_inst/ex_alu_result0_i_42/I0
    SLICE_X4Y15          LUT6 (Prop_lut6_I0_O)        0.124     8.268 r  cpu_inst/dot4acc_pipeline_inst/ex_alu_result0_i_42/O
                         net (fo=32, routed)          1.049     9.317    cpu_inst/data_mem_inst/ex_alu_result0_11
    SLICE_X9Y21                                                       r  cpu_inst/data_mem_inst/ex_alu_result0_i_4/I3
    SLICE_X9Y21          LUT5 (Prop_lut5_I3_O)        0.124     9.441 r  cpu_inst/data_mem_inst/ex_alu_result0_i_4/O
                         net (fo=2, routed)           0.596    10.038    cpu_inst/data_mem_inst/A[4]
    SLICE_X9Y18                                                       r  cpu_inst/data_mem_inst/product0_reg_reg_i_33/I0
    SLICE_X9Y18          LUT5 (Prop_lut5_I0_O)        0.124    10.162 r  cpu_inst/data_mem_inst/product0_reg_reg_i_33/O
                         net (fo=8, routed)           1.090    11.252    cpu_inst/data_mem_inst/ex_mem_reg[alu_result][7]_i_10_n_0
    SLICE_X8Y15                                                       r  cpu_inst/data_mem_inst/fetch_buffer_pc[31]_i_15/I0
    SLICE_X8Y15          LUT6 (Prop_lut6_I0_O)        0.124    11.376 r  cpu_inst/data_mem_inst/fetch_buffer_pc[31]_i_15/O
                         net (fo=1, routed)           0.000    11.376    cpu_inst/data_mem_inst/fetch_buffer_pc[31]_i_15_n_0
    SLICE_X8Y15                                                       r  cpu_inst/data_mem_inst/fetch_buffer_pc_reg[31]_i_8/S[1]
    SLICE_X8Y15          CARRY4 (Prop_carry4_S[1]_CO[3])
                                                      0.533    11.909 r  cpu_inst/data_mem_inst/fetch_buffer_pc_reg[31]_i_8/CO[3]
                         net (fo=1, routed)           0.000    11.909    cpu_inst/data_mem_inst/fetch_buffer_pc_reg[31]_i_8_n_0
    SLICE_X8Y16                                                       r  cpu_inst/data_mem_inst/fetch_buffer_pc_reg[31]_i_4/CI
    SLICE_X8Y16          CARRY4 (Prop_carry4_CI_CO[3])
                                                      0.117    12.026 r  cpu_inst/data_mem_inst/fetch_buffer_pc_reg[31]_i_4/CO[3]
                         net (fo=1, routed)           0.000    12.026    cpu_inst/data_mem_inst/fetch_buffer_pc_reg[31]_i_4_n_0
    SLICE_X8Y17                                                       r  cpu_inst/data_mem_inst/fetch_buffer_pc_reg[31]_i_2/CI
    SLICE_X8Y17          CARRY4 (Prop_carry4_CI_CO[2])
                                                      0.229    12.255 f  cpu_inst/data_mem_inst/fetch_buffer_pc_reg[31]_i_2/CO[2]
                         net (fo=23, routed)          0.902    13.156    cpu_inst/data_mem_inst/ex_branch_taken0
    SLICE_X4Y13                                                       f  cpu_inst/data_mem_inst/instruction_reg_i_33/I0
    SLICE_X4Y13          LUT6 (Prop_lut6_I0_O)        0.310    13.466 f  cpu_inst/data_mem_inst/instruction_reg_i_33/O
                         net (fo=1, routed)           0.159    13.625    cpu_inst/data_mem_inst/instruction_reg_i_33_n_0
    SLICE_X4Y13                                                       f  cpu_inst/data_mem_inst/instruction_reg_i_27/I3
    SLICE_X4Y13          LUT5 (Prop_lut5_I3_O)        0.124    13.749 f  cpu_inst/data_mem_inst/instruction_reg_i_27/O
                         net (fo=4, routed)           0.669    14.418    cpu_inst/data_mem_inst/instruction_reg_i_27_n_0
    SLICE_X4Y21                                                       f  cpu_inst/data_mem_inst/id_ex_reg[pc][31]_i_7/I1
    SLICE_X4Y21          LUT6 (Prop_lut6_I1_O)        0.124    14.542 r  cpu_inst/data_mem_inst/id_ex_reg[pc][31]_i_7/O
                         net (fo=5, routed)           0.306    14.847    cpu_inst/data_mem_inst/id_ex_reg42_out
    SLICE_X4Y21                                                       r  cpu_inst/data_mem_inst/id_ex_reg[operand_b][31]_i_1/I3
    SLICE_X4Y21          LUT5 (Prop_lut5_I3_O)        0.124    14.971 r  cpu_inst/data_mem_inst/id_ex_reg[operand_b][31]_i_1/O
                         net (fo=98, routed)          0.577    15.548    cpu_inst/data_mem_inst/id_ex_reg_reg[valid]
    SLICE_X7Y22                                                       r  cpu_inst/data_mem_inst/id_ex_reg[operand_a][31]_i_1/I0
    SLICE_X7Y22          LUT6 (Prop_lut6_I0_O)        0.124    15.672 r  cpu_inst/data_mem_inst/id_ex_reg[operand_a][31]_i_1/O
                         net (fo=32, routed)          0.760    16.432    cpu_inst/data_mem_inst_n_2
    SLICE_X5Y30          FDRE                                         r  cpu_inst/id_ex_reg_reg[operand_a][16]/R
  -------------------------------------------------------------------    -------------------

                         (clock sys_clk_pin rise edge)
                                                     10.000    10.000 r  <hidden>
    W5                                                0.000    10.000 r  clk
                         net (fo=0)                   0.000    10.000    clk
    W5                                                                r  clk_IBUF_inst/I
    W5                   IBUF (Prop_ibuf_I_O)         1.388    11.388 r  clk_IBUF_inst/O
                         net (fo=1, routed)           1.862    13.250    clk_IBUF
    BUFGCTRL_X0Y0                                                     r  clk_IBUF_BUFG_inst/I
    BUFGCTRL_X0Y0        BUFG (Prop_bufg_I_O)         0.091    13.341 r  clk_IBUF_BUFG_inst/O
                         net (fo=1821, routed)        1.506    14.847    cpu_inst/clk_IBUF_BUFG
    SLICE_X5Y30          FDRE                                         r  cpu_inst/id_ex_reg_reg[operand_a][16]/C
                         clock pessimism              0.260    15.107    <hidden>
                         clock uncertainty           -0.035    15.072    <hidden>
    SLICE_X5Y30          FDRE (Setup_fdre_C_R)       -0.429    14.643    cpu_inst/id_ex_reg_reg[operand_a][16]
  -------------------------------------------------------------------
                         required time                         14.643    <hidden>
                         arrival time                         -16.432    <hidden>
  -------------------------------------------------------------------
                         slack                                 -1.789    <hidden>

Slack (VIOLATED) :        -1.789ns  (required time - arrival time)
  Source:                 cpu_inst/mem_wb_reg_reg[rd][2]/C
                            (rising edge-triggered cell FDRE clocked by sys_clk_pin  {rise@0.000ns fall@5.000ns period=10.000ns})
  Destination:            cpu_inst/id_ex_reg_reg[operand_a][30]/R
                            (rising edge-triggered cell FDRE clocked by sys_clk_pin  {rise@0.000ns fall@5.000ns period=10.000ns})
  Path Group:             sys_clk_pin
  Path Type:              Setup (Max at Slow Process Corner)
  Requirement:            10.000ns  (sys_clk_pin rise@10.000ns - sys_clk_pin rise@0.000ns)
  Data Path Delay:        11.278ns  (logic 2.947ns (26.131%)  route 8.331ns (73.869%))
  Logic Levels:           14  (CARRY4=3 LUT3=1 LUT5=5 LUT6=5)
  Clock Path Skew:        -0.047ns (DCD - SCD + CPR)
    Destination Clock Delay (DCD):    4.847ns = ( 14.847 - 10.000 ) 
    Source Clock Delay      (SCD):    5.154ns
    Clock Pessimism Removal (CPR):    0.260ns
  Clock Uncertainty:      0.035ns  ((TSJ^2 + TIJ^2)^1/2 + DJ) / 2 + PE
    Total System Jitter     (TSJ):    0.071ns
    Total Input Jitter      (TIJ):    0.000ns
    Discrete Jitter          (DJ):    0.000ns
    Phase Error              (PE):    0.000ns

    Location             Delay type                Incr(ns)  Path(ns)    Netlist Resource(s)
  -------------------------------------------------------------------    -------------------
                         (clock sys_clk_pin rise edge)
                                                      0.000     0.000 r  <hidden>
    W5                                                0.000     0.000 r  clk
                         net (fo=0)                   0.000     0.000    clk
    W5                                                                r  clk_IBUF_inst/I
    W5                   IBUF (Prop_ibuf_I_O)         1.458     1.458 r  clk_IBUF_inst/O
                         net (fo=1, routed)           1.967     3.425    clk_IBUF
    BUFGCTRL_X0Y0                                                     r  clk_IBUF_BUFG_inst/I
    BUFGCTRL_X0Y0        BUFG (Prop_bufg_I_O)         0.096     3.521 r  clk_IBUF_BUFG_inst/O
                         net (fo=1821, routed)        1.633     5.154    cpu_inst/clk_IBUF_BUFG
    SLICE_X2Y14          FDRE                                         r  cpu_inst/mem_wb_reg_reg[rd][2]/C
  -------------------------------------------------------------------    -------------------
    SLICE_X2Y14          FDRE (Prop_fdre_C_Q)         0.518     5.672 f  cpu_inst/mem_wb_reg_reg[rd][2]/Q
                         net (fo=17, routed)          0.884     6.556    cpu_inst/dot4acc_pipeline_inst/product0_reg_reg_i_39_0[2]
    SLICE_X2Y14                                                       f  cpu_inst/dot4acc_pipeline_inst/led_OBUF[10]_inst_i_7/I2
    SLICE_X2Y14          LUT5 (Prop_lut5_I2_O)        0.124     6.680 f  cpu_inst/dot4acc_pipeline_inst/led_OBUF[10]_inst_i_7/O
                         net (fo=1, routed)           0.466     7.146    cpu_inst/dot4acc_pipeline_inst/led_OBUF[10]_inst_i_7_n_0
    SLICE_X2Y14                                                       f  cpu_inst/dot4acc_pipeline_inst/led_OBUF[10]_inst_i_4/I0
    SLICE_X2Y14          LUT3 (Prop_lut3_I0_O)        0.124     7.270 f  cpu_inst/dot4acc_pipeline_inst/led_OBUF[10]_inst_i_4/O
                         net (fo=7, routed)           0.874     8.144    cpu_inst/dot4acc_pipeline_inst/mem_wb_reg_reg[reg_write]
    SLICE_X4Y15                                                       f  cpu_inst/dot4acc_pipeline_inst/ex_alu_result0_i_42/I0
    SLICE_X4Y15          LUT6 (Prop_lut6_I0_O)        0.124     8.268 r  cpu_inst/dot4acc_pipeline_inst/ex_alu_result0_i_42/O
                         net (fo=32, routed)          1.049     9.317    cpu_inst/data_mem_inst/ex_alu_result0_11
    SLICE_X9Y21                                                       r  cpu_inst/data_mem_inst/ex_alu_result0_i_4/I3
    SLICE_X9Y21          LUT5 (Prop_lut5_I3_O)        0.124     9.441 r  cpu_inst/data_mem_inst/ex_alu_result0_i_4/O
                         net (fo=2, routed)           0.596    10.038    cpu_inst/data_mem_inst/A[4]
    SLICE_X9Y18                                                       r  cpu_inst/data_mem_inst/product0_reg_reg_i_33/I0
    SLICE_X9Y18          LUT5 (Prop_lut5_I0_O)        0.124    10.162 r  cpu_inst/data_mem_inst/product0_reg_reg_i_33/O
                         net (fo=8, routed)           1.090    11.252    cpu_inst/data_mem_inst/ex_mem_reg[alu_result][7]_i_10_n_0
    SLICE_X8Y15                                                       r  cpu_inst/data_mem_inst/fetch_buffer_pc[31]_i_15/I0
    SLICE_X8Y15          LUT6 (Prop_lut6_I0_O)        0.124    11.376 r  cpu_inst/data_mem_inst/fetch_buffer_pc[31]_i_15/O
                         net (fo=1, routed)           0.000    11.376    cpu_inst/data_mem_inst/fetch_buffer_pc[31]_i_15_n_0
    SLICE_X8Y15                                                       r  cpu_inst/data_mem_inst/fetch_buffer_pc_reg[31]_i_8/S[1]
    SLICE_X8Y15          CARRY4 (Prop_carry4_S[1]_CO[3])
                                                      0.533    11.909 r  cpu_inst/data_mem_inst/fetch_buffer_pc_reg[31]_i_8/CO[3]
                         net (fo=1, routed)           0.000    11.909    cpu_inst/data_mem_inst/fetch_buffer_pc_reg[31]_i_8_n_0
    SLICE_X8Y16                                                       r  cpu_inst/data_mem_inst/fetch_buffer_pc_reg[31]_i_4/CI
    SLICE_X8Y16          CARRY4 (Prop_carry4_CI_CO[3])
                                                      0.117    12.026 r  cpu_inst/data_mem_inst/fetch_buffer_pc_reg[31]_i_4/CO[3]
                         net (fo=1, routed)           0.000    12.026    cpu_inst/data_mem_inst/fetch_buffer_pc_reg[31]_i_4_n_0
    SLICE_X8Y17                                                       r  cpu_inst/data_mem_inst/fetch_buffer_pc_reg[31]_i_2/CI
    SLICE_X8Y17          CARRY4 (Prop_carry4_CI_CO[2])
                                                      0.229    12.255 f  cpu_inst/data_mem_inst/fetch_buffer_pc_reg[31]_i_2/CO[2]
                         net (fo=23, routed)          0.902    13.156    cpu_inst/data_mem_inst/ex_branch_taken0
    SLICE_X4Y13                                                       f  cpu_inst/data_mem_inst/instruction_reg_i_33/I0
    SLICE_X4Y13          LUT6 (Prop_lut6_I0_O)        0.310    13.466 f  cpu_inst/data_mem_inst/instruction_reg_i_33/O
                         net (fo=1, routed)           0.159    13.625    cpu_inst/data_mem_inst/instruction_reg_i_33_n_0
    SLICE_X4Y13                                                       f  cpu_inst/data_mem_inst/instruction_reg_i_27/I3
    SLICE_X4Y13          LUT5 (Prop_lut5_I3_O)        0.124    13.749 f  cpu_inst/data_mem_inst/instruction_reg_i_27/O
                         net (fo=4, routed)           0.669    14.418    cpu_inst/data_mem_inst/instruction_reg_i_27_n_0
    SLICE_X4Y21                                                       f  cpu_inst/data_mem_inst/id_ex_reg[pc][31]_i_7/I1
    SLICE_X4Y21          LUT6 (Prop_lut6_I1_O)        0.124    14.542 r  cpu_inst/data_mem_inst/id_ex_reg[pc][31]_i_7/O
                         net (fo=5, routed)           0.306    14.847    cpu_inst/data_mem_inst/id_ex_reg42_out
    SLICE_X4Y21                                                       r  cpu_inst/data_mem_inst/id_ex_reg[operand_b][31]_i_1/I3
    SLICE_X4Y21          LUT5 (Prop_lut5_I3_O)        0.124    14.971 r  cpu_inst/data_mem_inst/id_ex_reg[operand_b][31]_i_1/O
                         net (fo=98, routed)          0.577    15.548    cpu_inst/data_mem_inst/id_ex_reg_reg[valid]
    SLICE_X7Y22                                                       r  cpu_inst/data_mem_inst/id_ex_reg[operand_a][31]_i_1/I0
    SLICE_X7Y22          LUT6 (Prop_lut6_I0_O)        0.124    15.672 r  cpu_inst/data_mem_inst/id_ex_reg[operand_a][31]_i_1/O
                         net (fo=32, routed)          0.760    16.432    cpu_inst/data_mem_inst_n_2
    SLICE_X5Y30          FDRE                                         r  cpu_inst/id_ex_reg_reg[operand_a][30]/R
  -------------------------------------------------------------------    -------------------

                         (clock sys_clk_pin rise edge)
                                                     10.000    10.000 r  <hidden>
    W5                                                0.000    10.000 r  clk
                         net (fo=0)                   0.000    10.000    clk
    W5                                                                r  clk_IBUF_inst/I
    W5                   IBUF (Prop_ibuf_I_O)         1.388    11.388 r  clk_IBUF_inst/O
                         net (fo=1, routed)           1.862    13.250    clk_IBUF
    BUFGCTRL_X0Y0                                                     r  clk_IBUF_BUFG_inst/I
    BUFGCTRL_X0Y0        BUFG (Prop_bufg_I_O)         0.091    13.341 r  clk_IBUF_BUFG_inst/O
                         net (fo=1821, routed)        1.506    14.847    cpu_inst/clk_IBUF_BUFG
    SLICE_X5Y30          FDRE                                         r  cpu_inst/id_ex_reg_reg[operand_a][30]/C
                         clock pessimism              0.260    15.107    <hidden>
                         clock uncertainty           -0.035    15.072    <hidden>
    SLICE_X5Y30          FDRE (Setup_fdre_C_R)       -0.429    14.643    cpu_inst/id_ex_reg_reg[operand_a][30]
  -------------------------------------------------------------------
                         required time                         14.643    <hidden>
                         arrival time                         -16.432    <hidden>
  -------------------------------------------------------------------
                         slack                                 -1.789    <hidden>

Slack (VIOLATED) :        -1.780ns  (required time - arrival time)
  Source:                 cpu_inst/mem_wb_reg_reg[rd][2]/C
                            (rising edge-triggered cell FDRE clocked by sys_clk_pin  {rise@0.000ns fall@5.000ns period=10.000ns})
  Destination:            cpu_inst/id_ex_reg_reg[operand_a][15]/R
                            (rising edge-triggered cell FDRE clocked by sys_clk_pin  {rise@0.000ns fall@5.000ns period=10.000ns})
  Path Group:             sys_clk_pin
  Path Type:              Setup (Max at Slow Process Corner)
  Requirement:            10.000ns  (sys_clk_pin rise@10.000ns - sys_clk_pin rise@0.000ns)
  Data Path Delay:        11.171ns  (logic 2.947ns (26.381%)  route 8.224ns (73.619%))
  Logic Levels:           14  (CARRY4=3 LUT3=1 LUT5=5 LUT6=5)
  Clock Path Skew:        -0.050ns (DCD - SCD + CPR)
    Destination Clock Delay (DCD):    4.844ns = ( 14.844 - 10.000 ) 
    Source Clock Delay      (SCD):    5.154ns
    Clock Pessimism Removal (CPR):    0.260ns
  Clock Uncertainty:      0.035ns  ((TSJ^2 + TIJ^2)^1/2 + DJ) / 2 + PE
    Total System Jitter     (TSJ):    0.071ns
    Total Input Jitter      (TIJ):    0.000ns
    Discrete Jitter          (DJ):    0.000ns
    Phase Error              (PE):    0.000ns

    Location             Delay type                Incr(ns)  Path(ns)    Netlist Resource(s)
  -------------------------------------------------------------------    -------------------
                         (clock sys_clk_pin rise edge)
                                                      0.000     0.000 r  <hidden>
    W5                                                0.000     0.000 r  clk
                         net (fo=0)                   0.000     0.000    clk
    W5                                                                r  clk_IBUF_inst/I
    W5                   IBUF (Prop_ibuf_I_O)         1.458     1.458 r  clk_IBUF_inst/O
                         net (fo=1, routed)           1.967     3.425    clk_IBUF
    BUFGCTRL_X0Y0                                                     r  clk_IBUF_BUFG_inst/I
    BUFGCTRL_X0Y0        BUFG (Prop_bufg_I_O)         0.096     3.521 r  clk_IBUF_BUFG_inst/O
                         net (fo=1821, routed)        1.633     5.154    cpu_inst/clk_IBUF_BUFG
    SLICE_X2Y14          FDRE                                         r  cpu_inst/mem_wb_reg_reg[rd][2]/C
  -------------------------------------------------------------------    -------------------
    SLICE_X2Y14          FDRE (Prop_fdre_C_Q)         0.518     5.672 f  cpu_inst/mem_wb_reg_reg[rd][2]/Q
                         net (fo=17, routed)          0.884     6.556    cpu_inst/dot4acc_pipeline_inst/product0_reg_reg_i_39_0[2]
    SLICE_X2Y14                                                       f  cpu_inst/dot4acc_pipeline_inst/led_OBUF[10]_inst_i_7/I2
    SLICE_X2Y14          LUT5 (Prop_lut5_I2_O)        0.124     6.680 f  cpu_inst/dot4acc_pipeline_inst/led_OBUF[10]_inst_i_7/O
                         net (fo=1, routed)           0.466     7.146    cpu_inst/dot4acc_pipeline_inst/led_OBUF[10]_inst_i_7_n_0
    SLICE_X2Y14                                                       f  cpu_inst/dot4acc_pipeline_inst/led_OBUF[10]_inst_i_4/I0
    SLICE_X2Y14          LUT3 (Prop_lut3_I0_O)        0.124     7.270 f  cpu_inst/dot4acc_pipeline_inst/led_OBUF[10]_inst_i_4/O
                         net (fo=7, routed)           0.874     8.144    cpu_inst/dot4acc_pipeline_inst/mem_wb_reg_reg[reg_write]
    SLICE_X4Y15                                                       f  cpu_inst/dot4acc_pipeline_inst/ex_alu_result0_i_42/I0
    SLICE_X4Y15          LUT6 (Prop_lut6_I0_O)        0.124     8.268 r  cpu_inst/dot4acc_pipeline_inst/ex_alu_result0_i_42/O
                         net (fo=32, routed)          1.049     9.317    cpu_inst/data_mem_inst/ex_alu_result0_11
    SLICE_X9Y21                                                       r  cpu_inst/data_mem_inst/ex_alu_result0_i_4/I3
    SLICE_X9Y21          LUT5 (Prop_lut5_I3_O)        0.124     9.441 r  cpu_inst/data_mem_inst/ex_alu_result0_i_4/O
                         net (fo=2, routed)           0.596    10.038    cpu_inst/data_mem_inst/A[4]
    SLICE_X9Y18                                                       r  cpu_inst/data_mem_inst/product0_reg_reg_i_33/I0
    SLICE_X9Y18          LUT5 (Prop_lut5_I0_O)        0.124    10.162 r  cpu_inst/data_mem_inst/product0_reg_reg_i_33/O
                         net (fo=8, routed)           1.090    11.252    cpu_inst/data_mem_inst/ex_mem_reg[alu_result][7]_i_10_n_0
    SLICE_X8Y15                                                       r  cpu_inst/data_mem_inst/fetch_buffer_pc[31]_i_15/I0
    SLICE_X8Y15          LUT6 (Prop_lut6_I0_O)        0.124    11.376 r  cpu_inst/data_mem_inst/fetch_buffer_pc[31]_i_15/O
                         net (fo=1, routed)           0.000    11.376    cpu_inst/data_mem_inst/fetch_buffer_pc[31]_i_15_n_0
    SLICE_X8Y15                                                       r  cpu_inst/data_mem_inst/fetch_buffer_pc_reg[31]_i_8/S[1]
    SLICE_X8Y15          CARRY4 (Prop_carry4_S[1]_CO[3])
                                                      0.533    11.909 r  cpu_inst/data_mem_inst/fetch_buffer_pc_reg[31]_i_8/CO[3]
                         net (fo=1, routed)           0.000    11.909    cpu_inst/data_mem_inst/fetch_buffer_pc_reg[31]_i_8_n_0
    SLICE_X8Y16                                                       r  cpu_inst/data_mem_inst/fetch_buffer_pc_reg[31]_i_4/CI
    SLICE_X8Y16          CARRY4 (Prop_carry4_CI_CO[3])
                                                      0.117    12.026 r  cpu_inst/data_mem_inst/fetch_buffer_pc_reg[31]_i_4/CO[3]
                         net (fo=1, routed)           0.000    12.026    cpu_inst/data_mem_inst/fetch_buffer_pc_reg[31]_i_4_n_0
    SLICE_X8Y17                                                       r  cpu_inst/data_mem_inst/fetch_buffer_pc_reg[31]_i_2/CI
    SLICE_X8Y17          CARRY4 (Prop_carry4_CI_CO[2])
                                                      0.229    12.255 f  cpu_inst/data_mem_inst/fetch_buffer_pc_reg[31]_i_2/CO[2]
                         net (fo=23, routed)          0.902    13.156    cpu_inst/data_mem_inst/ex_branch_taken0
    SLICE_X4Y13                                                       f  cpu_inst/data_mem_inst/instruction_reg_i_33/I0
    SLICE_X4Y13          LUT6 (Prop_lut6_I0_O)        0.310    13.466 f  cpu_inst/data_mem_inst/instruction_reg_i_33/O
                         net (fo=1, routed)           0.159    13.625    cpu_inst/data_mem_inst/instruction_reg_i_33_n_0
    SLICE_X4Y13                                                       f  cpu_inst/data_mem_inst/instruction_reg_i_27/I3
    SLICE_X4Y13          LUT5 (Prop_lut5_I3_O)        0.124    13.749 f  cpu_inst/data_mem_inst/instruction_reg_i_27/O
                         net (fo=4, routed)           0.669    14.418    cpu_inst/data_mem_inst/instruction_reg_i_27_n_0
    SLICE_X4Y21                                                       f  cpu_inst/data_mem_inst/id_ex_reg[pc][31]_i_7/I1
    SLICE_X4Y21          LUT6 (Prop_lut6_I1_O)        0.124    14.542 r  cpu_inst/data_mem_inst/id_ex_reg[pc][31]_i_7/O
                         net (fo=5, routed)           0.306    14.847    cpu_inst/data_mem_inst/id_ex_reg42_out
    SLICE_X4Y21                                                       r  cpu_inst/data_mem_inst/id_ex_reg[operand_b][31]_i_1/I3
    SLICE_X4Y21          LUT5 (Prop_lut5_I3_O)        0.124    14.971 r  cpu_inst/data_mem_inst/id_ex_reg[operand_b][31]_i_1/O
                         net (fo=98, routed)          0.577    15.548    cpu_inst/data_mem_inst/id_ex_reg_reg[valid]
    SLICE_X7Y22                                                       r  cpu_inst/data_mem_inst/id_ex_reg[operand_a][31]_i_1/I0
    SLICE_X7Y22          LUT6 (Prop_lut6_I0_O)        0.124    15.672 r  cpu_inst/data_mem_inst/id_ex_reg[operand_a][31]_i_1/O
                         net (fo=32, routed)          0.653    16.325    cpu_inst/data_mem_inst_n_2
    SLICE_X6Y27          FDRE                                         r  cpu_inst/id_ex_reg_reg[operand_a][15]/R
  -------------------------------------------------------------------    -------------------

                         (clock sys_clk_pin rise edge)
                                                     10.000    10.000 r  <hidden>
    W5                                                0.000    10.000 r  clk
                         net (fo=0)                   0.000    10.000    clk
    W5                                                                r  clk_IBUF_inst/I
    W5                   IBUF (Prop_ibuf_I_O)         1.388    11.388 r  clk_IBUF_inst/O
                         net (fo=1, routed)           1.862    13.250    clk_IBUF
    BUFGCTRL_X0Y0                                                     r  clk_IBUF_BUFG_inst/I
    BUFGCTRL_X0Y0        BUFG (Prop_bufg_I_O)         0.091    13.341 r  clk_IBUF_BUFG_inst/O
                         net (fo=1821, routed)        1.503    14.844    cpu_inst/clk_IBUF_BUFG
    SLICE_X6Y27          FDRE                                         r  cpu_inst/id_ex_reg_reg[operand_a][15]/C
                         clock pessimism              0.260    15.104    <hidden>
                         clock uncertainty           -0.035    15.069    <hidden>
    SLICE_X6Y27          FDRE (Setup_fdre_C_R)       -0.524    14.545    cpu_inst/id_ex_reg_reg[operand_a][15]
  -------------------------------------------------------------------
                         required time                         14.545    <hidden>
                         arrival time                         -16.325    <hidden>
  -------------------------------------------------------------------
                         slack                                 -1.780    <hidden>

Slack (VIOLATED) :        -1.780ns  (required time - arrival time)
  Source:                 cpu_inst/mem_wb_reg_reg[rd][2]/C
                            (rising edge-triggered cell FDRE clocked by sys_clk_pin  {rise@0.000ns fall@5.000ns period=10.000ns})
  Destination:            cpu_inst/id_ex_reg_reg[operand_a][19]/R
                            (rising edge-triggered cell FDRE clocked by sys_clk_pin  {rise@0.000ns fall@5.000ns period=10.000ns})
  Path Group:             sys_clk_pin
  Path Type:              Setup (Max at Slow Process Corner)
  Requirement:            10.000ns  (sys_clk_pin rise@10.000ns - sys_clk_pin rise@0.000ns)
  Data Path Delay:        11.171ns  (logic 2.947ns (26.381%)  route 8.224ns (73.619%))
  Logic Levels:           14  (CARRY4=3 LUT3=1 LUT5=5 LUT6=5)
  Clock Path Skew:        -0.050ns (DCD - SCD + CPR)
    Destination Clock Delay (DCD):    4.844ns = ( 14.844 - 10.000 ) 
    Source Clock Delay      (SCD):    5.154ns
    Clock Pessimism Removal (CPR):    0.260ns
  Clock Uncertainty:      0.035ns  ((TSJ^2 + TIJ^2)^1/2 + DJ) / 2 + PE
    Total System Jitter     (TSJ):    0.071ns
    Total Input Jitter      (TIJ):    0.000ns
    Discrete Jitter          (DJ):    0.000ns
    Phase Error              (PE):    0.000ns

    Location             Delay type                Incr(ns)  Path(ns)    Netlist Resource(s)
  -------------------------------------------------------------------    -------------------
                         (clock sys_clk_pin rise edge)
                                                      0.000     0.000 r  <hidden>
    W5                                                0.000     0.000 r  clk
                         net (fo=0)                   0.000     0.000    clk
    W5                                                                r  clk_IBUF_inst/I
    W5                   IBUF (Prop_ibuf_I_O)         1.458     1.458 r  clk_IBUF_inst/O
                         net (fo=1, routed)           1.967     3.425    clk_IBUF
    BUFGCTRL_X0Y0                                                     r  clk_IBUF_BUFG_inst/I
    BUFGCTRL_X0Y0        BUFG (Prop_bufg_I_O)         0.096     3.521 r  clk_IBUF_BUFG_inst/O
                         net (fo=1821, routed)        1.633     5.154    cpu_inst/clk_IBUF_BUFG
    SLICE_X2Y14          FDRE                                         r  cpu_inst/mem_wb_reg_reg[rd][2]/C
  -------------------------------------------------------------------    -------------------
    SLICE_X2Y14          FDRE (Prop_fdre_C_Q)         0.518     5.672 f  cpu_inst/mem_wb_reg_reg[rd][2]/Q
                         net (fo=17, routed)          0.884     6.556    cpu_inst/dot4acc_pipeline_inst/product0_reg_reg_i_39_0[2]
    SLICE_X2Y14                                                       f  cpu_inst/dot4acc_pipeline_inst/led_OBUF[10]_inst_i_7/I2
    SLICE_X2Y14          LUT5 (Prop_lut5_I2_O)        0.124     6.680 f  cpu_inst/dot4acc_pipeline_inst/led_OBUF[10]_inst_i_7/O
                         net (fo=1, routed)           0.466     7.146    cpu_inst/dot4acc_pipeline_inst/led_OBUF[10]_inst_i_7_n_0
    SLICE_X2Y14                                                       f  cpu_inst/dot4acc_pipeline_inst/led_OBUF[10]_inst_i_4/I0
    SLICE_X2Y14          LUT3 (Prop_lut3_I0_O)        0.124     7.270 f  cpu_inst/dot4acc_pipeline_inst/led_OBUF[10]_inst_i_4/O
                         net (fo=7, routed)           0.874     8.144    cpu_inst/dot4acc_pipeline_inst/mem_wb_reg_reg[reg_write]
    SLICE_X4Y15                                                       f  cpu_inst/dot4acc_pipeline_inst/ex_alu_result0_i_42/I0
    SLICE_X4Y15          LUT6 (Prop_lut6_I0_O)        0.124     8.268 r  cpu_inst/dot4acc_pipeline_inst/ex_alu_result0_i_42/O
                         net (fo=32, routed)          1.049     9.317    cpu_inst/data_mem_inst/ex_alu_result0_11
    SLICE_X9Y21                                                       r  cpu_inst/data_mem_inst/ex_alu_result0_i_4/I3
    SLICE_X9Y21          LUT5 (Prop_lut5_I3_O)        0.124     9.441 r  cpu_inst/data_mem_inst/ex_alu_result0_i_4/O
                         net (fo=2, routed)           0.596    10.038    cpu_inst/data_mem_inst/A[4]
    SLICE_X9Y18                                                       r  cpu_inst/data_mem_inst/product0_reg_reg_i_33/I0
    SLICE_X9Y18          LUT5 (Prop_lut5_I0_O)        0.124    10.162 r  cpu_inst/data_mem_inst/product0_reg_reg_i_33/O
                         net (fo=8, routed)           1.090    11.252    cpu_inst/data_mem_inst/ex_mem_reg[alu_result][7]_i_10_n_0
    SLICE_X8Y15                                                       r  cpu_inst/data_mem_inst/fetch_buffer_pc[31]_i_15/I0
    SLICE_X8Y15          LUT6 (Prop_lut6_I0_O)        0.124    11.376 r  cpu_inst/data_mem_inst/fetch_buffer_pc[31]_i_15/O
                         net (fo=1, routed)           0.000    11.376    cpu_inst/data_mem_inst/fetch_buffer_pc[31]_i_15_n_0
    SLICE_X8Y15                                                       r  cpu_inst/data_mem_inst/fetch_buffer_pc_reg[31]_i_8/S[1]
    SLICE_X8Y15          CARRY4 (Prop_carry4_S[1]_CO[3])
                                                      0.533    11.909 r  cpu_inst/data_mem_inst/fetch_buffer_pc_reg[31]_i_8/CO[3]
                         net (fo=1, routed)           0.000    11.909    cpu_inst/data_mem_inst/fetch_buffer_pc_reg[31]_i_8_n_0
    SLICE_X8Y16                                                       r  cpu_inst/data_mem_inst/fetch_buffer_pc_reg[31]_i_4/CI
    SLICE_X8Y16          CARRY4 (Prop_carry4_CI_CO[3])
                                                      0.117    12.026 r  cpu_inst/data_mem_inst/fetch_buffer_pc_reg[31]_i_4/CO[3]
                         net (fo=1, routed)           0.000    12.026    cpu_inst/data_mem_inst/fetch_buffer_pc_reg[31]_i_4_n_0
    SLICE_X8Y17                                                       r  cpu_inst/data_mem_inst/fetch_buffer_pc_reg[31]_i_2/CI
    SLICE_X8Y17          CARRY4 (Prop_carry4_CI_CO[2])
                                                      0.229    12.255 f  cpu_inst/data_mem_inst/fetch_buffer_pc_reg[31]_i_2/CO[2]
                         net (fo=23, routed)          0.902    13.156    cpu_inst/data_mem_inst/ex_branch_taken0
    SLICE_X4Y13                                                       f  cpu_inst/data_mem_inst/instruction_reg_i_33/I0
    SLICE_X4Y13          LUT6 (Prop_lut6_I0_O)        0.310    13.466 f  cpu_inst/data_mem_inst/instruction_reg_i_33/O
                         net (fo=1, routed)           0.159    13.625    cpu_inst/data_mem_inst/instruction_reg_i_33_n_0
    SLICE_X4Y13                                                       f  cpu_inst/data_mem_inst/instruction_reg_i_27/I3
    SLICE_X4Y13          LUT5 (Prop_lut5_I3_O)        0.124    13.749 f  cpu_inst/data_mem_inst/instruction_reg_i_27/O
                         net (fo=4, routed)           0.669    14.418    cpu_inst/data_mem_inst/instruction_reg_i_27_n_0
    SLICE_X4Y21                                                       f  cpu_inst/data_mem_inst/id_ex_reg[pc][31]_i_7/I1
    SLICE_X4Y21          LUT6 (Prop_lut6_I1_O)        0.124    14.542 r  cpu_inst/data_mem_inst/id_ex_reg[pc][31]_i_7/O
                         net (fo=5, routed)           0.306    14.847    cpu_inst/data_mem_inst/id_ex_reg42_out
    SLICE_X4Y21                                                       r  cpu_inst/data_mem_inst/id_ex_reg[operand_b][31]_i_1/I3
    SLICE_X4Y21          LUT5 (Prop_lut5_I3_O)        0.124    14.971 r  cpu_inst/data_mem_inst/id_ex_reg[operand_b][31]_i_1/O
                         net (fo=98, routed)          0.577    15.548    cpu_inst/data_mem_inst/id_ex_reg_reg[valid]
    SLICE_X7Y22                                                       r  cpu_inst/data_mem_inst/id_ex_reg[operand_a][31]_i_1/I0
    SLICE_X7Y22          LUT6 (Prop_lut6_I0_O)        0.124    15.672 r  cpu_inst/data_mem_inst/id_ex_reg[operand_a][31]_i_1/O
                         net (fo=32, routed)          0.653    16.325    cpu_inst/data_mem_inst_n_2
    SLICE_X6Y27          FDRE                                         r  cpu_inst/id_ex_reg_reg[operand_a][19]/R
  -------------------------------------------------------------------    -------------------

                         (clock sys_clk_pin rise edge)
                                                     10.000    10.000 r  <hidden>
    W5                                                0.000    10.000 r  clk
                         net (fo=0)                   0.000    10.000    clk
    W5                                                                r  clk_IBUF_inst/I
    W5                   IBUF (Prop_ibuf_I_O)         1.388    11.388 r  clk_IBUF_inst/O
                         net (fo=1, routed)           1.862    13.250    clk_IBUF
    BUFGCTRL_X0Y0                                                     r  clk_IBUF_BUFG_inst/I
    BUFGCTRL_X0Y0        BUFG (Prop_bufg_I_O)         0.091    13.341 r  clk_IBUF_BUFG_inst/O
                         net (fo=1821, routed)        1.503    14.844    cpu_inst/clk_IBUF_BUFG
    SLICE_X6Y27          FDRE                                         r  cpu_inst/id_ex_reg_reg[operand_a][19]/C
                         clock pessimism              0.260    15.104    <hidden>
                         clock uncertainty           -0.035    15.069    <hidden>
    SLICE_X6Y27          FDRE (Setup_fdre_C_R)       -0.524    14.545    cpu_inst/id_ex_reg_reg[operand_a][19]
  -------------------------------------------------------------------
                         required time                         14.545    <hidden>
                         arrival time                         -16.325    <hidden>
  -------------------------------------------------------------------
                         slack                                 -1.780    <hidden>

Slack (VIOLATED) :        -1.780ns  (required time - arrival time)
  Source:                 cpu_inst/mem_wb_reg_reg[rd][2]/C
                            (rising edge-triggered cell FDRE clocked by sys_clk_pin  {rise@0.000ns fall@5.000ns period=10.000ns})
  Destination:            cpu_inst/id_ex_reg_reg[operand_a][6]/R
                            (rising edge-triggered cell FDRE clocked by sys_clk_pin  {rise@0.000ns fall@5.000ns period=10.000ns})
  Path Group:             sys_clk_pin
  Path Type:              Setup (Max at Slow Process Corner)
  Requirement:            10.000ns  (sys_clk_pin rise@10.000ns - sys_clk_pin rise@0.000ns)
  Data Path Delay:        11.171ns  (logic 2.947ns (26.381%)  route 8.224ns (73.619%))
  Logic Levels:           14  (CARRY4=3 LUT3=1 LUT5=5 LUT6=5)
  Clock Path Skew:        -0.050ns (DCD - SCD + CPR)
    Destination Clock Delay (DCD):    4.844ns = ( 14.844 - 10.000 ) 
    Source Clock Delay      (SCD):    5.154ns
    Clock Pessimism Removal (CPR):    0.260ns
  Clock Uncertainty:      0.035ns  ((TSJ^2 + TIJ^2)^1/2 + DJ) / 2 + PE
    Total System Jitter     (TSJ):    0.071ns
    Total Input Jitter      (TIJ):    0.000ns
    Discrete Jitter          (DJ):    0.000ns
    Phase Error              (PE):    0.000ns

    Location             Delay type                Incr(ns)  Path(ns)    Netlist Resource(s)
  -------------------------------------------------------------------    -------------------
                         (clock sys_clk_pin rise edge)
                                                      0.000     0.000 r  <hidden>
    W5                                                0.000     0.000 r  clk
                         net (fo=0)                   0.000     0.000    clk
    W5                                                                r  clk_IBUF_inst/I
    W5                   IBUF (Prop_ibuf_I_O)         1.458     1.458 r  clk_IBUF_inst/O
                         net (fo=1, routed)           1.967     3.425    clk_IBUF
    BUFGCTRL_X0Y0                                                     r  clk_IBUF_BUFG_inst/I
    BUFGCTRL_X0Y0        BUFG (Prop_bufg_I_O)         0.096     3.521 r  clk_IBUF_BUFG_inst/O
                         net (fo=1821, routed)        1.633     5.154    cpu_inst/clk_IBUF_BUFG
    SLICE_X2Y14          FDRE                                         r  cpu_inst/mem_wb_reg_reg[rd][2]/C
  -------------------------------------------------------------------    -------------------
    SLICE_X2Y14          FDRE (Prop_fdre_C_Q)         0.518     5.672 f  cpu_inst/mem_wb_reg_reg[rd][2]/Q
                         net (fo=17, routed)          0.884     6.556    cpu_inst/dot4acc_pipeline_inst/product0_reg_reg_i_39_0[2]
    SLICE_X2Y14                                                       f  cpu_inst/dot4acc_pipeline_inst/led_OBUF[10]_inst_i_7/I2
    SLICE_X2Y14          LUT5 (Prop_lut5_I2_O)        0.124     6.680 f  cpu_inst/dot4acc_pipeline_inst/led_OBUF[10]_inst_i_7/O
                         net (fo=1, routed)           0.466     7.146    cpu_inst/dot4acc_pipeline_inst/led_OBUF[10]_inst_i_7_n_0
    SLICE_X2Y14                                                       f  cpu_inst/dot4acc_pipeline_inst/led_OBUF[10]_inst_i_4/I0
    SLICE_X2Y14          LUT3 (Prop_lut3_I0_O)        0.124     7.270 f  cpu_inst/dot4acc_pipeline_inst/led_OBUF[10]_inst_i_4/O
                         net (fo=7, routed)           0.874     8.144    cpu_inst/dot4acc_pipeline_inst/mem_wb_reg_reg[reg_write]
    SLICE_X4Y15                                                       f  cpu_inst/dot4acc_pipeline_inst/ex_alu_result0_i_42/I0
    SLICE_X4Y15          LUT6 (Prop_lut6_I0_O)        0.124     8.268 r  cpu_inst/dot4acc_pipeline_inst/ex_alu_result0_i_42/O
                         net (fo=32, routed)          1.049     9.317    cpu_inst/data_mem_inst/ex_alu_result0_11
    SLICE_X9Y21                                                       r  cpu_inst/data_mem_inst/ex_alu_result0_i_4/I3
    SLICE_X9Y21          LUT5 (Prop_lut5_I3_O)        0.124     9.441 r  cpu_inst/data_mem_inst/ex_alu_result0_i_4/O
                         net (fo=2, routed)           0.596    10.038    cpu_inst/data_mem_inst/A[4]
    SLICE_X9Y18                                                       r  cpu_inst/data_mem_inst/product0_reg_reg_i_33/I0
    SLICE_X9Y18          LUT5 (Prop_lut5_I0_O)        0.124    10.162 r  cpu_inst/data_mem_inst/product0_reg_reg_i_33/O
                         net (fo=8, routed)           1.090    11.252    cpu_inst/data_mem_inst/ex_mem_reg[alu_result][7]_i_10_n_0
    SLICE_X8Y15                                                       r  cpu_inst/data_mem_inst/fetch_buffer_pc[31]_i_15/I0
    SLICE_X8Y15          LUT6 (Prop_lut6_I0_O)        0.124    11.376 r  cpu_inst/data_mem_inst/fetch_buffer_pc[31]_i_15/O
                         net (fo=1, routed)           0.000    11.376    cpu_inst/data_mem_inst/fetch_buffer_pc[31]_i_15_n_0
    SLICE_X8Y15                                                       r  cpu_inst/data_mem_inst/fetch_buffer_pc_reg[31]_i_8/S[1]
    SLICE_X8Y15          CARRY4 (Prop_carry4_S[1]_CO[3])
                                                      0.533    11.909 r  cpu_inst/data_mem_inst/fetch_buffer_pc_reg[31]_i_8/CO[3]
                         net (fo=1, routed)           0.000    11.909    cpu_inst/data_mem_inst/fetch_buffer_pc_reg[31]_i_8_n_0
    SLICE_X8Y16                                                       r  cpu_inst/data_mem_inst/fetch_buffer_pc_reg[31]_i_4/CI
    SLICE_X8Y16          CARRY4 (Prop_carry4_CI_CO[3])
                                                      0.117    12.026 r  cpu_inst/data_mem_inst/fetch_buffer_pc_reg[31]_i_4/CO[3]
                         net (fo=1, routed)           0.000    12.026    cpu_inst/data_mem_inst/fetch_buffer_pc_reg[31]_i_4_n_0
    SLICE_X8Y17                                                       r  cpu_inst/data_mem_inst/fetch_buffer_pc_reg[31]_i_2/CI
    SLICE_X8Y17          CARRY4 (Prop_carry4_CI_CO[2])
                                                      0.229    12.255 f  cpu_inst/data_mem_inst/fetch_buffer_pc_reg[31]_i_2/CO[2]
                         net (fo=23, routed)          0.902    13.156    cpu_inst/data_mem_inst/ex_branch_taken0
    SLICE_X4Y13                                                       f  cpu_inst/data_mem_inst/instruction_reg_i_33/I0
    SLICE_X4Y13          LUT6 (Prop_lut6_I0_O)        0.310    13.466 f  cpu_inst/data_mem_inst/instruction_reg_i_33/O
                         net (fo=1, routed)           0.159    13.625    cpu_inst/data_mem_inst/instruction_reg_i_33_n_0
    SLICE_X4Y13                                                       f  cpu_inst/data_mem_inst/instruction_reg_i_27/I3
    SLICE_X4Y13          LUT5 (Prop_lut5_I3_O)        0.124    13.749 f  cpu_inst/data_mem_inst/instruction_reg_i_27/O
                         net (fo=4, routed)           0.669    14.418    cpu_inst/data_mem_inst/instruction_reg_i_27_n_0
    SLICE_X4Y21                                                       f  cpu_inst/data_mem_inst/id_ex_reg[pc][31]_i_7/I1
    SLICE_X4Y21          LUT6 (Prop_lut6_I1_O)        0.124    14.542 r  cpu_inst/data_mem_inst/id_ex_reg[pc][31]_i_7/O
                         net (fo=5, routed)           0.306    14.847    cpu_inst/data_mem_inst/id_ex_reg42_out
    SLICE_X4Y21                                                       r  cpu_inst/data_mem_inst/id_ex_reg[operand_b][31]_i_1/I3
    SLICE_X4Y21          LUT5 (Prop_lut5_I3_O)        0.124    14.971 r  cpu_inst/data_mem_inst/id_ex_reg[operand_b][31]_i_1/O
                         net (fo=98, routed)          0.577    15.548    cpu_inst/data_mem_inst/id_ex_reg_reg[valid]
    SLICE_X7Y22                                                       r  cpu_inst/data_mem_inst/id_ex_reg[operand_a][31]_i_1/I0
    SLICE_X7Y22          LUT6 (Prop_lut6_I0_O)        0.124    15.672 r  cpu_inst/data_mem_inst/id_ex_reg[operand_a][31]_i_1/O
                         net (fo=32, routed)          0.653    16.325    cpu_inst/data_mem_inst_n_2
    SLICE_X6Y27          FDRE                                         r  cpu_inst/id_ex_reg_reg[operand_a][6]/R
  -------------------------------------------------------------------    -------------------

                         (clock sys_clk_pin rise edge)
                                                     10.000    10.000 r  <hidden>
    W5                                                0.000    10.000 r  clk
                         net (fo=0)                   0.000    10.000    clk
    W5                                                                r  clk_IBUF_inst/I
    W5                   IBUF (Prop_ibuf_I_O)         1.388    11.388 r  clk_IBUF_inst/O
                         net (fo=1, routed)           1.862    13.250    clk_IBUF
    BUFGCTRL_X0Y0                                                     r  clk_IBUF_BUFG_inst/I
    BUFGCTRL_X0Y0        BUFG (Prop_bufg_I_O)         0.091    13.341 r  clk_IBUF_BUFG_inst/O
                         net (fo=1821, routed)        1.503    14.844    cpu_inst/clk_IBUF_BUFG
    SLICE_X6Y27          FDRE                                         r  cpu_inst/id_ex_reg_reg[operand_a][6]/C
                         clock pessimism              0.260    15.104    <hidden>
                         clock uncertainty           -0.035    15.069    <hidden>
    SLICE_X6Y27          FDRE (Setup_fdre_C_R)       -0.524    14.545    cpu_inst/id_ex_reg_reg[operand_a][6]
  -------------------------------------------------------------------
                         required time                         14.545    <hidden>
                         arrival time                         -16.325    <hidden>
  -------------------------------------------------------------------
                         slack                                 -1.780    <hidden>

Slack (VIOLATED) :        -1.780ns  (required time - arrival time)
  Source:                 cpu_inst/mem_wb_reg_reg[rd][2]/C
                            (rising edge-triggered cell FDRE clocked by sys_clk_pin  {rise@0.000ns fall@5.000ns period=10.000ns})
  Destination:            cpu_inst/id_ex_reg_reg[operand_a][8]/R
                            (rising edge-triggered cell FDRE clocked by sys_clk_pin  {rise@0.000ns fall@5.000ns period=10.000ns})
  Path Group:             sys_clk_pin
  Path Type:              Setup (Max at Slow Process Corner)
  Requirement:            10.000ns  (sys_clk_pin rise@10.000ns - sys_clk_pin rise@0.000ns)
  Data Path Delay:        11.171ns  (logic 2.947ns (26.381%)  route 8.224ns (73.619%))
  Logic Levels:           14  (CARRY4=3 LUT3=1 LUT5=5 LUT6=5)
  Clock Path Skew:        -0.050ns (DCD - SCD + CPR)
    Destination Clock Delay (DCD):    4.844ns = ( 14.844 - 10.000 ) 
    Source Clock Delay      (SCD):    5.154ns
    Clock Pessimism Removal (CPR):    0.260ns
  Clock Uncertainty:      0.035ns  ((TSJ^2 + TIJ^2)^1/2 + DJ) / 2 + PE
    Total System Jitter     (TSJ):    0.071ns
    Total Input Jitter      (TIJ):    0.000ns
    Discrete Jitter          (DJ):    0.000ns
    Phase Error              (PE):    0.000ns

    Location             Delay type                Incr(ns)  Path(ns)    Netlist Resource(s)
  -------------------------------------------------------------------    -------------------
                         (clock sys_clk_pin rise edge)
                                                      0.000     0.000 r  <hidden>
    W5                                                0.000     0.000 r  clk
                         net (fo=0)                   0.000     0.000    clk
    W5                                                                r  clk_IBUF_inst/I
    W5                   IBUF (Prop_ibuf_I_O)         1.458     1.458 r  clk_IBUF_inst/O
                         net (fo=1, routed)           1.967     3.425    clk_IBUF
    BUFGCTRL_X0Y0                                                     r  clk_IBUF_BUFG_inst/I
    BUFGCTRL_X0Y0        BUFG (Prop_bufg_I_O)         0.096     3.521 r  clk_IBUF_BUFG_inst/O
                         net (fo=1821, routed)        1.633     5.154    cpu_inst/clk_IBUF_BUFG
    SLICE_X2Y14          FDRE                                         r  cpu_inst/mem_wb_reg_reg[rd][2]/C
  -------------------------------------------------------------------    -------------------
    SLICE_X2Y14          FDRE (Prop_fdre_C_Q)         0.518     5.672 f  cpu_inst/mem_wb_reg_reg[rd][2]/Q
                         net (fo=17, routed)          0.884     6.556    cpu_inst/dot4acc_pipeline_inst/product0_reg_reg_i_39_0[2]
    SLICE_X2Y14                                                       f  cpu_inst/dot4acc_pipeline_inst/led_OBUF[10]_inst_i_7/I2
    SLICE_X2Y14          LUT5 (Prop_lut5_I2_O)        0.124     6.680 f  cpu_inst/dot4acc_pipeline_inst/led_OBUF[10]_inst_i_7/O
                         net (fo=1, routed)           0.466     7.146    cpu_inst/dot4acc_pipeline_inst/led_OBUF[10]_inst_i_7_n_0
    SLICE_X2Y14                                                       f  cpu_inst/dot4acc_pipeline_inst/led_OBUF[10]_inst_i_4/I0
    SLICE_X2Y14          LUT3 (Prop_lut3_I0_O)        0.124     7.270 f  cpu_inst/dot4acc_pipeline_inst/led_OBUF[10]_inst_i_4/O
                         net (fo=7, routed)           0.874     8.144    cpu_inst/dot4acc_pipeline_inst/mem_wb_reg_reg[reg_write]
    SLICE_X4Y15                                                       f  cpu_inst/dot4acc_pipeline_inst/ex_alu_result0_i_42/I0
    SLICE_X4Y15          LUT6 (Prop_lut6_I0_O)        0.124     8.268 r  cpu_inst/dot4acc_pipeline_inst/ex_alu_result0_i_42/O
                         net (fo=32, routed)          1.049     9.317    cpu_inst/data_mem_inst/ex_alu_result0_11
    SLICE_X9Y21                                                       r  cpu_inst/data_mem_inst/ex_alu_result0_i_4/I3
    SLICE_X9Y21          LUT5 (Prop_lut5_I3_O)        0.124     9.441 r  cpu_inst/data_mem_inst/ex_alu_result0_i_4/O
                         net (fo=2, routed)           0.596    10.038    cpu_inst/data_mem_inst/A[4]
    SLICE_X9Y18                                                       r  cpu_inst/data_mem_inst/product0_reg_reg_i_33/I0
    SLICE_X9Y18          LUT5 (Prop_lut5_I0_O)        0.124    10.162 r  cpu_inst/data_mem_inst/product0_reg_reg_i_33/O
                         net (fo=8, routed)           1.090    11.252    cpu_inst/data_mem_inst/ex_mem_reg[alu_result][7]_i_10_n_0
    SLICE_X8Y15                                                       r  cpu_inst/data_mem_inst/fetch_buffer_pc[31]_i_15/I0
    SLICE_X8Y15          LUT6 (Prop_lut6_I0_O)        0.124    11.376 r  cpu_inst/data_mem_inst/fetch_buffer_pc[31]_i_15/O
                         net (fo=1, routed)           0.000    11.376    cpu_inst/data_mem_inst/fetch_buffer_pc[31]_i_15_n_0
    SLICE_X8Y15                                                       r  cpu_inst/data_mem_inst/fetch_buffer_pc_reg[31]_i_8/S[1]
    SLICE_X8Y15          CARRY4 (Prop_carry4_S[1]_CO[3])
                                                      0.533    11.909 r  cpu_inst/data_mem_inst/fetch_buffer_pc_reg[31]_i_8/CO[3]
                         net (fo=1, routed)           0.000    11.909    cpu_inst/data_mem_inst/fetch_buffer_pc_reg[31]_i_8_n_0
    SLICE_X8Y16                                                       r  cpu_inst/data_mem_inst/fetch_buffer_pc_reg[31]_i_4/CI
    SLICE_X8Y16          CARRY4 (Prop_carry4_CI_CO[3])
                                                      0.117    12.026 r  cpu_inst/data_mem_inst/fetch_buffer_pc_reg[31]_i_4/CO[3]
                         net (fo=1, routed)           0.000    12.026    cpu_inst/data_mem_inst/fetch_buffer_pc_reg[31]_i_4_n_0
    SLICE_X8Y17                                                       r  cpu_inst/data_mem_inst/fetch_buffer_pc_reg[31]_i_2/CI
    SLICE_X8Y17          CARRY4 (Prop_carry4_CI_CO[2])
                                                      0.229    12.255 f  cpu_inst/data_mem_inst/fetch_buffer_pc_reg[31]_i_2/CO[2]
                         net (fo=23, routed)          0.902    13.156    cpu_inst/data_mem_inst/ex_branch_taken0
    SLICE_X4Y13                                                       f  cpu_inst/data_mem_inst/instruction_reg_i_33/I0
    SLICE_X4Y13          LUT6 (Prop_lut6_I0_O)        0.310    13.466 f  cpu_inst/data_mem_inst/instruction_reg_i_33/O
                         net (fo=1, routed)           0.159    13.625    cpu_inst/data_mem_inst/instruction_reg_i_33_n_0
    SLICE_X4Y13                                                       f  cpu_inst/data_mem_inst/instruction_reg_i_27/I3
    SLICE_X4Y13          LUT5 (Prop_lut5_I3_O)        0.124    13.749 f  cpu_inst/data_mem_inst/instruction_reg_i_27/O
                         net (fo=4, routed)           0.669    14.418    cpu_inst/data_mem_inst/instruction_reg_i_27_n_0
    SLICE_X4Y21                                                       f  cpu_inst/data_mem_inst/id_ex_reg[pc][31]_i_7/I1
    SLICE_X4Y21          LUT6 (Prop_lut6_I1_O)        0.124    14.542 r  cpu_inst/data_mem_inst/id_ex_reg[pc][31]_i_7/O
                         net (fo=5, routed)           0.306    14.847    cpu_inst/data_mem_inst/id_ex_reg42_out
    SLICE_X4Y21                                                       r  cpu_inst/data_mem_inst/id_ex_reg[operand_b][31]_i_1/I3
    SLICE_X4Y21          LUT5 (Prop_lut5_I3_O)        0.124    14.971 r  cpu_inst/data_mem_inst/id_ex_reg[operand_b][31]_i_1/O
                         net (fo=98, routed)          0.577    15.548    cpu_inst/data_mem_inst/id_ex_reg_reg[valid]
    SLICE_X7Y22                                                       r  cpu_inst/data_mem_inst/id_ex_reg[operand_a][31]_i_1/I0
    SLICE_X7Y22          LUT6 (Prop_lut6_I0_O)        0.124    15.672 r  cpu_inst/data_mem_inst/id_ex_reg[operand_a][31]_i_1/O
                         net (fo=32, routed)          0.653    16.325    cpu_inst/data_mem_inst_n_2
    SLICE_X6Y27          FDRE                                         r  cpu_inst/id_ex_reg_reg[operand_a][8]/R
  -------------------------------------------------------------------    -------------------

                         (clock sys_clk_pin rise edge)
                                                     10.000    10.000 r  <hidden>
    W5                                                0.000    10.000 r  clk
                         net (fo=0)                   0.000    10.000    clk
    W5                                                                r  clk_IBUF_inst/I
    W5                   IBUF (Prop_ibuf_I_O)         1.388    11.388 r  clk_IBUF_inst/O
                         net (fo=1, routed)           1.862    13.250    clk_IBUF
    BUFGCTRL_X0Y0                                                     r  clk_IBUF_BUFG_inst/I
    BUFGCTRL_X0Y0        BUFG (Prop_bufg_I_O)         0.091    13.341 r  clk_IBUF_BUFG_inst/O
                         net (fo=1821, routed)        1.503    14.844    cpu_inst/clk_IBUF_BUFG
    SLICE_X6Y27          FDRE                                         r  cpu_inst/id_ex_reg_reg[operand_a][8]/C
                         clock pessimism              0.260    15.104    <hidden>
                         clock uncertainty           -0.035    15.069    <hidden>
    SLICE_X6Y27          FDRE (Setup_fdre_C_R)       -0.524    14.545    cpu_inst/id_ex_reg_reg[operand_a][8]
  -------------------------------------------------------------------
                         required time                         14.545    <hidden>
                         arrival time                         -16.325    <hidden>
  -------------------------------------------------------------------
                         slack                                 -1.780    <hidden>

Slack (VIOLATED) :        -1.776ns  (required time - arrival time)
  Source:                 cpu_inst/mem_wb_reg_reg[rd][2]/C
                            (rising edge-triggered cell FDRE clocked by sys_clk_pin  {rise@0.000ns fall@5.000ns period=10.000ns})
  Destination:            cpu_inst/id_ex_reg_reg[operand_a][10]/R
                            (rising edge-triggered cell FDRE clocked by sys_clk_pin  {rise@0.000ns fall@5.000ns period=10.000ns})
  Path Group:             sys_clk_pin
  Path Type:              Setup (Max at Slow Process Corner)
  Requirement:            10.000ns  (sys_clk_pin rise@10.000ns - sys_clk_pin rise@0.000ns)
  Data Path Delay:        11.169ns  (logic 2.947ns (26.385%)  route 8.222ns (73.615%))
  Logic Levels:           14  (CARRY4=3 LUT3=1 LUT5=5 LUT6=5)
  Clock Path Skew:        -0.047ns (DCD - SCD + CPR)
    Destination Clock Delay (DCD):    4.847ns = ( 14.847 - 10.000 ) 
    Source Clock Delay      (SCD):    5.154ns
    Clock Pessimism Removal (CPR):    0.260ns
  Clock Uncertainty:      0.035ns  ((TSJ^2 + TIJ^2)^1/2 + DJ) / 2 + PE
    Total System Jitter     (TSJ):    0.071ns
    Total Input Jitter      (TIJ):    0.000ns
    Discrete Jitter          (DJ):    0.000ns
    Phase Error              (PE):    0.000ns

    Location             Delay type                Incr(ns)  Path(ns)    Netlist Resource(s)
  -------------------------------------------------------------------    -------------------
                         (clock sys_clk_pin rise edge)
                                                      0.000     0.000 r  <hidden>
    W5                                                0.000     0.000 r  clk
                         net (fo=0)                   0.000     0.000    clk
    W5                                                                r  clk_IBUF_inst/I
    W5                   IBUF (Prop_ibuf_I_O)         1.458     1.458 r  clk_IBUF_inst/O
                         net (fo=1, routed)           1.967     3.425    clk_IBUF
    BUFGCTRL_X0Y0                                                     r  clk_IBUF_BUFG_inst/I
    BUFGCTRL_X0Y0        BUFG (Prop_bufg_I_O)         0.096     3.521 r  clk_IBUF_BUFG_inst/O
                         net (fo=1821, routed)        1.633     5.154    cpu_inst/clk_IBUF_BUFG
    SLICE_X2Y14          FDRE                                         r  cpu_inst/mem_wb_reg_reg[rd][2]/C
  -------------------------------------------------------------------    -------------------
    SLICE_X2Y14          FDRE (Prop_fdre_C_Q)         0.518     5.672 f  cpu_inst/mem_wb_reg_reg[rd][2]/Q
                         net (fo=17, routed)          0.884     6.556    cpu_inst/dot4acc_pipeline_inst/product0_reg_reg_i_39_0[2]
    SLICE_X2Y14                                                       f  cpu_inst/dot4acc_pipeline_inst/led_OBUF[10]_inst_i_7/I2
    SLICE_X2Y14          LUT5 (Prop_lut5_I2_O)        0.124     6.680 f  cpu_inst/dot4acc_pipeline_inst/led_OBUF[10]_inst_i_7/O
                         net (fo=1, routed)           0.466     7.146    cpu_inst/dot4acc_pipeline_inst/led_OBUF[10]_inst_i_7_n_0
    SLICE_X2Y14                                                       f  cpu_inst/dot4acc_pipeline_inst/led_OBUF[10]_inst_i_4/I0
    SLICE_X2Y14          LUT3 (Prop_lut3_I0_O)        0.124     7.270 f  cpu_inst/dot4acc_pipeline_inst/led_OBUF[10]_inst_i_4/O
                         net (fo=7, routed)           0.874     8.144    cpu_inst/dot4acc_pipeline_inst/mem_wb_reg_reg[reg_write]
    SLICE_X4Y15                                                       f  cpu_inst/dot4acc_pipeline_inst/ex_alu_result0_i_42/I0
    SLICE_X4Y15          LUT6 (Prop_lut6_I0_O)        0.124     8.268 r  cpu_inst/dot4acc_pipeline_inst/ex_alu_result0_i_42/O
                         net (fo=32, routed)          1.049     9.317    cpu_inst/data_mem_inst/ex_alu_result0_11
    SLICE_X9Y21                                                       r  cpu_inst/data_mem_inst/ex_alu_result0_i_4/I3
    SLICE_X9Y21          LUT5 (Prop_lut5_I3_O)        0.124     9.441 r  cpu_inst/data_mem_inst/ex_alu_result0_i_4/O
                         net (fo=2, routed)           0.596    10.038    cpu_inst/data_mem_inst/A[4]
    SLICE_X9Y18                                                       r  cpu_inst/data_mem_inst/product0_reg_reg_i_33/I0
    SLICE_X9Y18          LUT5 (Prop_lut5_I0_O)        0.124    10.162 r  cpu_inst/data_mem_inst/product0_reg_reg_i_33/O
                         net (fo=8, routed)           1.090    11.252    cpu_inst/data_mem_inst/ex_mem_reg[alu_result][7]_i_10_n_0
    SLICE_X8Y15                                                       r  cpu_inst/data_mem_inst/fetch_buffer_pc[31]_i_15/I0
    SLICE_X8Y15          LUT6 (Prop_lut6_I0_O)        0.124    11.376 r  cpu_inst/data_mem_inst/fetch_buffer_pc[31]_i_15/O
                         net (fo=1, routed)           0.000    11.376    cpu_inst/data_mem_inst/fetch_buffer_pc[31]_i_15_n_0
    SLICE_X8Y15                                                       r  cpu_inst/data_mem_inst/fetch_buffer_pc_reg[31]_i_8/S[1]
    SLICE_X8Y15          CARRY4 (Prop_carry4_S[1]_CO[3])
                                                      0.533    11.909 r  cpu_inst/data_mem_inst/fetch_buffer_pc_reg[31]_i_8/CO[3]
                         net (fo=1, routed)           0.000    11.909    cpu_inst/data_mem_inst/fetch_buffer_pc_reg[31]_i_8_n_0
    SLICE_X8Y16                                                       r  cpu_inst/data_mem_inst/fetch_buffer_pc_reg[31]_i_4/CI
    SLICE_X8Y16          CARRY4 (Prop_carry4_CI_CO[3])
                                                      0.117    12.026 r  cpu_inst/data_mem_inst/fetch_buffer_pc_reg[31]_i_4/CO[3]
                         net (fo=1, routed)           0.000    12.026    cpu_inst/data_mem_inst/fetch_buffer_pc_reg[31]_i_4_n_0
    SLICE_X8Y17                                                       r  cpu_inst/data_mem_inst/fetch_buffer_pc_reg[31]_i_2/CI
    SLICE_X8Y17          CARRY4 (Prop_carry4_CI_CO[2])
                                                      0.229    12.255 f  cpu_inst/data_mem_inst/fetch_buffer_pc_reg[31]_i_2/CO[2]
                         net (fo=23, routed)          0.902    13.156    cpu_inst/data_mem_inst/ex_branch_taken0
    SLICE_X4Y13                                                       f  cpu_inst/data_mem_inst/instruction_reg_i_33/I0
    SLICE_X4Y13          LUT6 (Prop_lut6_I0_O)        0.310    13.466 f  cpu_inst/data_mem_inst/instruction_reg_i_33/O
                         net (fo=1, routed)           0.159    13.625    cpu_inst/data_mem_inst/instruction_reg_i_33_n_0
    SLICE_X4Y13                                                       f  cpu_inst/data_mem_inst/instruction_reg_i_27/I3
    SLICE_X4Y13          LUT5 (Prop_lut5_I3_O)        0.124    13.749 f  cpu_inst/data_mem_inst/instruction_reg_i_27/O
                         net (fo=4, routed)           0.669    14.418    cpu_inst/data_mem_inst/instruction_reg_i_27_n_0
    SLICE_X4Y21                                                       f  cpu_inst/data_mem_inst/id_ex_reg[pc][31]_i_7/I1
    SLICE_X4Y21          LUT6 (Prop_lut6_I1_O)        0.124    14.542 r  cpu_inst/data_mem_inst/id_ex_reg[pc][31]_i_7/O
                         net (fo=5, routed)           0.306    14.847    cpu_inst/data_mem_inst/id_ex_reg42_out
    SLICE_X4Y21                                                       r  cpu_inst/data_mem_inst/id_ex_reg[operand_b][31]_i_1/I3
    SLICE_X4Y21          LUT5 (Prop_lut5_I3_O)        0.124    14.971 r  cpu_inst/data_mem_inst/id_ex_reg[operand_b][31]_i_1/O
                         net (fo=98, routed)          0.577    15.548    cpu_inst/data_mem_inst/id_ex_reg_reg[valid]
    SLICE_X7Y22                                                       r  cpu_inst/data_mem_inst/id_ex_reg[operand_a][31]_i_1/I0
    SLICE_X7Y22          LUT6 (Prop_lut6_I0_O)        0.124    15.672 r  cpu_inst/data_mem_inst/id_ex_reg[operand_a][31]_i_1/O
                         net (fo=32, routed)          0.651    16.323    cpu_inst/data_mem_inst_n_2
    SLICE_X6Y29          FDRE                                         r  cpu_inst/id_ex_reg_reg[operand_a][10]/R
  -------------------------------------------------------------------    -------------------

                         (clock sys_clk_pin rise edge)
                                                     10.000    10.000 r  <hidden>
    W5                                                0.000    10.000 r  clk
                         net (fo=0)                   0.000    10.000    clk
    W5                                                                r  clk_IBUF_inst/I
    W5                   IBUF (Prop_ibuf_I_O)         1.388    11.388 r  clk_IBUF_inst/O
                         net (fo=1, routed)           1.862    13.250    clk_IBUF
    BUFGCTRL_X0Y0                                                     r  clk_IBUF_BUFG_inst/I
    BUFGCTRL_X0Y0        BUFG (Prop_bufg_I_O)         0.091    13.341 r  clk_IBUF_BUFG_inst/O
                         net (fo=1821, routed)        1.506    14.847    cpu_inst/clk_IBUF_BUFG
    SLICE_X6Y29          FDRE                                         r  cpu_inst/id_ex_reg_reg[operand_a][10]/C
                         clock pessimism              0.260    15.107    <hidden>
                         clock uncertainty           -0.035    15.072    <hidden>
    SLICE_X6Y29          FDRE (Setup_fdre_C_R)       -0.524    14.548    cpu_inst/id_ex_reg_reg[operand_a][10]
  -------------------------------------------------------------------
                         required time                         14.548    <hidden>
                         arrival time                         -16.323    <hidden>
  -------------------------------------------------------------------
                         slack                                 -1.776    <hidden>

Slack (VIOLATED) :        -1.776ns  (required time - arrival time)
  Source:                 cpu_inst/mem_wb_reg_reg[rd][2]/C
                            (rising edge-triggered cell FDRE clocked by sys_clk_pin  {rise@0.000ns fall@5.000ns period=10.000ns})
  Destination:            cpu_inst/id_ex_reg_reg[operand_a][1]/R
                            (rising edge-triggered cell FDRE clocked by sys_clk_pin  {rise@0.000ns fall@5.000ns period=10.000ns})
  Path Group:             sys_clk_pin
  Path Type:              Setup (Max at Slow Process Corner)
  Requirement:            10.000ns  (sys_clk_pin rise@10.000ns - sys_clk_pin rise@0.000ns)
  Data Path Delay:        11.169ns  (logic 2.947ns (26.385%)  route 8.222ns (73.615%))
  Logic Levels:           14  (CARRY4=3 LUT3=1 LUT5=5 LUT6=5)
  Clock Path Skew:        -0.047ns (DCD - SCD + CPR)
    Destination Clock Delay (DCD):    4.847ns = ( 14.847 - 10.000 ) 
    Source Clock Delay      (SCD):    5.154ns
    Clock Pessimism Removal (CPR):    0.260ns
  Clock Uncertainty:      0.035ns  ((TSJ^2 + TIJ^2)^1/2 + DJ) / 2 + PE
    Total System Jitter     (TSJ):    0.071ns
    Total Input Jitter      (TIJ):    0.000ns
    Discrete Jitter          (DJ):    0.000ns
    Phase Error              (PE):    0.000ns

    Location             Delay type                Incr(ns)  Path(ns)    Netlist Resource(s)
  -------------------------------------------------------------------    -------------------
                         (clock sys_clk_pin rise edge)
                                                      0.000     0.000 r  <hidden>
    W5                                                0.000     0.000 r  clk
                         net (fo=0)                   0.000     0.000    clk
    W5                                                                r  clk_IBUF_inst/I
    W5                   IBUF (Prop_ibuf_I_O)         1.458     1.458 r  clk_IBUF_inst/O
                         net (fo=1, routed)           1.967     3.425    clk_IBUF
    BUFGCTRL_X0Y0                                                     r  clk_IBUF_BUFG_inst/I
    BUFGCTRL_X0Y0        BUFG (Prop_bufg_I_O)         0.096     3.521 r  clk_IBUF_BUFG_inst/O
                         net (fo=1821, routed)        1.633     5.154    cpu_inst/clk_IBUF_BUFG
    SLICE_X2Y14          FDRE                                         r  cpu_inst/mem_wb_reg_reg[rd][2]/C
  -------------------------------------------------------------------    -------------------
    SLICE_X2Y14          FDRE (Prop_fdre_C_Q)         0.518     5.672 f  cpu_inst/mem_wb_reg_reg[rd][2]/Q
                         net (fo=17, routed)          0.884     6.556    cpu_inst/dot4acc_pipeline_inst/product0_reg_reg_i_39_0[2]
    SLICE_X2Y14                                                       f  cpu_inst/dot4acc_pipeline_inst/led_OBUF[10]_inst_i_7/I2
    SLICE_X2Y14          LUT5 (Prop_lut5_I2_O)        0.124     6.680 f  cpu_inst/dot4acc_pipeline_inst/led_OBUF[10]_inst_i_7/O
                         net (fo=1, routed)           0.466     7.146    cpu_inst/dot4acc_pipeline_inst/led_OBUF[10]_inst_i_7_n_0
    SLICE_X2Y14                                                       f  cpu_inst/dot4acc_pipeline_inst/led_OBUF[10]_inst_i_4/I0
    SLICE_X2Y14          LUT3 (Prop_lut3_I0_O)        0.124     7.270 f  cpu_inst/dot4acc_pipeline_inst/led_OBUF[10]_inst_i_4/O
                         net (fo=7, routed)           0.874     8.144    cpu_inst/dot4acc_pipeline_inst/mem_wb_reg_reg[reg_write]
    SLICE_X4Y15                                                       f  cpu_inst/dot4acc_pipeline_inst/ex_alu_result0_i_42/I0
    SLICE_X4Y15          LUT6 (Prop_lut6_I0_O)        0.124     8.268 r  cpu_inst/dot4acc_pipeline_inst/ex_alu_result0_i_42/O
                         net (fo=32, routed)          1.049     9.317    cpu_inst/data_mem_inst/ex_alu_result0_11
    SLICE_X9Y21                                                       r  cpu_inst/data_mem_inst/ex_alu_result0_i_4/I3
    SLICE_X9Y21          LUT5 (Prop_lut5_I3_O)        0.124     9.441 r  cpu_inst/data_mem_inst/ex_alu_result0_i_4/O
                         net (fo=2, routed)           0.596    10.038    cpu_inst/data_mem_inst/A[4]
    SLICE_X9Y18                                                       r  cpu_inst/data_mem_inst/product0_reg_reg_i_33/I0
    SLICE_X9Y18          LUT5 (Prop_lut5_I0_O)        0.124    10.162 r  cpu_inst/data_mem_inst/product0_reg_reg_i_33/O
                         net (fo=8, routed)           1.090    11.252    cpu_inst/data_mem_inst/ex_mem_reg[alu_result][7]_i_10_n_0
    SLICE_X8Y15                                                       r  cpu_inst/data_mem_inst/fetch_buffer_pc[31]_i_15/I0
    SLICE_X8Y15          LUT6 (Prop_lut6_I0_O)        0.124    11.376 r  cpu_inst/data_mem_inst/fetch_buffer_pc[31]_i_15/O
                         net (fo=1, routed)           0.000    11.376    cpu_inst/data_mem_inst/fetch_buffer_pc[31]_i_15_n_0
    SLICE_X8Y15                                                       r  cpu_inst/data_mem_inst/fetch_buffer_pc_reg[31]_i_8/S[1]
    SLICE_X8Y15          CARRY4 (Prop_carry4_S[1]_CO[3])
                                                      0.533    11.909 r  cpu_inst/data_mem_inst/fetch_buffer_pc_reg[31]_i_8/CO[3]
                         net (fo=1, routed)           0.000    11.909    cpu_inst/data_mem_inst/fetch_buffer_pc_reg[31]_i_8_n_0
    SLICE_X8Y16                                                       r  cpu_inst/data_mem_inst/fetch_buffer_pc_reg[31]_i_4/CI
    SLICE_X8Y16          CARRY4 (Prop_carry4_CI_CO[3])
                                                      0.117    12.026 r  cpu_inst/data_mem_inst/fetch_buffer_pc_reg[31]_i_4/CO[3]
                         net (fo=1, routed)           0.000    12.026    cpu_inst/data_mem_inst/fetch_buffer_pc_reg[31]_i_4_n_0
    SLICE_X8Y17                                                       r  cpu_inst/data_mem_inst/fetch_buffer_pc_reg[31]_i_2/CI
    SLICE_X8Y17          CARRY4 (Prop_carry4_CI_CO[2])
                                                      0.229    12.255 f  cpu_inst/data_mem_inst/fetch_buffer_pc_reg[31]_i_2/CO[2]
                         net (fo=23, routed)          0.902    13.156    cpu_inst/data_mem_inst/ex_branch_taken0
    SLICE_X4Y13                                                       f  cpu_inst/data_mem_inst/instruction_reg_i_33/I0
    SLICE_X4Y13          LUT6 (Prop_lut6_I0_O)        0.310    13.466 f  cpu_inst/data_mem_inst/instruction_reg_i_33/O
                         net (fo=1, routed)           0.159    13.625    cpu_inst/data_mem_inst/instruction_reg_i_33_n_0
    SLICE_X4Y13                                                       f  cpu_inst/data_mem_inst/instruction_reg_i_27/I3
    SLICE_X4Y13          LUT5 (Prop_lut5_I3_O)        0.124    13.749 f  cpu_inst/data_mem_inst/instruction_reg_i_27/O
                         net (fo=4, routed)           0.669    14.418    cpu_inst/data_mem_inst/instruction_reg_i_27_n_0
    SLICE_X4Y21                                                       f  cpu_inst/data_mem_inst/id_ex_reg[pc][31]_i_7/I1
    SLICE_X4Y21          LUT6 (Prop_lut6_I1_O)        0.124    14.542 r  cpu_inst/data_mem_inst/id_ex_reg[pc][31]_i_7/O
                         net (fo=5, routed)           0.306    14.847    cpu_inst/data_mem_inst/id_ex_reg42_out
    SLICE_X4Y21                                                       r  cpu_inst/data_mem_inst/id_ex_reg[operand_b][31]_i_1/I3
    SLICE_X4Y21          LUT5 (Prop_lut5_I3_O)        0.124    14.971 r  cpu_inst/data_mem_inst/id_ex_reg[operand_b][31]_i_1/O
                         net (fo=98, routed)          0.577    15.548    cpu_inst/data_mem_inst/id_ex_reg_reg[valid]
    SLICE_X7Y22                                                       r  cpu_inst/data_mem_inst/id_ex_reg[operand_a][31]_i_1/I0
    SLICE_X7Y22          LUT6 (Prop_lut6_I0_O)        0.124    15.672 r  cpu_inst/data_mem_inst/id_ex_reg[operand_a][31]_i_1/O
                         net (fo=32, routed)          0.651    16.323    cpu_inst/data_mem_inst_n_2
    SLICE_X6Y29          FDRE                                         r  cpu_inst/id_ex_reg_reg[operand_a][1]/R
  -------------------------------------------------------------------    -------------------

                         (clock sys_clk_pin rise edge)
                                                     10.000    10.000 r  <hidden>
    W5                                                0.000    10.000 r  clk
                         net (fo=0)                   0.000    10.000    clk
    W5                                                                r  clk_IBUF_inst/I
    W5                   IBUF (Prop_ibuf_I_O)         1.388    11.388 r  clk_IBUF_inst/O
                         net (fo=1, routed)           1.862    13.250    clk_IBUF
    BUFGCTRL_X0Y0                                                     r  clk_IBUF_BUFG_inst/I
    BUFGCTRL_X0Y0        BUFG (Prop_bufg_I_O)         0.091    13.341 r  clk_IBUF_BUFG_inst/O
                         net (fo=1821, routed)        1.506    14.847    cpu_inst/clk_IBUF_BUFG
    SLICE_X6Y29          FDRE                                         r  cpu_inst/id_ex_reg_reg[operand_a][1]/C
                         clock pessimism              0.260    15.107    <hidden>
                         clock uncertainty           -0.035    15.072    <hidden>
    SLICE_X6Y29          FDRE (Setup_fdre_C_R)       -0.524    14.548    cpu_inst/id_ex_reg_reg[operand_a][1]
  -------------------------------------------------------------------
                         required time                         14.548    <hidden>
                         arrival time                         -16.323    <hidden>
  -------------------------------------------------------------------
                         slack                                 -1.776    <hidden>

Slack (VIOLATED) :        -1.776ns  (required time - arrival time)
  Source:                 cpu_inst/mem_wb_reg_reg[rd][2]/C
                            (rising edge-triggered cell FDRE clocked by sys_clk_pin  {rise@0.000ns fall@5.000ns period=10.000ns})
  Destination:            cpu_inst/id_ex_reg_reg[operand_a][2]/R
                            (rising edge-triggered cell FDRE clocked by sys_clk_pin  {rise@0.000ns fall@5.000ns period=10.000ns})
  Path Group:             sys_clk_pin
  Path Type:              Setup (Max at Slow Process Corner)
  Requirement:            10.000ns  (sys_clk_pin rise@10.000ns - sys_clk_pin rise@0.000ns)
  Data Path Delay:        11.169ns  (logic 2.947ns (26.385%)  route 8.222ns (73.615%))
  Logic Levels:           14  (CARRY4=3 LUT3=1 LUT5=5 LUT6=5)
  Clock Path Skew:        -0.047ns (DCD - SCD + CPR)
    Destination Clock Delay (DCD):    4.847ns = ( 14.847 - 10.000 ) 
    Source Clock Delay      (SCD):    5.154ns
    Clock Pessimism Removal (CPR):    0.260ns
  Clock Uncertainty:      0.035ns  ((TSJ^2 + TIJ^2)^1/2 + DJ) / 2 + PE
    Total System Jitter     (TSJ):    0.071ns
    Total Input Jitter      (TIJ):    0.000ns
    Discrete Jitter          (DJ):    0.000ns
    Phase Error              (PE):    0.000ns

    Location             Delay type                Incr(ns)  Path(ns)    Netlist Resource(s)
  -------------------------------------------------------------------    -------------------
                         (clock sys_clk_pin rise edge)
                                                      0.000     0.000 r  <hidden>
    W5                                                0.000     0.000 r  clk
                         net (fo=0)                   0.000     0.000    clk
    W5                                                                r  clk_IBUF_inst/I
    W5                   IBUF (Prop_ibuf_I_O)         1.458     1.458 r  clk_IBUF_inst/O
                         net (fo=1, routed)           1.967     3.425    clk_IBUF
    BUFGCTRL_X0Y0                                                     r  clk_IBUF_BUFG_inst/I
    BUFGCTRL_X0Y0        BUFG (Prop_bufg_I_O)         0.096     3.521 r  clk_IBUF_BUFG_inst/O
                         net (fo=1821, routed)        1.633     5.154    cpu_inst/clk_IBUF_BUFG
    SLICE_X2Y14          FDRE                                         r  cpu_inst/mem_wb_reg_reg[rd][2]/C
  -------------------------------------------------------------------    -------------------
    SLICE_X2Y14          FDRE (Prop_fdre_C_Q)         0.518     5.672 f  cpu_inst/mem_wb_reg_reg[rd][2]/Q
                         net (fo=17, routed)          0.884     6.556    cpu_inst/dot4acc_pipeline_inst/product0_reg_reg_i_39_0[2]
    SLICE_X2Y14                                                       f  cpu_inst/dot4acc_pipeline_inst/led_OBUF[10]_inst_i_7/I2
    SLICE_X2Y14          LUT5 (Prop_lut5_I2_O)        0.124     6.680 f  cpu_inst/dot4acc_pipeline_inst/led_OBUF[10]_inst_i_7/O
                         net (fo=1, routed)           0.466     7.146    cpu_inst/dot4acc_pipeline_inst/led_OBUF[10]_inst_i_7_n_0
    SLICE_X2Y14                                                       f  cpu_inst/dot4acc_pipeline_inst/led_OBUF[10]_inst_i_4/I0
    SLICE_X2Y14          LUT3 (Prop_lut3_I0_O)        0.124     7.270 f  cpu_inst/dot4acc_pipeline_inst/led_OBUF[10]_inst_i_4/O
                         net (fo=7, routed)           0.874     8.144    cpu_inst/dot4acc_pipeline_inst/mem_wb_reg_reg[reg_write]
    SLICE_X4Y15                                                       f  cpu_inst/dot4acc_pipeline_inst/ex_alu_result0_i_42/I0
    SLICE_X4Y15          LUT6 (Prop_lut6_I0_O)        0.124     8.268 r  cpu_inst/dot4acc_pipeline_inst/ex_alu_result0_i_42/O
                         net (fo=32, routed)          1.049     9.317    cpu_inst/data_mem_inst/ex_alu_result0_11
    SLICE_X9Y21                                                       r  cpu_inst/data_mem_inst/ex_alu_result0_i_4/I3
    SLICE_X9Y21          LUT5 (Prop_lut5_I3_O)        0.124     9.441 r  cpu_inst/data_mem_inst/ex_alu_result0_i_4/O
                         net (fo=2, routed)           0.596    10.038    cpu_inst/data_mem_inst/A[4]
    SLICE_X9Y18                                                       r  cpu_inst/data_mem_inst/product0_reg_reg_i_33/I0
    SLICE_X9Y18          LUT5 (Prop_lut5_I0_O)        0.124    10.162 r  cpu_inst/data_mem_inst/product0_reg_reg_i_33/O
                         net (fo=8, routed)           1.090    11.252    cpu_inst/data_mem_inst/ex_mem_reg[alu_result][7]_i_10_n_0
    SLICE_X8Y15                                                       r  cpu_inst/data_mem_inst/fetch_buffer_pc[31]_i_15/I0
    SLICE_X8Y15          LUT6 (Prop_lut6_I0_O)        0.124    11.376 r  cpu_inst/data_mem_inst/fetch_buffer_pc[31]_i_15/O
                         net (fo=1, routed)           0.000    11.376    cpu_inst/data_mem_inst/fetch_buffer_pc[31]_i_15_n_0
    SLICE_X8Y15                                                       r  cpu_inst/data_mem_inst/fetch_buffer_pc_reg[31]_i_8/S[1]
    SLICE_X8Y15          CARRY4 (Prop_carry4_S[1]_CO[3])
                                                      0.533    11.909 r  cpu_inst/data_mem_inst/fetch_buffer_pc_reg[31]_i_8/CO[3]
                         net (fo=1, routed)           0.000    11.909    cpu_inst/data_mem_inst/fetch_buffer_pc_reg[31]_i_8_n_0
    SLICE_X8Y16                                                       r  cpu_inst/data_mem_inst/fetch_buffer_pc_reg[31]_i_4/CI
    SLICE_X8Y16          CARRY4 (Prop_carry4_CI_CO[3])
                                                      0.117    12.026 r  cpu_inst/data_mem_inst/fetch_buffer_pc_reg[31]_i_4/CO[3]
                         net (fo=1, routed)           0.000    12.026    cpu_inst/data_mem_inst/fetch_buffer_pc_reg[31]_i_4_n_0
    SLICE_X8Y17                                                       r  cpu_inst/data_mem_inst/fetch_buffer_pc_reg[31]_i_2/CI
    SLICE_X8Y17          CARRY4 (Prop_carry4_CI_CO[2])
                                                      0.229    12.255 f  cpu_inst/data_mem_inst/fetch_buffer_pc_reg[31]_i_2/CO[2]
                         net (fo=23, routed)          0.902    13.156    cpu_inst/data_mem_inst/ex_branch_taken0
    SLICE_X4Y13                                                       f  cpu_inst/data_mem_inst/instruction_reg_i_33/I0
    SLICE_X4Y13          LUT6 (Prop_lut6_I0_O)        0.310    13.466 f  cpu_inst/data_mem_inst/instruction_reg_i_33/O
                         net (fo=1, routed)           0.159    13.625    cpu_inst/data_mem_inst/instruction_reg_i_33_n_0
    SLICE_X4Y13                                                       f  cpu_inst/data_mem_inst/instruction_reg_i_27/I3
    SLICE_X4Y13          LUT5 (Prop_lut5_I3_O)        0.124    13.749 f  cpu_inst/data_mem_inst/instruction_reg_i_27/O
                         net (fo=4, routed)           0.669    14.418    cpu_inst/data_mem_inst/instruction_reg_i_27_n_0
    SLICE_X4Y21                                                       f  cpu_inst/data_mem_inst/id_ex_reg[pc][31]_i_7/I1
    SLICE_X4Y21          LUT6 (Prop_lut6_I1_O)        0.124    14.542 r  cpu_inst/data_mem_inst/id_ex_reg[pc][31]_i_7/O
                         net (fo=5, routed)           0.306    14.847    cpu_inst/data_mem_inst/id_ex_reg42_out
    SLICE_X4Y21                                                       r  cpu_inst/data_mem_inst/id_ex_reg[operand_b][31]_i_1/I3
    SLICE_X4Y21          LUT5 (Prop_lut5_I3_O)        0.124    14.971 r  cpu_inst/data_mem_inst/id_ex_reg[operand_b][31]_i_1/O
                         net (fo=98, routed)          0.577    15.548    cpu_inst/data_mem_inst/id_ex_reg_reg[valid]
    SLICE_X7Y22                                                       r  cpu_inst/data_mem_inst/id_ex_reg[operand_a][31]_i_1/I0
    SLICE_X7Y22          LUT6 (Prop_lut6_I0_O)        0.124    15.672 r  cpu_inst/data_mem_inst/id_ex_reg[operand_a][31]_i_1/O
                         net (fo=32, routed)          0.651    16.323    cpu_inst/data_mem_inst_n_2
    SLICE_X6Y29          FDRE                                         r  cpu_inst/id_ex_reg_reg[operand_a][2]/R
  -------------------------------------------------------------------    -------------------

                         (clock sys_clk_pin rise edge)
                                                     10.000    10.000 r  <hidden>
    W5                                                0.000    10.000 r  clk
                         net (fo=0)                   0.000    10.000    clk
    W5                                                                r  clk_IBUF_inst/I
    W5                   IBUF (Prop_ibuf_I_O)         1.388    11.388 r  clk_IBUF_inst/O
                         net (fo=1, routed)           1.862    13.250    clk_IBUF
    BUFGCTRL_X0Y0                                                     r  clk_IBUF_BUFG_inst/I
    BUFGCTRL_X0Y0        BUFG (Prop_bufg_I_O)         0.091    13.341 r  clk_IBUF_BUFG_inst/O
                         net (fo=1821, routed)        1.506    14.847    cpu_inst/clk_IBUF_BUFG
    SLICE_X6Y29          FDRE                                         r  cpu_inst/id_ex_reg_reg[operand_a][2]/C
                         clock pessimism              0.260    15.107    <hidden>
                         clock uncertainty           -0.035    15.072    <hidden>
    SLICE_X6Y29          FDRE (Setup_fdre_C_R)       -0.524    14.548    cpu_inst/id_ex_reg_reg[operand_a][2]
  -------------------------------------------------------------------
                         required time                         14.548    <hidden>
                         arrival time                         -16.323    <hidden>
  -------------------------------------------------------------------
                         slack                                 -1.776    <hidden>

Slack (VIOLATED) :        -1.776ns  (required time - arrival time)
  Source:                 cpu_inst/mem_wb_reg_reg[rd][2]/C
                            (rising edge-triggered cell FDRE clocked by sys_clk_pin  {rise@0.000ns fall@5.000ns period=10.000ns})
  Destination:            cpu_inst/id_ex_reg_reg[operand_a][3]/R
                            (rising edge-triggered cell FDRE clocked by sys_clk_pin  {rise@0.000ns fall@5.000ns period=10.000ns})
  Path Group:             sys_clk_pin
  Path Type:              Setup (Max at Slow Process Corner)
  Requirement:            10.000ns  (sys_clk_pin rise@10.000ns - sys_clk_pin rise@0.000ns)
  Data Path Delay:        11.169ns  (logic 2.947ns (26.385%)  route 8.222ns (73.615%))
  Logic Levels:           14  (CARRY4=3 LUT3=1 LUT5=5 LUT6=5)
  Clock Path Skew:        -0.047ns (DCD - SCD + CPR)
    Destination Clock Delay (DCD):    4.847ns = ( 14.847 - 10.000 ) 
    Source Clock Delay      (SCD):    5.154ns
    Clock Pessimism Removal (CPR):    0.260ns
  Clock Uncertainty:      0.035ns  ((TSJ^2 + TIJ^2)^1/2 + DJ) / 2 + PE
    Total System Jitter     (TSJ):    0.071ns
    Total Input Jitter      (TIJ):    0.000ns
    Discrete Jitter          (DJ):    0.000ns
    Phase Error              (PE):    0.000ns

    Location             Delay type                Incr(ns)  Path(ns)    Netlist Resource(s)
  -------------------------------------------------------------------    -------------------
                         (clock sys_clk_pin rise edge)
                                                      0.000     0.000 r  <hidden>
    W5                                                0.000     0.000 r  clk
                         net (fo=0)                   0.000     0.000    clk
    W5                                                                r  clk_IBUF_inst/I
    W5                   IBUF (Prop_ibuf_I_O)         1.458     1.458 r  clk_IBUF_inst/O
                         net (fo=1, routed)           1.967     3.425    clk_IBUF
    BUFGCTRL_X0Y0                                                     r  clk_IBUF_BUFG_inst/I
    BUFGCTRL_X0Y0        BUFG (Prop_bufg_I_O)         0.096     3.521 r  clk_IBUF_BUFG_inst/O
                         net (fo=1821, routed)        1.633     5.154    cpu_inst/clk_IBUF_BUFG
    SLICE_X2Y14          FDRE                                         r  cpu_inst/mem_wb_reg_reg[rd][2]/C
  -------------------------------------------------------------------    -------------------
    SLICE_X2Y14          FDRE (Prop_fdre_C_Q)         0.518     5.672 f  cpu_inst/mem_wb_reg_reg[rd][2]/Q
                         net (fo=17, routed)          0.884     6.556    cpu_inst/dot4acc_pipeline_inst/product0_reg_reg_i_39_0[2]
    SLICE_X2Y14                                                       f  cpu_inst/dot4acc_pipeline_inst/led_OBUF[10]_inst_i_7/I2
    SLICE_X2Y14          LUT5 (Prop_lut5_I2_O)        0.124     6.680 f  cpu_inst/dot4acc_pipeline_inst/led_OBUF[10]_inst_i_7/O
                         net (fo=1, routed)           0.466     7.146    cpu_inst/dot4acc_pipeline_inst/led_OBUF[10]_inst_i_7_n_0
    SLICE_X2Y14                                                       f  cpu_inst/dot4acc_pipeline_inst/led_OBUF[10]_inst_i_4/I0
    SLICE_X2Y14          LUT3 (Prop_lut3_I0_O)        0.124     7.270 f  cpu_inst/dot4acc_pipeline_inst/led_OBUF[10]_inst_i_4/O
                         net (fo=7, routed)           0.874     8.144    cpu_inst/dot4acc_pipeline_inst/mem_wb_reg_reg[reg_write]
    SLICE_X4Y15                                                       f  cpu_inst/dot4acc_pipeline_inst/ex_alu_result0_i_42/I0
    SLICE_X4Y15          LUT6 (Prop_lut6_I0_O)        0.124     8.268 r  cpu_inst/dot4acc_pipeline_inst/ex_alu_result0_i_42/O
                         net (fo=32, routed)          1.049     9.317    cpu_inst/data_mem_inst/ex_alu_result0_11
    SLICE_X9Y21                                                       r  cpu_inst/data_mem_inst/ex_alu_result0_i_4/I3
    SLICE_X9Y21          LUT5 (Prop_lut5_I3_O)        0.124     9.441 r  cpu_inst/data_mem_inst/ex_alu_result0_i_4/O
                         net (fo=2, routed)           0.596    10.038    cpu_inst/data_mem_inst/A[4]
    SLICE_X9Y18                                                       r  cpu_inst/data_mem_inst/product0_reg_reg_i_33/I0
    SLICE_X9Y18          LUT5 (Prop_lut5_I0_O)        0.124    10.162 r  cpu_inst/data_mem_inst/product0_reg_reg_i_33/O
                         net (fo=8, routed)           1.090    11.252    cpu_inst/data_mem_inst/ex_mem_reg[alu_result][7]_i_10_n_0
    SLICE_X8Y15                                                       r  cpu_inst/data_mem_inst/fetch_buffer_pc[31]_i_15/I0
    SLICE_X8Y15          LUT6 (Prop_lut6_I0_O)        0.124    11.376 r  cpu_inst/data_mem_inst/fetch_buffer_pc[31]_i_15/O
                         net (fo=1, routed)           0.000    11.376    cpu_inst/data_mem_inst/fetch_buffer_pc[31]_i_15_n_0
    SLICE_X8Y15                                                       r  cpu_inst/data_mem_inst/fetch_buffer_pc_reg[31]_i_8/S[1]
    SLICE_X8Y15          CARRY4 (Prop_carry4_S[1]_CO[3])
                                                      0.533    11.909 r  cpu_inst/data_mem_inst/fetch_buffer_pc_reg[31]_i_8/CO[3]
                         net (fo=1, routed)           0.000    11.909    cpu_inst/data_mem_inst/fetch_buffer_pc_reg[31]_i_8_n_0
    SLICE_X8Y16                                                       r  cpu_inst/data_mem_inst/fetch_buffer_pc_reg[31]_i_4/CI
    SLICE_X8Y16          CARRY4 (Prop_carry4_CI_CO[3])
                                                      0.117    12.026 r  cpu_inst/data_mem_inst/fetch_buffer_pc_reg[31]_i_4/CO[3]
                         net (fo=1, routed)           0.000    12.026    cpu_inst/data_mem_inst/fetch_buffer_pc_reg[31]_i_4_n_0
    SLICE_X8Y17                                                       r  cpu_inst/data_mem_inst/fetch_buffer_pc_reg[31]_i_2/CI
    SLICE_X8Y17          CARRY4 (Prop_carry4_CI_CO[2])
                                                      0.229    12.255 f  cpu_inst/data_mem_inst/fetch_buffer_pc_reg[31]_i_2/CO[2]
                         net (fo=23, routed)          0.902    13.156    cpu_inst/data_mem_inst/ex_branch_taken0
    SLICE_X4Y13                                                       f  cpu_inst/data_mem_inst/instruction_reg_i_33/I0
    SLICE_X4Y13          LUT6 (Prop_lut6_I0_O)        0.310    13.466 f  cpu_inst/data_mem_inst/instruction_reg_i_33/O
                         net (fo=1, routed)           0.159    13.625    cpu_inst/data_mem_inst/instruction_reg_i_33_n_0
    SLICE_X4Y13                                                       f  cpu_inst/data_mem_inst/instruction_reg_i_27/I3
    SLICE_X4Y13          LUT5 (Prop_lut5_I3_O)        0.124    13.749 f  cpu_inst/data_mem_inst/instruction_reg_i_27/O
                         net (fo=4, routed)           0.669    14.418    cpu_inst/data_mem_inst/instruction_reg_i_27_n_0
    SLICE_X4Y21                                                       f  cpu_inst/data_mem_inst/id_ex_reg[pc][31]_i_7/I1
    SLICE_X4Y21          LUT6 (Prop_lut6_I1_O)        0.124    14.542 r  cpu_inst/data_mem_inst/id_ex_reg[pc][31]_i_7/O
                         net (fo=5, routed)           0.306    14.847    cpu_inst/data_mem_inst/id_ex_reg42_out
    SLICE_X4Y21                                                       r  cpu_inst/data_mem_inst/id_ex_reg[operand_b][31]_i_1/I3
    SLICE_X4Y21          LUT5 (Prop_lut5_I3_O)        0.124    14.971 r  cpu_inst/data_mem_inst/id_ex_reg[operand_b][31]_i_1/O
                         net (fo=98, routed)          0.577    15.548    cpu_inst/data_mem_inst/id_ex_reg_reg[valid]
    SLICE_X7Y22                                                       r  cpu_inst/data_mem_inst/id_ex_reg[operand_a][31]_i_1/I0
    SLICE_X7Y22          LUT6 (Prop_lut6_I0_O)        0.124    15.672 r  cpu_inst/data_mem_inst/id_ex_reg[operand_a][31]_i_1/O
                         net (fo=32, routed)          0.651    16.323    cpu_inst/data_mem_inst_n_2
    SLICE_X6Y29          FDRE                                         r  cpu_inst/id_ex_reg_reg[operand_a][3]/R
  -------------------------------------------------------------------    -------------------

                         (clock sys_clk_pin rise edge)
                                                     10.000    10.000 r  <hidden>
    W5                                                0.000    10.000 r  clk
                         net (fo=0)                   0.000    10.000    clk
    W5                                                                r  clk_IBUF_inst/I
    W5                   IBUF (Prop_ibuf_I_O)         1.388    11.388 r  clk_IBUF_inst/O
                         net (fo=1, routed)           1.862    13.250    clk_IBUF
    BUFGCTRL_X0Y0                                                     r  clk_IBUF_BUFG_inst/I
    BUFGCTRL_X0Y0        BUFG (Prop_bufg_I_O)         0.091    13.341 r  clk_IBUF_BUFG_inst/O
                         net (fo=1821, routed)        1.506    14.847    cpu_inst/clk_IBUF_BUFG
    SLICE_X6Y29          FDRE                                         r  cpu_inst/id_ex_reg_reg[operand_a][3]/C
                         clock pessimism              0.260    15.107    <hidden>
                         clock uncertainty           -0.035    15.072    <hidden>
    SLICE_X6Y29          FDRE (Setup_fdre_C_R)       -0.524    14.548    cpu_inst/id_ex_reg_reg[operand_a][3]
  -------------------------------------------------------------------
                         required time                         14.548    <hidden>
                         arrival time                         -16.323    <hidden>
  -------------------------------------------------------------------
                         slack                                 -1.776    <hidden>

Slack (VIOLATED) :        -1.768ns  (required time - arrival time)
  Source:                 cpu_inst/mem_wb_reg_reg[rd][2]/C
                            (rising edge-triggered cell FDRE clocked by sys_clk_pin  {rise@0.000ns fall@5.000ns period=10.000ns})
  Destination:            cpu_inst/fetch_pending_pc_reg[19]/CE
                            (rising edge-triggered cell FDRE clocked by sys_clk_pin  {rise@0.000ns fall@5.000ns period=10.000ns})
  Path Group:             sys_clk_pin
  Path Type:              Setup (Max at Slow Process Corner)
  Requirement:            10.000ns  (sys_clk_pin rise@10.000ns - sys_clk_pin rise@0.000ns)
  Data Path Delay:        11.493ns  (logic 2.947ns (25.641%)  route 8.546ns (74.359%))
  Logic Levels:           14  (CARRY4=3 LUT3=1 LUT4=2 LUT5=3 LUT6=5)
  Clock Path Skew:        -0.034ns (DCD - SCD + CPR)
    Destination Clock Delay (DCD):    4.846ns = ( 14.846 - 10.000 ) 
    Source Clock Delay      (SCD):    5.154ns
    Clock Pessimism Removal (CPR):    0.274ns
  Clock Uncertainty:      0.035ns  ((TSJ^2 + TIJ^2)^1/2 + DJ) / 2 + PE
    Total System Jitter     (TSJ):    0.071ns
    Total Input Jitter      (TIJ):    0.000ns
    Discrete Jitter          (DJ):    0.000ns
    Phase Error              (PE):    0.000ns

    Location             Delay type                Incr(ns)  Path(ns)    Netlist Resource(s)
  -------------------------------------------------------------------    -------------------
                         (clock sys_clk_pin rise edge)
                                                      0.000     0.000 r  <hidden>
    W5                                                0.000     0.000 r  clk
                         net (fo=0)                   0.000     0.000    clk
    W5                                                                r  clk_IBUF_inst/I
    W5                   IBUF (Prop_ibuf_I_O)         1.458     1.458 r  clk_IBUF_inst/O
                         net (fo=1, routed)           1.967     3.425    clk_IBUF
    BUFGCTRL_X0Y0                                                     r  clk_IBUF_BUFG_inst/I
    BUFGCTRL_X0Y0        BUFG (Prop_bufg_I_O)         0.096     3.521 r  clk_IBUF_BUFG_inst/O
                         net (fo=1821, routed)        1.633     5.154    cpu_inst/clk_IBUF_BUFG
    SLICE_X2Y14          FDRE                                         r  cpu_inst/mem_wb_reg_reg[rd][2]/C
  -------------------------------------------------------------------    -------------------
    SLICE_X2Y14          FDRE (Prop_fdre_C_Q)         0.518     5.672 f  cpu_inst/mem_wb_reg_reg[rd][2]/Q
                         net (fo=17, routed)          0.884     6.556    cpu_inst/dot4acc_pipeline_inst/product0_reg_reg_i_39_0[2]
    SLICE_X2Y14                                                       f  cpu_inst/dot4acc_pipeline_inst/led_OBUF[10]_inst_i_7/I2
    SLICE_X2Y14          LUT5 (Prop_lut5_I2_O)        0.124     6.680 f  cpu_inst/dot4acc_pipeline_inst/led_OBUF[10]_inst_i_7/O
                         net (fo=1, routed)           0.466     7.146    cpu_inst/dot4acc_pipeline_inst/led_OBUF[10]_inst_i_7_n_0
    SLICE_X2Y14                                                       f  cpu_inst/dot4acc_pipeline_inst/led_OBUF[10]_inst_i_4/I0
    SLICE_X2Y14          LUT3 (Prop_lut3_I0_O)        0.124     7.270 f  cpu_inst/dot4acc_pipeline_inst/led_OBUF[10]_inst_i_4/O
                         net (fo=7, routed)           0.874     8.144    cpu_inst/dot4acc_pipeline_inst/mem_wb_reg_reg[reg_write]
    SLICE_X4Y15                                                       f  cpu_inst/dot4acc_pipeline_inst/ex_alu_result0_i_42/I0
    SLICE_X4Y15          LUT6 (Prop_lut6_I0_O)        0.124     8.268 r  cpu_inst/dot4acc_pipeline_inst/ex_alu_result0_i_42/O
                         net (fo=32, routed)          1.049     9.317    cpu_inst/data_mem_inst/ex_alu_result0_11
    SLICE_X9Y21                                                       r  cpu_inst/data_mem_inst/ex_alu_result0_i_4/I3
    SLICE_X9Y21          LUT5 (Prop_lut5_I3_O)        0.124     9.441 r  cpu_inst/data_mem_inst/ex_alu_result0_i_4/O
                         net (fo=2, routed)           0.596    10.038    cpu_inst/data_mem_inst/A[4]
    SLICE_X9Y18                                                       r  cpu_inst/data_mem_inst/product0_reg_reg_i_33/I0
    SLICE_X9Y18          LUT5 (Prop_lut5_I0_O)        0.124    10.162 r  cpu_inst/data_mem_inst/product0_reg_reg_i_33/O
                         net (fo=8, routed)           1.090    11.252    cpu_inst/data_mem_inst/ex_mem_reg[alu_result][7]_i_10_n_0
    SLICE_X8Y15                                                       r  cpu_inst/data_mem_inst/fetch_buffer_pc[31]_i_15/I0
    SLICE_X8Y15          LUT6 (Prop_lut6_I0_O)        0.124    11.376 r  cpu_inst/data_mem_inst/fetch_buffer_pc[31]_i_15/O
                         net (fo=1, routed)           0.000    11.376    cpu_inst/data_mem_inst/fetch_buffer_pc[31]_i_15_n_0
    SLICE_X8Y15                                                       r  cpu_inst/data_mem_inst/fetch_buffer_pc_reg[31]_i_8/S[1]
    SLICE_X8Y15          CARRY4 (Prop_carry4_S[1]_CO[3])
                                                      0.533    11.909 r  cpu_inst/data_mem_inst/fetch_buffer_pc_reg[31]_i_8/CO[3]
                         net (fo=1, routed)           0.000    11.909    cpu_inst/data_mem_inst/fetch_buffer_pc_reg[31]_i_8_n_0
    SLICE_X8Y16                                                       r  cpu_inst/data_mem_inst/fetch_buffer_pc_reg[31]_i_4/CI
    SLICE_X8Y16          CARRY4 (Prop_carry4_CI_CO[3])
                                                      0.117    12.026 r  cpu_inst/data_mem_inst/fetch_buffer_pc_reg[31]_i_4/CO[3]
                         net (fo=1, routed)           0.000    12.026    cpu_inst/data_mem_inst/fetch_buffer_pc_reg[31]_i_4_n_0
    SLICE_X8Y17                                                       r  cpu_inst/data_mem_inst/fetch_buffer_pc_reg[31]_i_2/CI
    SLICE_X8Y17          CARRY4 (Prop_carry4_CI_CO[2])
                                                      0.229    12.255 r  cpu_inst/data_mem_inst/fetch_buffer_pc_reg[31]_i_2/CO[2]
                         net (fo=23, routed)          0.450    12.704    cpu_inst/data_mem_inst/ex_branch_taken0
    SLICE_X10Y17                                                      r  cpu_inst/data_mem_inst/if_id_reg[pc][31]_i_4/I3
    SLICE_X10Y17         LUT4 (Prop_lut4_I3_O)        0.310    13.014 r  cpu_inst/data_mem_inst/if_id_reg[pc][31]_i_4/O
                         net (fo=42, routed)          0.507    13.521    cpu_inst/data_mem_inst/if_id_reg[pc][31]_i_4_n_0
    SLICE_X8Y18                                                       r  cpu_inst/data_mem_inst/load_overlap_reserved_i_2/I3
    SLICE_X8Y18          LUT6 (Prop_lut6_I3_O)        0.124    13.645 f  cpu_inst/data_mem_inst/load_overlap_reserved_i_2/O
                         net (fo=2, routed)           0.702    14.347    cpu_inst/data_mem_inst/load_overlap_allowed
    SLICE_X4Y16                                                       f  cpu_inst/data_mem_inst/instruction_reg_i_15/I2
    SLICE_X4Y16          LUT6 (Prop_lut6_I2_O)        0.124    14.471 r  cpu_inst/data_mem_inst/instruction_reg_i_15/O
                         net (fo=16, routed)          0.503    14.974    cpu_inst/data_mem_inst/instruction_reg_i_15_n_0
    SLICE_X3Y17                                                       r  cpu_inst/data_mem_inst/led_OBUF[12]_inst_i_2/I4
    SLICE_X3Y17          LUT6 (Prop_lut6_I4_O)        0.124    15.098 r  cpu_inst/data_mem_inst/led_OBUF[12]_inst_i_2/O
                         net (fo=5, routed)           0.612    15.710    cpu_inst/data_mem_inst/led_OBUF[12]_inst_i_2_n_0
    SLICE_X3Y18                                                       r  cpu_inst/data_mem_inst/fetch_pending_pc[31]_i_1/I2
    SLICE_X3Y18          LUT4 (Prop_lut4_I2_O)        0.124    15.834 r  cpu_inst/data_mem_inst/fetch_pending_pc[31]_i_1/O
                         net (fo=62, routed)          0.813    16.647    cpu_inst/data_mem_inst_n_35
    SLICE_X3Y22          FDRE                                         r  cpu_inst/fetch_pending_pc_reg[19]/CE
  -------------------------------------------------------------------    -------------------

                         (clock sys_clk_pin rise edge)
                                                     10.000    10.000 r  <hidden>
    W5                                                0.000    10.000 r  clk
                         net (fo=0)                   0.000    10.000    clk
    W5                                                                r  clk_IBUF_inst/I
    W5                   IBUF (Prop_ibuf_I_O)         1.388    11.388 r  clk_IBUF_inst/O
                         net (fo=1, routed)           1.862    13.250    clk_IBUF
    BUFGCTRL_X0Y0                                                     r  clk_IBUF_BUFG_inst/I
    BUFGCTRL_X0Y0        BUFG (Prop_bufg_I_O)         0.091    13.341 r  clk_IBUF_BUFG_inst/O
                         net (fo=1821, routed)        1.505    14.846    cpu_inst/clk_IBUF_BUFG
    SLICE_X3Y22          FDRE                                         r  cpu_inst/fetch_pending_pc_reg[19]/C
                         clock pessimism              0.274    15.120    <hidden>
                         clock uncertainty           -0.035    15.085    <hidden>
    SLICE_X3Y22          FDRE (Setup_fdre_C_CE)      -0.205    14.880    cpu_inst/fetch_pending_pc_reg[19]
  -------------------------------------------------------------------
                         required time                         14.880    <hidden>
                         arrival time                         -16.647    <hidden>
  -------------------------------------------------------------------
                         slack                                 -1.768    <hidden>




