Copyright 1986-2022 Xilinx, Inc. All Rights Reserved. Copyright 2022-2026 Advanced Micro Devices, Inc. All Rights Reserved.
----------------------------------------------------------------------------------------------------------------------------------------------------------------------------------------------------------------------
| Tool Version : Vivado v.2026.1 (win64) Build 6511674 Tue Jun 16 11:02:23 MDT 2026
| Date         : Fri Aug  7 19:32:28 2026
| Host         : DESKTOP-4GB7DVJ running 64-bit major release  (build 9200)
| Command      : report_timing -delay_type max -path_type full_clock_expanded -input_pins -max_paths 25 -nworst 1 -file C:/FPGA/systemverilog-fpga-cpu/reports/dot4acc_stage_f/details/f_99mhz/top_25_setup_paths.rpt
| Design       : fpga_top_pipeline_dot4acc_wb
| Device       : 7a35t-cpg236
| Speed File   : -1  PRODUCTION 1.23 2018-06-13
| Design State : Routed
----------------------------------------------------------------------------------------------------------------------------------------------------------------------------------------------------------------------

Timing Report

Slack (VIOLATED) :        -0.274ns  (required time - arrival time)
  Source:                 cpu_inst/id_ex_reg_reg[rs2][2]/C
                            (rising edge-triggered cell FDRE clocked by sys_clk_pin  {rise@0.000ns fall@5.051ns period=10.101ns})
  Destination:            cpu_inst/fetch_pc_reg[5]/CE
                            (rising edge-triggered cell FDRE clocked by sys_clk_pin  {rise@0.000ns fall@5.051ns period=10.101ns})
  Path Group:             sys_clk_pin
  Path Type:              Setup (Max at Slow Process Corner)
  Requirement:            10.101ns  (sys_clk_pin rise@10.101ns - sys_clk_pin rise@0.000ns)
  Data Path Delay:        10.097ns  (logic 2.563ns (25.384%)  route 7.534ns (74.616%))
  Logic Levels:           12  (CARRY4=3 LUT4=2 LUT5=4 LUT6=3)
  Clock Path Skew:        -0.038ns (DCD - SCD + CPR)
    Destination Clock Delay (DCD):    4.852ns = ( 14.953 - 10.101 ) 
    Source Clock Delay      (SCD):    5.150ns
    Clock Pessimism Removal (CPR):    0.260ns
  Clock Uncertainty:      0.035ns  ((TSJ^2 + TIJ^2)^1/2 + DJ) / 2 + PE
    Total System Jitter     (TSJ):    0.071ns
    Total Input Jitter      (TIJ):    0.000ns
    Discrete Jitter          (DJ):    0.000ns
    Phase Error              (PE):    0.000ns

    Location             Delay type                Incr(ns)  Path(ns)    Netlist Resource(s)
  -------------------------------------------------------------------    -------------------
                         (clock sys_clk_pin rise edge)
                                                      0.000     0.000 r  <hidden>
    W5                                                0.000     0.000 r  clk
                         net (fo=0)                   0.000     0.000    clk
    W5                                                                r  clk_IBUF_inst/I
    W5                   IBUF (Prop_ibuf_I_O)         1.458     1.458 r  clk_IBUF_inst/O
                         net (fo=1, routed)           1.967     3.425    clk_IBUF
    BUFGCTRL_X0Y0                                                     r  clk_IBUF_BUFG_inst/I
    BUFGCTRL_X0Y0        BUFG (Prop_bufg_I_O)         0.096     3.521 r  clk_IBUF_BUFG_inst/O
                         net (fo=1713, routed)        1.629     5.150    cpu_inst/clk_IBUF_BUFG
    SLICE_X2Y17          FDRE                                         r  cpu_inst/id_ex_reg_reg[rs2][2]/C
  -------------------------------------------------------------------    -------------------
    SLICE_X2Y17          FDRE (Prop_fdre_C_Q)         0.518     5.668 r  cpu_inst/id_ex_reg_reg[rs2][2]/Q
                         net (fo=7, routed)           0.986     6.654    cpu_inst/dot4acc_pipeline_inst/id_ex_reg_reg[rs2][2]
    SLICE_X3Y14                                                       r  cpu_inst/dot4acc_pipeline_inst/product2_reg_reg_i_82/I2
    SLICE_X3Y14          LUT6 (Prop_lut6_I2_O)        0.124     6.778 r  cpu_inst/dot4acc_pipeline_inst/product2_reg_reg_i_82/O
                         net (fo=1, routed)           0.827     7.605    cpu_inst/dot4acc_pipeline_inst/product2_reg_reg_i_82_n_0
    SLICE_X7Y11                                                       r  cpu_inst/dot4acc_pipeline_inst/product2_reg_reg_i_59/I4
    SLICE_X7Y11          LUT5 (Prop_lut5_I4_O)        0.124     7.729 r  cpu_inst/dot4acc_pipeline_inst/product2_reg_reg_i_59/O
                         net (fo=32, routed)          1.182     8.912    cpu_inst/data_mem_inst/product0_reg_reg_1
    SLICE_X8Y20                                                       r  cpu_inst/data_mem_inst/product0_reg_reg_i_18/I1
    SLICE_X8Y20          LUT5 (Prop_lut5_I1_O)        0.124     9.036 r  cpu_inst/data_mem_inst/product0_reg_reg_i_18/O
                         net (fo=1, routed)           0.656     9.692    cpu_inst/dot4acc_pipeline_inst/product0_reg_reg_15
    SLICE_X9Y20                                                       r  cpu_inst/dot4acc_pipeline_inst/product0_reg_reg_i_1/I3
    SLICE_X9Y20          LUT5 (Prop_lut5_I3_O)        0.124     9.816 r  cpu_inst/dot4acc_pipeline_inst/product0_reg_reg_i_1/O
                         net (fo=28, routed)          1.303    11.119    cpu_inst/dot4acc_pipeline_inst/packed_b[6]
    SLICE_X7Y13                                                       r  cpu_inst/dot4acc_pipeline_inst/led_OBUF[12]_inst_i_16/I2
    SLICE_X7Y13          LUT6 (Prop_lut6_I2_O)        0.124    11.243 r  cpu_inst/dot4acc_pipeline_inst/led_OBUF[12]_inst_i_16/O
                         net (fo=1, routed)           0.000    11.243    cpu_inst/dot4acc_pipeline_inst/led_OBUF[12]_inst_i_16_n_0
    SLICE_X7Y13                                                       r  cpu_inst/dot4acc_pipeline_inst/led_OBUF[12]_inst_i_10/S[2]
    SLICE_X7Y13          CARRY4 (Prop_carry4_S[2]_CO[3])
                                                      0.398    11.641 r  cpu_inst/dot4acc_pipeline_inst/led_OBUF[12]_inst_i_10/CO[3]
                         net (fo=1, routed)           0.000    11.641    cpu_inst/dot4acc_pipeline_inst/led_OBUF[12]_inst_i_10_n_0
    SLICE_X7Y14                                                       r  cpu_inst/dot4acc_pipeline_inst/led_OBUF[12]_inst_i_6/CI
    SLICE_X7Y14          CARRY4 (Prop_carry4_CI_CO[3])
                                                      0.114    11.755 r  cpu_inst/dot4acc_pipeline_inst/led_OBUF[12]_inst_i_6/CO[3]
                         net (fo=1, routed)           0.000    11.755    cpu_inst/dot4acc_pipeline_inst/led_OBUF[12]_inst_i_6_n_0
    SLICE_X7Y15                                                       r  cpu_inst/dot4acc_pipeline_inst/led_OBUF[12]_inst_i_3/CI
    SLICE_X7Y15          CARRY4 (Prop_carry4_CI_CO[2])
                                                      0.228    11.983 r  cpu_inst/dot4acc_pipeline_inst/led_OBUF[12]_inst_i_3/CO[2]
                         net (fo=18, routed)          0.520    12.503    cpu_inst/dot4acc_pipeline_inst/ex_branch_taken073_in
    SLICE_X3Y16                                                       r  cpu_inst/dot4acc_pipeline_inst/product2_reg_reg_i_19/I2
    SLICE_X3Y16          LUT4 (Prop_lut4_I2_O)        0.313    12.816 r  cpu_inst/dot4acc_pipeline_inst/product2_reg_reg_i_19/O
                         net (fo=38, routed)          0.522    13.338    cpu_inst/dot4acc_pipeline_inst/product2_reg_reg_i_19_n_0
    SLICE_X3Y20                                                       r  cpu_inst/dot4acc_pipeline_inst/led_OBUF[12]_inst_i_2/I1
    SLICE_X3Y20          LUT6 (Prop_lut6_I1_O)        0.124    13.462 f  cpu_inst/dot4acc_pipeline_inst/led_OBUF[12]_inst_i_2/O
                         net (fo=3, routed)           0.310    13.772    cpu_inst/dot4acc_pipeline_inst/led_OBUF[12]_inst_i_2_n_0
    SLICE_X7Y20                                                       f  cpu_inst/dot4acc_pipeline_inst/fetch_pending_pc[31]_i_3/I4
    SLICE_X7Y20          LUT5 (Prop_lut5_I4_O)        0.124    13.896 r  cpu_inst/dot4acc_pipeline_inst/fetch_pending_pc[31]_i_3/O
                         net (fo=1, routed)           0.305    14.201    cpu_inst/dot4acc_pipeline_inst/fetch_pending_pc[31]_i_3_n_0
    SLICE_X6Y22                                                       r  cpu_inst/dot4acc_pipeline_inst/fetch_pending_pc[31]_i_1/I2
    SLICE_X6Y22          LUT4 (Prop_lut4_I2_O)        0.124    14.325 r  cpu_inst/dot4acc_pipeline_inst/fetch_pending_pc[31]_i_1/O
                         net (fo=62, routed)          0.923    15.247    cpu_inst/dot4acc_pipeline_inst_n_46
    SLICE_X4Y15          FDRE                                         r  cpu_inst/fetch_pc_reg[5]/CE
  -------------------------------------------------------------------    -------------------

                         (clock sys_clk_pin rise edge)
                                                     10.101    10.101 r  <hidden>
    W5                                                0.000    10.101 r  clk
                         net (fo=0)                   0.000    10.101    clk
    W5                                                                r  clk_IBUF_inst/I
    W5                   IBUF (Prop_ibuf_I_O)         1.388    11.489 r  clk_IBUF_inst/O
                         net (fo=1, routed)           1.862    13.351    clk_IBUF
    BUFGCTRL_X0Y0                                                     r  clk_IBUF_BUFG_inst/I
    BUFGCTRL_X0Y0        BUFG (Prop_bufg_I_O)         0.091    13.442 r  clk_IBUF_BUFG_inst/O
                         net (fo=1713, routed)        1.511    14.953    cpu_inst/clk_IBUF_BUFG
    SLICE_X4Y15          FDRE                                         r  cpu_inst/fetch_pc_reg[5]/C
                         clock pessimism              0.260    15.213    <hidden>
                         clock uncertainty           -0.035    15.178    <hidden>
    SLICE_X4Y15          FDRE (Setup_fdre_C_CE)      -0.205    14.973    cpu_inst/fetch_pc_reg[5]
  -------------------------------------------------------------------
                         required time                         14.973    <hidden>
                         arrival time                         -15.247    <hidden>
  -------------------------------------------------------------------
                         slack                                 -0.274    <hidden>

Slack (VIOLATED) :        -0.274ns  (required time - arrival time)
  Source:                 cpu_inst/id_ex_reg_reg[rs2][2]/C
                            (rising edge-triggered cell FDRE clocked by sys_clk_pin  {rise@0.000ns fall@5.051ns period=10.101ns})
  Destination:            cpu_inst/fetch_pc_reg[6]/CE
                            (rising edge-triggered cell FDRE clocked by sys_clk_pin  {rise@0.000ns fall@5.051ns period=10.101ns})
  Path Group:             sys_clk_pin
  Path Type:              Setup (Max at Slow Process Corner)
  Requirement:            10.101ns  (sys_clk_pin rise@10.101ns - sys_clk_pin rise@0.000ns)
  Data Path Delay:        10.097ns  (logic 2.563ns (25.384%)  route 7.534ns (74.616%))
  Logic Levels:           12  (CARRY4=3 LUT4=2 LUT5=4 LUT6=3)
  Clock Path Skew:        -0.038ns (DCD - SCD + CPR)
    Destination Clock Delay (DCD):    4.852ns = ( 14.953 - 10.101 ) 
    Source Clock Delay      (SCD):    5.150ns
    Clock Pessimism Removal (CPR):    0.260ns
  Clock Uncertainty:      0.035ns  ((TSJ^2 + TIJ^2)^1/2 + DJ) / 2 + PE
    Total System Jitter     (TSJ):    0.071ns
    Total Input Jitter      (TIJ):    0.000ns
    Discrete Jitter          (DJ):    0.000ns
    Phase Error              (PE):    0.000ns

    Location             Delay type                Incr(ns)  Path(ns)    Netlist Resource(s)
  -------------------------------------------------------------------    -------------------
                         (clock sys_clk_pin rise edge)
                                                      0.000     0.000 r  <hidden>
    W5                                                0.000     0.000 r  clk
                         net (fo=0)                   0.000     0.000    clk
    W5                                                                r  clk_IBUF_inst/I
    W5                   IBUF (Prop_ibuf_I_O)         1.458     1.458 r  clk_IBUF_inst/O
                         net (fo=1, routed)           1.967     3.425    clk_IBUF
    BUFGCTRL_X0Y0                                                     r  clk_IBUF_BUFG_inst/I
    BUFGCTRL_X0Y0        BUFG (Prop_bufg_I_O)         0.096     3.521 r  clk_IBUF_BUFG_inst/O
                         net (fo=1713, routed)        1.629     5.150    cpu_inst/clk_IBUF_BUFG
    SLICE_X2Y17          FDRE                                         r  cpu_inst/id_ex_reg_reg[rs2][2]/C
  -------------------------------------------------------------------    -------------------
    SLICE_X2Y17          FDRE (Prop_fdre_C_Q)         0.518     5.668 r  cpu_inst/id_ex_reg_reg[rs2][2]/Q
                         net (fo=7, routed)           0.986     6.654    cpu_inst/dot4acc_pipeline_inst/id_ex_reg_reg[rs2][2]
    SLICE_X3Y14                                                       r  cpu_inst/dot4acc_pipeline_inst/product2_reg_reg_i_82/I2
    SLICE_X3Y14          LUT6 (Prop_lut6_I2_O)        0.124     6.778 r  cpu_inst/dot4acc_pipeline_inst/product2_reg_reg_i_82/O
                         net (fo=1, routed)           0.827     7.605    cpu_inst/dot4acc_pipeline_inst/product2_reg_reg_i_82_n_0
    SLICE_X7Y11                                                       r  cpu_inst/dot4acc_pipeline_inst/product2_reg_reg_i_59/I4
    SLICE_X7Y11          LUT5 (Prop_lut5_I4_O)        0.124     7.729 r  cpu_inst/dot4acc_pipeline_inst/product2_reg_reg_i_59/O
                         net (fo=32, routed)          1.182     8.912    cpu_inst/data_mem_inst/product0_reg_reg_1
    SLICE_X8Y20                                                       r  cpu_inst/data_mem_inst/product0_reg_reg_i_18/I1
    SLICE_X8Y20          LUT5 (Prop_lut5_I1_O)        0.124     9.036 r  cpu_inst/data_mem_inst/product0_reg_reg_i_18/O
                         net (fo=1, routed)           0.656     9.692    cpu_inst/dot4acc_pipeline_inst/product0_reg_reg_15
    SLICE_X9Y20                                                       r  cpu_inst/dot4acc_pipeline_inst/product0_reg_reg_i_1/I3
    SLICE_X9Y20          LUT5 (Prop_lut5_I3_O)        0.124     9.816 r  cpu_inst/dot4acc_pipeline_inst/product0_reg_reg_i_1/O
                         net (fo=28, routed)          1.303    11.119    cpu_inst/dot4acc_pipeline_inst/packed_b[6]
    SLICE_X7Y13                                                       r  cpu_inst/dot4acc_pipeline_inst/led_OBUF[12]_inst_i_16/I2
    SLICE_X7Y13          LUT6 (Prop_lut6_I2_O)        0.124    11.243 r  cpu_inst/dot4acc_pipeline_inst/led_OBUF[12]_inst_i_16/O
                         net (fo=1, routed)           0.000    11.243    cpu_inst/dot4acc_pipeline_inst/led_OBUF[12]_inst_i_16_n_0
    SLICE_X7Y13                                                       r  cpu_inst/dot4acc_pipeline_inst/led_OBUF[12]_inst_i_10/S[2]
    SLICE_X7Y13          CARRY4 (Prop_carry4_S[2]_CO[3])
                                                      0.398    11.641 r  cpu_inst/dot4acc_pipeline_inst/led_OBUF[12]_inst_i_10/CO[3]
                         net (fo=1, routed)           0.000    11.641    cpu_inst/dot4acc_pipeline_inst/led_OBUF[12]_inst_i_10_n_0
    SLICE_X7Y14                                                       r  cpu_inst/dot4acc_pipeline_inst/led_OBUF[12]_inst_i_6/CI
    SLICE_X7Y14          CARRY4 (Prop_carry4_CI_CO[3])
                                                      0.114    11.755 r  cpu_inst/dot4acc_pipeline_inst/led_OBUF[12]_inst_i_6/CO[3]
                         net (fo=1, routed)           0.000    11.755    cpu_inst/dot4acc_pipeline_inst/led_OBUF[12]_inst_i_6_n_0
    SLICE_X7Y15                                                       r  cpu_inst/dot4acc_pipeline_inst/led_OBUF[12]_inst_i_3/CI
    SLICE_X7Y15          CARRY4 (Prop_carry4_CI_CO[2])
                                                      0.228    11.983 r  cpu_inst/dot4acc_pipeline_inst/led_OBUF[12]_inst_i_3/CO[2]
                         net (fo=18, routed)          0.520    12.503    cpu_inst/dot4acc_pipeline_inst/ex_branch_taken073_in
    SLICE_X3Y16                                                       r  cpu_inst/dot4acc_pipeline_inst/product2_reg_reg_i_19/I2
    SLICE_X3Y16          LUT4 (Prop_lut4_I2_O)        0.313    12.816 r  cpu_inst/dot4acc_pipeline_inst/product2_reg_reg_i_19/O
                         net (fo=38, routed)          0.522    13.338    cpu_inst/dot4acc_pipeline_inst/product2_reg_reg_i_19_n_0
    SLICE_X3Y20                                                       r  cpu_inst/dot4acc_pipeline_inst/led_OBUF[12]_inst_i_2/I1
    SLICE_X3Y20          LUT6 (Prop_lut6_I1_O)        0.124    13.462 f  cpu_inst/dot4acc_pipeline_inst/led_OBUF[12]_inst_i_2/O
                         net (fo=3, routed)           0.310    13.772    cpu_inst/dot4acc_pipeline_inst/led_OBUF[12]_inst_i_2_n_0
    SLICE_X7Y20                                                       f  cpu_inst/dot4acc_pipeline_inst/fetch_pending_pc[31]_i_3/I4
    SLICE_X7Y20          LUT5 (Prop_lut5_I4_O)        0.124    13.896 r  cpu_inst/dot4acc_pipeline_inst/fetch_pending_pc[31]_i_3/O
                         net (fo=1, routed)           0.305    14.201    cpu_inst/dot4acc_pipeline_inst/fetch_pending_pc[31]_i_3_n_0
    SLICE_X6Y22                                                       r  cpu_inst/dot4acc_pipeline_inst/fetch_pending_pc[31]_i_1/I2
    SLICE_X6Y22          LUT4 (Prop_lut4_I2_O)        0.124    14.325 r  cpu_inst/dot4acc_pipeline_inst/fetch_pending_pc[31]_i_1/O
                         net (fo=62, routed)          0.923    15.247    cpu_inst/dot4acc_pipeline_inst_n_46
    SLICE_X4Y15          FDRE                                         r  cpu_inst/fetch_pc_reg[6]/CE
  -------------------------------------------------------------------    -------------------

                         (clock sys_clk_pin rise edge)
                                                     10.101    10.101 r  <hidden>
    W5                                                0.000    10.101 r  clk
                         net (fo=0)                   0.000    10.101    clk
    W5                                                                r  clk_IBUF_inst/I
    W5                   IBUF (Prop_ibuf_I_O)         1.388    11.489 r  clk_IBUF_inst/O
                         net (fo=1, routed)           1.862    13.351    clk_IBUF
    BUFGCTRL_X0Y0                                                     r  clk_IBUF_BUFG_inst/I
    BUFGCTRL_X0Y0        BUFG (Prop_bufg_I_O)         0.091    13.442 r  clk_IBUF_BUFG_inst/O
                         net (fo=1713, routed)        1.511    14.953    cpu_inst/clk_IBUF_BUFG
    SLICE_X4Y15          FDRE                                         r  cpu_inst/fetch_pc_reg[6]/C
                         clock pessimism              0.260    15.213    <hidden>
                         clock uncertainty           -0.035    15.178    <hidden>
    SLICE_X4Y15          FDRE (Setup_fdre_C_CE)      -0.205    14.973    cpu_inst/fetch_pc_reg[6]
  -------------------------------------------------------------------
                         required time                         14.973    <hidden>
                         arrival time                         -15.247    <hidden>
  -------------------------------------------------------------------
                         slack                                 -0.274    <hidden>

Slack (VIOLATED) :        -0.274ns  (required time - arrival time)
  Source:                 cpu_inst/id_ex_reg_reg[rs2][2]/C
                            (rising edge-triggered cell FDRE clocked by sys_clk_pin  {rise@0.000ns fall@5.051ns period=10.101ns})
  Destination:            cpu_inst/fetch_pc_reg[7]/CE
                            (rising edge-triggered cell FDRE clocked by sys_clk_pin  {rise@0.000ns fall@5.051ns period=10.101ns})
  Path Group:             sys_clk_pin
  Path Type:              Setup (Max at Slow Process Corner)
  Requirement:            10.101ns  (sys_clk_pin rise@10.101ns - sys_clk_pin rise@0.000ns)
  Data Path Delay:        10.097ns  (logic 2.563ns (25.384%)  route 7.534ns (74.616%))
  Logic Levels:           12  (CARRY4=3 LUT4=2 LUT5=4 LUT6=3)
  Clock Path Skew:        -0.038ns (DCD - SCD + CPR)
    Destination Clock Delay (DCD):    4.852ns = ( 14.953 - 10.101 ) 
    Source Clock Delay      (SCD):    5.150ns
    Clock Pessimism Removal (CPR):    0.260ns
  Clock Uncertainty:      0.035ns  ((TSJ^2 + TIJ^2)^1/2 + DJ) / 2 + PE
    Total System Jitter     (TSJ):    0.071ns
    Total Input Jitter      (TIJ):    0.000ns
    Discrete Jitter          (DJ):    0.000ns
    Phase Error              (PE):    0.000ns

    Location             Delay type                Incr(ns)  Path(ns)    Netlist Resource(s)
  -------------------------------------------------------------------    -------------------
                         (clock sys_clk_pin rise edge)
                                                      0.000     0.000 r  <hidden>
    W5                                                0.000     0.000 r  clk
                         net (fo=0)                   0.000     0.000    clk
    W5                                                                r  clk_IBUF_inst/I
    W5                   IBUF (Prop_ibuf_I_O)         1.458     1.458 r  clk_IBUF_inst/O
                         net (fo=1, routed)           1.967     3.425    clk_IBUF
    BUFGCTRL_X0Y0                                                     r  clk_IBUF_BUFG_inst/I
    BUFGCTRL_X0Y0        BUFG (Prop_bufg_I_O)         0.096     3.521 r  clk_IBUF_BUFG_inst/O
                         net (fo=1713, routed)        1.629     5.150    cpu_inst/clk_IBUF_BUFG
    SLICE_X2Y17          FDRE                                         r  cpu_inst/id_ex_reg_reg[rs2][2]/C
  -------------------------------------------------------------------    -------------------
    SLICE_X2Y17          FDRE (Prop_fdre_C_Q)         0.518     5.668 r  cpu_inst/id_ex_reg_reg[rs2][2]/Q
                         net (fo=7, routed)           0.986     6.654    cpu_inst/dot4acc_pipeline_inst/id_ex_reg_reg[rs2][2]
    SLICE_X3Y14                                                       r  cpu_inst/dot4acc_pipeline_inst/product2_reg_reg_i_82/I2
    SLICE_X3Y14          LUT6 (Prop_lut6_I2_O)        0.124     6.778 r  cpu_inst/dot4acc_pipeline_inst/product2_reg_reg_i_82/O
                         net (fo=1, routed)           0.827     7.605    cpu_inst/dot4acc_pipeline_inst/product2_reg_reg_i_82_n_0
    SLICE_X7Y11                                                       r  cpu_inst/dot4acc_pipeline_inst/product2_reg_reg_i_59/I4
    SLICE_X7Y11          LUT5 (Prop_lut5_I4_O)        0.124     7.729 r  cpu_inst/dot4acc_pipeline_inst/product2_reg_reg_i_59/O
                         net (fo=32, routed)          1.182     8.912    cpu_inst/data_mem_inst/product0_reg_reg_1
    SLICE_X8Y20                                                       r  cpu_inst/data_mem_inst/product0_reg_reg_i_18/I1
    SLICE_X8Y20          LUT5 (Prop_lut5_I1_O)        0.124     9.036 r  cpu_inst/data_mem_inst/product0_reg_reg_i_18/O
                         net (fo=1, routed)           0.656     9.692    cpu_inst/dot4acc_pipeline_inst/product0_reg_reg_15
    SLICE_X9Y20                                                       r  cpu_inst/dot4acc_pipeline_inst/product0_reg_reg_i_1/I3
    SLICE_X9Y20          LUT5 (Prop_lut5_I3_O)        0.124     9.816 r  cpu_inst/dot4acc_pipeline_inst/product0_reg_reg_i_1/O
                         net (fo=28, routed)          1.303    11.119    cpu_inst/dot4acc_pipeline_inst/packed_b[6]
    SLICE_X7Y13                                                       r  cpu_inst/dot4acc_pipeline_inst/led_OBUF[12]_inst_i_16/I2
    SLICE_X7Y13          LUT6 (Prop_lut6_I2_O)        0.124    11.243 r  cpu_inst/dot4acc_pipeline_inst/led_OBUF[12]_inst_i_16/O
                         net (fo=1, routed)           0.000    11.243    cpu_inst/dot4acc_pipeline_inst/led_OBUF[12]_inst_i_16_n_0
    SLICE_X7Y13                                                       r  cpu_inst/dot4acc_pipeline_inst/led_OBUF[12]_inst_i_10/S[2]
    SLICE_X7Y13          CARRY4 (Prop_carry4_S[2]_CO[3])
                                                      0.398    11.641 r  cpu_inst/dot4acc_pipeline_inst/led_OBUF[12]_inst_i_10/CO[3]
                         net (fo=1, routed)           0.000    11.641    cpu_inst/dot4acc_pipeline_inst/led_OBUF[12]_inst_i_10_n_0
    SLICE_X7Y14                                                       r  cpu_inst/dot4acc_pipeline_inst/led_OBUF[12]_inst_i_6/CI
    SLICE_X7Y14          CARRY4 (Prop_carry4_CI_CO[3])
                                                      0.114    11.755 r  cpu_inst/dot4acc_pipeline_inst/led_OBUF[12]_inst_i_6/CO[3]
                         net (fo=1, routed)           0.000    11.755    cpu_inst/dot4acc_pipeline_inst/led_OBUF[12]_inst_i_6_n_0
    SLICE_X7Y15                                                       r  cpu_inst/dot4acc_pipeline_inst/led_OBUF[12]_inst_i_3/CI
    SLICE_X7Y15          CARRY4 (Prop_carry4_CI_CO[2])
                                                      0.228    11.983 r  cpu_inst/dot4acc_pipeline_inst/led_OBUF[12]_inst_i_3/CO[2]
                         net (fo=18, routed)          0.520    12.503    cpu_inst/dot4acc_pipeline_inst/ex_branch_taken073_in
    SLICE_X3Y16                                                       r  cpu_inst/dot4acc_pipeline_inst/product2_reg_reg_i_19/I2
    SLICE_X3Y16          LUT4 (Prop_lut4_I2_O)        0.313    12.816 r  cpu_inst/dot4acc_pipeline_inst/product2_reg_reg_i_19/O
                         net (fo=38, routed)          0.522    13.338    cpu_inst/dot4acc_pipeline_inst/product2_reg_reg_i_19_n_0
    SLICE_X3Y20                                                       r  cpu_inst/dot4acc_pipeline_inst/led_OBUF[12]_inst_i_2/I1
    SLICE_X3Y20          LUT6 (Prop_lut6_I1_O)        0.124    13.462 f  cpu_inst/dot4acc_pipeline_inst/led_OBUF[12]_inst_i_2/O
                         net (fo=3, routed)           0.310    13.772    cpu_inst/dot4acc_pipeline_inst/led_OBUF[12]_inst_i_2_n_0
    SLICE_X7Y20                                                       f  cpu_inst/dot4acc_pipeline_inst/fetch_pending_pc[31]_i_3/I4
    SLICE_X7Y20          LUT5 (Prop_lut5_I4_O)        0.124    13.896 r  cpu_inst/dot4acc_pipeline_inst/fetch_pending_pc[31]_i_3/O
                         net (fo=1, routed)           0.305    14.201    cpu_inst/dot4acc_pipeline_inst/fetch_pending_pc[31]_i_3_n_0
    SLICE_X6Y22                                                       r  cpu_inst/dot4acc_pipeline_inst/fetch_pending_pc[31]_i_1/I2
    SLICE_X6Y22          LUT4 (Prop_lut4_I2_O)        0.124    14.325 r  cpu_inst/dot4acc_pipeline_inst/fetch_pending_pc[31]_i_1/O
                         net (fo=62, routed)          0.923    15.247    cpu_inst/dot4acc_pipeline_inst_n_46
    SLICE_X4Y15          FDRE                                         r  cpu_inst/fetch_pc_reg[7]/CE
  -------------------------------------------------------------------    -------------------

                         (clock sys_clk_pin rise edge)
                                                     10.101    10.101 r  <hidden>
    W5                                                0.000    10.101 r  clk
                         net (fo=0)                   0.000    10.101    clk
    W5                                                                r  clk_IBUF_inst/I
    W5                   IBUF (Prop_ibuf_I_O)         1.388    11.489 r  clk_IBUF_inst/O
                         net (fo=1, routed)           1.862    13.351    clk_IBUF
    BUFGCTRL_X0Y0                                                     r  clk_IBUF_BUFG_inst/I
    BUFGCTRL_X0Y0        BUFG (Prop_bufg_I_O)         0.091    13.442 r  clk_IBUF_BUFG_inst/O
                         net (fo=1713, routed)        1.511    14.953    cpu_inst/clk_IBUF_BUFG
    SLICE_X4Y15          FDRE                                         r  cpu_inst/fetch_pc_reg[7]/C
                         clock pessimism              0.260    15.213    <hidden>
                         clock uncertainty           -0.035    15.178    <hidden>
    SLICE_X4Y15          FDRE (Setup_fdre_C_CE)      -0.205    14.973    cpu_inst/fetch_pc_reg[7]
  -------------------------------------------------------------------
                         required time                         14.973    <hidden>
                         arrival time                         -15.247    <hidden>
  -------------------------------------------------------------------
                         slack                                 -0.274    <hidden>

Slack (VIOLATED) :        -0.274ns  (required time - arrival time)
  Source:                 cpu_inst/id_ex_reg_reg[rs2][2]/C
                            (rising edge-triggered cell FDRE clocked by sys_clk_pin  {rise@0.000ns fall@5.051ns period=10.101ns})
  Destination:            cpu_inst/fetch_pc_reg[8]/CE
                            (rising edge-triggered cell FDRE clocked by sys_clk_pin  {rise@0.000ns fall@5.051ns period=10.101ns})
  Path Group:             sys_clk_pin
  Path Type:              Setup (Max at Slow Process Corner)
  Requirement:            10.101ns  (sys_clk_pin rise@10.101ns - sys_clk_pin rise@0.000ns)
  Data Path Delay:        10.097ns  (logic 2.563ns (25.384%)  route 7.534ns (74.616%))
  Logic Levels:           12  (CARRY4=3 LUT4=2 LUT5=4 LUT6=3)
  Clock Path Skew:        -0.038ns (DCD - SCD + CPR)
    Destination Clock Delay (DCD):    4.852ns = ( 14.953 - 10.101 ) 
    Source Clock Delay      (SCD):    5.150ns
    Clock Pessimism Removal (CPR):    0.260ns
  Clock Uncertainty:      0.035ns  ((TSJ^2 + TIJ^2)^1/2 + DJ) / 2 + PE
    Total System Jitter     (TSJ):    0.071ns
    Total Input Jitter      (TIJ):    0.000ns
    Discrete Jitter          (DJ):    0.000ns
    Phase Error              (PE):    0.000ns

    Location             Delay type                Incr(ns)  Path(ns)    Netlist Resource(s)
  -------------------------------------------------------------------    -------------------
                         (clock sys_clk_pin rise edge)
                                                      0.000     0.000 r  <hidden>
    W5                                                0.000     0.000 r  clk
                         net (fo=0)                   0.000     0.000    clk
    W5                                                                r  clk_IBUF_inst/I
    W5                   IBUF (Prop_ibuf_I_O)         1.458     1.458 r  clk_IBUF_inst/O
                         net (fo=1, routed)           1.967     3.425    clk_IBUF
    BUFGCTRL_X0Y0                                                     r  clk_IBUF_BUFG_inst/I
    BUFGCTRL_X0Y0        BUFG (Prop_bufg_I_O)         0.096     3.521 r  clk_IBUF_BUFG_inst/O
                         net (fo=1713, routed)        1.629     5.150    cpu_inst/clk_IBUF_BUFG
    SLICE_X2Y17          FDRE                                         r  cpu_inst/id_ex_reg_reg[rs2][2]/C
  -------------------------------------------------------------------    -------------------
    SLICE_X2Y17          FDRE (Prop_fdre_C_Q)         0.518     5.668 r  cpu_inst/id_ex_reg_reg[rs2][2]/Q
                         net (fo=7, routed)           0.986     6.654    cpu_inst/dot4acc_pipeline_inst/id_ex_reg_reg[rs2][2]
    SLICE_X3Y14                                                       r  cpu_inst/dot4acc_pipeline_inst/product2_reg_reg_i_82/I2
    SLICE_X3Y14          LUT6 (Prop_lut6_I2_O)        0.124     6.778 r  cpu_inst/dot4acc_pipeline_inst/product2_reg_reg_i_82/O
                         net (fo=1, routed)           0.827     7.605    cpu_inst/dot4acc_pipeline_inst/product2_reg_reg_i_82_n_0
    SLICE_X7Y11                                                       r  cpu_inst/dot4acc_pipeline_inst/product2_reg_reg_i_59/I4
    SLICE_X7Y11          LUT5 (Prop_lut5_I4_O)        0.124     7.729 r  cpu_inst/dot4acc_pipeline_inst/product2_reg_reg_i_59/O
                         net (fo=32, routed)          1.182     8.912    cpu_inst/data_mem_inst/product0_reg_reg_1
    SLICE_X8Y20                                                       r  cpu_inst/data_mem_inst/product0_reg_reg_i_18/I1
    SLICE_X8Y20          LUT5 (Prop_lut5_I1_O)        0.124     9.036 r  cpu_inst/data_mem_inst/product0_reg_reg_i_18/O
                         net (fo=1, routed)           0.656     9.692    cpu_inst/dot4acc_pipeline_inst/product0_reg_reg_15
    SLICE_X9Y20                                                       r  cpu_inst/dot4acc_pipeline_inst/product0_reg_reg_i_1/I3
    SLICE_X9Y20          LUT5 (Prop_lut5_I3_O)        0.124     9.816 r  cpu_inst/dot4acc_pipeline_inst/product0_reg_reg_i_1/O
                         net (fo=28, routed)          1.303    11.119    cpu_inst/dot4acc_pipeline_inst/packed_b[6]
    SLICE_X7Y13                                                       r  cpu_inst/dot4acc_pipeline_inst/led_OBUF[12]_inst_i_16/I2
    SLICE_X7Y13          LUT6 (Prop_lut6_I2_O)        0.124    11.243 r  cpu_inst/dot4acc_pipeline_inst/led_OBUF[12]_inst_i_16/O
                         net (fo=1, routed)           0.000    11.243    cpu_inst/dot4acc_pipeline_inst/led_OBUF[12]_inst_i_16_n_0
    SLICE_X7Y13                                                       r  cpu_inst/dot4acc_pipeline_inst/led_OBUF[12]_inst_i_10/S[2]
    SLICE_X7Y13          CARRY4 (Prop_carry4_S[2]_CO[3])
                                                      0.398    11.641 r  cpu_inst/dot4acc_pipeline_inst/led_OBUF[12]_inst_i_10/CO[3]
                         net (fo=1, routed)           0.000    11.641    cpu_inst/dot4acc_pipeline_inst/led_OBUF[12]_inst_i_10_n_0
    SLICE_X7Y14                                                       r  cpu_inst/dot4acc_pipeline_inst/led_OBUF[12]_inst_i_6/CI
    SLICE_X7Y14          CARRY4 (Prop_carry4_CI_CO[3])
                                                      0.114    11.755 r  cpu_inst/dot4acc_pipeline_inst/led_OBUF[12]_inst_i_6/CO[3]
                         net (fo=1, routed)           0.000    11.755    cpu_inst/dot4acc_pipeline_inst/led_OBUF[12]_inst_i_6_n_0
    SLICE_X7Y15                                                       r  cpu_inst/dot4acc_pipeline_inst/led_OBUF[12]_inst_i_3/CI
    SLICE_X7Y15          CARRY4 (Prop_carry4_CI_CO[2])
                                                      0.228    11.983 r  cpu_inst/dot4acc_pipeline_inst/led_OBUF[12]_inst_i_3/CO[2]
                         net (fo=18, routed)          0.520    12.503    cpu_inst/dot4acc_pipeline_inst/ex_branch_taken073_in
    SLICE_X3Y16                                                       r  cpu_inst/dot4acc_pipeline_inst/product2_reg_reg_i_19/I2
    SLICE_X3Y16          LUT4 (Prop_lut4_I2_O)        0.313    12.816 r  cpu_inst/dot4acc_pipeline_inst/product2_reg_reg_i_19/O
                         net (fo=38, routed)          0.522    13.338    cpu_inst/dot4acc_pipeline_inst/product2_reg_reg_i_19_n_0
    SLICE_X3Y20                                                       r  cpu_inst/dot4acc_pipeline_inst/led_OBUF[12]_inst_i_2/I1
    SLICE_X3Y20          LUT6 (Prop_lut6_I1_O)        0.124    13.462 f  cpu_inst/dot4acc_pipeline_inst/led_OBUF[12]_inst_i_2/O
                         net (fo=3, routed)           0.310    13.772    cpu_inst/dot4acc_pipeline_inst/led_OBUF[12]_inst_i_2_n_0
    SLICE_X7Y20                                                       f  cpu_inst/dot4acc_pipeline_inst/fetch_pending_pc[31]_i_3/I4
    SLICE_X7Y20          LUT5 (Prop_lut5_I4_O)        0.124    13.896 r  cpu_inst/dot4acc_pipeline_inst/fetch_pending_pc[31]_i_3/O
                         net (fo=1, routed)           0.305    14.201    cpu_inst/dot4acc_pipeline_inst/fetch_pending_pc[31]_i_3_n_0
    SLICE_X6Y22                                                       r  cpu_inst/dot4acc_pipeline_inst/fetch_pending_pc[31]_i_1/I2
    SLICE_X6Y22          LUT4 (Prop_lut4_I2_O)        0.124    14.325 r  cpu_inst/dot4acc_pipeline_inst/fetch_pending_pc[31]_i_1/O
                         net (fo=62, routed)          0.923    15.247    cpu_inst/dot4acc_pipeline_inst_n_46
    SLICE_X4Y15          FDRE                                         r  cpu_inst/fetch_pc_reg[8]/CE
  -------------------------------------------------------------------    -------------------

                         (clock sys_clk_pin rise edge)
                                                     10.101    10.101 r  <hidden>
    W5                                                0.000    10.101 r  clk
                         net (fo=0)                   0.000    10.101    clk
    W5                                                                r  clk_IBUF_inst/I
    W5                   IBUF (Prop_ibuf_I_O)         1.388    11.489 r  clk_IBUF_inst/O
                         net (fo=1, routed)           1.862    13.351    clk_IBUF
    BUFGCTRL_X0Y0                                                     r  clk_IBUF_BUFG_inst/I
    BUFGCTRL_X0Y0        BUFG (Prop_bufg_I_O)         0.091    13.442 r  clk_IBUF_BUFG_inst/O
                         net (fo=1713, routed)        1.511    14.953    cpu_inst/clk_IBUF_BUFG
    SLICE_X4Y15          FDRE                                         r  cpu_inst/fetch_pc_reg[8]/C
                         clock pessimism              0.260    15.213    <hidden>
                         clock uncertainty           -0.035    15.178    <hidden>
    SLICE_X4Y15          FDRE (Setup_fdre_C_CE)      -0.205    14.973    cpu_inst/fetch_pc_reg[8]
  -------------------------------------------------------------------
                         required time                         14.973    <hidden>
                         arrival time                         -15.247    <hidden>
  -------------------------------------------------------------------
                         slack                                 -0.274    <hidden>

Slack (VIOLATED) :        -0.256ns  (required time - arrival time)
  Source:                 cpu_inst/id_ex_reg_reg[rs2][2]/C
                            (rising edge-triggered cell FDRE clocked by sys_clk_pin  {rise@0.000ns fall@5.051ns period=10.101ns})
  Destination:            cpu_inst/ex_mem_reg_reg[alu_result][20]/D
                            (rising edge-triggered cell FDRE clocked by sys_clk_pin  {rise@0.000ns fall@5.051ns period=10.101ns})
  Path Group:             sys_clk_pin
  Path Type:              Setup (Max at Slow Process Corner)
  Requirement:            10.101ns  (sys_clk_pin rise@10.101ns - sys_clk_pin rise@0.000ns)
  Data Path Delay:        10.296ns  (logic 4.794ns (46.560%)  route 5.502ns (53.440%))
  Logic Levels:           6  (DSP48E1=1 LUT5=3 LUT6=2)
  Clock Path Skew:        -0.104ns (DCD - SCD + CPR)
    Destination Clock Delay (DCD):    4.786ns = ( 14.887 - 10.101 ) 
    Source Clock Delay      (SCD):    5.150ns
    Clock Pessimism Removal (CPR):    0.260ns
  Clock Uncertainty:      0.035ns  ((TSJ^2 + TIJ^2)^1/2 + DJ) / 2 + PE
    Total System Jitter     (TSJ):    0.071ns
    Total Input Jitter      (TIJ):    0.000ns
    Discrete Jitter          (DJ):    0.000ns
    Phase Error              (PE):    0.000ns

    Location             Delay type                Incr(ns)  Path(ns)    Netlist Resource(s)
  -------------------------------------------------------------------    -------------------
                         (clock sys_clk_pin rise edge)
                                                      0.000     0.000 r  <hidden>
    W5                                                0.000     0.000 r  clk
                         net (fo=0)                   0.000     0.000    clk
    W5                                                                r  clk_IBUF_inst/I
    W5                   IBUF (Prop_ibuf_I_O)         1.458     1.458 r  clk_IBUF_inst/O
                         net (fo=1, routed)           1.967     3.425    clk_IBUF
    BUFGCTRL_X0Y0                                                     r  clk_IBUF_BUFG_inst/I
    BUFGCTRL_X0Y0        BUFG (Prop_bufg_I_O)         0.096     3.521 r  clk_IBUF_BUFG_inst/O
                         net (fo=1713, routed)        1.629     5.150    cpu_inst/clk_IBUF_BUFG
    SLICE_X2Y17          FDRE                                         r  cpu_inst/id_ex_reg_reg[rs2][2]/C
  -------------------------------------------------------------------    -------------------
    SLICE_X2Y17          FDRE (Prop_fdre_C_Q)         0.518     5.668 r  cpu_inst/id_ex_reg_reg[rs2][2]/Q
                         net (fo=7, routed)           0.986     6.654    cpu_inst/dot4acc_pipeline_inst/id_ex_reg_reg[rs2][2]
    SLICE_X3Y14                                                       r  cpu_inst/dot4acc_pipeline_inst/product2_reg_reg_i_82/I2
    SLICE_X3Y14          LUT6 (Prop_lut6_I2_O)        0.124     6.778 r  cpu_inst/dot4acc_pipeline_inst/product2_reg_reg_i_82/O
                         net (fo=1, routed)           0.827     7.605    cpu_inst/dot4acc_pipeline_inst/product2_reg_reg_i_82_n_0
    SLICE_X7Y11                                                       r  cpu_inst/dot4acc_pipeline_inst/product2_reg_reg_i_59/I4
    SLICE_X7Y11          LUT5 (Prop_lut5_I4_O)        0.124     7.729 r  cpu_inst/dot4acc_pipeline_inst/product2_reg_reg_i_59/O
                         net (fo=32, routed)          1.182     8.912    cpu_inst/data_mem_inst/product0_reg_reg_1
    SLICE_X8Y20                                                       r  cpu_inst/data_mem_inst/product0_reg_reg_i_18/I1
    SLICE_X8Y20          LUT5 (Prop_lut5_I1_O)        0.124     9.036 r  cpu_inst/data_mem_inst/product0_reg_reg_i_18/O
                         net (fo=1, routed)           0.656     9.692    cpu_inst/dot4acc_pipeline_inst/product0_reg_reg_15
    SLICE_X9Y20                                                       r  cpu_inst/dot4acc_pipeline_inst/product0_reg_reg_i_1/I3
    SLICE_X9Y20          LUT5 (Prop_lut5_I3_O)        0.124     9.816 r  cpu_inst/dot4acc_pipeline_inst/product0_reg_reg_i_1/O
                         net (fo=28, routed)          0.894    10.710    cpu_inst/dot4acc_pipeline_inst_n_24
    DSP48_X0Y6                                                        r  cpu_inst/ex_alu_result0/B[10]
    DSP48_X0Y6           DSP48E1 (Prop_dsp48e1_B[10]_P[20])
                                                      3.656    14.366 r  cpu_inst/ex_alu_result0/P[20]
                         net (fo=1, routed)           0.957    15.323    cpu_inst/dot4acc_pipeline_inst/P[20]
    SLICE_X12Y14                                                      r  cpu_inst/dot4acc_pipeline_inst/ex_mem_reg[alu_result][20]_i_1/I4
    SLICE_X12Y14         LUT6 (Prop_lut6_I4_O)        0.124    15.447 r  cpu_inst/dot4acc_pipeline_inst/ex_mem_reg[alu_result][20]_i_1/O
                         net (fo=1, routed)           0.000    15.447    cpu_inst/ex_alu_result[20]
    SLICE_X12Y14         FDRE                                         r  cpu_inst/ex_mem_reg_reg[alu_result][20]/D
  -------------------------------------------------------------------    -------------------

                         (clock sys_clk_pin rise edge)
                                                     10.101    10.101 r  <hidden>
    W5                                                0.000    10.101 r  clk
                         net (fo=0)                   0.000    10.101    clk
    W5                                                                r  clk_IBUF_inst/I
    W5                   IBUF (Prop_ibuf_I_O)         1.388    11.489 r  clk_IBUF_inst/O
                         net (fo=1, routed)           1.862    13.351    clk_IBUF
    BUFGCTRL_X0Y0                                                     r  clk_IBUF_BUFG_inst/I
    BUFGCTRL_X0Y0        BUFG (Prop_bufg_I_O)         0.091    13.442 r  clk_IBUF_BUFG_inst/O
                         net (fo=1713, routed)        1.445    14.887    cpu_inst/clk_IBUF_BUFG
    SLICE_X12Y14         FDRE                                         r  cpu_inst/ex_mem_reg_reg[alu_result][20]/C
                         clock pessimism              0.260    15.147    <hidden>
                         clock uncertainty           -0.035    15.112    <hidden>
    SLICE_X12Y14         FDRE (Setup_fdre_C_D)        0.079    15.191    cpu_inst/ex_mem_reg_reg[alu_result][20]
  -------------------------------------------------------------------
                         required time                         15.191    <hidden>
                         arrival time                         -15.447    <hidden>
  -------------------------------------------------------------------
                         slack                                 -0.256    <hidden>

Slack (VIOLATED) :        -0.252ns  (required time - arrival time)
  Source:                 cpu_inst/id_ex_reg_reg[rs2][2]/C
                            (rising edge-triggered cell FDRE clocked by sys_clk_pin  {rise@0.000ns fall@5.051ns period=10.101ns})
  Destination:            cpu_inst/fetch_pc_reg[1]/CE
                            (rising edge-triggered cell FDRE clocked by sys_clk_pin  {rise@0.000ns fall@5.051ns period=10.101ns})
  Path Group:             sys_clk_pin
  Path Type:              Setup (Max at Slow Process Corner)
  Requirement:            10.101ns  (sys_clk_pin rise@10.101ns - sys_clk_pin rise@0.000ns)
  Data Path Delay:        10.076ns  (logic 2.563ns (25.437%)  route 7.513ns (74.563%))
  Logic Levels:           12  (CARRY4=3 LUT4=2 LUT5=4 LUT6=3)
  Clock Path Skew:        -0.037ns (DCD - SCD + CPR)
    Destination Clock Delay (DCD):    4.853ns = ( 14.954 - 10.101 ) 
    Source Clock Delay      (SCD):    5.150ns
    Clock Pessimism Removal (CPR):    0.260ns
  Clock Uncertainty:      0.035ns  ((TSJ^2 + TIJ^2)^1/2 + DJ) / 2 + PE
    Total System Jitter     (TSJ):    0.071ns
    Total Input Jitter      (TIJ):    0.000ns
    Discrete Jitter          (DJ):    0.000ns
    Phase Error              (PE):    0.000ns

    Location             Delay type                Incr(ns)  Path(ns)    Netlist Resource(s)
  -------------------------------------------------------------------    -------------------
                         (clock sys_clk_pin rise edge)
                                                      0.000     0.000 r  <hidden>
    W5                                                0.000     0.000 r  clk
                         net (fo=0)                   0.000     0.000    clk
    W5                                                                r  clk_IBUF_inst/I
    W5                   IBUF (Prop_ibuf_I_O)         1.458     1.458 r  clk_IBUF_inst/O
                         net (fo=1, routed)           1.967     3.425    clk_IBUF
    BUFGCTRL_X0Y0                                                     r  clk_IBUF_BUFG_inst/I
    BUFGCTRL_X0Y0        BUFG (Prop_bufg_I_O)         0.096     3.521 r  clk_IBUF_BUFG_inst/O
                         net (fo=1713, routed)        1.629     5.150    cpu_inst/clk_IBUF_BUFG
    SLICE_X2Y17          FDRE                                         r  cpu_inst/id_ex_reg_reg[rs2][2]/C
  -------------------------------------------------------------------    -------------------
    SLICE_X2Y17          FDRE (Prop_fdre_C_Q)         0.518     5.668 r  cpu_inst/id_ex_reg_reg[rs2][2]/Q
                         net (fo=7, routed)           0.986     6.654    cpu_inst/dot4acc_pipeline_inst/id_ex_reg_reg[rs2][2]
    SLICE_X3Y14                                                       r  cpu_inst/dot4acc_pipeline_inst/product2_reg_reg_i_82/I2
    SLICE_X3Y14          LUT6 (Prop_lut6_I2_O)        0.124     6.778 r  cpu_inst/dot4acc_pipeline_inst/product2_reg_reg_i_82/O
                         net (fo=1, routed)           0.827     7.605    cpu_inst/dot4acc_pipeline_inst/product2_reg_reg_i_82_n_0
    SLICE_X7Y11                                                       r  cpu_inst/dot4acc_pipeline_inst/product2_reg_reg_i_59/I4
    SLICE_X7Y11          LUT5 (Prop_lut5_I4_O)        0.124     7.729 r  cpu_inst/dot4acc_pipeline_inst/product2_reg_reg_i_59/O
                         net (fo=32, routed)          1.182     8.912    cpu_inst/data_mem_inst/product0_reg_reg_1
    SLICE_X8Y20                                                       r  cpu_inst/data_mem_inst/product0_reg_reg_i_18/I1
    SLICE_X8Y20          LUT5 (Prop_lut5_I1_O)        0.124     9.036 r  cpu_inst/data_mem_inst/product0_reg_reg_i_18/O
                         net (fo=1, routed)           0.656     9.692    cpu_inst/dot4acc_pipeline_inst/product0_reg_reg_15
    SLICE_X9Y20                                                       r  cpu_inst/dot4acc_pipeline_inst/product0_reg_reg_i_1/I3
    SLICE_X9Y20          LUT5 (Prop_lut5_I3_O)        0.124     9.816 r  cpu_inst/dot4acc_pipeline_inst/product0_reg_reg_i_1/O
                         net (fo=28, routed)          1.303    11.119    cpu_inst/dot4acc_pipeline_inst/packed_b[6]
    SLICE_X7Y13                                                       r  cpu_inst/dot4acc_pipeline_inst/led_OBUF[12]_inst_i_16/I2
    SLICE_X7Y13          LUT6 (Prop_lut6_I2_O)        0.124    11.243 r  cpu_inst/dot4acc_pipeline_inst/led_OBUF[12]_inst_i_16/O
                         net (fo=1, routed)           0.000    11.243    cpu_inst/dot4acc_pipeline_inst/led_OBUF[12]_inst_i_16_n_0
    SLICE_X7Y13                                                       r  cpu_inst/dot4acc_pipeline_inst/led_OBUF[12]_inst_i_10/S[2]
    SLICE_X7Y13          CARRY4 (Prop_carry4_S[2]_CO[3])
                                                      0.398    11.641 r  cpu_inst/dot4acc_pipeline_inst/led_OBUF[12]_inst_i_10/CO[3]
                         net (fo=1, routed)           0.000    11.641    cpu_inst/dot4acc_pipeline_inst/led_OBUF[12]_inst_i_10_n_0
    SLICE_X7Y14                                                       r  cpu_inst/dot4acc_pipeline_inst/led_OBUF[12]_inst_i_6/CI
    SLICE_X7Y14          CARRY4 (Prop_carry4_CI_CO[3])
                                                      0.114    11.755 r  cpu_inst/dot4acc_pipeline_inst/led_OBUF[12]_inst_i_6/CO[3]
                         net (fo=1, routed)           0.000    11.755    cpu_inst/dot4acc_pipeline_inst/led_OBUF[12]_inst_i_6_n_0
    SLICE_X7Y15                                                       r  cpu_inst/dot4acc_pipeline_inst/led_OBUF[12]_inst_i_3/CI
    SLICE_X7Y15          CARRY4 (Prop_carry4_CI_CO[2])
                                                      0.228    11.983 r  cpu_inst/dot4acc_pipeline_inst/led_OBUF[12]_inst_i_3/CO[2]
                         net (fo=18, routed)          0.520    12.503    cpu_inst/dot4acc_pipeline_inst/ex_branch_taken073_in
    SLICE_X3Y16                                                       r  cpu_inst/dot4acc_pipeline_inst/product2_reg_reg_i_19/I2
    SLICE_X3Y16          LUT4 (Prop_lut4_I2_O)        0.313    12.816 r  cpu_inst/dot4acc_pipeline_inst/product2_reg_reg_i_19/O
                         net (fo=38, routed)          0.522    13.338    cpu_inst/dot4acc_pipeline_inst/product2_reg_reg_i_19_n_0
    SLICE_X3Y20                                                       r  cpu_inst/dot4acc_pipeline_inst/led_OBUF[12]_inst_i_2/I1
    SLICE_X3Y20          LUT6 (Prop_lut6_I1_O)        0.124    13.462 f  cpu_inst/dot4acc_pipeline_inst/led_OBUF[12]_inst_i_2/O
                         net (fo=3, routed)           0.310    13.772    cpu_inst/dot4acc_pipeline_inst/led_OBUF[12]_inst_i_2_n_0
    SLICE_X7Y20                                                       f  cpu_inst/dot4acc_pipeline_inst/fetch_pending_pc[31]_i_3/I4
    SLICE_X7Y20          LUT5 (Prop_lut5_I4_O)        0.124    13.896 r  cpu_inst/dot4acc_pipeline_inst/fetch_pending_pc[31]_i_3/O
                         net (fo=1, routed)           0.305    14.201    cpu_inst/dot4acc_pipeline_inst/fetch_pending_pc[31]_i_3_n_0
    SLICE_X6Y22                                                       r  cpu_inst/dot4acc_pipeline_inst/fetch_pending_pc[31]_i_1/I2
    SLICE_X6Y22          LUT4 (Prop_lut4_I2_O)        0.124    14.325 r  cpu_inst/dot4acc_pipeline_inst/fetch_pending_pc[31]_i_1/O
                         net (fo=62, routed)          0.901    15.226    cpu_inst/dot4acc_pipeline_inst_n_46
    SLICE_X4Y14          FDRE                                         r  cpu_inst/fetch_pc_reg[1]/CE
  -------------------------------------------------------------------    -------------------

                         (clock sys_clk_pin rise edge)
                                                     10.101    10.101 r  <hidden>
    W5                                                0.000    10.101 r  clk
                         net (fo=0)                   0.000    10.101    clk
    W5                                                                r  clk_IBUF_inst/I
    W5                   IBUF (Prop_ibuf_I_O)         1.388    11.489 r  clk_IBUF_inst/O
                         net (fo=1, routed)           1.862    13.351    clk_IBUF
    BUFGCTRL_X0Y0                                                     r  clk_IBUF_BUFG_inst/I
    BUFGCTRL_X0Y0        BUFG (Prop_bufg_I_O)         0.091    13.442 r  clk_IBUF_BUFG_inst/O
                         net (fo=1713, routed)        1.512    14.954    cpu_inst/clk_IBUF_BUFG
    SLICE_X4Y14          FDRE                                         r  cpu_inst/fetch_pc_reg[1]/C
                         clock pessimism              0.260    15.214    <hidden>
                         clock uncertainty           -0.035    15.179    <hidden>
    SLICE_X4Y14          FDRE (Setup_fdre_C_CE)      -0.205    14.974    cpu_inst/fetch_pc_reg[1]
  -------------------------------------------------------------------
                         required time                         14.974    <hidden>
                         arrival time                         -15.226    <hidden>
  -------------------------------------------------------------------
                         slack                                 -0.252    <hidden>

Slack (VIOLATED) :        -0.252ns  (required time - arrival time)
  Source:                 cpu_inst/id_ex_reg_reg[rs2][2]/C
                            (rising edge-triggered cell FDRE clocked by sys_clk_pin  {rise@0.000ns fall@5.051ns period=10.101ns})
  Destination:            cpu_inst/fetch_pc_reg[2]/CE
                            (rising edge-triggered cell FDRE clocked by sys_clk_pin  {rise@0.000ns fall@5.051ns period=10.101ns})
  Path Group:             sys_clk_pin
  Path Type:              Setup (Max at Slow Process Corner)
  Requirement:            10.101ns  (sys_clk_pin rise@10.101ns - sys_clk_pin rise@0.000ns)
  Data Path Delay:        10.076ns  (logic 2.563ns (25.437%)  route 7.513ns (74.563%))
  Logic Levels:           12  (CARRY4=3 LUT4=2 LUT5=4 LUT6=3)
  Clock Path Skew:        -0.037ns (DCD - SCD + CPR)
    Destination Clock Delay (DCD):    4.853ns = ( 14.954 - 10.101 ) 
    Source Clock Delay      (SCD):    5.150ns
    Clock Pessimism Removal (CPR):    0.260ns
  Clock Uncertainty:      0.035ns  ((TSJ^2 + TIJ^2)^1/2 + DJ) / 2 + PE
    Total System Jitter     (TSJ):    0.071ns
    Total Input Jitter      (TIJ):    0.000ns
    Discrete Jitter          (DJ):    0.000ns
    Phase Error              (PE):    0.000ns

    Location             Delay type                Incr(ns)  Path(ns)    Netlist Resource(s)
  -------------------------------------------------------------------    -------------------
                         (clock sys_clk_pin rise edge)
                                                      0.000     0.000 r  <hidden>
    W5                                                0.000     0.000 r  clk
                         net (fo=0)                   0.000     0.000    clk
    W5                                                                r  clk_IBUF_inst/I
    W5                   IBUF (Prop_ibuf_I_O)         1.458     1.458 r  clk_IBUF_inst/O
                         net (fo=1, routed)           1.967     3.425    clk_IBUF
    BUFGCTRL_X0Y0                                                     r  clk_IBUF_BUFG_inst/I
    BUFGCTRL_X0Y0        BUFG (Prop_bufg_I_O)         0.096     3.521 r  clk_IBUF_BUFG_inst/O
                         net (fo=1713, routed)        1.629     5.150    cpu_inst/clk_IBUF_BUFG
    SLICE_X2Y17          FDRE                                         r  cpu_inst/id_ex_reg_reg[rs2][2]/C
  -------------------------------------------------------------------    -------------------
    SLICE_X2Y17          FDRE (Prop_fdre_C_Q)         0.518     5.668 r  cpu_inst/id_ex_reg_reg[rs2][2]/Q
                         net (fo=7, routed)           0.986     6.654    cpu_inst/dot4acc_pipeline_inst/id_ex_reg_reg[rs2][2]
    SLICE_X3Y14                                                       r  cpu_inst/dot4acc_pipeline_inst/product2_reg_reg_i_82/I2
    SLICE_X3Y14          LUT6 (Prop_lut6_I2_O)        0.124     6.778 r  cpu_inst/dot4acc_pipeline_inst/product2_reg_reg_i_82/O
                         net (fo=1, routed)           0.827     7.605    cpu_inst/dot4acc_pipeline_inst/product2_reg_reg_i_82_n_0
    SLICE_X7Y11                                                       r  cpu_inst/dot4acc_pipeline_inst/product2_reg_reg_i_59/I4
    SLICE_X7Y11          LUT5 (Prop_lut5_I4_O)        0.124     7.729 r  cpu_inst/dot4acc_pipeline_inst/product2_reg_reg_i_59/O
                         net (fo=32, routed)          1.182     8.912    cpu_inst/data_mem_inst/product0_reg_reg_1
    SLICE_X8Y20                                                       r  cpu_inst/data_mem_inst/product0_reg_reg_i_18/I1
    SLICE_X8Y20          LUT5 (Prop_lut5_I1_O)        0.124     9.036 r  cpu_inst/data_mem_inst/product0_reg_reg_i_18/O
                         net (fo=1, routed)           0.656     9.692    cpu_inst/dot4acc_pipeline_inst/product0_reg_reg_15
    SLICE_X9Y20                                                       r  cpu_inst/dot4acc_pipeline_inst/product0_reg_reg_i_1/I3
    SLICE_X9Y20          LUT5 (Prop_lut5_I3_O)        0.124     9.816 r  cpu_inst/dot4acc_pipeline_inst/product0_reg_reg_i_1/O
                         net (fo=28, routed)          1.303    11.119    cpu_inst/dot4acc_pipeline_inst/packed_b[6]
    SLICE_X7Y13                                                       r  cpu_inst/dot4acc_pipeline_inst/led_OBUF[12]_inst_i_16/I2
    SLICE_X7Y13          LUT6 (Prop_lut6_I2_O)        0.124    11.243 r  cpu_inst/dot4acc_pipeline_inst/led_OBUF[12]_inst_i_16/O
                         net (fo=1, routed)           0.000    11.243    cpu_inst/dot4acc_pipeline_inst/led_OBUF[12]_inst_i_16_n_0
    SLICE_X7Y13                                                       r  cpu_inst/dot4acc_pipeline_inst/led_OBUF[12]_inst_i_10/S[2]
    SLICE_X7Y13          CARRY4 (Prop_carry4_S[2]_CO[3])
                                                      0.398    11.641 r  cpu_inst/dot4acc_pipeline_inst/led_OBUF[12]_inst_i_10/CO[3]
                         net (fo=1, routed)           0.000    11.641    cpu_inst/dot4acc_pipeline_inst/led_OBUF[12]_inst_i_10_n_0
    SLICE_X7Y14                                                       r  cpu_inst/dot4acc_pipeline_inst/led_OBUF[12]_inst_i_6/CI
    SLICE_X7Y14          CARRY4 (Prop_carry4_CI_CO[3])
                                                      0.114    11.755 r  cpu_inst/dot4acc_pipeline_inst/led_OBUF[12]_inst_i_6/CO[3]
                         net (fo=1, routed)           0.000    11.755    cpu_inst/dot4acc_pipeline_inst/led_OBUF[12]_inst_i_6_n_0
    SLICE_X7Y15                                                       r  cpu_inst/dot4acc_pipeline_inst/led_OBUF[12]_inst_i_3/CI
    SLICE_X7Y15          CARRY4 (Prop_carry4_CI_CO[2])
                                                      0.228    11.983 r  cpu_inst/dot4acc_pipeline_inst/led_OBUF[12]_inst_i_3/CO[2]
                         net (fo=18, routed)          0.520    12.503    cpu_inst/dot4acc_pipeline_inst/ex_branch_taken073_in
    SLICE_X3Y16                                                       r  cpu_inst/dot4acc_pipeline_inst/product2_reg_reg_i_19/I2
    SLICE_X3Y16          LUT4 (Prop_lut4_I2_O)        0.313    12.816 r  cpu_inst/dot4acc_pipeline_inst/product2_reg_reg_i_19/O
                         net (fo=38, routed)          0.522    13.338    cpu_inst/dot4acc_pipeline_inst/product2_reg_reg_i_19_n_0
    SLICE_X3Y20                                                       r  cpu_inst/dot4acc_pipeline_inst/led_OBUF[12]_inst_i_2/I1
    SLICE_X3Y20          LUT6 (Prop_lut6_I1_O)        0.124    13.462 f  cpu_inst/dot4acc_pipeline_inst/led_OBUF[12]_inst_i_2/O
                         net (fo=3, routed)           0.310    13.772    cpu_inst/dot4acc_pipeline_inst/led_OBUF[12]_inst_i_2_n_0
    SLICE_X7Y20                                                       f  cpu_inst/dot4acc_pipeline_inst/fetch_pending_pc[31]_i_3/I4
    SLICE_X7Y20          LUT5 (Prop_lut5_I4_O)        0.124    13.896 r  cpu_inst/dot4acc_pipeline_inst/fetch_pending_pc[31]_i_3/O
                         net (fo=1, routed)           0.305    14.201    cpu_inst/dot4acc_pipeline_inst/fetch_pending_pc[31]_i_3_n_0
    SLICE_X6Y22                                                       r  cpu_inst/dot4acc_pipeline_inst/fetch_pending_pc[31]_i_1/I2
    SLICE_X6Y22          LUT4 (Prop_lut4_I2_O)        0.124    14.325 r  cpu_inst/dot4acc_pipeline_inst/fetch_pending_pc[31]_i_1/O
                         net (fo=62, routed)          0.901    15.226    cpu_inst/dot4acc_pipeline_inst_n_46
    SLICE_X4Y14          FDRE                                         r  cpu_inst/fetch_pc_reg[2]/CE
  -------------------------------------------------------------------    -------------------

                         (clock sys_clk_pin rise edge)
                                                     10.101    10.101 r  <hidden>
    W5                                                0.000    10.101 r  clk
                         net (fo=0)                   0.000    10.101    clk
    W5                                                                r  clk_IBUF_inst/I
    W5                   IBUF (Prop_ibuf_I_O)         1.388    11.489 r  clk_IBUF_inst/O
                         net (fo=1, routed)           1.862    13.351    clk_IBUF
    BUFGCTRL_X0Y0                                                     r  clk_IBUF_BUFG_inst/I
    BUFGCTRL_X0Y0        BUFG (Prop_bufg_I_O)         0.091    13.442 r  clk_IBUF_BUFG_inst/O
                         net (fo=1713, routed)        1.512    14.954    cpu_inst/clk_IBUF_BUFG
    SLICE_X4Y14          FDRE                                         r  cpu_inst/fetch_pc_reg[2]/C
                         clock pessimism              0.260    15.214    <hidden>
                         clock uncertainty           -0.035    15.179    <hidden>
    SLICE_X4Y14          FDRE (Setup_fdre_C_CE)      -0.205    14.974    cpu_inst/fetch_pc_reg[2]
  -------------------------------------------------------------------
                         required time                         14.974    <hidden>
                         arrival time                         -15.226    <hidden>
  -------------------------------------------------------------------
                         slack                                 -0.252    <hidden>

Slack (VIOLATED) :        -0.252ns  (required time - arrival time)
  Source:                 cpu_inst/id_ex_reg_reg[rs2][2]/C
                            (rising edge-triggered cell FDRE clocked by sys_clk_pin  {rise@0.000ns fall@5.051ns period=10.101ns})
  Destination:            cpu_inst/fetch_pc_reg[3]/CE
                            (rising edge-triggered cell FDRE clocked by sys_clk_pin  {rise@0.000ns fall@5.051ns period=10.101ns})
  Path Group:             sys_clk_pin
  Path Type:              Setup (Max at Slow Process Corner)
  Requirement:            10.101ns  (sys_clk_pin rise@10.101ns - sys_clk_pin rise@0.000ns)
  Data Path Delay:        10.076ns  (logic 2.563ns (25.437%)  route 7.513ns (74.563%))
  Logic Levels:           12  (CARRY4=3 LUT4=2 LUT5=4 LUT6=3)
  Clock Path Skew:        -0.037ns (DCD - SCD + CPR)
    Destination Clock Delay (DCD):    4.853ns = ( 14.954 - 10.101 ) 
    Source Clock Delay      (SCD):    5.150ns
    Clock Pessimism Removal (CPR):    0.260ns
  Clock Uncertainty:      0.035ns  ((TSJ^2 + TIJ^2)^1/2 + DJ) / 2 + PE
    Total System Jitter     (TSJ):    0.071ns
    Total Input Jitter      (TIJ):    0.000ns
    Discrete Jitter          (DJ):    0.000ns
    Phase Error              (PE):    0.000ns

    Location             Delay type                Incr(ns)  Path(ns)    Netlist Resource(s)
  -------------------------------------------------------------------    -------------------
                         (clock sys_clk_pin rise edge)
                                                      0.000     0.000 r  <hidden>
    W5                                                0.000     0.000 r  clk
                         net (fo=0)                   0.000     0.000    clk
    W5                                                                r  clk_IBUF_inst/I
    W5                   IBUF (Prop_ibuf_I_O)         1.458     1.458 r  clk_IBUF_inst/O
                         net (fo=1, routed)           1.967     3.425    clk_IBUF
    BUFGCTRL_X0Y0                                                     r  clk_IBUF_BUFG_inst/I
    BUFGCTRL_X0Y0        BUFG (Prop_bufg_I_O)         0.096     3.521 r  clk_IBUF_BUFG_inst/O
                         net (fo=1713, routed)        1.629     5.150    cpu_inst/clk_IBUF_BUFG
    SLICE_X2Y17          FDRE                                         r  cpu_inst/id_ex_reg_reg[rs2][2]/C
  -------------------------------------------------------------------    -------------------
    SLICE_X2Y17          FDRE (Prop_fdre_C_Q)         0.518     5.668 r  cpu_inst/id_ex_reg_reg[rs2][2]/Q
                         net (fo=7, routed)           0.986     6.654    cpu_inst/dot4acc_pipeline_inst/id_ex_reg_reg[rs2][2]
    SLICE_X3Y14                                                       r  cpu_inst/dot4acc_pipeline_inst/product2_reg_reg_i_82/I2
    SLICE_X3Y14          LUT6 (Prop_lut6_I2_O)        0.124     6.778 r  cpu_inst/dot4acc_pipeline_inst/product2_reg_reg_i_82/O
                         net (fo=1, routed)           0.827     7.605    cpu_inst/dot4acc_pipeline_inst/product2_reg_reg_i_82_n_0
    SLICE_X7Y11                                                       r  cpu_inst/dot4acc_pipeline_inst/product2_reg_reg_i_59/I4
    SLICE_X7Y11          LUT5 (Prop_lut5_I4_O)        0.124     7.729 r  cpu_inst/dot4acc_pipeline_inst/product2_reg_reg_i_59/O
                         net (fo=32, routed)          1.182     8.912    cpu_inst/data_mem_inst/product0_reg_reg_1
    SLICE_X8Y20                                                       r  cpu_inst/data_mem_inst/product0_reg_reg_i_18/I1
    SLICE_X8Y20          LUT5 (Prop_lut5_I1_O)        0.124     9.036 r  cpu_inst/data_mem_inst/product0_reg_reg_i_18/O
                         net (fo=1, routed)           0.656     9.692    cpu_inst/dot4acc_pipeline_inst/product0_reg_reg_15
    SLICE_X9Y20                                                       r  cpu_inst/dot4acc_pipeline_inst/product0_reg_reg_i_1/I3
    SLICE_X9Y20          LUT5 (Prop_lut5_I3_O)        0.124     9.816 r  cpu_inst/dot4acc_pipeline_inst/product0_reg_reg_i_1/O
                         net (fo=28, routed)          1.303    11.119    cpu_inst/dot4acc_pipeline_inst/packed_b[6]
    SLICE_X7Y13                                                       r  cpu_inst/dot4acc_pipeline_inst/led_OBUF[12]_inst_i_16/I2
    SLICE_X7Y13          LUT6 (Prop_lut6_I2_O)        0.124    11.243 r  cpu_inst/dot4acc_pipeline_inst/led_OBUF[12]_inst_i_16/O
                         net (fo=1, routed)           0.000    11.243    cpu_inst/dot4acc_pipeline_inst/led_OBUF[12]_inst_i_16_n_0
    SLICE_X7Y13                                                       r  cpu_inst/dot4acc_pipeline_inst/led_OBUF[12]_inst_i_10/S[2]
    SLICE_X7Y13          CARRY4 (Prop_carry4_S[2]_CO[3])
                                                      0.398    11.641 r  cpu_inst/dot4acc_pipeline_inst/led_OBUF[12]_inst_i_10/CO[3]
                         net (fo=1, routed)           0.000    11.641    cpu_inst/dot4acc_pipeline_inst/led_OBUF[12]_inst_i_10_n_0
    SLICE_X7Y14                                                       r  cpu_inst/dot4acc_pipeline_inst/led_OBUF[12]_inst_i_6/CI
    SLICE_X7Y14          CARRY4 (Prop_carry4_CI_CO[3])
                                                      0.114    11.755 r  cpu_inst/dot4acc_pipeline_inst/led_OBUF[12]_inst_i_6/CO[3]
                         net (fo=1, routed)           0.000    11.755    cpu_inst/dot4acc_pipeline_inst/led_OBUF[12]_inst_i_6_n_0
    SLICE_X7Y15                                                       r  cpu_inst/dot4acc_pipeline_inst/led_OBUF[12]_inst_i_3/CI
    SLICE_X7Y15          CARRY4 (Prop_carry4_CI_CO[2])
                                                      0.228    11.983 r  cpu_inst/dot4acc_pipeline_inst/led_OBUF[12]_inst_i_3/CO[2]
                         net (fo=18, routed)          0.520    12.503    cpu_inst/dot4acc_pipeline_inst/ex_branch_taken073_in
    SLICE_X3Y16                                                       r  cpu_inst/dot4acc_pipeline_inst/product2_reg_reg_i_19/I2
    SLICE_X3Y16          LUT4 (Prop_lut4_I2_O)        0.313    12.816 r  cpu_inst/dot4acc_pipeline_inst/product2_reg_reg_i_19/O
                         net (fo=38, routed)          0.522    13.338    cpu_inst/dot4acc_pipeline_inst/product2_reg_reg_i_19_n_0
    SLICE_X3Y20                                                       r  cpu_inst/dot4acc_pipeline_inst/led_OBUF[12]_inst_i_2/I1
    SLICE_X3Y20          LUT6 (Prop_lut6_I1_O)        0.124    13.462 f  cpu_inst/dot4acc_pipeline_inst/led_OBUF[12]_inst_i_2/O
                         net (fo=3, routed)           0.310    13.772    cpu_inst/dot4acc_pipeline_inst/led_OBUF[12]_inst_i_2_n_0
    SLICE_X7Y20                                                       f  cpu_inst/dot4acc_pipeline_inst/fetch_pending_pc[31]_i_3/I4
    SLICE_X7Y20          LUT5 (Prop_lut5_I4_O)        0.124    13.896 r  cpu_inst/dot4acc_pipeline_inst/fetch_pending_pc[31]_i_3/O
                         net (fo=1, routed)           0.305    14.201    cpu_inst/dot4acc_pipeline_inst/fetch_pending_pc[31]_i_3_n_0
    SLICE_X6Y22                                                       r  cpu_inst/dot4acc_pipeline_inst/fetch_pending_pc[31]_i_1/I2
    SLICE_X6Y22          LUT4 (Prop_lut4_I2_O)        0.124    14.325 r  cpu_inst/dot4acc_pipeline_inst/fetch_pending_pc[31]_i_1/O
                         net (fo=62, routed)          0.901    15.226    cpu_inst/dot4acc_pipeline_inst_n_46
    SLICE_X4Y14          FDRE                                         r  cpu_inst/fetch_pc_reg[3]/CE
  -------------------------------------------------------------------    -------------------

                         (clock sys_clk_pin rise edge)
                                                     10.101    10.101 r  <hidden>
    W5                                                0.000    10.101 r  clk
                         net (fo=0)                   0.000    10.101    clk
    W5                                                                r  clk_IBUF_inst/I
    W5                   IBUF (Prop_ibuf_I_O)         1.388    11.489 r  clk_IBUF_inst/O
                         net (fo=1, routed)           1.862    13.351    clk_IBUF
    BUFGCTRL_X0Y0                                                     r  clk_IBUF_BUFG_inst/I
    BUFGCTRL_X0Y0        BUFG (Prop_bufg_I_O)         0.091    13.442 r  clk_IBUF_BUFG_inst/O
                         net (fo=1713, routed)        1.512    14.954    cpu_inst/clk_IBUF_BUFG
    SLICE_X4Y14          FDRE                                         r  cpu_inst/fetch_pc_reg[3]/C
                         clock pessimism              0.260    15.214    <hidden>
                         clock uncertainty           -0.035    15.179    <hidden>
    SLICE_X4Y14          FDRE (Setup_fdre_C_CE)      -0.205    14.974    cpu_inst/fetch_pc_reg[3]
  -------------------------------------------------------------------
                         required time                         14.974    <hidden>
                         arrival time                         -15.226    <hidden>
  -------------------------------------------------------------------
                         slack                                 -0.252    <hidden>

Slack (VIOLATED) :        -0.252ns  (required time - arrival time)
  Source:                 cpu_inst/id_ex_reg_reg[rs2][2]/C
                            (rising edge-triggered cell FDRE clocked by sys_clk_pin  {rise@0.000ns fall@5.051ns period=10.101ns})
  Destination:            cpu_inst/fetch_pc_reg[4]/CE
                            (rising edge-triggered cell FDRE clocked by sys_clk_pin  {rise@0.000ns fall@5.051ns period=10.101ns})
  Path Group:             sys_clk_pin
  Path Type:              Setup (Max at Slow Process Corner)
  Requirement:            10.101ns  (sys_clk_pin rise@10.101ns - sys_clk_pin rise@0.000ns)
  Data Path Delay:        10.076ns  (logic 2.563ns (25.437%)  route 7.513ns (74.563%))
  Logic Levels:           12  (CARRY4=3 LUT4=2 LUT5=4 LUT6=3)
  Clock Path Skew:        -0.037ns (DCD - SCD + CPR)
    Destination Clock Delay (DCD):    4.853ns = ( 14.954 - 10.101 ) 
    Source Clock Delay      (SCD):    5.150ns
    Clock Pessimism Removal (CPR):    0.260ns
  Clock Uncertainty:      0.035ns  ((TSJ^2 + TIJ^2)^1/2 + DJ) / 2 + PE
    Total System Jitter     (TSJ):    0.071ns
    Total Input Jitter      (TIJ):    0.000ns
    Discrete Jitter          (DJ):    0.000ns
    Phase Error              (PE):    0.000ns

    Location             Delay type                Incr(ns)  Path(ns)    Netlist Resource(s)
  -------------------------------------------------------------------    -------------------
                         (clock sys_clk_pin rise edge)
                                                      0.000     0.000 r  <hidden>
    W5                                                0.000     0.000 r  clk
                         net (fo=0)                   0.000     0.000    clk
    W5                                                                r  clk_IBUF_inst/I
    W5                   IBUF (Prop_ibuf_I_O)         1.458     1.458 r  clk_IBUF_inst/O
                         net (fo=1, routed)           1.967     3.425    clk_IBUF
    BUFGCTRL_X0Y0                                                     r  clk_IBUF_BUFG_inst/I
    BUFGCTRL_X0Y0        BUFG (Prop_bufg_I_O)         0.096     3.521 r  clk_IBUF_BUFG_inst/O
                         net (fo=1713, routed)        1.629     5.150    cpu_inst/clk_IBUF_BUFG
    SLICE_X2Y17          FDRE                                         r  cpu_inst/id_ex_reg_reg[rs2][2]/C
  -------------------------------------------------------------------    -------------------
    SLICE_X2Y17          FDRE (Prop_fdre_C_Q)         0.518     5.668 r  cpu_inst/id_ex_reg_reg[rs2][2]/Q
                         net (fo=7, routed)           0.986     6.654    cpu_inst/dot4acc_pipeline_inst/id_ex_reg_reg[rs2][2]
    SLICE_X3Y14                                                       r  cpu_inst/dot4acc_pipeline_inst/product2_reg_reg_i_82/I2
    SLICE_X3Y14          LUT6 (Prop_lut6_I2_O)        0.124     6.778 r  cpu_inst/dot4acc_pipeline_inst/product2_reg_reg_i_82/O
                         net (fo=1, routed)           0.827     7.605    cpu_inst/dot4acc_pipeline_inst/product2_reg_reg_i_82_n_0
    SLICE_X7Y11                                                       r  cpu_inst/dot4acc_pipeline_inst/product2_reg_reg_i_59/I4
    SLICE_X7Y11          LUT5 (Prop_lut5_I4_O)        0.124     7.729 r  cpu_inst/dot4acc_pipeline_inst/product2_reg_reg_i_59/O
                         net (fo=32, routed)          1.182     8.912    cpu_inst/data_mem_inst/product0_reg_reg_1
    SLICE_X8Y20                                                       r  cpu_inst/data_mem_inst/product0_reg_reg_i_18/I1
    SLICE_X8Y20          LUT5 (Prop_lut5_I1_O)        0.124     9.036 r  cpu_inst/data_mem_inst/product0_reg_reg_i_18/O
                         net (fo=1, routed)           0.656     9.692    cpu_inst/dot4acc_pipeline_inst/product0_reg_reg_15
    SLICE_X9Y20                                                       r  cpu_inst/dot4acc_pipeline_inst/product0_reg_reg_i_1/I3
    SLICE_X9Y20          LUT5 (Prop_lut5_I3_O)        0.124     9.816 r  cpu_inst/dot4acc_pipeline_inst/product0_reg_reg_i_1/O
                         net (fo=28, routed)          1.303    11.119    cpu_inst/dot4acc_pipeline_inst/packed_b[6]
    SLICE_X7Y13                                                       r  cpu_inst/dot4acc_pipeline_inst/led_OBUF[12]_inst_i_16/I2
    SLICE_X7Y13          LUT6 (Prop_lut6_I2_O)        0.124    11.243 r  cpu_inst/dot4acc_pipeline_inst/led_OBUF[12]_inst_i_16/O
                         net (fo=1, routed)           0.000    11.243    cpu_inst/dot4acc_pipeline_inst/led_OBUF[12]_inst_i_16_n_0
    SLICE_X7Y13                                                       r  cpu_inst/dot4acc_pipeline_inst/led_OBUF[12]_inst_i_10/S[2]
    SLICE_X7Y13          CARRY4 (Prop_carry4_S[2]_CO[3])
                                                      0.398    11.641 r  cpu_inst/dot4acc_pipeline_inst/led_OBUF[12]_inst_i_10/CO[3]
                         net (fo=1, routed)           0.000    11.641    cpu_inst/dot4acc_pipeline_inst/led_OBUF[12]_inst_i_10_n_0
    SLICE_X7Y14                                                       r  cpu_inst/dot4acc_pipeline_inst/led_OBUF[12]_inst_i_6/CI
    SLICE_X7Y14          CARRY4 (Prop_carry4_CI_CO[3])
                                                      0.114    11.755 r  cpu_inst/dot4acc_pipeline_inst/led_OBUF[12]_inst_i_6/CO[3]
                         net (fo=1, routed)           0.000    11.755    cpu_inst/dot4acc_pipeline_inst/led_OBUF[12]_inst_i_6_n_0
    SLICE_X7Y15                                                       r  cpu_inst/dot4acc_pipeline_inst/led_OBUF[12]_inst_i_3/CI
    SLICE_X7Y15          CARRY4 (Prop_carry4_CI_CO[2])
                                                      0.228    11.983 r  cpu_inst/dot4acc_pipeline_inst/led_OBUF[12]_inst_i_3/CO[2]
                         net (fo=18, routed)          0.520    12.503    cpu_inst/dot4acc_pipeline_inst/ex_branch_taken073_in
    SLICE_X3Y16                                                       r  cpu_inst/dot4acc_pipeline_inst/product2_reg_reg_i_19/I2
    SLICE_X3Y16          LUT4 (Prop_lut4_I2_O)        0.313    12.816 r  cpu_inst/dot4acc_pipeline_inst/product2_reg_reg_i_19/O
                         net (fo=38, routed)          0.522    13.338    cpu_inst/dot4acc_pipeline_inst/product2_reg_reg_i_19_n_0
    SLICE_X3Y20                                                       r  cpu_inst/dot4acc_pipeline_inst/led_OBUF[12]_inst_i_2/I1
    SLICE_X3Y20          LUT6 (Prop_lut6_I1_O)        0.124    13.462 f  cpu_inst/dot4acc_pipeline_inst/led_OBUF[12]_inst_i_2/O
                         net (fo=3, routed)           0.310    13.772    cpu_inst/dot4acc_pipeline_inst/led_OBUF[12]_inst_i_2_n_0
    SLICE_X7Y20                                                       f  cpu_inst/dot4acc_pipeline_inst/fetch_pending_pc[31]_i_3/I4
    SLICE_X7Y20          LUT5 (Prop_lut5_I4_O)        0.124    13.896 r  cpu_inst/dot4acc_pipeline_inst/fetch_pending_pc[31]_i_3/O
                         net (fo=1, routed)           0.305    14.201    cpu_inst/dot4acc_pipeline_inst/fetch_pending_pc[31]_i_3_n_0
    SLICE_X6Y22                                                       r  cpu_inst/dot4acc_pipeline_inst/fetch_pending_pc[31]_i_1/I2
    SLICE_X6Y22          LUT4 (Prop_lut4_I2_O)        0.124    14.325 r  cpu_inst/dot4acc_pipeline_inst/fetch_pending_pc[31]_i_1/O
                         net (fo=62, routed)          0.901    15.226    cpu_inst/dot4acc_pipeline_inst_n_46
    SLICE_X4Y14          FDRE                                         r  cpu_inst/fetch_pc_reg[4]/CE
  -------------------------------------------------------------------    -------------------

                         (clock sys_clk_pin rise edge)
                                                     10.101    10.101 r  <hidden>
    W5                                                0.000    10.101 r  clk
                         net (fo=0)                   0.000    10.101    clk
    W5                                                                r  clk_IBUF_inst/I
    W5                   IBUF (Prop_ibuf_I_O)         1.388    11.489 r  clk_IBUF_inst/O
                         net (fo=1, routed)           1.862    13.351    clk_IBUF
    BUFGCTRL_X0Y0                                                     r  clk_IBUF_BUFG_inst/I
    BUFGCTRL_X0Y0        BUFG (Prop_bufg_I_O)         0.091    13.442 r  clk_IBUF_BUFG_inst/O
                         net (fo=1713, routed)        1.512    14.954    cpu_inst/clk_IBUF_BUFG
    SLICE_X4Y14          FDRE                                         r  cpu_inst/fetch_pc_reg[4]/C
                         clock pessimism              0.260    15.214    <hidden>
                         clock uncertainty           -0.035    15.179    <hidden>
    SLICE_X4Y14          FDRE (Setup_fdre_C_CE)      -0.205    14.974    cpu_inst/fetch_pc_reg[4]
  -------------------------------------------------------------------
                         required time                         14.974    <hidden>
                         arrival time                         -15.226    <hidden>
  -------------------------------------------------------------------
                         slack                                 -0.252    <hidden>

Slack (VIOLATED) :        -0.232ns  (required time - arrival time)
  Source:                 cpu_inst/id_ex_reg_reg[rs2][2]/C
                            (rising edge-triggered cell FDRE clocked by sys_clk_pin  {rise@0.000ns fall@5.051ns period=10.101ns})
  Destination:            cpu_inst/ex_mem_reg_reg[alu_result][31]/D
                            (rising edge-triggered cell FDRE clocked by sys_clk_pin  {rise@0.000ns fall@5.051ns period=10.101ns})
  Path Group:             sys_clk_pin
  Path Type:              Setup (Max at Slow Process Corner)
  Requirement:            10.101ns  (sys_clk_pin rise@10.101ns - sys_clk_pin rise@0.000ns)
  Data Path Delay:        10.268ns  (logic 4.794ns (46.690%)  route 5.474ns (53.310%))
  Logic Levels:           6  (DSP48E1=1 LUT5=3 LUT6=2)
  Clock Path Skew:        -0.109ns (DCD - SCD + CPR)
    Destination Clock Delay (DCD):    4.781ns = ( 14.882 - 10.101 ) 
    Source Clock Delay      (SCD):    5.150ns
    Clock Pessimism Removal (CPR):    0.260ns
  Clock Uncertainty:      0.035ns  ((TSJ^2 + TIJ^2)^1/2 + DJ) / 2 + PE
    Total System Jitter     (TSJ):    0.071ns
    Total Input Jitter      (TIJ):    0.000ns
    Discrete Jitter          (DJ):    0.000ns
    Phase Error              (PE):    0.000ns

    Location             Delay type                Incr(ns)  Path(ns)    Netlist Resource(s)
  -------------------------------------------------------------------    -------------------
                         (clock sys_clk_pin rise edge)
                                                      0.000     0.000 r  <hidden>
    W5                                                0.000     0.000 r  clk
                         net (fo=0)                   0.000     0.000    clk
    W5                                                                r  clk_IBUF_inst/I
    W5                   IBUF (Prop_ibuf_I_O)         1.458     1.458 r  clk_IBUF_inst/O
                         net (fo=1, routed)           1.967     3.425    clk_IBUF
    BUFGCTRL_X0Y0                                                     r  clk_IBUF_BUFG_inst/I
    BUFGCTRL_X0Y0        BUFG (Prop_bufg_I_O)         0.096     3.521 r  clk_IBUF_BUFG_inst/O
                         net (fo=1713, routed)        1.629     5.150    cpu_inst/clk_IBUF_BUFG
    SLICE_X2Y17          FDRE                                         r  cpu_inst/id_ex_reg_reg[rs2][2]/C
  -------------------------------------------------------------------    -------------------
    SLICE_X2Y17          FDRE (Prop_fdre_C_Q)         0.518     5.668 r  cpu_inst/id_ex_reg_reg[rs2][2]/Q
                         net (fo=7, routed)           0.986     6.654    cpu_inst/dot4acc_pipeline_inst/id_ex_reg_reg[rs2][2]
    SLICE_X3Y14                                                       r  cpu_inst/dot4acc_pipeline_inst/product2_reg_reg_i_82/I2
    SLICE_X3Y14          LUT6 (Prop_lut6_I2_O)        0.124     6.778 r  cpu_inst/dot4acc_pipeline_inst/product2_reg_reg_i_82/O
                         net (fo=1, routed)           0.827     7.605    cpu_inst/dot4acc_pipeline_inst/product2_reg_reg_i_82_n_0
    SLICE_X7Y11                                                       r  cpu_inst/dot4acc_pipeline_inst/product2_reg_reg_i_59/I4
    SLICE_X7Y11          LUT5 (Prop_lut5_I4_O)        0.124     7.729 r  cpu_inst/dot4acc_pipeline_inst/product2_reg_reg_i_59/O
                         net (fo=32, routed)          1.182     8.912    cpu_inst/data_mem_inst/product0_reg_reg_1
    SLICE_X8Y20                                                       r  cpu_inst/data_mem_inst/product0_reg_reg_i_18/I1
    SLICE_X8Y20          LUT5 (Prop_lut5_I1_O)        0.124     9.036 r  cpu_inst/data_mem_inst/product0_reg_reg_i_18/O
                         net (fo=1, routed)           0.656     9.692    cpu_inst/dot4acc_pipeline_inst/product0_reg_reg_15
    SLICE_X9Y20                                                       r  cpu_inst/dot4acc_pipeline_inst/product0_reg_reg_i_1/I3
    SLICE_X9Y20          LUT5 (Prop_lut5_I3_O)        0.124     9.816 r  cpu_inst/dot4acc_pipeline_inst/product0_reg_reg_i_1/O
                         net (fo=28, routed)          0.894    10.710    cpu_inst/dot4acc_pipeline_inst_n_24
    DSP48_X0Y6                                                        r  cpu_inst/ex_alu_result0/B[10]
    DSP48_X0Y6           DSP48E1 (Prop_dsp48e1_B[10]_P[31])
                                                      3.656    14.366 r  cpu_inst/ex_alu_result0/P[31]
                         net (fo=1, routed)           0.928    15.294    cpu_inst/dot4acc_pipeline_inst/P[31]
    SLICE_X12Y18                                                      r  cpu_inst/dot4acc_pipeline_inst/ex_mem_reg[alu_result][31]_i_1/I4
    SLICE_X12Y18         LUT6 (Prop_lut6_I4_O)        0.124    15.418 r  cpu_inst/dot4acc_pipeline_inst/ex_mem_reg[alu_result][31]_i_1/O
                         net (fo=1, routed)           0.000    15.418    cpu_inst/ex_alu_result[31]
    SLICE_X12Y18         FDRE                                         r  cpu_inst/ex_mem_reg_reg[alu_result][31]/D
  -------------------------------------------------------------------    -------------------

                         (clock sys_clk_pin rise edge)
                                                     10.101    10.101 r  <hidden>
    W5                                                0.000    10.101 r  clk
                         net (fo=0)                   0.000    10.101    clk
    W5                                                                r  clk_IBUF_inst/I
    W5                   IBUF (Prop_ibuf_I_O)         1.388    11.489 r  clk_IBUF_inst/O
                         net (fo=1, routed)           1.862    13.351    clk_IBUF
    BUFGCTRL_X0Y0                                                     r  clk_IBUF_BUFG_inst/I
    BUFGCTRL_X0Y0        BUFG (Prop_bufg_I_O)         0.091    13.442 r  clk_IBUF_BUFG_inst/O
                         net (fo=1713, routed)        1.440    14.882    cpu_inst/clk_IBUF_BUFG
    SLICE_X12Y18         FDRE                                         r  cpu_inst/ex_mem_reg_reg[alu_result][31]/C
                         clock pessimism              0.260    15.142    <hidden>
                         clock uncertainty           -0.035    15.107    <hidden>
    SLICE_X12Y18         FDRE (Setup_fdre_C_D)        0.079    15.186    cpu_inst/ex_mem_reg_reg[alu_result][31]
  -------------------------------------------------------------------
                         required time                         15.186    <hidden>
                         arrival time                         -15.418    <hidden>
  -------------------------------------------------------------------
                         slack                                 -0.232    <hidden>

Slack (VIOLATED) :        -0.221ns  (required time - arrival time)
  Source:                 cpu_inst/id_ex_reg_reg[rs2][2]/C
                            (rising edge-triggered cell FDRE clocked by sys_clk_pin  {rise@0.000ns fall@5.051ns period=10.101ns})
  Destination:            cpu_inst/fetch_pending_pc_reg[14]/CE
                            (rising edge-triggered cell FDRE clocked by sys_clk_pin  {rise@0.000ns fall@5.051ns period=10.101ns})
  Path Group:             sys_clk_pin
  Path Type:              Setup (Max at Slow Process Corner)
  Requirement:            10.101ns  (sys_clk_pin rise@10.101ns - sys_clk_pin rise@0.000ns)
  Data Path Delay:        10.034ns  (logic 2.563ns (25.543%)  route 7.471ns (74.457%))
  Logic Levels:           12  (CARRY4=3 LUT4=2 LUT5=4 LUT6=3)
  Clock Path Skew:        -0.047ns (DCD - SCD + CPR)
    Destination Clock Delay (DCD):    4.843ns = ( 14.944 - 10.101 ) 
    Source Clock Delay      (SCD):    5.150ns
    Clock Pessimism Removal (CPR):    0.260ns
  Clock Uncertainty:      0.035ns  ((TSJ^2 + TIJ^2)^1/2 + DJ) / 2 + PE
    Total System Jitter     (TSJ):    0.071ns
    Total Input Jitter      (TIJ):    0.000ns
    Discrete Jitter          (DJ):    0.000ns
    Phase Error              (PE):    0.000ns

    Location             Delay type                Incr(ns)  Path(ns)    Netlist Resource(s)
  -------------------------------------------------------------------    -------------------
                         (clock sys_clk_pin rise edge)
                                                      0.000     0.000 r  <hidden>
    W5                                                0.000     0.000 r  clk
                         net (fo=0)                   0.000     0.000    clk
    W5                                                                r  clk_IBUF_inst/I
    W5                   IBUF (Prop_ibuf_I_O)         1.458     1.458 r  clk_IBUF_inst/O
                         net (fo=1, routed)           1.967     3.425    clk_IBUF
    BUFGCTRL_X0Y0                                                     r  clk_IBUF_BUFG_inst/I
    BUFGCTRL_X0Y0        BUFG (Prop_bufg_I_O)         0.096     3.521 r  clk_IBUF_BUFG_inst/O
                         net (fo=1713, routed)        1.629     5.150    cpu_inst/clk_IBUF_BUFG
    SLICE_X2Y17          FDRE                                         r  cpu_inst/id_ex_reg_reg[rs2][2]/C
  -------------------------------------------------------------------    -------------------
    SLICE_X2Y17          FDRE (Prop_fdre_C_Q)         0.518     5.668 r  cpu_inst/id_ex_reg_reg[rs2][2]/Q
                         net (fo=7, routed)           0.986     6.654    cpu_inst/dot4acc_pipeline_inst/id_ex_reg_reg[rs2][2]
    SLICE_X3Y14                                                       r  cpu_inst/dot4acc_pipeline_inst/product2_reg_reg_i_82/I2
    SLICE_X3Y14          LUT6 (Prop_lut6_I2_O)        0.124     6.778 r  cpu_inst/dot4acc_pipeline_inst/product2_reg_reg_i_82/O
                         net (fo=1, routed)           0.827     7.605    cpu_inst/dot4acc_pipeline_inst/product2_reg_reg_i_82_n_0
    SLICE_X7Y11                                                       r  cpu_inst/dot4acc_pipeline_inst/product2_reg_reg_i_59/I4
    SLICE_X7Y11          LUT5 (Prop_lut5_I4_O)        0.124     7.729 r  cpu_inst/dot4acc_pipeline_inst/product2_reg_reg_i_59/O
                         net (fo=32, routed)          1.182     8.912    cpu_inst/data_mem_inst/product0_reg_reg_1
    SLICE_X8Y20                                                       r  cpu_inst/data_mem_inst/product0_reg_reg_i_18/I1
    SLICE_X8Y20          LUT5 (Prop_lut5_I1_O)        0.124     9.036 r  cpu_inst/data_mem_inst/product0_reg_reg_i_18/O
                         net (fo=1, routed)           0.656     9.692    cpu_inst/dot4acc_pipeline_inst/product0_reg_reg_15
    SLICE_X9Y20                                                       r  cpu_inst/dot4acc_pipeline_inst/product0_reg_reg_i_1/I3
    SLICE_X9Y20          LUT5 (Prop_lut5_I3_O)        0.124     9.816 r  cpu_inst/dot4acc_pipeline_inst/product0_reg_reg_i_1/O
                         net (fo=28, routed)          1.303    11.119    cpu_inst/dot4acc_pipeline_inst/packed_b[6]
    SLICE_X7Y13                                                       r  cpu_inst/dot4acc_pipeline_inst/led_OBUF[12]_inst_i_16/I2
    SLICE_X7Y13          LUT6 (Prop_lut6_I2_O)        0.124    11.243 r  cpu_inst/dot4acc_pipeline_inst/led_OBUF[12]_inst_i_16/O
                         net (fo=1, routed)           0.000    11.243    cpu_inst/dot4acc_pipeline_inst/led_OBUF[12]_inst_i_16_n_0
    SLICE_X7Y13                                                       r  cpu_inst/dot4acc_pipeline_inst/led_OBUF[12]_inst_i_10/S[2]
    SLICE_X7Y13          CARRY4 (Prop_carry4_S[2]_CO[3])
                                                      0.398    11.641 r  cpu_inst/dot4acc_pipeline_inst/led_OBUF[12]_inst_i_10/CO[3]
                         net (fo=1, routed)           0.000    11.641    cpu_inst/dot4acc_pipeline_inst/led_OBUF[12]_inst_i_10_n_0
    SLICE_X7Y14                                                       r  cpu_inst/dot4acc_pipeline_inst/led_OBUF[12]_inst_i_6/CI
    SLICE_X7Y14          CARRY4 (Prop_carry4_CI_CO[3])
                                                      0.114    11.755 r  cpu_inst/dot4acc_pipeline_inst/led_OBUF[12]_inst_i_6/CO[3]
                         net (fo=1, routed)           0.000    11.755    cpu_inst/dot4acc_pipeline_inst/led_OBUF[12]_inst_i_6_n_0
    SLICE_X7Y15                                                       r  cpu_inst/dot4acc_pipeline_inst/led_OBUF[12]_inst_i_3/CI
    SLICE_X7Y15          CARRY4 (Prop_carry4_CI_CO[2])
                                                      0.228    11.983 r  cpu_inst/dot4acc_pipeline_inst/led_OBUF[12]_inst_i_3/CO[2]
                         net (fo=18, routed)          0.520    12.503    cpu_inst/dot4acc_pipeline_inst/ex_branch_taken073_in
    SLICE_X3Y16                                                       r  cpu_inst/dot4acc_pipeline_inst/product2_reg_reg_i_19/I2
    SLICE_X3Y16          LUT4 (Prop_lut4_I2_O)        0.313    12.816 r  cpu_inst/dot4acc_pipeline_inst/product2_reg_reg_i_19/O
                         net (fo=38, routed)          0.522    13.338    cpu_inst/dot4acc_pipeline_inst/product2_reg_reg_i_19_n_0
    SLICE_X3Y20                                                       r  cpu_inst/dot4acc_pipeline_inst/led_OBUF[12]_inst_i_2/I1
    SLICE_X3Y20          LUT6 (Prop_lut6_I1_O)        0.124    13.462 f  cpu_inst/dot4acc_pipeline_inst/led_OBUF[12]_inst_i_2/O
                         net (fo=3, routed)           0.310    13.772    cpu_inst/dot4acc_pipeline_inst/led_OBUF[12]_inst_i_2_n_0
    SLICE_X7Y20                                                       f  cpu_inst/dot4acc_pipeline_inst/fetch_pending_pc[31]_i_3/I4
    SLICE_X7Y20          LUT5 (Prop_lut5_I4_O)        0.124    13.896 r  cpu_inst/dot4acc_pipeline_inst/fetch_pending_pc[31]_i_3/O
                         net (fo=1, routed)           0.305    14.201    cpu_inst/dot4acc_pipeline_inst/fetch_pending_pc[31]_i_3_n_0
    SLICE_X6Y22                                                       r  cpu_inst/dot4acc_pipeline_inst/fetch_pending_pc[31]_i_1/I2
    SLICE_X6Y22          LUT4 (Prop_lut4_I2_O)        0.124    14.325 r  cpu_inst/dot4acc_pipeline_inst/fetch_pending_pc[31]_i_1/O
                         net (fo=62, routed)          0.860    15.184    cpu_inst/dot4acc_pipeline_inst_n_46
    SLICE_X7Y26          FDRE                                         r  cpu_inst/fetch_pending_pc_reg[14]/CE
  -------------------------------------------------------------------    -------------------

                         (clock sys_clk_pin rise edge)
                                                     10.101    10.101 r  <hidden>
    W5                                                0.000    10.101 r  clk
                         net (fo=0)                   0.000    10.101    clk
    W5                                                                r  clk_IBUF_inst/I
    W5                   IBUF (Prop_ibuf_I_O)         1.388    11.489 r  clk_IBUF_inst/O
                         net (fo=1, routed)           1.862    13.351    clk_IBUF
    BUFGCTRL_X0Y0                                                     r  clk_IBUF_BUFG_inst/I
    BUFGCTRL_X0Y0        BUFG (Prop_bufg_I_O)         0.091    13.442 r  clk_IBUF_BUFG_inst/O
                         net (fo=1713, routed)        1.502    14.944    cpu_inst/clk_IBUF_BUFG
    SLICE_X7Y26          FDRE                                         r  cpu_inst/fetch_pending_pc_reg[14]/C
                         clock pessimism              0.260    15.204    <hidden>
                         clock uncertainty           -0.035    15.169    <hidden>
    SLICE_X7Y26          FDRE (Setup_fdre_C_CE)      -0.205    14.964    cpu_inst/fetch_pending_pc_reg[14]
  -------------------------------------------------------------------
                         required time                         14.964    <hidden>
                         arrival time                         -15.184    <hidden>
  -------------------------------------------------------------------
                         slack                                 -0.221    <hidden>

Slack (VIOLATED) :        -0.221ns  (required time - arrival time)
  Source:                 cpu_inst/id_ex_reg_reg[rs2][2]/C
                            (rising edge-triggered cell FDRE clocked by sys_clk_pin  {rise@0.000ns fall@5.051ns period=10.101ns})
  Destination:            cpu_inst/fetch_pending_pc_reg[15]/CE
                            (rising edge-triggered cell FDRE clocked by sys_clk_pin  {rise@0.000ns fall@5.051ns period=10.101ns})
  Path Group:             sys_clk_pin
  Path Type:              Setup (Max at Slow Process Corner)
  Requirement:            10.101ns  (sys_clk_pin rise@10.101ns - sys_clk_pin rise@0.000ns)
  Data Path Delay:        10.034ns  (logic 2.563ns (25.543%)  route 7.471ns (74.457%))
  Logic Levels:           12  (CARRY4=3 LUT4=2 LUT5=4 LUT6=3)
  Clock Path Skew:        -0.047ns (DCD - SCD + CPR)
    Destination Clock Delay (DCD):    4.843ns = ( 14.944 - 10.101 ) 
    Source Clock Delay      (SCD):    5.150ns
    Clock Pessimism Removal (CPR):    0.260ns
  Clock Uncertainty:      0.035ns  ((TSJ^2 + TIJ^2)^1/2 + DJ) / 2 + PE
    Total System Jitter     (TSJ):    0.071ns
    Total Input Jitter      (TIJ):    0.000ns
    Discrete Jitter          (DJ):    0.000ns
    Phase Error              (PE):    0.000ns

    Location             Delay type                Incr(ns)  Path(ns)    Netlist Resource(s)
  -------------------------------------------------------------------    -------------------
                         (clock sys_clk_pin rise edge)
                                                      0.000     0.000 r  <hidden>
    W5                                                0.000     0.000 r  clk
                         net (fo=0)                   0.000     0.000    clk
    W5                                                                r  clk_IBUF_inst/I
    W5                   IBUF (Prop_ibuf_I_O)         1.458     1.458 r  clk_IBUF_inst/O
                         net (fo=1, routed)           1.967     3.425    clk_IBUF
    BUFGCTRL_X0Y0                                                     r  clk_IBUF_BUFG_inst/I
    BUFGCTRL_X0Y0        BUFG (Prop_bufg_I_O)         0.096     3.521 r  clk_IBUF_BUFG_inst/O
                         net (fo=1713, routed)        1.629     5.150    cpu_inst/clk_IBUF_BUFG
    SLICE_X2Y17          FDRE                                         r  cpu_inst/id_ex_reg_reg[rs2][2]/C
  -------------------------------------------------------------------    -------------------
    SLICE_X2Y17          FDRE (Prop_fdre_C_Q)         0.518     5.668 r  cpu_inst/id_ex_reg_reg[rs2][2]/Q
                         net (fo=7, routed)           0.986     6.654    cpu_inst/dot4acc_pipeline_inst/id_ex_reg_reg[rs2][2]
    SLICE_X3Y14                                                       r  cpu_inst/dot4acc_pipeline_inst/product2_reg_reg_i_82/I2
    SLICE_X3Y14          LUT6 (Prop_lut6_I2_O)        0.124     6.778 r  cpu_inst/dot4acc_pipeline_inst/product2_reg_reg_i_82/O
                         net (fo=1, routed)           0.827     7.605    cpu_inst/dot4acc_pipeline_inst/product2_reg_reg_i_82_n_0
    SLICE_X7Y11                                                       r  cpu_inst/dot4acc_pipeline_inst/product2_reg_reg_i_59/I4
    SLICE_X7Y11          LUT5 (Prop_lut5_I4_O)        0.124     7.729 r  cpu_inst/dot4acc_pipeline_inst/product2_reg_reg_i_59/O
                         net (fo=32, routed)          1.182     8.912    cpu_inst/data_mem_inst/product0_reg_reg_1
    SLICE_X8Y20                                                       r  cpu_inst/data_mem_inst/product0_reg_reg_i_18/I1
    SLICE_X8Y20          LUT5 (Prop_lut5_I1_O)        0.124     9.036 r  cpu_inst/data_mem_inst/product0_reg_reg_i_18/O
                         net (fo=1, routed)           0.656     9.692    cpu_inst/dot4acc_pipeline_inst/product0_reg_reg_15
    SLICE_X9Y20                                                       r  cpu_inst/dot4acc_pipeline_inst/product0_reg_reg_i_1/I3
    SLICE_X9Y20          LUT5 (Prop_lut5_I3_O)        0.124     9.816 r  cpu_inst/dot4acc_pipeline_inst/product0_reg_reg_i_1/O
                         net (fo=28, routed)          1.303    11.119    cpu_inst/dot4acc_pipeline_inst/packed_b[6]
    SLICE_X7Y13                                                       r  cpu_inst/dot4acc_pipeline_inst/led_OBUF[12]_inst_i_16/I2
    SLICE_X7Y13          LUT6 (Prop_lut6_I2_O)        0.124    11.243 r  cpu_inst/dot4acc_pipeline_inst/led_OBUF[12]_inst_i_16/O
                         net (fo=1, routed)           0.000    11.243    cpu_inst/dot4acc_pipeline_inst/led_OBUF[12]_inst_i_16_n_0
    SLICE_X7Y13                                                       r  cpu_inst/dot4acc_pipeline_inst/led_OBUF[12]_inst_i_10/S[2]
    SLICE_X7Y13          CARRY4 (Prop_carry4_S[2]_CO[3])
                                                      0.398    11.641 r  cpu_inst/dot4acc_pipeline_inst/led_OBUF[12]_inst_i_10/CO[3]
                         net (fo=1, routed)           0.000    11.641    cpu_inst/dot4acc_pipeline_inst/led_OBUF[12]_inst_i_10_n_0
    SLICE_X7Y14                                                       r  cpu_inst/dot4acc_pipeline_inst/led_OBUF[12]_inst_i_6/CI
    SLICE_X7Y14          CARRY4 (Prop_carry4_CI_CO[3])
                                                      0.114    11.755 r  cpu_inst/dot4acc_pipeline_inst/led_OBUF[12]_inst_i_6/CO[3]
                         net (fo=1, routed)           0.000    11.755    cpu_inst/dot4acc_pipeline_inst/led_OBUF[12]_inst_i_6_n_0
    SLICE_X7Y15                                                       r  cpu_inst/dot4acc_pipeline_inst/led_OBUF[12]_inst_i_3/CI
    SLICE_X7Y15          CARRY4 (Prop_carry4_CI_CO[2])
                                                      0.228    11.983 r  cpu_inst/dot4acc_pipeline_inst/led_OBUF[12]_inst_i_3/CO[2]
                         net (fo=18, routed)          0.520    12.503    cpu_inst/dot4acc_pipeline_inst/ex_branch_taken073_in
    SLICE_X3Y16                                                       r  cpu_inst/dot4acc_pipeline_inst/product2_reg_reg_i_19/I2
    SLICE_X3Y16          LUT4 (Prop_lut4_I2_O)        0.313    12.816 r  cpu_inst/dot4acc_pipeline_inst/product2_reg_reg_i_19/O
                         net (fo=38, routed)          0.522    13.338    cpu_inst/dot4acc_pipeline_inst/product2_reg_reg_i_19_n_0
    SLICE_X3Y20                                                       r  cpu_inst/dot4acc_pipeline_inst/led_OBUF[12]_inst_i_2/I1
    SLICE_X3Y20          LUT6 (Prop_lut6_I1_O)        0.124    13.462 f  cpu_inst/dot4acc_pipeline_inst/led_OBUF[12]_inst_i_2/O
                         net (fo=3, routed)           0.310    13.772    cpu_inst/dot4acc_pipeline_inst/led_OBUF[12]_inst_i_2_n_0
    SLICE_X7Y20                                                       f  cpu_inst/dot4acc_pipeline_inst/fetch_pending_pc[31]_i_3/I4
    SLICE_X7Y20          LUT5 (Prop_lut5_I4_O)        0.124    13.896 r  cpu_inst/dot4acc_pipeline_inst/fetch_pending_pc[31]_i_3/O
                         net (fo=1, routed)           0.305    14.201    cpu_inst/dot4acc_pipeline_inst/fetch_pending_pc[31]_i_3_n_0
    SLICE_X6Y22                                                       r  cpu_inst/dot4acc_pipeline_inst/fetch_pending_pc[31]_i_1/I2
    SLICE_X6Y22          LUT4 (Prop_lut4_I2_O)        0.124    14.325 r  cpu_inst/dot4acc_pipeline_inst/fetch_pending_pc[31]_i_1/O
                         net (fo=62, routed)          0.860    15.184    cpu_inst/dot4acc_pipeline_inst_n_46
    SLICE_X7Y26          FDRE                                         r  cpu_inst/fetch_pending_pc_reg[15]/CE
  -------------------------------------------------------------------    -------------------

                         (clock sys_clk_pin rise edge)
                                                     10.101    10.101 r  <hidden>
    W5                                                0.000    10.101 r  clk
                         net (fo=0)                   0.000    10.101    clk
    W5                                                                r  clk_IBUF_inst/I
    W5                   IBUF (Prop_ibuf_I_O)         1.388    11.489 r  clk_IBUF_inst/O
                         net (fo=1, routed)           1.862    13.351    clk_IBUF
    BUFGCTRL_X0Y0                                                     r  clk_IBUF_BUFG_inst/I
    BUFGCTRL_X0Y0        BUFG (Prop_bufg_I_O)         0.091    13.442 r  clk_IBUF_BUFG_inst/O
                         net (fo=1713, routed)        1.502    14.944    cpu_inst/clk_IBUF_BUFG
    SLICE_X7Y26          FDRE                                         r  cpu_inst/fetch_pending_pc_reg[15]/C
                         clock pessimism              0.260    15.204    <hidden>
                         clock uncertainty           -0.035    15.169    <hidden>
    SLICE_X7Y26          FDRE (Setup_fdre_C_CE)      -0.205    14.964    cpu_inst/fetch_pending_pc_reg[15]
  -------------------------------------------------------------------
                         required time                         14.964    <hidden>
                         arrival time                         -15.184    <hidden>
  -------------------------------------------------------------------
                         slack                                 -0.221    <hidden>

Slack (VIOLATED) :        -0.221ns  (required time - arrival time)
  Source:                 cpu_inst/id_ex_reg_reg[rs2][2]/C
                            (rising edge-triggered cell FDRE clocked by sys_clk_pin  {rise@0.000ns fall@5.051ns period=10.101ns})
  Destination:            cpu_inst/fetch_pending_pc_reg[16]/CE
                            (rising edge-triggered cell FDRE clocked by sys_clk_pin  {rise@0.000ns fall@5.051ns period=10.101ns})
  Path Group:             sys_clk_pin
  Path Type:              Setup (Max at Slow Process Corner)
  Requirement:            10.101ns  (sys_clk_pin rise@10.101ns - sys_clk_pin rise@0.000ns)
  Data Path Delay:        10.034ns  (logic 2.563ns (25.543%)  route 7.471ns (74.457%))
  Logic Levels:           12  (CARRY4=3 LUT4=2 LUT5=4 LUT6=3)
  Clock Path Skew:        -0.047ns (DCD - SCD + CPR)
    Destination Clock Delay (DCD):    4.843ns = ( 14.944 - 10.101 ) 
    Source Clock Delay      (SCD):    5.150ns
    Clock Pessimism Removal (CPR):    0.260ns
  Clock Uncertainty:      0.035ns  ((TSJ^2 + TIJ^2)^1/2 + DJ) / 2 + PE
    Total System Jitter     (TSJ):    0.071ns
    Total Input Jitter      (TIJ):    0.000ns
    Discrete Jitter          (DJ):    0.000ns
    Phase Error              (PE):    0.000ns

    Location             Delay type                Incr(ns)  Path(ns)    Netlist Resource(s)
  -------------------------------------------------------------------    -------------------
                         (clock sys_clk_pin rise edge)
                                                      0.000     0.000 r  <hidden>
    W5                                                0.000     0.000 r  clk
                         net (fo=0)                   0.000     0.000    clk
    W5                                                                r  clk_IBUF_inst/I
    W5                   IBUF (Prop_ibuf_I_O)         1.458     1.458 r  clk_IBUF_inst/O
                         net (fo=1, routed)           1.967     3.425    clk_IBUF
    BUFGCTRL_X0Y0                                                     r  clk_IBUF_BUFG_inst/I
    BUFGCTRL_X0Y0        BUFG (Prop_bufg_I_O)         0.096     3.521 r  clk_IBUF_BUFG_inst/O
                         net (fo=1713, routed)        1.629     5.150    cpu_inst/clk_IBUF_BUFG
    SLICE_X2Y17          FDRE                                         r  cpu_inst/id_ex_reg_reg[rs2][2]/C
  -------------------------------------------------------------------    -------------------
    SLICE_X2Y17          FDRE (Prop_fdre_C_Q)         0.518     5.668 r  cpu_inst/id_ex_reg_reg[rs2][2]/Q
                         net (fo=7, routed)           0.986     6.654    cpu_inst/dot4acc_pipeline_inst/id_ex_reg_reg[rs2][2]
    SLICE_X3Y14                                                       r  cpu_inst/dot4acc_pipeline_inst/product2_reg_reg_i_82/I2
    SLICE_X3Y14          LUT6 (Prop_lut6_I2_O)        0.124     6.778 r  cpu_inst/dot4acc_pipeline_inst/product2_reg_reg_i_82/O
                         net (fo=1, routed)           0.827     7.605    cpu_inst/dot4acc_pipeline_inst/product2_reg_reg_i_82_n_0
    SLICE_X7Y11                                                       r  cpu_inst/dot4acc_pipeline_inst/product2_reg_reg_i_59/I4
    SLICE_X7Y11          LUT5 (Prop_lut5_I4_O)        0.124     7.729 r  cpu_inst/dot4acc_pipeline_inst/product2_reg_reg_i_59/O
                         net (fo=32, routed)          1.182     8.912    cpu_inst/data_mem_inst/product0_reg_reg_1
    SLICE_X8Y20                                                       r  cpu_inst/data_mem_inst/product0_reg_reg_i_18/I1
    SLICE_X8Y20          LUT5 (Prop_lut5_I1_O)        0.124     9.036 r  cpu_inst/data_mem_inst/product0_reg_reg_i_18/O
                         net (fo=1, routed)           0.656     9.692    cpu_inst/dot4acc_pipeline_inst/product0_reg_reg_15
    SLICE_X9Y20                                                       r  cpu_inst/dot4acc_pipeline_inst/product0_reg_reg_i_1/I3
    SLICE_X9Y20          LUT5 (Prop_lut5_I3_O)        0.124     9.816 r  cpu_inst/dot4acc_pipeline_inst/product0_reg_reg_i_1/O
                         net (fo=28, routed)          1.303    11.119    cpu_inst/dot4acc_pipeline_inst/packed_b[6]
    SLICE_X7Y13                                                       r  cpu_inst/dot4acc_pipeline_inst/led_OBUF[12]_inst_i_16/I2
    SLICE_X7Y13          LUT6 (Prop_lut6_I2_O)        0.124    11.243 r  cpu_inst/dot4acc_pipeline_inst/led_OBUF[12]_inst_i_16/O
                         net (fo=1, routed)           0.000    11.243    cpu_inst/dot4acc_pipeline_inst/led_OBUF[12]_inst_i_16_n_0
    SLICE_X7Y13                                                       r  cpu_inst/dot4acc_pipeline_inst/led_OBUF[12]_inst_i_10/S[2]
    SLICE_X7Y13          CARRY4 (Prop_carry4_S[2]_CO[3])
                                                      0.398    11.641 r  cpu_inst/dot4acc_pipeline_inst/led_OBUF[12]_inst_i_10/CO[3]
                         net (fo=1, routed)           0.000    11.641    cpu_inst/dot4acc_pipeline_inst/led_OBUF[12]_inst_i_10_n_0
    SLICE_X7Y14                                                       r  cpu_inst/dot4acc_pipeline_inst/led_OBUF[12]_inst_i_6/CI
    SLICE_X7Y14          CARRY4 (Prop_carry4_CI_CO[3])
                                                      0.114    11.755 r  cpu_inst/dot4acc_pipeline_inst/led_OBUF[12]_inst_i_6/CO[3]
                         net (fo=1, routed)           0.000    11.755    cpu_inst/dot4acc_pipeline_inst/led_OBUF[12]_inst_i_6_n_0
    SLICE_X7Y15                                                       r  cpu_inst/dot4acc_pipeline_inst/led_OBUF[12]_inst_i_3/CI
    SLICE_X7Y15          CARRY4 (Prop_carry4_CI_CO[2])
                                                      0.228    11.983 r  cpu_inst/dot4acc_pipeline_inst/led_OBUF[12]_inst_i_3/CO[2]
                         net (fo=18, routed)          0.520    12.503    cpu_inst/dot4acc_pipeline_inst/ex_branch_taken073_in
    SLICE_X3Y16                                                       r  cpu_inst/dot4acc_pipeline_inst/product2_reg_reg_i_19/I2
    SLICE_X3Y16          LUT4 (Prop_lut4_I2_O)        0.313    12.816 r  cpu_inst/dot4acc_pipeline_inst/product2_reg_reg_i_19/O
                         net (fo=38, routed)          0.522    13.338    cpu_inst/dot4acc_pipeline_inst/product2_reg_reg_i_19_n_0
    SLICE_X3Y20                                                       r  cpu_inst/dot4acc_pipeline_inst/led_OBUF[12]_inst_i_2/I1
    SLICE_X3Y20          LUT6 (Prop_lut6_I1_O)        0.124    13.462 f  cpu_inst/dot4acc_pipeline_inst/led_OBUF[12]_inst_i_2/O
                         net (fo=3, routed)           0.310    13.772    cpu_inst/dot4acc_pipeline_inst/led_OBUF[12]_inst_i_2_n_0
    SLICE_X7Y20                                                       f  cpu_inst/dot4acc_pipeline_inst/fetch_pending_pc[31]_i_3/I4
    SLICE_X7Y20          LUT5 (Prop_lut5_I4_O)        0.124    13.896 r  cpu_inst/dot4acc_pipeline_inst/fetch_pending_pc[31]_i_3/O
                         net (fo=1, routed)           0.305    14.201    cpu_inst/dot4acc_pipeline_inst/fetch_pending_pc[31]_i_3_n_0
    SLICE_X6Y22                                                       r  cpu_inst/dot4acc_pipeline_inst/fetch_pending_pc[31]_i_1/I2
    SLICE_X6Y22          LUT4 (Prop_lut4_I2_O)        0.124    14.325 r  cpu_inst/dot4acc_pipeline_inst/fetch_pending_pc[31]_i_1/O
                         net (fo=62, routed)          0.860    15.184    cpu_inst/dot4acc_pipeline_inst_n_46
    SLICE_X7Y26          FDRE                                         r  cpu_inst/fetch_pending_pc_reg[16]/CE
  -------------------------------------------------------------------    -------------------

                         (clock sys_clk_pin rise edge)
                                                     10.101    10.101 r  <hidden>
    W5                                                0.000    10.101 r  clk
                         net (fo=0)                   0.000    10.101    clk
    W5                                                                r  clk_IBUF_inst/I
    W5                   IBUF (Prop_ibuf_I_O)         1.388    11.489 r  clk_IBUF_inst/O
                         net (fo=1, routed)           1.862    13.351    clk_IBUF
    BUFGCTRL_X0Y0                                                     r  clk_IBUF_BUFG_inst/I
    BUFGCTRL_X0Y0        BUFG (Prop_bufg_I_O)         0.091    13.442 r  clk_IBUF_BUFG_inst/O
                         net (fo=1713, routed)        1.502    14.944    cpu_inst/clk_IBUF_BUFG
    SLICE_X7Y26          FDRE                                         r  cpu_inst/fetch_pending_pc_reg[16]/C
                         clock pessimism              0.260    15.204    <hidden>
                         clock uncertainty           -0.035    15.169    <hidden>
    SLICE_X7Y26          FDRE (Setup_fdre_C_CE)      -0.205    14.964    cpu_inst/fetch_pending_pc_reg[16]
  -------------------------------------------------------------------
                         required time                         14.964    <hidden>
                         arrival time                         -15.184    <hidden>
  -------------------------------------------------------------------
                         slack                                 -0.221    <hidden>

Slack (VIOLATED) :        -0.221ns  (required time - arrival time)
  Source:                 cpu_inst/id_ex_reg_reg[rs2][2]/C
                            (rising edge-triggered cell FDRE clocked by sys_clk_pin  {rise@0.000ns fall@5.051ns period=10.101ns})
  Destination:            cpu_inst/fetch_pending_pc_reg[17]/CE
                            (rising edge-triggered cell FDRE clocked by sys_clk_pin  {rise@0.000ns fall@5.051ns period=10.101ns})
  Path Group:             sys_clk_pin
  Path Type:              Setup (Max at Slow Process Corner)
  Requirement:            10.101ns  (sys_clk_pin rise@10.101ns - sys_clk_pin rise@0.000ns)
  Data Path Delay:        10.034ns  (logic 2.563ns (25.543%)  route 7.471ns (74.457%))
  Logic Levels:           12  (CARRY4=3 LUT4=2 LUT5=4 LUT6=3)
  Clock Path Skew:        -0.047ns (DCD - SCD + CPR)
    Destination Clock Delay (DCD):    4.843ns = ( 14.944 - 10.101 ) 
    Source Clock Delay      (SCD):    5.150ns
    Clock Pessimism Removal (CPR):    0.260ns
  Clock Uncertainty:      0.035ns  ((TSJ^2 + TIJ^2)^1/2 + DJ) / 2 + PE
    Total System Jitter     (TSJ):    0.071ns
    Total Input Jitter      (TIJ):    0.000ns
    Discrete Jitter          (DJ):    0.000ns
    Phase Error              (PE):    0.000ns

    Location             Delay type                Incr(ns)  Path(ns)    Netlist Resource(s)
  -------------------------------------------------------------------    -------------------
                         (clock sys_clk_pin rise edge)
                                                      0.000     0.000 r  <hidden>
    W5                                                0.000     0.000 r  clk
                         net (fo=0)                   0.000     0.000    clk
    W5                                                                r  clk_IBUF_inst/I
    W5                   IBUF (Prop_ibuf_I_O)         1.458     1.458 r  clk_IBUF_inst/O
                         net (fo=1, routed)           1.967     3.425    clk_IBUF
    BUFGCTRL_X0Y0                                                     r  clk_IBUF_BUFG_inst/I
    BUFGCTRL_X0Y0        BUFG (Prop_bufg_I_O)         0.096     3.521 r  clk_IBUF_BUFG_inst/O
                         net (fo=1713, routed)        1.629     5.150    cpu_inst/clk_IBUF_BUFG
    SLICE_X2Y17          FDRE                                         r  cpu_inst/id_ex_reg_reg[rs2][2]/C
  -------------------------------------------------------------------    -------------------
    SLICE_X2Y17          FDRE (Prop_fdre_C_Q)         0.518     5.668 r  cpu_inst/id_ex_reg_reg[rs2][2]/Q
                         net (fo=7, routed)           0.986     6.654    cpu_inst/dot4acc_pipeline_inst/id_ex_reg_reg[rs2][2]
    SLICE_X3Y14                                                       r  cpu_inst/dot4acc_pipeline_inst/product2_reg_reg_i_82/I2
    SLICE_X3Y14          LUT6 (Prop_lut6_I2_O)        0.124     6.778 r  cpu_inst/dot4acc_pipeline_inst/product2_reg_reg_i_82/O
                         net (fo=1, routed)           0.827     7.605    cpu_inst/dot4acc_pipeline_inst/product2_reg_reg_i_82_n_0
    SLICE_X7Y11                                                       r  cpu_inst/dot4acc_pipeline_inst/product2_reg_reg_i_59/I4
    SLICE_X7Y11          LUT5 (Prop_lut5_I4_O)        0.124     7.729 r  cpu_inst/dot4acc_pipeline_inst/product2_reg_reg_i_59/O
                         net (fo=32, routed)          1.182     8.912    cpu_inst/data_mem_inst/product0_reg_reg_1
    SLICE_X8Y20                                                       r  cpu_inst/data_mem_inst/product0_reg_reg_i_18/I1
    SLICE_X8Y20          LUT5 (Prop_lut5_I1_O)        0.124     9.036 r  cpu_inst/data_mem_inst/product0_reg_reg_i_18/O
                         net (fo=1, routed)           0.656     9.692    cpu_inst/dot4acc_pipeline_inst/product0_reg_reg_15
    SLICE_X9Y20                                                       r  cpu_inst/dot4acc_pipeline_inst/product0_reg_reg_i_1/I3
    SLICE_X9Y20          LUT5 (Prop_lut5_I3_O)        0.124     9.816 r  cpu_inst/dot4acc_pipeline_inst/product0_reg_reg_i_1/O
                         net (fo=28, routed)          1.303    11.119    cpu_inst/dot4acc_pipeline_inst/packed_b[6]
    SLICE_X7Y13                                                       r  cpu_inst/dot4acc_pipeline_inst/led_OBUF[12]_inst_i_16/I2
    SLICE_X7Y13          LUT6 (Prop_lut6_I2_O)        0.124    11.243 r  cpu_inst/dot4acc_pipeline_inst/led_OBUF[12]_inst_i_16/O
                         net (fo=1, routed)           0.000    11.243    cpu_inst/dot4acc_pipeline_inst/led_OBUF[12]_inst_i_16_n_0
    SLICE_X7Y13                                                       r  cpu_inst/dot4acc_pipeline_inst/led_OBUF[12]_inst_i_10/S[2]
    SLICE_X7Y13          CARRY4 (Prop_carry4_S[2]_CO[3])
                                                      0.398    11.641 r  cpu_inst/dot4acc_pipeline_inst/led_OBUF[12]_inst_i_10/CO[3]
                         net (fo=1, routed)           0.000    11.641    cpu_inst/dot4acc_pipeline_inst/led_OBUF[12]_inst_i_10_n_0
    SLICE_X7Y14                                                       r  cpu_inst/dot4acc_pipeline_inst/led_OBUF[12]_inst_i_6/CI
    SLICE_X7Y14          CARRY4 (Prop_carry4_CI_CO[3])
                                                      0.114    11.755 r  cpu_inst/dot4acc_pipeline_inst/led_OBUF[12]_inst_i_6/CO[3]
                         net (fo=1, routed)           0.000    11.755    cpu_inst/dot4acc_pipeline_inst/led_OBUF[12]_inst_i_6_n_0
    SLICE_X7Y15                                                       r  cpu_inst/dot4acc_pipeline_inst/led_OBUF[12]_inst_i_3/CI
    SLICE_X7Y15          CARRY4 (Prop_carry4_CI_CO[2])
                                                      0.228    11.983 r  cpu_inst/dot4acc_pipeline_inst/led_OBUF[12]_inst_i_3/CO[2]
                         net (fo=18, routed)          0.520    12.503    cpu_inst/dot4acc_pipeline_inst/ex_branch_taken073_in
    SLICE_X3Y16                                                       r  cpu_inst/dot4acc_pipeline_inst/product2_reg_reg_i_19/I2
    SLICE_X3Y16          LUT4 (Prop_lut4_I2_O)        0.313    12.816 r  cpu_inst/dot4acc_pipeline_inst/product2_reg_reg_i_19/O
                         net (fo=38, routed)          0.522    13.338    cpu_inst/dot4acc_pipeline_inst/product2_reg_reg_i_19_n_0
    SLICE_X3Y20                                                       r  cpu_inst/dot4acc_pipeline_inst/led_OBUF[12]_inst_i_2/I1
    SLICE_X3Y20          LUT6 (Prop_lut6_I1_O)        0.124    13.462 f  cpu_inst/dot4acc_pipeline_inst/led_OBUF[12]_inst_i_2/O
                         net (fo=3, routed)           0.310    13.772    cpu_inst/dot4acc_pipeline_inst/led_OBUF[12]_inst_i_2_n_0
    SLICE_X7Y20                                                       f  cpu_inst/dot4acc_pipeline_inst/fetch_pending_pc[31]_i_3/I4
    SLICE_X7Y20          LUT5 (Prop_lut5_I4_O)        0.124    13.896 r  cpu_inst/dot4acc_pipeline_inst/fetch_pending_pc[31]_i_3/O
                         net (fo=1, routed)           0.305    14.201    cpu_inst/dot4acc_pipeline_inst/fetch_pending_pc[31]_i_3_n_0
    SLICE_X6Y22                                                       r  cpu_inst/dot4acc_pipeline_inst/fetch_pending_pc[31]_i_1/I2
    SLICE_X6Y22          LUT4 (Prop_lut4_I2_O)        0.124    14.325 r  cpu_inst/dot4acc_pipeline_inst/fetch_pending_pc[31]_i_1/O
                         net (fo=62, routed)          0.860    15.184    cpu_inst/dot4acc_pipeline_inst_n_46
    SLICE_X7Y26          FDRE                                         r  cpu_inst/fetch_pending_pc_reg[17]/CE
  -------------------------------------------------------------------    -------------------

                         (clock sys_clk_pin rise edge)
                                                     10.101    10.101 r  <hidden>
    W5                                                0.000    10.101 r  clk
                         net (fo=0)                   0.000    10.101    clk
    W5                                                                r  clk_IBUF_inst/I
    W5                   IBUF (Prop_ibuf_I_O)         1.388    11.489 r  clk_IBUF_inst/O
                         net (fo=1, routed)           1.862    13.351    clk_IBUF
    BUFGCTRL_X0Y0                                                     r  clk_IBUF_BUFG_inst/I
    BUFGCTRL_X0Y0        BUFG (Prop_bufg_I_O)         0.091    13.442 r  clk_IBUF_BUFG_inst/O
                         net (fo=1713, routed)        1.502    14.944    cpu_inst/clk_IBUF_BUFG
    SLICE_X7Y26          FDRE                                         r  cpu_inst/fetch_pending_pc_reg[17]/C
                         clock pessimism              0.260    15.204    <hidden>
                         clock uncertainty           -0.035    15.169    <hidden>
    SLICE_X7Y26          FDRE (Setup_fdre_C_CE)      -0.205    14.964    cpu_inst/fetch_pending_pc_reg[17]
  -------------------------------------------------------------------
                         required time                         14.964    <hidden>
                         arrival time                         -15.184    <hidden>
  -------------------------------------------------------------------
                         slack                                 -0.221    <hidden>

Slack (VIOLATED) :        -0.221ns  (required time - arrival time)
  Source:                 cpu_inst/id_ex_reg_reg[rs2][2]/C
                            (rising edge-triggered cell FDRE clocked by sys_clk_pin  {rise@0.000ns fall@5.051ns period=10.101ns})
  Destination:            cpu_inst/fetch_pending_pc_reg[20]/CE
                            (rising edge-triggered cell FDRE clocked by sys_clk_pin  {rise@0.000ns fall@5.051ns period=10.101ns})
  Path Group:             sys_clk_pin
  Path Type:              Setup (Max at Slow Process Corner)
  Requirement:            10.101ns  (sys_clk_pin rise@10.101ns - sys_clk_pin rise@0.000ns)
  Data Path Delay:        10.034ns  (logic 2.563ns (25.543%)  route 7.471ns (74.457%))
  Logic Levels:           12  (CARRY4=3 LUT4=2 LUT5=4 LUT6=3)
  Clock Path Skew:        -0.047ns (DCD - SCD + CPR)
    Destination Clock Delay (DCD):    4.843ns = ( 14.944 - 10.101 ) 
    Source Clock Delay      (SCD):    5.150ns
    Clock Pessimism Removal (CPR):    0.260ns
  Clock Uncertainty:      0.035ns  ((TSJ^2 + TIJ^2)^1/2 + DJ) / 2 + PE
    Total System Jitter     (TSJ):    0.071ns
    Total Input Jitter      (TIJ):    0.000ns
    Discrete Jitter          (DJ):    0.000ns
    Phase Error              (PE):    0.000ns

    Location             Delay type                Incr(ns)  Path(ns)    Netlist Resource(s)
  -------------------------------------------------------------------    -------------------
                         (clock sys_clk_pin rise edge)
                                                      0.000     0.000 r  <hidden>
    W5                                                0.000     0.000 r  clk
                         net (fo=0)                   0.000     0.000    clk
    W5                                                                r  clk_IBUF_inst/I
    W5                   IBUF (Prop_ibuf_I_O)         1.458     1.458 r  clk_IBUF_inst/O
                         net (fo=1, routed)           1.967     3.425    clk_IBUF
    BUFGCTRL_X0Y0                                                     r  clk_IBUF_BUFG_inst/I
    BUFGCTRL_X0Y0        BUFG (Prop_bufg_I_O)         0.096     3.521 r  clk_IBUF_BUFG_inst/O
                         net (fo=1713, routed)        1.629     5.150    cpu_inst/clk_IBUF_BUFG
    SLICE_X2Y17          FDRE                                         r  cpu_inst/id_ex_reg_reg[rs2][2]/C
  -------------------------------------------------------------------    -------------------
    SLICE_X2Y17          FDRE (Prop_fdre_C_Q)         0.518     5.668 r  cpu_inst/id_ex_reg_reg[rs2][2]/Q
                         net (fo=7, routed)           0.986     6.654    cpu_inst/dot4acc_pipeline_inst/id_ex_reg_reg[rs2][2]
    SLICE_X3Y14                                                       r  cpu_inst/dot4acc_pipeline_inst/product2_reg_reg_i_82/I2
    SLICE_X3Y14          LUT6 (Prop_lut6_I2_O)        0.124     6.778 r  cpu_inst/dot4acc_pipeline_inst/product2_reg_reg_i_82/O
                         net (fo=1, routed)           0.827     7.605    cpu_inst/dot4acc_pipeline_inst/product2_reg_reg_i_82_n_0
    SLICE_X7Y11                                                       r  cpu_inst/dot4acc_pipeline_inst/product2_reg_reg_i_59/I4
    SLICE_X7Y11          LUT5 (Prop_lut5_I4_O)        0.124     7.729 r  cpu_inst/dot4acc_pipeline_inst/product2_reg_reg_i_59/O
                         net (fo=32, routed)          1.182     8.912    cpu_inst/data_mem_inst/product0_reg_reg_1
    SLICE_X8Y20                                                       r  cpu_inst/data_mem_inst/product0_reg_reg_i_18/I1
    SLICE_X8Y20          LUT5 (Prop_lut5_I1_O)        0.124     9.036 r  cpu_inst/data_mem_inst/product0_reg_reg_i_18/O
                         net (fo=1, routed)           0.656     9.692    cpu_inst/dot4acc_pipeline_inst/product0_reg_reg_15
    SLICE_X9Y20                                                       r  cpu_inst/dot4acc_pipeline_inst/product0_reg_reg_i_1/I3
    SLICE_X9Y20          LUT5 (Prop_lut5_I3_O)        0.124     9.816 r  cpu_inst/dot4acc_pipeline_inst/product0_reg_reg_i_1/O
                         net (fo=28, routed)          1.303    11.119    cpu_inst/dot4acc_pipeline_inst/packed_b[6]
    SLICE_X7Y13                                                       r  cpu_inst/dot4acc_pipeline_inst/led_OBUF[12]_inst_i_16/I2
    SLICE_X7Y13          LUT6 (Prop_lut6_I2_O)        0.124    11.243 r  cpu_inst/dot4acc_pipeline_inst/led_OBUF[12]_inst_i_16/O
                         net (fo=1, routed)           0.000    11.243    cpu_inst/dot4acc_pipeline_inst/led_OBUF[12]_inst_i_16_n_0
    SLICE_X7Y13                                                       r  cpu_inst/dot4acc_pipeline_inst/led_OBUF[12]_inst_i_10/S[2]
    SLICE_X7Y13          CARRY4 (Prop_carry4_S[2]_CO[3])
                                                      0.398    11.641 r  cpu_inst/dot4acc_pipeline_inst/led_OBUF[12]_inst_i_10/CO[3]
                         net (fo=1, routed)           0.000    11.641    cpu_inst/dot4acc_pipeline_inst/led_OBUF[12]_inst_i_10_n_0
    SLICE_X7Y14                                                       r  cpu_inst/dot4acc_pipeline_inst/led_OBUF[12]_inst_i_6/CI
    SLICE_X7Y14          CARRY4 (Prop_carry4_CI_CO[3])
                                                      0.114    11.755 r  cpu_inst/dot4acc_pipeline_inst/led_OBUF[12]_inst_i_6/CO[3]
                         net (fo=1, routed)           0.000    11.755    cpu_inst/dot4acc_pipeline_inst/led_OBUF[12]_inst_i_6_n_0
    SLICE_X7Y15                                                       r  cpu_inst/dot4acc_pipeline_inst/led_OBUF[12]_inst_i_3/CI
    SLICE_X7Y15          CARRY4 (Prop_carry4_CI_CO[2])
                                                      0.228    11.983 r  cpu_inst/dot4acc_pipeline_inst/led_OBUF[12]_inst_i_3/CO[2]
                         net (fo=18, routed)          0.520    12.503    cpu_inst/dot4acc_pipeline_inst/ex_branch_taken073_in
    SLICE_X3Y16                                                       r  cpu_inst/dot4acc_pipeline_inst/product2_reg_reg_i_19/I2
    SLICE_X3Y16          LUT4 (Prop_lut4_I2_O)        0.313    12.816 r  cpu_inst/dot4acc_pipeline_inst/product2_reg_reg_i_19/O
                         net (fo=38, routed)          0.522    13.338    cpu_inst/dot4acc_pipeline_inst/product2_reg_reg_i_19_n_0
    SLICE_X3Y20                                                       r  cpu_inst/dot4acc_pipeline_inst/led_OBUF[12]_inst_i_2/I1
    SLICE_X3Y20          LUT6 (Prop_lut6_I1_O)        0.124    13.462 f  cpu_inst/dot4acc_pipeline_inst/led_OBUF[12]_inst_i_2/O
                         net (fo=3, routed)           0.310    13.772    cpu_inst/dot4acc_pipeline_inst/led_OBUF[12]_inst_i_2_n_0
    SLICE_X7Y20                                                       f  cpu_inst/dot4acc_pipeline_inst/fetch_pending_pc[31]_i_3/I4
    SLICE_X7Y20          LUT5 (Prop_lut5_I4_O)        0.124    13.896 r  cpu_inst/dot4acc_pipeline_inst/fetch_pending_pc[31]_i_3/O
                         net (fo=1, routed)           0.305    14.201    cpu_inst/dot4acc_pipeline_inst/fetch_pending_pc[31]_i_3_n_0
    SLICE_X6Y22                                                       r  cpu_inst/dot4acc_pipeline_inst/fetch_pending_pc[31]_i_1/I2
    SLICE_X6Y22          LUT4 (Prop_lut4_I2_O)        0.124    14.325 r  cpu_inst/dot4acc_pipeline_inst/fetch_pending_pc[31]_i_1/O
                         net (fo=62, routed)          0.860    15.184    cpu_inst/dot4acc_pipeline_inst_n_46
    SLICE_X7Y26          FDRE                                         r  cpu_inst/fetch_pending_pc_reg[20]/CE
  -------------------------------------------------------------------    -------------------

                         (clock sys_clk_pin rise edge)
                                                     10.101    10.101 r  <hidden>
    W5                                                0.000    10.101 r  clk
                         net (fo=0)                   0.000    10.101    clk
    W5                                                                r  clk_IBUF_inst/I
    W5                   IBUF (Prop_ibuf_I_O)         1.388    11.489 r  clk_IBUF_inst/O
                         net (fo=1, routed)           1.862    13.351    clk_IBUF
    BUFGCTRL_X0Y0                                                     r  clk_IBUF_BUFG_inst/I
    BUFGCTRL_X0Y0        BUFG (Prop_bufg_I_O)         0.091    13.442 r  clk_IBUF_BUFG_inst/O
                         net (fo=1713, routed)        1.502    14.944    cpu_inst/clk_IBUF_BUFG
    SLICE_X7Y26          FDRE                                         r  cpu_inst/fetch_pending_pc_reg[20]/C
                         clock pessimism              0.260    15.204    <hidden>
                         clock uncertainty           -0.035    15.169    <hidden>
    SLICE_X7Y26          FDRE (Setup_fdre_C_CE)      -0.205    14.964    cpu_inst/fetch_pending_pc_reg[20]
  -------------------------------------------------------------------
                         required time                         14.964    <hidden>
                         arrival time                         -15.184    <hidden>
  -------------------------------------------------------------------
                         slack                                 -0.221    <hidden>

Slack (VIOLATED) :        -0.221ns  (required time - arrival time)
  Source:                 cpu_inst/id_ex_reg_reg[rs2][2]/C
                            (rising edge-triggered cell FDRE clocked by sys_clk_pin  {rise@0.000ns fall@5.051ns period=10.101ns})
  Destination:            cpu_inst/fetch_pending_pc_reg[21]/CE
                            (rising edge-triggered cell FDRE clocked by sys_clk_pin  {rise@0.000ns fall@5.051ns period=10.101ns})
  Path Group:             sys_clk_pin
  Path Type:              Setup (Max at Slow Process Corner)
  Requirement:            10.101ns  (sys_clk_pin rise@10.101ns - sys_clk_pin rise@0.000ns)
  Data Path Delay:        10.034ns  (logic 2.563ns (25.543%)  route 7.471ns (74.457%))
  Logic Levels:           12  (CARRY4=3 LUT4=2 LUT5=4 LUT6=3)
  Clock Path Skew:        -0.047ns (DCD - SCD + CPR)
    Destination Clock Delay (DCD):    4.843ns = ( 14.944 - 10.101 ) 
    Source Clock Delay      (SCD):    5.150ns
    Clock Pessimism Removal (CPR):    0.260ns
  Clock Uncertainty:      0.035ns  ((TSJ^2 + TIJ^2)^1/2 + DJ) / 2 + PE
    Total System Jitter     (TSJ):    0.071ns
    Total Input Jitter      (TIJ):    0.000ns
    Discrete Jitter          (DJ):    0.000ns
    Phase Error              (PE):    0.000ns

    Location             Delay type                Incr(ns)  Path(ns)    Netlist Resource(s)
  -------------------------------------------------------------------    -------------------
                         (clock sys_clk_pin rise edge)
                                                      0.000     0.000 r  <hidden>
    W5                                                0.000     0.000 r  clk
                         net (fo=0)                   0.000     0.000    clk
    W5                                                                r  clk_IBUF_inst/I
    W5                   IBUF (Prop_ibuf_I_O)         1.458     1.458 r  clk_IBUF_inst/O
                         net (fo=1, routed)           1.967     3.425    clk_IBUF
    BUFGCTRL_X0Y0                                                     r  clk_IBUF_BUFG_inst/I
    BUFGCTRL_X0Y0        BUFG (Prop_bufg_I_O)         0.096     3.521 r  clk_IBUF_BUFG_inst/O
                         net (fo=1713, routed)        1.629     5.150    cpu_inst/clk_IBUF_BUFG
    SLICE_X2Y17          FDRE                                         r  cpu_inst/id_ex_reg_reg[rs2][2]/C
  -------------------------------------------------------------------    -------------------
    SLICE_X2Y17          FDRE (Prop_fdre_C_Q)         0.518     5.668 r  cpu_inst/id_ex_reg_reg[rs2][2]/Q
                         net (fo=7, routed)           0.986     6.654    cpu_inst/dot4acc_pipeline_inst/id_ex_reg_reg[rs2][2]
    SLICE_X3Y14                                                       r  cpu_inst/dot4acc_pipeline_inst/product2_reg_reg_i_82/I2
    SLICE_X3Y14          LUT6 (Prop_lut6_I2_O)        0.124     6.778 r  cpu_inst/dot4acc_pipeline_inst/product2_reg_reg_i_82/O
                         net (fo=1, routed)           0.827     7.605    cpu_inst/dot4acc_pipeline_inst/product2_reg_reg_i_82_n_0
    SLICE_X7Y11                                                       r  cpu_inst/dot4acc_pipeline_inst/product2_reg_reg_i_59/I4
    SLICE_X7Y11          LUT5 (Prop_lut5_I4_O)        0.124     7.729 r  cpu_inst/dot4acc_pipeline_inst/product2_reg_reg_i_59/O
                         net (fo=32, routed)          1.182     8.912    cpu_inst/data_mem_inst/product0_reg_reg_1
    SLICE_X8Y20                                                       r  cpu_inst/data_mem_inst/product0_reg_reg_i_18/I1
    SLICE_X8Y20          LUT5 (Prop_lut5_I1_O)        0.124     9.036 r  cpu_inst/data_mem_inst/product0_reg_reg_i_18/O
                         net (fo=1, routed)           0.656     9.692    cpu_inst/dot4acc_pipeline_inst/product0_reg_reg_15
    SLICE_X9Y20                                                       r  cpu_inst/dot4acc_pipeline_inst/product0_reg_reg_i_1/I3
    SLICE_X9Y20          LUT5 (Prop_lut5_I3_O)        0.124     9.816 r  cpu_inst/dot4acc_pipeline_inst/product0_reg_reg_i_1/O
                         net (fo=28, routed)          1.303    11.119    cpu_inst/dot4acc_pipeline_inst/packed_b[6]
    SLICE_X7Y13                                                       r  cpu_inst/dot4acc_pipeline_inst/led_OBUF[12]_inst_i_16/I2
    SLICE_X7Y13          LUT6 (Prop_lut6_I2_O)        0.124    11.243 r  cpu_inst/dot4acc_pipeline_inst/led_OBUF[12]_inst_i_16/O
                         net (fo=1, routed)           0.000    11.243    cpu_inst/dot4acc_pipeline_inst/led_OBUF[12]_inst_i_16_n_0
    SLICE_X7Y13                                                       r  cpu_inst/dot4acc_pipeline_inst/led_OBUF[12]_inst_i_10/S[2]
    SLICE_X7Y13          CARRY4 (Prop_carry4_S[2]_CO[3])
                                                      0.398    11.641 r  cpu_inst/dot4acc_pipeline_inst/led_OBUF[12]_inst_i_10/CO[3]
                         net (fo=1, routed)           0.000    11.641    cpu_inst/dot4acc_pipeline_inst/led_OBUF[12]_inst_i_10_n_0
    SLICE_X7Y14                                                       r  cpu_inst/dot4acc_pipeline_inst/led_OBUF[12]_inst_i_6/CI
    SLICE_X7Y14          CARRY4 (Prop_carry4_CI_CO[3])
                                                      0.114    11.755 r  cpu_inst/dot4acc_pipeline_inst/led_OBUF[12]_inst_i_6/CO[3]
                         net (fo=1, routed)           0.000    11.755    cpu_inst/dot4acc_pipeline_inst/led_OBUF[12]_inst_i_6_n_0
    SLICE_X7Y15                                                       r  cpu_inst/dot4acc_pipeline_inst/led_OBUF[12]_inst_i_3/CI
    SLICE_X7Y15          CARRY4 (Prop_carry4_CI_CO[2])
                                                      0.228    11.983 r  cpu_inst/dot4acc_pipeline_inst/led_OBUF[12]_inst_i_3/CO[2]
                         net (fo=18, routed)          0.520    12.503    cpu_inst/dot4acc_pipeline_inst/ex_branch_taken073_in
    SLICE_X3Y16                                                       r  cpu_inst/dot4acc_pipeline_inst/product2_reg_reg_i_19/I2
    SLICE_X3Y16          LUT4 (Prop_lut4_I2_O)        0.313    12.816 r  cpu_inst/dot4acc_pipeline_inst/product2_reg_reg_i_19/O
                         net (fo=38, routed)          0.522    13.338    cpu_inst/dot4acc_pipeline_inst/product2_reg_reg_i_19_n_0
    SLICE_X3Y20                                                       r  cpu_inst/dot4acc_pipeline_inst/led_OBUF[12]_inst_i_2/I1
    SLICE_X3Y20          LUT6 (Prop_lut6_I1_O)        0.124    13.462 f  cpu_inst/dot4acc_pipeline_inst/led_OBUF[12]_inst_i_2/O
                         net (fo=3, routed)           0.310    13.772    cpu_inst/dot4acc_pipeline_inst/led_OBUF[12]_inst_i_2_n_0
    SLICE_X7Y20                                                       f  cpu_inst/dot4acc_pipeline_inst/fetch_pending_pc[31]_i_3/I4
    SLICE_X7Y20          LUT5 (Prop_lut5_I4_O)        0.124    13.896 r  cpu_inst/dot4acc_pipeline_inst/fetch_pending_pc[31]_i_3/O
                         net (fo=1, routed)           0.305    14.201    cpu_inst/dot4acc_pipeline_inst/fetch_pending_pc[31]_i_3_n_0
    SLICE_X6Y22                                                       r  cpu_inst/dot4acc_pipeline_inst/fetch_pending_pc[31]_i_1/I2
    SLICE_X6Y22          LUT4 (Prop_lut4_I2_O)        0.124    14.325 r  cpu_inst/dot4acc_pipeline_inst/fetch_pending_pc[31]_i_1/O
                         net (fo=62, routed)          0.860    15.184    cpu_inst/dot4acc_pipeline_inst_n_46
    SLICE_X7Y26          FDRE                                         r  cpu_inst/fetch_pending_pc_reg[21]/CE
  -------------------------------------------------------------------    -------------------

                         (clock sys_clk_pin rise edge)
                                                     10.101    10.101 r  <hidden>
    W5                                                0.000    10.101 r  clk
                         net (fo=0)                   0.000    10.101    clk
    W5                                                                r  clk_IBUF_inst/I
    W5                   IBUF (Prop_ibuf_I_O)         1.388    11.489 r  clk_IBUF_inst/O
                         net (fo=1, routed)           1.862    13.351    clk_IBUF
    BUFGCTRL_X0Y0                                                     r  clk_IBUF_BUFG_inst/I
    BUFGCTRL_X0Y0        BUFG (Prop_bufg_I_O)         0.091    13.442 r  clk_IBUF_BUFG_inst/O
                         net (fo=1713, routed)        1.502    14.944    cpu_inst/clk_IBUF_BUFG
    SLICE_X7Y26          FDRE                                         r  cpu_inst/fetch_pending_pc_reg[21]/C
                         clock pessimism              0.260    15.204    <hidden>
                         clock uncertainty           -0.035    15.169    <hidden>
    SLICE_X7Y26          FDRE (Setup_fdre_C_CE)      -0.205    14.964    cpu_inst/fetch_pending_pc_reg[21]
  -------------------------------------------------------------------
                         required time                         14.964    <hidden>
                         arrival time                         -15.184    <hidden>
  -------------------------------------------------------------------
                         slack                                 -0.221    <hidden>

Slack (VIOLATED) :        -0.203ns  (required time - arrival time)
  Source:                 cpu_inst/id_ex_reg_reg[rs2][2]/C
                            (rising edge-triggered cell FDRE clocked by sys_clk_pin  {rise@0.000ns fall@5.051ns period=10.101ns})
  Destination:            cpu_inst/dot_issue_reg_reg[accumulator][11]/R
                            (rising edge-triggered cell FDRE clocked by sys_clk_pin  {rise@0.000ns fall@5.051ns period=10.101ns})
  Path Group:             sys_clk_pin
  Path Type:              Setup (Max at Slow Process Corner)
  Requirement:            10.101ns  (sys_clk_pin rise@10.101ns - sys_clk_pin rise@0.000ns)
  Data Path Delay:        9.634ns  (logic 2.439ns (25.317%)  route 7.195ns (74.683%))
  Logic Levels:           11  (CARRY4=3 LUT4=1 LUT5=4 LUT6=3)
  Clock Path Skew:        -0.111ns (DCD - SCD + CPR)
    Destination Clock Delay (DCD):    4.779ns = ( 14.880 - 10.101 ) 
    Source Clock Delay      (SCD):    5.150ns
    Clock Pessimism Removal (CPR):    0.260ns
  Clock Uncertainty:      0.035ns  ((TSJ^2 + TIJ^2)^1/2 + DJ) / 2 + PE
    Total System Jitter     (TSJ):    0.071ns
    Total Input Jitter      (TIJ):    0.000ns
    Discrete Jitter          (DJ):    0.000ns
    Phase Error              (PE):    0.000ns

    Location             Delay type                Incr(ns)  Path(ns)    Netlist Resource(s)
  -------------------------------------------------------------------    -------------------
                         (clock sys_clk_pin rise edge)
                                                      0.000     0.000 r  <hidden>
    W5                                                0.000     0.000 r  clk
                         net (fo=0)                   0.000     0.000    clk
    W5                                                                r  clk_IBUF_inst/I
    W5                   IBUF (Prop_ibuf_I_O)         1.458     1.458 r  clk_IBUF_inst/O
                         net (fo=1, routed)           1.967     3.425    clk_IBUF
    BUFGCTRL_X0Y0                                                     r  clk_IBUF_BUFG_inst/I
    BUFGCTRL_X0Y0        BUFG (Prop_bufg_I_O)         0.096     3.521 r  clk_IBUF_BUFG_inst/O
                         net (fo=1713, routed)        1.629     5.150    cpu_inst/clk_IBUF_BUFG
    SLICE_X2Y17          FDRE                                         r  cpu_inst/id_ex_reg_reg[rs2][2]/C
  -------------------------------------------------------------------    -------------------
    SLICE_X2Y17          FDRE (Prop_fdre_C_Q)         0.518     5.668 r  cpu_inst/id_ex_reg_reg[rs2][2]/Q
                         net (fo=7, routed)           0.986     6.654    cpu_inst/dot4acc_pipeline_inst/id_ex_reg_reg[rs2][2]
    SLICE_X3Y14                                                       r  cpu_inst/dot4acc_pipeline_inst/product2_reg_reg_i_82/I2
    SLICE_X3Y14          LUT6 (Prop_lut6_I2_O)        0.124     6.778 r  cpu_inst/dot4acc_pipeline_inst/product2_reg_reg_i_82/O
                         net (fo=1, routed)           0.827     7.605    cpu_inst/dot4acc_pipeline_inst/product2_reg_reg_i_82_n_0
    SLICE_X7Y11                                                       r  cpu_inst/dot4acc_pipeline_inst/product2_reg_reg_i_59/I4
    SLICE_X7Y11          LUT5 (Prop_lut5_I4_O)        0.124     7.729 r  cpu_inst/dot4acc_pipeline_inst/product2_reg_reg_i_59/O
                         net (fo=32, routed)          1.182     8.912    cpu_inst/data_mem_inst/product0_reg_reg_1
    SLICE_X8Y20                                                       r  cpu_inst/data_mem_inst/product0_reg_reg_i_18/I1
    SLICE_X8Y20          LUT5 (Prop_lut5_I1_O)        0.124     9.036 r  cpu_inst/data_mem_inst/product0_reg_reg_i_18/O
                         net (fo=1, routed)           0.656     9.692    cpu_inst/dot4acc_pipeline_inst/product0_reg_reg_15
    SLICE_X9Y20                                                       r  cpu_inst/dot4acc_pipeline_inst/product0_reg_reg_i_1/I3
    SLICE_X9Y20          LUT5 (Prop_lut5_I3_O)        0.124     9.816 r  cpu_inst/dot4acc_pipeline_inst/product0_reg_reg_i_1/O
                         net (fo=28, routed)          1.303    11.119    cpu_inst/dot4acc_pipeline_inst/packed_b[6]
    SLICE_X7Y13                                                       r  cpu_inst/dot4acc_pipeline_inst/led_OBUF[12]_inst_i_16/I2
    SLICE_X7Y13          LUT6 (Prop_lut6_I2_O)        0.124    11.243 r  cpu_inst/dot4acc_pipeline_inst/led_OBUF[12]_inst_i_16/O
                         net (fo=1, routed)           0.000    11.243    cpu_inst/dot4acc_pipeline_inst/led_OBUF[12]_inst_i_16_n_0
    SLICE_X7Y13                                                       r  cpu_inst/dot4acc_pipeline_inst/led_OBUF[12]_inst_i_10/S[2]
    SLICE_X7Y13          CARRY4 (Prop_carry4_S[2]_CO[3])
                                                      0.398    11.641 r  cpu_inst/dot4acc_pipeline_inst/led_OBUF[12]_inst_i_10/CO[3]
                         net (fo=1, routed)           0.000    11.641    cpu_inst/dot4acc_pipeline_inst/led_OBUF[12]_inst_i_10_n_0
    SLICE_X7Y14                                                       r  cpu_inst/dot4acc_pipeline_inst/led_OBUF[12]_inst_i_6/CI
    SLICE_X7Y14          CARRY4 (Prop_carry4_CI_CO[3])
                                                      0.114    11.755 r  cpu_inst/dot4acc_pipeline_inst/led_OBUF[12]_inst_i_6/CO[3]
                         net (fo=1, routed)           0.000    11.755    cpu_inst/dot4acc_pipeline_inst/led_OBUF[12]_inst_i_6_n_0
    SLICE_X7Y15                                                       r  cpu_inst/dot4acc_pipeline_inst/led_OBUF[12]_inst_i_3/CI
    SLICE_X7Y15          CARRY4 (Prop_carry4_CI_CO[2])
                                                      0.228    11.983 f  cpu_inst/dot4acc_pipeline_inst/led_OBUF[12]_inst_i_3/CO[2]
                         net (fo=18, routed)          0.520    12.503    cpu_inst/dot4acc_pipeline_inst/ex_branch_taken073_in
    SLICE_X3Y16                                                       f  cpu_inst/dot4acc_pipeline_inst/product2_reg_reg_i_19/I2
    SLICE_X3Y16          LUT4 (Prop_lut4_I2_O)        0.313    12.816 f  cpu_inst/dot4acc_pipeline_inst/product2_reg_reg_i_19/O
                         net (fo=38, routed)          0.231    13.046    cpu_inst/dot4acc_pipeline_inst/product2_reg_reg_i_19_n_0
    SLICE_X3Y16                                                       f  cpu_inst/dot4acc_pipeline_inst/product2_reg_reg_i_1/I1
    SLICE_X3Y16          LUT6 (Prop_lut6_I1_O)        0.124    13.170 r  cpu_inst/dot4acc_pipeline_inst/product2_reg_reg_i_1/O
                         net (fo=56, routed)          0.652    13.822    cpu_inst/dot4acc_pipeline_inst/redirect_pending_valid_reg
    SLICE_X2Y19                                                       r  cpu_inst/dot4acc_pipeline_inst/dot_issue_reg[accumulator][31]_i_1/I4
    SLICE_X2Y19          LUT5 (Prop_lut5_I4_O)        0.124    13.946 r  cpu_inst/dot4acc_pipeline_inst/dot_issue_reg[accumulator][31]_i_1/O
                         net (fo=32, routed)          0.838    14.784    cpu_inst/dot4acc_pipeline_inst_n_41
    SLICE_X8Y21          FDRE                                         r  cpu_inst/dot_issue_reg_reg[accumulator][11]/R
  -------------------------------------------------------------------    -------------------

                         (clock sys_clk_pin rise edge)
                                                     10.101    10.101 r  <hidden>
    W5                                                0.000    10.101 r  clk
                         net (fo=0)                   0.000    10.101    clk
    W5                                                                r  clk_IBUF_inst/I
    W5                   IBUF (Prop_ibuf_I_O)         1.388    11.489 r  clk_IBUF_inst/O
                         net (fo=1, routed)           1.862    13.351    clk_IBUF
    BUFGCTRL_X0Y0                                                     r  clk_IBUF_BUFG_inst/I
    BUFGCTRL_X0Y0        BUFG (Prop_bufg_I_O)         0.091    13.442 r  clk_IBUF_BUFG_inst/O
                         net (fo=1713, routed)        1.438    14.880    cpu_inst/clk_IBUF_BUFG
    SLICE_X8Y21          FDRE                                         r  cpu_inst/dot_issue_reg_reg[accumulator][11]/C
                         clock pessimism              0.260    15.140    <hidden>
                         clock uncertainty           -0.035    15.105    <hidden>
    SLICE_X8Y21          FDRE (Setup_fdre_C_R)       -0.524    14.581    cpu_inst/dot_issue_reg_reg[accumulator][11]
  -------------------------------------------------------------------
                         required time                         14.581    <hidden>
                         arrival time                         -14.784    <hidden>
  -------------------------------------------------------------------
                         slack                                 -0.203    <hidden>

Slack (VIOLATED) :        -0.203ns  (required time - arrival time)
  Source:                 cpu_inst/id_ex_reg_reg[rs2][2]/C
                            (rising edge-triggered cell FDRE clocked by sys_clk_pin  {rise@0.000ns fall@5.051ns period=10.101ns})
  Destination:            cpu_inst/dot_issue_reg_reg[accumulator][14]/R
                            (rising edge-triggered cell FDRE clocked by sys_clk_pin  {rise@0.000ns fall@5.051ns period=10.101ns})
  Path Group:             sys_clk_pin
  Path Type:              Setup (Max at Slow Process Corner)
  Requirement:            10.101ns  (sys_clk_pin rise@10.101ns - sys_clk_pin rise@0.000ns)
  Data Path Delay:        9.634ns  (logic 2.439ns (25.317%)  route 7.195ns (74.683%))
  Logic Levels:           11  (CARRY4=3 LUT4=1 LUT5=4 LUT6=3)
  Clock Path Skew:        -0.111ns (DCD - SCD + CPR)
    Destination Clock Delay (DCD):    4.779ns = ( 14.880 - 10.101 ) 
    Source Clock Delay      (SCD):    5.150ns
    Clock Pessimism Removal (CPR):    0.260ns
  Clock Uncertainty:      0.035ns  ((TSJ^2 + TIJ^2)^1/2 + DJ) / 2 + PE
    Total System Jitter     (TSJ):    0.071ns
    Total Input Jitter      (TIJ):    0.000ns
    Discrete Jitter          (DJ):    0.000ns
    Phase Error              (PE):    0.000ns

    Location             Delay type                Incr(ns)  Path(ns)    Netlist Resource(s)
  -------------------------------------------------------------------    -------------------
                         (clock sys_clk_pin rise edge)
                                                      0.000     0.000 r  <hidden>
    W5                                                0.000     0.000 r  clk
                         net (fo=0)                   0.000     0.000    clk
    W5                                                                r  clk_IBUF_inst/I
    W5                   IBUF (Prop_ibuf_I_O)         1.458     1.458 r  clk_IBUF_inst/O
                         net (fo=1, routed)           1.967     3.425    clk_IBUF
    BUFGCTRL_X0Y0                                                     r  clk_IBUF_BUFG_inst/I
    BUFGCTRL_X0Y0        BUFG (Prop_bufg_I_O)         0.096     3.521 r  clk_IBUF_BUFG_inst/O
                         net (fo=1713, routed)        1.629     5.150    cpu_inst/clk_IBUF_BUFG
    SLICE_X2Y17          FDRE                                         r  cpu_inst/id_ex_reg_reg[rs2][2]/C
  -------------------------------------------------------------------    -------------------
    SLICE_X2Y17          FDRE (Prop_fdre_C_Q)         0.518     5.668 r  cpu_inst/id_ex_reg_reg[rs2][2]/Q
                         net (fo=7, routed)           0.986     6.654    cpu_inst/dot4acc_pipeline_inst/id_ex_reg_reg[rs2][2]
    SLICE_X3Y14                                                       r  cpu_inst/dot4acc_pipeline_inst/product2_reg_reg_i_82/I2
    SLICE_X3Y14          LUT6 (Prop_lut6_I2_O)        0.124     6.778 r  cpu_inst/dot4acc_pipeline_inst/product2_reg_reg_i_82/O
                         net (fo=1, routed)           0.827     7.605    cpu_inst/dot4acc_pipeline_inst/product2_reg_reg_i_82_n_0
    SLICE_X7Y11                                                       r  cpu_inst/dot4acc_pipeline_inst/product2_reg_reg_i_59/I4
    SLICE_X7Y11          LUT5 (Prop_lut5_I4_O)        0.124     7.729 r  cpu_inst/dot4acc_pipeline_inst/product2_reg_reg_i_59/O
                         net (fo=32, routed)          1.182     8.912    cpu_inst/data_mem_inst/product0_reg_reg_1
    SLICE_X8Y20                                                       r  cpu_inst/data_mem_inst/product0_reg_reg_i_18/I1
    SLICE_X8Y20          LUT5 (Prop_lut5_I1_O)        0.124     9.036 r  cpu_inst/data_mem_inst/product0_reg_reg_i_18/O
                         net (fo=1, routed)           0.656     9.692    cpu_inst/dot4acc_pipeline_inst/product0_reg_reg_15
    SLICE_X9Y20                                                       r  cpu_inst/dot4acc_pipeline_inst/product0_reg_reg_i_1/I3
    SLICE_X9Y20          LUT5 (Prop_lut5_I3_O)        0.124     9.816 r  cpu_inst/dot4acc_pipeline_inst/product0_reg_reg_i_1/O
                         net (fo=28, routed)          1.303    11.119    cpu_inst/dot4acc_pipeline_inst/packed_b[6]
    SLICE_X7Y13                                                       r  cpu_inst/dot4acc_pipeline_inst/led_OBUF[12]_inst_i_16/I2
    SLICE_X7Y13          LUT6 (Prop_lut6_I2_O)        0.124    11.243 r  cpu_inst/dot4acc_pipeline_inst/led_OBUF[12]_inst_i_16/O
                         net (fo=1, routed)           0.000    11.243    cpu_inst/dot4acc_pipeline_inst/led_OBUF[12]_inst_i_16_n_0
    SLICE_X7Y13                                                       r  cpu_inst/dot4acc_pipeline_inst/led_OBUF[12]_inst_i_10/S[2]
    SLICE_X7Y13          CARRY4 (Prop_carry4_S[2]_CO[3])
                                                      0.398    11.641 r  cpu_inst/dot4acc_pipeline_inst/led_OBUF[12]_inst_i_10/CO[3]
                         net (fo=1, routed)           0.000    11.641    cpu_inst/dot4acc_pipeline_inst/led_OBUF[12]_inst_i_10_n_0
    SLICE_X7Y14                                                       r  cpu_inst/dot4acc_pipeline_inst/led_OBUF[12]_inst_i_6/CI
    SLICE_X7Y14          CARRY4 (Prop_carry4_CI_CO[3])
                                                      0.114    11.755 r  cpu_inst/dot4acc_pipeline_inst/led_OBUF[12]_inst_i_6/CO[3]
                         net (fo=1, routed)           0.000    11.755    cpu_inst/dot4acc_pipeline_inst/led_OBUF[12]_inst_i_6_n_0
    SLICE_X7Y15                                                       r  cpu_inst/dot4acc_pipeline_inst/led_OBUF[12]_inst_i_3/CI
    SLICE_X7Y15          CARRY4 (Prop_carry4_CI_CO[2])
                                                      0.228    11.983 f  cpu_inst/dot4acc_pipeline_inst/led_OBUF[12]_inst_i_3/CO[2]
                         net (fo=18, routed)          0.520    12.503    cpu_inst/dot4acc_pipeline_inst/ex_branch_taken073_in
    SLICE_X3Y16                                                       f  cpu_inst/dot4acc_pipeline_inst/product2_reg_reg_i_19/I2
    SLICE_X3Y16          LUT4 (Prop_lut4_I2_O)        0.313    12.816 f  cpu_inst/dot4acc_pipeline_inst/product2_reg_reg_i_19/O
                         net (fo=38, routed)          0.231    13.046    cpu_inst/dot4acc_pipeline_inst/product2_reg_reg_i_19_n_0
    SLICE_X3Y16                                                       f  cpu_inst/dot4acc_pipeline_inst/product2_reg_reg_i_1/I1
    SLICE_X3Y16          LUT6 (Prop_lut6_I1_O)        0.124    13.170 r  cpu_inst/dot4acc_pipeline_inst/product2_reg_reg_i_1/O
                         net (fo=56, routed)          0.652    13.822    cpu_inst/dot4acc_pipeline_inst/redirect_pending_valid_reg
    SLICE_X2Y19                                                       r  cpu_inst/dot4acc_pipeline_inst/dot_issue_reg[accumulator][31]_i_1/I4
    SLICE_X2Y19          LUT5 (Prop_lut5_I4_O)        0.124    13.946 r  cpu_inst/dot4acc_pipeline_inst/dot_issue_reg[accumulator][31]_i_1/O
                         net (fo=32, routed)          0.838    14.784    cpu_inst/dot4acc_pipeline_inst_n_41
    SLICE_X8Y21          FDRE                                         r  cpu_inst/dot_issue_reg_reg[accumulator][14]/R
  -------------------------------------------------------------------    -------------------

                         (clock sys_clk_pin rise edge)
                                                     10.101    10.101 r  <hidden>
    W5                                                0.000    10.101 r  clk
                         net (fo=0)                   0.000    10.101    clk
    W5                                                                r  clk_IBUF_inst/I
    W5                   IBUF (Prop_ibuf_I_O)         1.388    11.489 r  clk_IBUF_inst/O
                         net (fo=1, routed)           1.862    13.351    clk_IBUF
    BUFGCTRL_X0Y0                                                     r  clk_IBUF_BUFG_inst/I
    BUFGCTRL_X0Y0        BUFG (Prop_bufg_I_O)         0.091    13.442 r  clk_IBUF_BUFG_inst/O
                         net (fo=1713, routed)        1.438    14.880    cpu_inst/clk_IBUF_BUFG
    SLICE_X8Y21          FDRE                                         r  cpu_inst/dot_issue_reg_reg[accumulator][14]/C
                         clock pessimism              0.260    15.140    <hidden>
                         clock uncertainty           -0.035    15.105    <hidden>
    SLICE_X8Y21          FDRE (Setup_fdre_C_R)       -0.524    14.581    cpu_inst/dot_issue_reg_reg[accumulator][14]
  -------------------------------------------------------------------
                         required time                         14.581    <hidden>
                         arrival time                         -14.784    <hidden>
  -------------------------------------------------------------------
                         slack                                 -0.203    <hidden>

Slack (VIOLATED) :        -0.203ns  (required time - arrival time)
  Source:                 cpu_inst/id_ex_reg_reg[rs2][2]/C
                            (rising edge-triggered cell FDRE clocked by sys_clk_pin  {rise@0.000ns fall@5.051ns period=10.101ns})
  Destination:            cpu_inst/dot_issue_reg_reg[accumulator][22]/R
                            (rising edge-triggered cell FDRE clocked by sys_clk_pin  {rise@0.000ns fall@5.051ns period=10.101ns})
  Path Group:             sys_clk_pin
  Path Type:              Setup (Max at Slow Process Corner)
  Requirement:            10.101ns  (sys_clk_pin rise@10.101ns - sys_clk_pin rise@0.000ns)
  Data Path Delay:        9.634ns  (logic 2.439ns (25.317%)  route 7.195ns (74.683%))
  Logic Levels:           11  (CARRY4=3 LUT4=1 LUT5=4 LUT6=3)
  Clock Path Skew:        -0.111ns (DCD - SCD + CPR)
    Destination Clock Delay (DCD):    4.779ns = ( 14.880 - 10.101 ) 
    Source Clock Delay      (SCD):    5.150ns
    Clock Pessimism Removal (CPR):    0.260ns
  Clock Uncertainty:      0.035ns  ((TSJ^2 + TIJ^2)^1/2 + DJ) / 2 + PE
    Total System Jitter     (TSJ):    0.071ns
    Total Input Jitter      (TIJ):    0.000ns
    Discrete Jitter          (DJ):    0.000ns
    Phase Error              (PE):    0.000ns

    Location             Delay type                Incr(ns)  Path(ns)    Netlist Resource(s)
  -------------------------------------------------------------------    -------------------
                         (clock sys_clk_pin rise edge)
                                                      0.000     0.000 r  <hidden>
    W5                                                0.000     0.000 r  clk
                         net (fo=0)                   0.000     0.000    clk
    W5                                                                r  clk_IBUF_inst/I
    W5                   IBUF (Prop_ibuf_I_O)         1.458     1.458 r  clk_IBUF_inst/O
                         net (fo=1, routed)           1.967     3.425    clk_IBUF
    BUFGCTRL_X0Y0                                                     r  clk_IBUF_BUFG_inst/I
    BUFGCTRL_X0Y0        BUFG (Prop_bufg_I_O)         0.096     3.521 r  clk_IBUF_BUFG_inst/O
                         net (fo=1713, routed)        1.629     5.150    cpu_inst/clk_IBUF_BUFG
    SLICE_X2Y17          FDRE                                         r  cpu_inst/id_ex_reg_reg[rs2][2]/C
  -------------------------------------------------------------------    -------------------
    SLICE_X2Y17          FDRE (Prop_fdre_C_Q)         0.518     5.668 r  cpu_inst/id_ex_reg_reg[rs2][2]/Q
                         net (fo=7, routed)           0.986     6.654    cpu_inst/dot4acc_pipeline_inst/id_ex_reg_reg[rs2][2]
    SLICE_X3Y14                                                       r  cpu_inst/dot4acc_pipeline_inst/product2_reg_reg_i_82/I2
    SLICE_X3Y14          LUT6 (Prop_lut6_I2_O)        0.124     6.778 r  cpu_inst/dot4acc_pipeline_inst/product2_reg_reg_i_82/O
                         net (fo=1, routed)           0.827     7.605    cpu_inst/dot4acc_pipeline_inst/product2_reg_reg_i_82_n_0
    SLICE_X7Y11                                                       r  cpu_inst/dot4acc_pipeline_inst/product2_reg_reg_i_59/I4
    SLICE_X7Y11          LUT5 (Prop_lut5_I4_O)        0.124     7.729 r  cpu_inst/dot4acc_pipeline_inst/product2_reg_reg_i_59/O
                         net (fo=32, routed)          1.182     8.912    cpu_inst/data_mem_inst/product0_reg_reg_1
    SLICE_X8Y20                                                       r  cpu_inst/data_mem_inst/product0_reg_reg_i_18/I1
    SLICE_X8Y20          LUT5 (Prop_lut5_I1_O)        0.124     9.036 r  cpu_inst/data_mem_inst/product0_reg_reg_i_18/O
                         net (fo=1, routed)           0.656     9.692    cpu_inst/dot4acc_pipeline_inst/product0_reg_reg_15
    SLICE_X9Y20                                                       r  cpu_inst/dot4acc_pipeline_inst/product0_reg_reg_i_1/I3
    SLICE_X9Y20          LUT5 (Prop_lut5_I3_O)        0.124     9.816 r  cpu_inst/dot4acc_pipeline_inst/product0_reg_reg_i_1/O
                         net (fo=28, routed)          1.303    11.119    cpu_inst/dot4acc_pipeline_inst/packed_b[6]
    SLICE_X7Y13                                                       r  cpu_inst/dot4acc_pipeline_inst/led_OBUF[12]_inst_i_16/I2
    SLICE_X7Y13          LUT6 (Prop_lut6_I2_O)        0.124    11.243 r  cpu_inst/dot4acc_pipeline_inst/led_OBUF[12]_inst_i_16/O
                         net (fo=1, routed)           0.000    11.243    cpu_inst/dot4acc_pipeline_inst/led_OBUF[12]_inst_i_16_n_0
    SLICE_X7Y13                                                       r  cpu_inst/dot4acc_pipeline_inst/led_OBUF[12]_inst_i_10/S[2]
    SLICE_X7Y13          CARRY4 (Prop_carry4_S[2]_CO[3])
                                                      0.398    11.641 r  cpu_inst/dot4acc_pipeline_inst/led_OBUF[12]_inst_i_10/CO[3]
                         net (fo=1, routed)           0.000    11.641    cpu_inst/dot4acc_pipeline_inst/led_OBUF[12]_inst_i_10_n_0
    SLICE_X7Y14                                                       r  cpu_inst/dot4acc_pipeline_inst/led_OBUF[12]_inst_i_6/CI
    SLICE_X7Y14          CARRY4 (Prop_carry4_CI_CO[3])
                                                      0.114    11.755 r  cpu_inst/dot4acc_pipeline_inst/led_OBUF[12]_inst_i_6/CO[3]
                         net (fo=1, routed)           0.000    11.755    cpu_inst/dot4acc_pipeline_inst/led_OBUF[12]_inst_i_6_n_0
    SLICE_X7Y15                                                       r  cpu_inst/dot4acc_pipeline_inst/led_OBUF[12]_inst_i_3/CI
    SLICE_X7Y15          CARRY4 (Prop_carry4_CI_CO[2])
                                                      0.228    11.983 f  cpu_inst/dot4acc_pipeline_inst/led_OBUF[12]_inst_i_3/CO[2]
                         net (fo=18, routed)          0.520    12.503    cpu_inst/dot4acc_pipeline_inst/ex_branch_taken073_in
    SLICE_X3Y16                                                       f  cpu_inst/dot4acc_pipeline_inst/product2_reg_reg_i_19/I2
    SLICE_X3Y16          LUT4 (Prop_lut4_I2_O)        0.313    12.816 f  cpu_inst/dot4acc_pipeline_inst/product2_reg_reg_i_19/O
                         net (fo=38, routed)          0.231    13.046    cpu_inst/dot4acc_pipeline_inst/product2_reg_reg_i_19_n_0
    SLICE_X3Y16                                                       f  cpu_inst/dot4acc_pipeline_inst/product2_reg_reg_i_1/I1
    SLICE_X3Y16          LUT6 (Prop_lut6_I1_O)        0.124    13.170 r  cpu_inst/dot4acc_pipeline_inst/product2_reg_reg_i_1/O
                         net (fo=56, routed)          0.652    13.822    cpu_inst/dot4acc_pipeline_inst/redirect_pending_valid_reg
    SLICE_X2Y19                                                       r  cpu_inst/dot4acc_pipeline_inst/dot_issue_reg[accumulator][31]_i_1/I4
    SLICE_X2Y19          LUT5 (Prop_lut5_I4_O)        0.124    13.946 r  cpu_inst/dot4acc_pipeline_inst/dot_issue_reg[accumulator][31]_i_1/O
                         net (fo=32, routed)          0.838    14.784    cpu_inst/dot4acc_pipeline_inst_n_41
    SLICE_X8Y21          FDRE                                         r  cpu_inst/dot_issue_reg_reg[accumulator][22]/R
  -------------------------------------------------------------------    -------------------

                         (clock sys_clk_pin rise edge)
                                                     10.101    10.101 r  <hidden>
    W5                                                0.000    10.101 r  clk
                         net (fo=0)                   0.000    10.101    clk
    W5                                                                r  clk_IBUF_inst/I
    W5                   IBUF (Prop_ibuf_I_O)         1.388    11.489 r  clk_IBUF_inst/O
                         net (fo=1, routed)           1.862    13.351    clk_IBUF
    BUFGCTRL_X0Y0                                                     r  clk_IBUF_BUFG_inst/I
    BUFGCTRL_X0Y0        BUFG (Prop_bufg_I_O)         0.091    13.442 r  clk_IBUF_BUFG_inst/O
                         net (fo=1713, routed)        1.438    14.880    cpu_inst/clk_IBUF_BUFG
    SLICE_X8Y21          FDRE                                         r  cpu_inst/dot_issue_reg_reg[accumulator][22]/C
                         clock pessimism              0.260    15.140    <hidden>
                         clock uncertainty           -0.035    15.105    <hidden>
    SLICE_X8Y21          FDRE (Setup_fdre_C_R)       -0.524    14.581    cpu_inst/dot_issue_reg_reg[accumulator][22]
  -------------------------------------------------------------------
                         required time                         14.581    <hidden>
                         arrival time                         -14.784    <hidden>
  -------------------------------------------------------------------
                         slack                                 -0.203    <hidden>

Slack (VIOLATED) :        -0.176ns  (required time - arrival time)
  Source:                 cpu_inst/id_ex_reg_reg[rs2][2]/C
                            (rising edge-triggered cell FDRE clocked by sys_clk_pin  {rise@0.000ns fall@5.051ns period=10.101ns})
  Destination:            cpu_inst/ex_mem_reg_reg[alu_result][27]/D
                            (rising edge-triggered cell FDRE clocked by sys_clk_pin  {rise@0.000ns fall@5.051ns period=10.101ns})
  Path Group:             sys_clk_pin
  Path Type:              Setup (Max at Slow Process Corner)
  Requirement:            10.101ns  (sys_clk_pin rise@10.101ns - sys_clk_pin rise@0.000ns)
  Data Path Delay:        10.215ns  (logic 4.794ns (46.929%)  route 5.421ns (53.071%))
  Logic Levels:           6  (DSP48E1=1 LUT5=3 LUT6=2)
  Clock Path Skew:        -0.105ns (DCD - SCD + CPR)
    Destination Clock Delay (DCD):    4.785ns = ( 14.886 - 10.101 ) 
    Source Clock Delay      (SCD):    5.150ns
    Clock Pessimism Removal (CPR):    0.260ns
  Clock Uncertainty:      0.035ns  ((TSJ^2 + TIJ^2)^1/2 + DJ) / 2 + PE
    Total System Jitter     (TSJ):    0.071ns
    Total Input Jitter      (TIJ):    0.000ns
    Discrete Jitter          (DJ):    0.000ns
    Phase Error              (PE):    0.000ns

    Location             Delay type                Incr(ns)  Path(ns)    Netlist Resource(s)
  -------------------------------------------------------------------    -------------------
                         (clock sys_clk_pin rise edge)
                                                      0.000     0.000 r  <hidden>
    W5                                                0.000     0.000 r  clk
                         net (fo=0)                   0.000     0.000    clk
    W5                                                                r  clk_IBUF_inst/I
    W5                   IBUF (Prop_ibuf_I_O)         1.458     1.458 r  clk_IBUF_inst/O
                         net (fo=1, routed)           1.967     3.425    clk_IBUF
    BUFGCTRL_X0Y0                                                     r  clk_IBUF_BUFG_inst/I
    BUFGCTRL_X0Y0        BUFG (Prop_bufg_I_O)         0.096     3.521 r  clk_IBUF_BUFG_inst/O
                         net (fo=1713, routed)        1.629     5.150    cpu_inst/clk_IBUF_BUFG
    SLICE_X2Y17          FDRE                                         r  cpu_inst/id_ex_reg_reg[rs2][2]/C
  -------------------------------------------------------------------    -------------------
    SLICE_X2Y17          FDRE (Prop_fdre_C_Q)         0.518     5.668 r  cpu_inst/id_ex_reg_reg[rs2][2]/Q
                         net (fo=7, routed)           0.986     6.654    cpu_inst/dot4acc_pipeline_inst/id_ex_reg_reg[rs2][2]
    SLICE_X3Y14                                                       r  cpu_inst/dot4acc_pipeline_inst/product2_reg_reg_i_82/I2
    SLICE_X3Y14          LUT6 (Prop_lut6_I2_O)        0.124     6.778 r  cpu_inst/dot4acc_pipeline_inst/product2_reg_reg_i_82/O
                         net (fo=1, routed)           0.827     7.605    cpu_inst/dot4acc_pipeline_inst/product2_reg_reg_i_82_n_0
    SLICE_X7Y11                                                       r  cpu_inst/dot4acc_pipeline_inst/product2_reg_reg_i_59/I4
    SLICE_X7Y11          LUT5 (Prop_lut5_I4_O)        0.124     7.729 r  cpu_inst/dot4acc_pipeline_inst/product2_reg_reg_i_59/O
                         net (fo=32, routed)          1.182     8.912    cpu_inst/data_mem_inst/product0_reg_reg_1
    SLICE_X8Y20                                                       r  cpu_inst/data_mem_inst/product0_reg_reg_i_18/I1
    SLICE_X8Y20          LUT5 (Prop_lut5_I1_O)        0.124     9.036 r  cpu_inst/data_mem_inst/product0_reg_reg_i_18/O
                         net (fo=1, routed)           0.656     9.692    cpu_inst/dot4acc_pipeline_inst/product0_reg_reg_15
    SLICE_X9Y20                                                       r  cpu_inst/dot4acc_pipeline_inst/product0_reg_reg_i_1/I3
    SLICE_X9Y20          LUT5 (Prop_lut5_I3_O)        0.124     9.816 r  cpu_inst/dot4acc_pipeline_inst/product0_reg_reg_i_1/O
                         net (fo=28, routed)          0.894    10.710    cpu_inst/dot4acc_pipeline_inst_n_24
    DSP48_X0Y6                                                        r  cpu_inst/ex_alu_result0/B[10]
    DSP48_X0Y6           DSP48E1 (Prop_dsp48e1_B[10]_P[27])
                                                      3.656    14.366 r  cpu_inst/ex_alu_result0/P[27]
                         net (fo=1, routed)           0.876    15.242    cpu_inst/dot4acc_pipeline_inst/P[27]
    SLICE_X12Y15                                                      r  cpu_inst/dot4acc_pipeline_inst/ex_mem_reg[alu_result][27]_i_1/I4
    SLICE_X12Y15         LUT6 (Prop_lut6_I4_O)        0.124    15.366 r  cpu_inst/dot4acc_pipeline_inst/ex_mem_reg[alu_result][27]_i_1/O
                         net (fo=1, routed)           0.000    15.366    cpu_inst/ex_alu_result[27]
    SLICE_X12Y15         FDRE                                         r  cpu_inst/ex_mem_reg_reg[alu_result][27]/D
  -------------------------------------------------------------------    -------------------

                         (clock sys_clk_pin rise edge)
                                                     10.101    10.101 r  <hidden>
    W5                                                0.000    10.101 r  clk
                         net (fo=0)                   0.000    10.101    clk
    W5                                                                r  clk_IBUF_inst/I
    W5                   IBUF (Prop_ibuf_I_O)         1.388    11.489 r  clk_IBUF_inst/O
                         net (fo=1, routed)           1.862    13.351    clk_IBUF
    BUFGCTRL_X0Y0                                                     r  clk_IBUF_BUFG_inst/I
    BUFGCTRL_X0Y0        BUFG (Prop_bufg_I_O)         0.091    13.442 r  clk_IBUF_BUFG_inst/O
                         net (fo=1713, routed)        1.444    14.886    cpu_inst/clk_IBUF_BUFG
    SLICE_X12Y15         FDRE                                         r  cpu_inst/ex_mem_reg_reg[alu_result][27]/C
                         clock pessimism              0.260    15.146    <hidden>
                         clock uncertainty           -0.035    15.111    <hidden>
    SLICE_X12Y15         FDRE (Setup_fdre_C_D)        0.079    15.190    cpu_inst/ex_mem_reg_reg[alu_result][27]
  -------------------------------------------------------------------
                         required time                         15.190    <hidden>
                         arrival time                         -15.366    <hidden>
  -------------------------------------------------------------------
                         slack                                 -0.176    <hidden>

Slack (VIOLATED) :        -0.156ns  (required time - arrival time)
  Source:                 cpu_inst/id_ex_reg_reg[rs2][2]/C
                            (rising edge-triggered cell FDRE clocked by sys_clk_pin  {rise@0.000ns fall@5.051ns period=10.101ns})
  Destination:            cpu_inst/ex_mem_reg_reg[alu_result][13]/D
                            (rising edge-triggered cell FDRE clocked by sys_clk_pin  {rise@0.000ns fall@5.051ns period=10.101ns})
  Path Group:             sys_clk_pin
  Path Type:              Setup (Max at Slow Process Corner)
  Requirement:            10.101ns  (sys_clk_pin rise@10.101ns - sys_clk_pin rise@0.000ns)
  Data Path Delay:        10.144ns  (logic 4.794ns (47.259%)  route 5.350ns (52.741%))
  Logic Levels:           6  (DSP48E1=1 LUT5=3 LUT6=2)
  Clock Path Skew:        -0.109ns (DCD - SCD + CPR)
    Destination Clock Delay (DCD):    4.781ns = ( 14.882 - 10.101 ) 
    Source Clock Delay      (SCD):    5.150ns
    Clock Pessimism Removal (CPR):    0.260ns
  Clock Uncertainty:      0.035ns  ((TSJ^2 + TIJ^2)^1/2 + DJ) / 2 + PE
    Total System Jitter     (TSJ):    0.071ns
    Total Input Jitter      (TIJ):    0.000ns
    Discrete Jitter          (DJ):    0.000ns
    Phase Error              (PE):    0.000ns

    Location             Delay type                Incr(ns)  Path(ns)    Netlist Resource(s)
  -------------------------------------------------------------------    -------------------
                         (clock sys_clk_pin rise edge)
                                                      0.000     0.000 r  <hidden>
    W5                                                0.000     0.000 r  clk
                         net (fo=0)                   0.000     0.000    clk
    W5                                                                r  clk_IBUF_inst/I
    W5                   IBUF (Prop_ibuf_I_O)         1.458     1.458 r  clk_IBUF_inst/O
                         net (fo=1, routed)           1.967     3.425    clk_IBUF
    BUFGCTRL_X0Y0                                                     r  clk_IBUF_BUFG_inst/I
    BUFGCTRL_X0Y0        BUFG (Prop_bufg_I_O)         0.096     3.521 r  clk_IBUF_BUFG_inst/O
                         net (fo=1713, routed)        1.629     5.150    cpu_inst/clk_IBUF_BUFG
    SLICE_X2Y17          FDRE                                         r  cpu_inst/id_ex_reg_reg[rs2][2]/C
  -------------------------------------------------------------------    -------------------
    SLICE_X2Y17          FDRE (Prop_fdre_C_Q)         0.518     5.668 r  cpu_inst/id_ex_reg_reg[rs2][2]/Q
                         net (fo=7, routed)           0.986     6.654    cpu_inst/dot4acc_pipeline_inst/id_ex_reg_reg[rs2][2]
    SLICE_X3Y14                                                       r  cpu_inst/dot4acc_pipeline_inst/product2_reg_reg_i_82/I2
    SLICE_X3Y14          LUT6 (Prop_lut6_I2_O)        0.124     6.778 r  cpu_inst/dot4acc_pipeline_inst/product2_reg_reg_i_82/O
                         net (fo=1, routed)           0.827     7.605    cpu_inst/dot4acc_pipeline_inst/product2_reg_reg_i_82_n_0
    SLICE_X7Y11                                                       r  cpu_inst/dot4acc_pipeline_inst/product2_reg_reg_i_59/I4
    SLICE_X7Y11          LUT5 (Prop_lut5_I4_O)        0.124     7.729 r  cpu_inst/dot4acc_pipeline_inst/product2_reg_reg_i_59/O
                         net (fo=32, routed)          1.182     8.912    cpu_inst/data_mem_inst/product0_reg_reg_1
    SLICE_X8Y20                                                       r  cpu_inst/data_mem_inst/product0_reg_reg_i_18/I1
    SLICE_X8Y20          LUT5 (Prop_lut5_I1_O)        0.124     9.036 r  cpu_inst/data_mem_inst/product0_reg_reg_i_18/O
                         net (fo=1, routed)           0.656     9.692    cpu_inst/dot4acc_pipeline_inst/product0_reg_reg_15
    SLICE_X9Y20                                                       r  cpu_inst/dot4acc_pipeline_inst/product0_reg_reg_i_1/I3
    SLICE_X9Y20          LUT5 (Prop_lut5_I3_O)        0.124     9.816 r  cpu_inst/dot4acc_pipeline_inst/product0_reg_reg_i_1/O
                         net (fo=28, routed)          0.894    10.710    cpu_inst/dot4acc_pipeline_inst_n_24
    DSP48_X0Y6                                                        r  cpu_inst/ex_alu_result0/B[10]
    DSP48_X0Y6           DSP48E1 (Prop_dsp48e1_B[10]_P[13])
                                                      3.656    14.366 r  cpu_inst/ex_alu_result0/P[13]
                         net (fo=1, routed)           0.805    15.170    cpu_inst/dot4acc_pipeline_inst/P[13]
    SLICE_X13Y18                                                      r  cpu_inst/dot4acc_pipeline_inst/ex_mem_reg[alu_result][13]_i_1/I4
    SLICE_X13Y18         LUT6 (Prop_lut6_I4_O)        0.124    15.294 r  cpu_inst/dot4acc_pipeline_inst/ex_mem_reg[alu_result][13]_i_1/O
                         net (fo=1, routed)           0.000    15.294    cpu_inst/ex_alu_result[13]
    SLICE_X13Y18         FDRE                                         r  cpu_inst/ex_mem_reg_reg[alu_result][13]/D
  -------------------------------------------------------------------    -------------------

                         (clock sys_clk_pin rise edge)
                                                     10.101    10.101 r  <hidden>
    W5                                                0.000    10.101 r  clk
                         net (fo=0)                   0.000    10.101    clk
    W5                                                                r  clk_IBUF_inst/I
    W5                   IBUF (Prop_ibuf_I_O)         1.388    11.489 r  clk_IBUF_inst/O
                         net (fo=1, routed)           1.862    13.351    clk_IBUF
    BUFGCTRL_X0Y0                                                     r  clk_IBUF_BUFG_inst/I
    BUFGCTRL_X0Y0        BUFG (Prop_bufg_I_O)         0.091    13.442 r  clk_IBUF_BUFG_inst/O
                         net (fo=1713, routed)        1.440    14.882    cpu_inst/clk_IBUF_BUFG
    SLICE_X13Y18         FDRE                                         r  cpu_inst/ex_mem_reg_reg[alu_result][13]/C
                         clock pessimism              0.260    15.142    <hidden>
                         clock uncertainty           -0.035    15.107    <hidden>
    SLICE_X13Y18         FDRE (Setup_fdre_C_D)        0.031    15.138    cpu_inst/ex_mem_reg_reg[alu_result][13]
  -------------------------------------------------------------------
                         required time                         15.138    <hidden>
                         arrival time                         -15.294    <hidden>
  -------------------------------------------------------------------
                         slack                                 -0.156    <hidden>

Slack (VIOLATED) :        -0.140ns  (required time - arrival time)
  Source:                 cpu_inst/id_ex_reg_reg[rs2][2]/C
                            (rising edge-triggered cell FDRE clocked by sys_clk_pin  {rise@0.000ns fall@5.051ns period=10.101ns})
  Destination:            cpu_inst/dot_issue_reg_reg[accumulator][18]/R
                            (rising edge-triggered cell FDRE clocked by sys_clk_pin  {rise@0.000ns fall@5.051ns period=10.101ns})
  Path Group:             sys_clk_pin
  Path Type:              Setup (Max at Slow Process Corner)
  Requirement:            10.101ns  (sys_clk_pin rise@10.101ns - sys_clk_pin rise@0.000ns)
  Data Path Delay:        9.636ns  (logic 2.439ns (25.311%)  route 7.197ns (74.689%))
  Logic Levels:           11  (CARRY4=3 LUT4=1 LUT5=4 LUT6=3)
  Clock Path Skew:        -0.046ns (DCD - SCD + CPR)
    Destination Clock Delay (DCD):    4.844ns = ( 14.945 - 10.101 ) 
    Source Clock Delay      (SCD):    5.150ns
    Clock Pessimism Removal (CPR):    0.260ns
  Clock Uncertainty:      0.035ns  ((TSJ^2 + TIJ^2)^1/2 + DJ) / 2 + PE
    Total System Jitter     (TSJ):    0.071ns
    Total Input Jitter      (TIJ):    0.000ns
    Discrete Jitter          (DJ):    0.000ns
    Phase Error              (PE):    0.000ns

    Location             Delay type                Incr(ns)  Path(ns)    Netlist Resource(s)
  -------------------------------------------------------------------    -------------------
                         (clock sys_clk_pin rise edge)
                                                      0.000     0.000 r  <hidden>
    W5                                                0.000     0.000 r  clk
                         net (fo=0)                   0.000     0.000    clk
    W5                                                                r  clk_IBUF_inst/I
    W5                   IBUF (Prop_ibuf_I_O)         1.458     1.458 r  clk_IBUF_inst/O
                         net (fo=1, routed)           1.967     3.425    clk_IBUF
    BUFGCTRL_X0Y0                                                     r  clk_IBUF_BUFG_inst/I
    BUFGCTRL_X0Y0        BUFG (Prop_bufg_I_O)         0.096     3.521 r  clk_IBUF_BUFG_inst/O
                         net (fo=1713, routed)        1.629     5.150    cpu_inst/clk_IBUF_BUFG
    SLICE_X2Y17          FDRE                                         r  cpu_inst/id_ex_reg_reg[rs2][2]/C
  -------------------------------------------------------------------    -------------------
    SLICE_X2Y17          FDRE (Prop_fdre_C_Q)         0.518     5.668 r  cpu_inst/id_ex_reg_reg[rs2][2]/Q
                         net (fo=7, routed)           0.986     6.654    cpu_inst/dot4acc_pipeline_inst/id_ex_reg_reg[rs2][2]
    SLICE_X3Y14                                                       r  cpu_inst/dot4acc_pipeline_inst/product2_reg_reg_i_82/I2
    SLICE_X3Y14          LUT6 (Prop_lut6_I2_O)        0.124     6.778 r  cpu_inst/dot4acc_pipeline_inst/product2_reg_reg_i_82/O
                         net (fo=1, routed)           0.827     7.605    cpu_inst/dot4acc_pipeline_inst/product2_reg_reg_i_82_n_0
    SLICE_X7Y11                                                       r  cpu_inst/dot4acc_pipeline_inst/product2_reg_reg_i_59/I4
    SLICE_X7Y11          LUT5 (Prop_lut5_I4_O)        0.124     7.729 r  cpu_inst/dot4acc_pipeline_inst/product2_reg_reg_i_59/O
                         net (fo=32, routed)          1.182     8.912    cpu_inst/data_mem_inst/product0_reg_reg_1
    SLICE_X8Y20                                                       r  cpu_inst/data_mem_inst/product0_reg_reg_i_18/I1
    SLICE_X8Y20          LUT5 (Prop_lut5_I1_O)        0.124     9.036 r  cpu_inst/data_mem_inst/product0_reg_reg_i_18/O
                         net (fo=1, routed)           0.656     9.692    cpu_inst/dot4acc_pipeline_inst/product0_reg_reg_15
    SLICE_X9Y20                                                       r  cpu_inst/dot4acc_pipeline_inst/product0_reg_reg_i_1/I3
    SLICE_X9Y20          LUT5 (Prop_lut5_I3_O)        0.124     9.816 r  cpu_inst/dot4acc_pipeline_inst/product0_reg_reg_i_1/O
                         net (fo=28, routed)          1.303    11.119    cpu_inst/dot4acc_pipeline_inst/packed_b[6]
    SLICE_X7Y13                                                       r  cpu_inst/dot4acc_pipeline_inst/led_OBUF[12]_inst_i_16/I2
    SLICE_X7Y13          LUT6 (Prop_lut6_I2_O)        0.124    11.243 r  cpu_inst/dot4acc_pipeline_inst/led_OBUF[12]_inst_i_16/O
                         net (fo=1, routed)           0.000    11.243    cpu_inst/dot4acc_pipeline_inst/led_OBUF[12]_inst_i_16_n_0
    SLICE_X7Y13                                                       r  cpu_inst/dot4acc_pipeline_inst/led_OBUF[12]_inst_i_10/S[2]
    SLICE_X7Y13          CARRY4 (Prop_carry4_S[2]_CO[3])
                                                      0.398    11.641 r  cpu_inst/dot4acc_pipeline_inst/led_OBUF[12]_inst_i_10/CO[3]
                         net (fo=1, routed)           0.000    11.641    cpu_inst/dot4acc_pipeline_inst/led_OBUF[12]_inst_i_10_n_0
    SLICE_X7Y14                                                       r  cpu_inst/dot4acc_pipeline_inst/led_OBUF[12]_inst_i_6/CI
    SLICE_X7Y14          CARRY4 (Prop_carry4_CI_CO[3])
                                                      0.114    11.755 r  cpu_inst/dot4acc_pipeline_inst/led_OBUF[12]_inst_i_6/CO[3]
                         net (fo=1, routed)           0.000    11.755    cpu_inst/dot4acc_pipeline_inst/led_OBUF[12]_inst_i_6_n_0
    SLICE_X7Y15                                                       r  cpu_inst/dot4acc_pipeline_inst/led_OBUF[12]_inst_i_3/CI
    SLICE_X7Y15          CARRY4 (Prop_carry4_CI_CO[2])
                                                      0.228    11.983 f  cpu_inst/dot4acc_pipeline_inst/led_OBUF[12]_inst_i_3/CO[2]
                         net (fo=18, routed)          0.520    12.503    cpu_inst/dot4acc_pipeline_inst/ex_branch_taken073_in
    SLICE_X3Y16                                                       f  cpu_inst/dot4acc_pipeline_inst/product2_reg_reg_i_19/I2
    SLICE_X3Y16          LUT4 (Prop_lut4_I2_O)        0.313    12.816 f  cpu_inst/dot4acc_pipeline_inst/product2_reg_reg_i_19/O
                         net (fo=38, routed)          0.231    13.046    cpu_inst/dot4acc_pipeline_inst/product2_reg_reg_i_19_n_0
    SLICE_X3Y16                                                       f  cpu_inst/dot4acc_pipeline_inst/product2_reg_reg_i_1/I1
    SLICE_X3Y16          LUT6 (Prop_lut6_I1_O)        0.124    13.170 r  cpu_inst/dot4acc_pipeline_inst/product2_reg_reg_i_1/O
                         net (fo=56, routed)          0.652    13.822    cpu_inst/dot4acc_pipeline_inst/redirect_pending_valid_reg
    SLICE_X2Y19                                                       r  cpu_inst/dot4acc_pipeline_inst/dot_issue_reg[accumulator][31]_i_1/I4
    SLICE_X2Y19          LUT5 (Prop_lut5_I4_O)        0.124    13.946 r  cpu_inst/dot4acc_pipeline_inst/dot_issue_reg[accumulator][31]_i_1/O
                         net (fo=32, routed)          0.840    14.786    cpu_inst/dot4acc_pipeline_inst_n_41
    SLICE_X6Y22          FDRE                                         r  cpu_inst/dot_issue_reg_reg[accumulator][18]/R
  -------------------------------------------------------------------    -------------------

                         (clock sys_clk_pin rise edge)
                                                     10.101    10.101 r  <hidden>
    W5                                                0.000    10.101 r  clk
                         net (fo=0)                   0.000    10.101    clk
    W5                                                                r  clk_IBUF_inst/I
    W5                   IBUF (Prop_ibuf_I_O)         1.388    11.489 r  clk_IBUF_inst/O
                         net (fo=1, routed)           1.862    13.351    clk_IBUF
    BUFGCTRL_X0Y0                                                     r  clk_IBUF_BUFG_inst/I
    BUFGCTRL_X0Y0        BUFG (Prop_bufg_I_O)         0.091    13.442 r  clk_IBUF_BUFG_inst/O
                         net (fo=1713, routed)        1.503    14.945    cpu_inst/clk_IBUF_BUFG
    SLICE_X6Y22          FDRE                                         r  cpu_inst/dot_issue_reg_reg[accumulator][18]/C
                         clock pessimism              0.260    15.205    <hidden>
                         clock uncertainty           -0.035    15.170    <hidden>
    SLICE_X6Y22          FDRE (Setup_fdre_C_R)       -0.524    14.646    cpu_inst/dot_issue_reg_reg[accumulator][18]
  -------------------------------------------------------------------
                         required time                         14.646    <hidden>
                         arrival time                         -14.786    <hidden>
  -------------------------------------------------------------------
                         slack                                 -0.140    <hidden>

Slack (VIOLATED) :        -0.140ns  (required time - arrival time)
  Source:                 cpu_inst/id_ex_reg_reg[rs2][2]/C
                            (rising edge-triggered cell FDRE clocked by sys_clk_pin  {rise@0.000ns fall@5.051ns period=10.101ns})
  Destination:            cpu_inst/dot_issue_reg_reg[accumulator][23]/R
                            (rising edge-triggered cell FDRE clocked by sys_clk_pin  {rise@0.000ns fall@5.051ns period=10.101ns})
  Path Group:             sys_clk_pin
  Path Type:              Setup (Max at Slow Process Corner)
  Requirement:            10.101ns  (sys_clk_pin rise@10.101ns - sys_clk_pin rise@0.000ns)
  Data Path Delay:        9.636ns  (logic 2.439ns (25.311%)  route 7.197ns (74.689%))
  Logic Levels:           11  (CARRY4=3 LUT4=1 LUT5=4 LUT6=3)
  Clock Path Skew:        -0.046ns (DCD - SCD + CPR)
    Destination Clock Delay (DCD):    4.844ns = ( 14.945 - 10.101 ) 
    Source Clock Delay      (SCD):    5.150ns
    Clock Pessimism Removal (CPR):    0.260ns
  Clock Uncertainty:      0.035ns  ((TSJ^2 + TIJ^2)^1/2 + DJ) / 2 + PE
    Total System Jitter     (TSJ):    0.071ns
    Total Input Jitter      (TIJ):    0.000ns
    Discrete Jitter          (DJ):    0.000ns
    Phase Error              (PE):    0.000ns

    Location             Delay type                Incr(ns)  Path(ns)    Netlist Resource(s)
  -------------------------------------------------------------------    -------------------
                         (clock sys_clk_pin rise edge)
                                                      0.000     0.000 r  <hidden>
    W5                                                0.000     0.000 r  clk
                         net (fo=0)                   0.000     0.000    clk
    W5                                                                r  clk_IBUF_inst/I
    W5                   IBUF (Prop_ibuf_I_O)         1.458     1.458 r  clk_IBUF_inst/O
                         net (fo=1, routed)           1.967     3.425    clk_IBUF
    BUFGCTRL_X0Y0                                                     r  clk_IBUF_BUFG_inst/I
    BUFGCTRL_X0Y0        BUFG (Prop_bufg_I_O)         0.096     3.521 r  clk_IBUF_BUFG_inst/O
                         net (fo=1713, routed)        1.629     5.150    cpu_inst/clk_IBUF_BUFG
    SLICE_X2Y17          FDRE                                         r  cpu_inst/id_ex_reg_reg[rs2][2]/C
  -------------------------------------------------------------------    -------------------
    SLICE_X2Y17          FDRE (Prop_fdre_C_Q)         0.518     5.668 r  cpu_inst/id_ex_reg_reg[rs2][2]/Q
                         net (fo=7, routed)           0.986     6.654    cpu_inst/dot4acc_pipeline_inst/id_ex_reg_reg[rs2][2]
    SLICE_X3Y14                                                       r  cpu_inst/dot4acc_pipeline_inst/product2_reg_reg_i_82/I2
    SLICE_X3Y14          LUT6 (Prop_lut6_I2_O)        0.124     6.778 r  cpu_inst/dot4acc_pipeline_inst/product2_reg_reg_i_82/O
                         net (fo=1, routed)           0.827     7.605    cpu_inst/dot4acc_pipeline_inst/product2_reg_reg_i_82_n_0
    SLICE_X7Y11                                                       r  cpu_inst/dot4acc_pipeline_inst/product2_reg_reg_i_59/I4
    SLICE_X7Y11          LUT5 (Prop_lut5_I4_O)        0.124     7.729 r  cpu_inst/dot4acc_pipeline_inst/product2_reg_reg_i_59/O
                         net (fo=32, routed)          1.182     8.912    cpu_inst/data_mem_inst/product0_reg_reg_1
    SLICE_X8Y20                                                       r  cpu_inst/data_mem_inst/product0_reg_reg_i_18/I1
    SLICE_X8Y20          LUT5 (Prop_lut5_I1_O)        0.124     9.036 r  cpu_inst/data_mem_inst/product0_reg_reg_i_18/O
                         net (fo=1, routed)           0.656     9.692    cpu_inst/dot4acc_pipeline_inst/product0_reg_reg_15
    SLICE_X9Y20                                                       r  cpu_inst/dot4acc_pipeline_inst/product0_reg_reg_i_1/I3
    SLICE_X9Y20          LUT5 (Prop_lut5_I3_O)        0.124     9.816 r  cpu_inst/dot4acc_pipeline_inst/product0_reg_reg_i_1/O
                         net (fo=28, routed)          1.303    11.119    cpu_inst/dot4acc_pipeline_inst/packed_b[6]
    SLICE_X7Y13                                                       r  cpu_inst/dot4acc_pipeline_inst/led_OBUF[12]_inst_i_16/I2
    SLICE_X7Y13          LUT6 (Prop_lut6_I2_O)        0.124    11.243 r  cpu_inst/dot4acc_pipeline_inst/led_OBUF[12]_inst_i_16/O
                         net (fo=1, routed)           0.000    11.243    cpu_inst/dot4acc_pipeline_inst/led_OBUF[12]_inst_i_16_n_0
    SLICE_X7Y13                                                       r  cpu_inst/dot4acc_pipeline_inst/led_OBUF[12]_inst_i_10/S[2]
    SLICE_X7Y13          CARRY4 (Prop_carry4_S[2]_CO[3])
                                                      0.398    11.641 r  cpu_inst/dot4acc_pipeline_inst/led_OBUF[12]_inst_i_10/CO[3]
                         net (fo=1, routed)           0.000    11.641    cpu_inst/dot4acc_pipeline_inst/led_OBUF[12]_inst_i_10_n_0
    SLICE_X7Y14                                                       r  cpu_inst/dot4acc_pipeline_inst/led_OBUF[12]_inst_i_6/CI
    SLICE_X7Y14          CARRY4 (Prop_carry4_CI_CO[3])
                                                      0.114    11.755 r  cpu_inst/dot4acc_pipeline_inst/led_OBUF[12]_inst_i_6/CO[3]
                         net (fo=1, routed)           0.000    11.755    cpu_inst/dot4acc_pipeline_inst/led_OBUF[12]_inst_i_6_n_0
    SLICE_X7Y15                                                       r  cpu_inst/dot4acc_pipeline_inst/led_OBUF[12]_inst_i_3/CI
    SLICE_X7Y15          CARRY4 (Prop_carry4_CI_CO[2])
                                                      0.228    11.983 f  cpu_inst/dot4acc_pipeline_inst/led_OBUF[12]_inst_i_3/CO[2]
                         net (fo=18, routed)          0.520    12.503    cpu_inst/dot4acc_pipeline_inst/ex_branch_taken073_in
    SLICE_X3Y16                                                       f  cpu_inst/dot4acc_pipeline_inst/product2_reg_reg_i_19/I2
    SLICE_X3Y16          LUT4 (Prop_lut4_I2_O)        0.313    12.816 f  cpu_inst/dot4acc_pipeline_inst/product2_reg_reg_i_19/O
                         net (fo=38, routed)          0.231    13.046    cpu_inst/dot4acc_pipeline_inst/product2_reg_reg_i_19_n_0
    SLICE_X3Y16                                                       f  cpu_inst/dot4acc_pipeline_inst/product2_reg_reg_i_1/I1
    SLICE_X3Y16          LUT6 (Prop_lut6_I1_O)        0.124    13.170 r  cpu_inst/dot4acc_pipeline_inst/product2_reg_reg_i_1/O
                         net (fo=56, routed)          0.652    13.822    cpu_inst/dot4acc_pipeline_inst/redirect_pending_valid_reg
    SLICE_X2Y19                                                       r  cpu_inst/dot4acc_pipeline_inst/dot_issue_reg[accumulator][31]_i_1/I4
    SLICE_X2Y19          LUT5 (Prop_lut5_I4_O)        0.124    13.946 r  cpu_inst/dot4acc_pipeline_inst/dot_issue_reg[accumulator][31]_i_1/O
                         net (fo=32, routed)          0.840    14.786    cpu_inst/dot4acc_pipeline_inst_n_41
    SLICE_X6Y22          FDRE                                         r  cpu_inst/dot_issue_reg_reg[accumulator][23]/R
  -------------------------------------------------------------------    -------------------

                         (clock sys_clk_pin rise edge)
                                                     10.101    10.101 r  <hidden>
    W5                                                0.000    10.101 r  clk
                         net (fo=0)                   0.000    10.101    clk
    W5                                                                r  clk_IBUF_inst/I
    W5                   IBUF (Prop_ibuf_I_O)         1.388    11.489 r  clk_IBUF_inst/O
                         net (fo=1, routed)           1.862    13.351    clk_IBUF
    BUFGCTRL_X0Y0                                                     r  clk_IBUF_BUFG_inst/I
    BUFGCTRL_X0Y0        BUFG (Prop_bufg_I_O)         0.091    13.442 r  clk_IBUF_BUFG_inst/O
                         net (fo=1713, routed)        1.503    14.945    cpu_inst/clk_IBUF_BUFG
    SLICE_X6Y22          FDRE                                         r  cpu_inst/dot_issue_reg_reg[accumulator][23]/C
                         clock pessimism              0.260    15.205    <hidden>
                         clock uncertainty           -0.035    15.170    <hidden>
    SLICE_X6Y22          FDRE (Setup_fdre_C_R)       -0.524    14.646    cpu_inst/dot_issue_reg_reg[accumulator][23]
  -------------------------------------------------------------------
                         required time                         14.646    <hidden>
                         arrival time                         -14.786    <hidden>
  -------------------------------------------------------------------
                         slack                                 -0.140    <hidden>

Slack (VIOLATED) :        -0.140ns  (required time - arrival time)
  Source:                 cpu_inst/id_ex_reg_reg[rs2][2]/C
                            (rising edge-triggered cell FDRE clocked by sys_clk_pin  {rise@0.000ns fall@5.051ns period=10.101ns})
  Destination:            cpu_inst/dot_issue_reg_reg[accumulator][25]/R
                            (rising edge-triggered cell FDRE clocked by sys_clk_pin  {rise@0.000ns fall@5.051ns period=10.101ns})
  Path Group:             sys_clk_pin
  Path Type:              Setup (Max at Slow Process Corner)
  Requirement:            10.101ns  (sys_clk_pin rise@10.101ns - sys_clk_pin rise@0.000ns)
  Data Path Delay:        9.636ns  (logic 2.439ns (25.311%)  route 7.197ns (74.689%))
  Logic Levels:           11  (CARRY4=3 LUT4=1 LUT5=4 LUT6=3)
  Clock Path Skew:        -0.046ns (DCD - SCD + CPR)
    Destination Clock Delay (DCD):    4.844ns = ( 14.945 - 10.101 ) 
    Source Clock Delay      (SCD):    5.150ns
    Clock Pessimism Removal (CPR):    0.260ns
  Clock Uncertainty:      0.035ns  ((TSJ^2 + TIJ^2)^1/2 + DJ) / 2 + PE
    Total System Jitter     (TSJ):    0.071ns
    Total Input Jitter      (TIJ):    0.000ns
    Discrete Jitter          (DJ):    0.000ns
    Phase Error              (PE):    0.000ns

    Location             Delay type                Incr(ns)  Path(ns)    Netlist Resource(s)
  -------------------------------------------------------------------    -------------------
                         (clock sys_clk_pin rise edge)
                                                      0.000     0.000 r  <hidden>
    W5                                                0.000     0.000 r  clk
                         net (fo=0)                   0.000     0.000    clk
    W5                                                                r  clk_IBUF_inst/I
    W5                   IBUF (Prop_ibuf_I_O)         1.458     1.458 r  clk_IBUF_inst/O
                         net (fo=1, routed)           1.967     3.425    clk_IBUF
    BUFGCTRL_X0Y0                                                     r  clk_IBUF_BUFG_inst/I
    BUFGCTRL_X0Y0        BUFG (Prop_bufg_I_O)         0.096     3.521 r  clk_IBUF_BUFG_inst/O
                         net (fo=1713, routed)        1.629     5.150    cpu_inst/clk_IBUF_BUFG
    SLICE_X2Y17          FDRE                                         r  cpu_inst/id_ex_reg_reg[rs2][2]/C
  -------------------------------------------------------------------    -------------------
    SLICE_X2Y17          FDRE (Prop_fdre_C_Q)         0.518     5.668 r  cpu_inst/id_ex_reg_reg[rs2][2]/Q
                         net (fo=7, routed)           0.986     6.654    cpu_inst/dot4acc_pipeline_inst/id_ex_reg_reg[rs2][2]
    SLICE_X3Y14                                                       r  cpu_inst/dot4acc_pipeline_inst/product2_reg_reg_i_82/I2
    SLICE_X3Y14          LUT6 (Prop_lut6_I2_O)        0.124     6.778 r  cpu_inst/dot4acc_pipeline_inst/product2_reg_reg_i_82/O
                         net (fo=1, routed)           0.827     7.605    cpu_inst/dot4acc_pipeline_inst/product2_reg_reg_i_82_n_0
    SLICE_X7Y11                                                       r  cpu_inst/dot4acc_pipeline_inst/product2_reg_reg_i_59/I4
    SLICE_X7Y11          LUT5 (Prop_lut5_I4_O)        0.124     7.729 r  cpu_inst/dot4acc_pipeline_inst/product2_reg_reg_i_59/O
                         net (fo=32, routed)          1.182     8.912    cpu_inst/data_mem_inst/product0_reg_reg_1
    SLICE_X8Y20                                                       r  cpu_inst/data_mem_inst/product0_reg_reg_i_18/I1
    SLICE_X8Y20          LUT5 (Prop_lut5_I1_O)        0.124     9.036 r  cpu_inst/data_mem_inst/product0_reg_reg_i_18/O
                         net (fo=1, routed)           0.656     9.692    cpu_inst/dot4acc_pipeline_inst/product0_reg_reg_15
    SLICE_X9Y20                                                       r  cpu_inst/dot4acc_pipeline_inst/product0_reg_reg_i_1/I3
    SLICE_X9Y20          LUT5 (Prop_lut5_I3_O)        0.124     9.816 r  cpu_inst/dot4acc_pipeline_inst/product0_reg_reg_i_1/O
                         net (fo=28, routed)          1.303    11.119    cpu_inst/dot4acc_pipeline_inst/packed_b[6]
    SLICE_X7Y13                                                       r  cpu_inst/dot4acc_pipeline_inst/led_OBUF[12]_inst_i_16/I2
    SLICE_X7Y13          LUT6 (Prop_lut6_I2_O)        0.124    11.243 r  cpu_inst/dot4acc_pipeline_inst/led_OBUF[12]_inst_i_16/O
                         net (fo=1, routed)           0.000    11.243    cpu_inst/dot4acc_pipeline_inst/led_OBUF[12]_inst_i_16_n_0
    SLICE_X7Y13                                                       r  cpu_inst/dot4acc_pipeline_inst/led_OBUF[12]_inst_i_10/S[2]
    SLICE_X7Y13          CARRY4 (Prop_carry4_S[2]_CO[3])
                                                      0.398    11.641 r  cpu_inst/dot4acc_pipeline_inst/led_OBUF[12]_inst_i_10/CO[3]
                         net (fo=1, routed)           0.000    11.641    cpu_inst/dot4acc_pipeline_inst/led_OBUF[12]_inst_i_10_n_0
    SLICE_X7Y14                                                       r  cpu_inst/dot4acc_pipeline_inst/led_OBUF[12]_inst_i_6/CI
    SLICE_X7Y14          CARRY4 (Prop_carry4_CI_CO[3])
                                                      0.114    11.755 r  cpu_inst/dot4acc_pipeline_inst/led_OBUF[12]_inst_i_6/CO[3]
                         net (fo=1, routed)           0.000    11.755    cpu_inst/dot4acc_pipeline_inst/led_OBUF[12]_inst_i_6_n_0
    SLICE_X7Y15                                                       r  cpu_inst/dot4acc_pipeline_inst/led_OBUF[12]_inst_i_3/CI
    SLICE_X7Y15          CARRY4 (Prop_carry4_CI_CO[2])
                                                      0.228    11.983 f  cpu_inst/dot4acc_pipeline_inst/led_OBUF[12]_inst_i_3/CO[2]
                         net (fo=18, routed)          0.520    12.503    cpu_inst/dot4acc_pipeline_inst/ex_branch_taken073_in
    SLICE_X3Y16                                                       f  cpu_inst/dot4acc_pipeline_inst/product2_reg_reg_i_19/I2
    SLICE_X3Y16          LUT4 (Prop_lut4_I2_O)        0.313    12.816 f  cpu_inst/dot4acc_pipeline_inst/product2_reg_reg_i_19/O
                         net (fo=38, routed)          0.231    13.046    cpu_inst/dot4acc_pipeline_inst/product2_reg_reg_i_19_n_0
    SLICE_X3Y16                                                       f  cpu_inst/dot4acc_pipeline_inst/product2_reg_reg_i_1/I1
    SLICE_X3Y16          LUT6 (Prop_lut6_I1_O)        0.124    13.170 r  cpu_inst/dot4acc_pipeline_inst/product2_reg_reg_i_1/O
                         net (fo=56, routed)          0.652    13.822    cpu_inst/dot4acc_pipeline_inst/redirect_pending_valid_reg
    SLICE_X2Y19                                                       r  cpu_inst/dot4acc_pipeline_inst/dot_issue_reg[accumulator][31]_i_1/I4
    SLICE_X2Y19          LUT5 (Prop_lut5_I4_O)        0.124    13.946 r  cpu_inst/dot4acc_pipeline_inst/dot_issue_reg[accumulator][31]_i_1/O
                         net (fo=32, routed)          0.840    14.786    cpu_inst/dot4acc_pipeline_inst_n_41
    SLICE_X6Y22          FDRE                                         r  cpu_inst/dot_issue_reg_reg[accumulator][25]/R
  -------------------------------------------------------------------    -------------------

                         (clock sys_clk_pin rise edge)
                                                     10.101    10.101 r  <hidden>
    W5                                                0.000    10.101 r  clk
                         net (fo=0)                   0.000    10.101    clk
    W5                                                                r  clk_IBUF_inst/I
    W5                   IBUF (Prop_ibuf_I_O)         1.388    11.489 r  clk_IBUF_inst/O
                         net (fo=1, routed)           1.862    13.351    clk_IBUF
    BUFGCTRL_X0Y0                                                     r  clk_IBUF_BUFG_inst/I
    BUFGCTRL_X0Y0        BUFG (Prop_bufg_I_O)         0.091    13.442 r  clk_IBUF_BUFG_inst/O
                         net (fo=1713, routed)        1.503    14.945    cpu_inst/clk_IBUF_BUFG
    SLICE_X6Y22          FDRE                                         r  cpu_inst/dot_issue_reg_reg[accumulator][25]/C
                         clock pessimism              0.260    15.205    <hidden>
                         clock uncertainty           -0.035    15.170    <hidden>
    SLICE_X6Y22          FDRE (Setup_fdre_C_R)       -0.524    14.646    cpu_inst/dot_issue_reg_reg[accumulator][25]
  -------------------------------------------------------------------
                         required time                         14.646    <hidden>
                         arrival time                         -14.786    <hidden>
  -------------------------------------------------------------------
                         slack                                 -0.140    <hidden>

Slack (VIOLATED) :        -0.140ns  (required time - arrival time)
  Source:                 cpu_inst/id_ex_reg_reg[rs2][2]/C
                            (rising edge-triggered cell FDRE clocked by sys_clk_pin  {rise@0.000ns fall@5.051ns period=10.101ns})
  Destination:            cpu_inst/dot_issue_reg_reg[accumulator][5]/R
                            (rising edge-triggered cell FDRE clocked by sys_clk_pin  {rise@0.000ns fall@5.051ns period=10.101ns})
  Path Group:             sys_clk_pin
  Path Type:              Setup (Max at Slow Process Corner)
  Requirement:            10.101ns  (sys_clk_pin rise@10.101ns - sys_clk_pin rise@0.000ns)
  Data Path Delay:        9.636ns  (logic 2.439ns (25.311%)  route 7.197ns (74.689%))
  Logic Levels:           11  (CARRY4=3 LUT4=1 LUT5=4 LUT6=3)
  Clock Path Skew:        -0.046ns (DCD - SCD + CPR)
    Destination Clock Delay (DCD):    4.844ns = ( 14.945 - 10.101 ) 
    Source Clock Delay      (SCD):    5.150ns
    Clock Pessimism Removal (CPR):    0.260ns
  Clock Uncertainty:      0.035ns  ((TSJ^2 + TIJ^2)^1/2 + DJ) / 2 + PE
    Total System Jitter     (TSJ):    0.071ns
    Total Input Jitter      (TIJ):    0.000ns
    Discrete Jitter          (DJ):    0.000ns
    Phase Error              (PE):    0.000ns

    Location             Delay type                Incr(ns)  Path(ns)    Netlist Resource(s)
  -------------------------------------------------------------------    -------------------
                         (clock sys_clk_pin rise edge)
                                                      0.000     0.000 r  <hidden>
    W5                                                0.000     0.000 r  clk
                         net (fo=0)                   0.000     0.000    clk
    W5                                                                r  clk_IBUF_inst/I
    W5                   IBUF (Prop_ibuf_I_O)         1.458     1.458 r  clk_IBUF_inst/O
                         net (fo=1, routed)           1.967     3.425    clk_IBUF
    BUFGCTRL_X0Y0                                                     r  clk_IBUF_BUFG_inst/I
    BUFGCTRL_X0Y0        BUFG (Prop_bufg_I_O)         0.096     3.521 r  clk_IBUF_BUFG_inst/O
                         net (fo=1713, routed)        1.629     5.150    cpu_inst/clk_IBUF_BUFG
    SLICE_X2Y17          FDRE                                         r  cpu_inst/id_ex_reg_reg[rs2][2]/C
  -------------------------------------------------------------------    -------------------
    SLICE_X2Y17          FDRE (Prop_fdre_C_Q)         0.518     5.668 r  cpu_inst/id_ex_reg_reg[rs2][2]/Q
                         net (fo=7, routed)           0.986     6.654    cpu_inst/dot4acc_pipeline_inst/id_ex_reg_reg[rs2][2]
    SLICE_X3Y14                                                       r  cpu_inst/dot4acc_pipeline_inst/product2_reg_reg_i_82/I2
    SLICE_X3Y14          LUT6 (Prop_lut6_I2_O)        0.124     6.778 r  cpu_inst/dot4acc_pipeline_inst/product2_reg_reg_i_82/O
                         net (fo=1, routed)           0.827     7.605    cpu_inst/dot4acc_pipeline_inst/product2_reg_reg_i_82_n_0
    SLICE_X7Y11                                                       r  cpu_inst/dot4acc_pipeline_inst/product2_reg_reg_i_59/I4
    SLICE_X7Y11          LUT5 (Prop_lut5_I4_O)        0.124     7.729 r  cpu_inst/dot4acc_pipeline_inst/product2_reg_reg_i_59/O
                         net (fo=32, routed)          1.182     8.912    cpu_inst/data_mem_inst/product0_reg_reg_1
    SLICE_X8Y20                                                       r  cpu_inst/data_mem_inst/product0_reg_reg_i_18/I1
    SLICE_X8Y20          LUT5 (Prop_lut5_I1_O)        0.124     9.036 r  cpu_inst/data_mem_inst/product0_reg_reg_i_18/O
                         net (fo=1, routed)           0.656     9.692    cpu_inst/dot4acc_pipeline_inst/product0_reg_reg_15
    SLICE_X9Y20                                                       r  cpu_inst/dot4acc_pipeline_inst/product0_reg_reg_i_1/I3
    SLICE_X9Y20          LUT5 (Prop_lut5_I3_O)        0.124     9.816 r  cpu_inst/dot4acc_pipeline_inst/product0_reg_reg_i_1/O
                         net (fo=28, routed)          1.303    11.119    cpu_inst/dot4acc_pipeline_inst/packed_b[6]
    SLICE_X7Y13                                                       r  cpu_inst/dot4acc_pipeline_inst/led_OBUF[12]_inst_i_16/I2
    SLICE_X7Y13          LUT6 (Prop_lut6_I2_O)        0.124    11.243 r  cpu_inst/dot4acc_pipeline_inst/led_OBUF[12]_inst_i_16/O
                         net (fo=1, routed)           0.000    11.243    cpu_inst/dot4acc_pipeline_inst/led_OBUF[12]_inst_i_16_n_0
    SLICE_X7Y13                                                       r  cpu_inst/dot4acc_pipeline_inst/led_OBUF[12]_inst_i_10/S[2]
    SLICE_X7Y13          CARRY4 (Prop_carry4_S[2]_CO[3])
                                                      0.398    11.641 r  cpu_inst/dot4acc_pipeline_inst/led_OBUF[12]_inst_i_10/CO[3]
                         net (fo=1, routed)           0.000    11.641    cpu_inst/dot4acc_pipeline_inst/led_OBUF[12]_inst_i_10_n_0
    SLICE_X7Y14                                                       r  cpu_inst/dot4acc_pipeline_inst/led_OBUF[12]_inst_i_6/CI
    SLICE_X7Y14          CARRY4 (Prop_carry4_CI_CO[3])
                                                      0.114    11.755 r  cpu_inst/dot4acc_pipeline_inst/led_OBUF[12]_inst_i_6/CO[3]
                         net (fo=1, routed)           0.000    11.755    cpu_inst/dot4acc_pipeline_inst/led_OBUF[12]_inst_i_6_n_0
    SLICE_X7Y15                                                       r  cpu_inst/dot4acc_pipeline_inst/led_OBUF[12]_inst_i_3/CI
    SLICE_X7Y15          CARRY4 (Prop_carry4_CI_CO[2])
                                                      0.228    11.983 f  cpu_inst/dot4acc_pipeline_inst/led_OBUF[12]_inst_i_3/CO[2]
                         net (fo=18, routed)          0.520    12.503    cpu_inst/dot4acc_pipeline_inst/ex_branch_taken073_in
    SLICE_X3Y16                                                       f  cpu_inst/dot4acc_pipeline_inst/product2_reg_reg_i_19/I2
    SLICE_X3Y16          LUT4 (Prop_lut4_I2_O)        0.313    12.816 f  cpu_inst/dot4acc_pipeline_inst/product2_reg_reg_i_19/O
                         net (fo=38, routed)          0.231    13.046    cpu_inst/dot4acc_pipeline_inst/product2_reg_reg_i_19_n_0
    SLICE_X3Y16                                                       f  cpu_inst/dot4acc_pipeline_inst/product2_reg_reg_i_1/I1
    SLICE_X3Y16          LUT6 (Prop_lut6_I1_O)        0.124    13.170 r  cpu_inst/dot4acc_pipeline_inst/product2_reg_reg_i_1/O
                         net (fo=56, routed)          0.652    13.822    cpu_inst/dot4acc_pipeline_inst/redirect_pending_valid_reg
    SLICE_X2Y19                                                       r  cpu_inst/dot4acc_pipeline_inst/dot_issue_reg[accumulator][31]_i_1/I4
    SLICE_X2Y19          LUT5 (Prop_lut5_I4_O)        0.124    13.946 r  cpu_inst/dot4acc_pipeline_inst/dot_issue_reg[accumulator][31]_i_1/O
                         net (fo=32, routed)          0.840    14.786    cpu_inst/dot4acc_pipeline_inst_n_41
    SLICE_X6Y22          FDRE                                         r  cpu_inst/dot_issue_reg_reg[accumulator][5]/R
  -------------------------------------------------------------------    -------------------

                         (clock sys_clk_pin rise edge)
                                                     10.101    10.101 r  <hidden>
    W5                                                0.000    10.101 r  clk
                         net (fo=0)                   0.000    10.101    clk
    W5                                                                r  clk_IBUF_inst/I
    W5                   IBUF (Prop_ibuf_I_O)         1.388    11.489 r  clk_IBUF_inst/O
                         net (fo=1, routed)           1.862    13.351    clk_IBUF
    BUFGCTRL_X0Y0                                                     r  clk_IBUF_BUFG_inst/I
    BUFGCTRL_X0Y0        BUFG (Prop_bufg_I_O)         0.091    13.442 r  clk_IBUF_BUFG_inst/O
                         net (fo=1713, routed)        1.503    14.945    cpu_inst/clk_IBUF_BUFG
    SLICE_X6Y22          FDRE                                         r  cpu_inst/dot_issue_reg_reg[accumulator][5]/C
                         clock pessimism              0.260    15.205    <hidden>
                         clock uncertainty           -0.035    15.170    <hidden>
    SLICE_X6Y22          FDRE (Setup_fdre_C_R)       -0.524    14.646    cpu_inst/dot_issue_reg_reg[accumulator][5]
  -------------------------------------------------------------------
                         required time                         14.646    <hidden>
                         arrival time                         -14.786    <hidden>
  -------------------------------------------------------------------
                         slack                                 -0.140    <hidden>




