Copyright 1986-2022 Xilinx, Inc. All Rights Reserved. Copyright 2022-2026 Advanced Micro Devices, Inc. All Rights Reserved.
---------------------------------------------------------------------------------------------------------------------------------------------
| Tool Version : Vivado v.2026.1 (win64) Build 6511674 Tue Jun 16 11:02:23 MDT 2026
| Date         : Thu Aug 13 14:59:58 2026
| Host         : DESKTOP-4GB7DVJ running 64-bit major release  (build 9200)
| Command      : report_timing -max_paths 20 -sort_by group -file reports/vector_stage10a/stage10a_v3_worst_paths.rpt
| Design       : vector_dual_prefetch_program_core_synth_top
| Device       : 7a35t-cpg236
| Speed File   : -1  PRODUCTION 1.23 2018-06-13
| Design State : Routed
---------------------------------------------------------------------------------------------------------------------------------------------

Timing Report

Slack (MET) :             0.414ns  (required time - arrival time)
  Source:                 core/current_pc_reg[0]/C
                            (rising edge-triggered cell FDRE clocked by vector_dual_prefetch_clk  {rise@0.000ns fall@6.250ns period=12.500ns})
  Destination:            core/eu/vector_register_file_inst/regs_reg[5][96]/D
                            (rising edge-triggered cell FDRE clocked by vector_dual_prefetch_clk  {rise@0.000ns fall@6.250ns period=12.500ns})
  Path Group:             vector_dual_prefetch_clk
  Path Type:              Setup (Max at Slow Process Corner)
  Requirement:            12.500ns  (vector_dual_prefetch_clk rise@12.500ns - vector_dual_prefetch_clk rise@0.000ns)
  Data Path Delay:        11.991ns  (logic 3.346ns (27.905%)  route 8.645ns (72.095%))
  Logic Levels:           13  (CARRY4=2 LUT2=1 LUT3=1 LUT4=2 LUT5=1 LUT6=4 MUXF7=1 RAMD32=1)
  Clock Path Skew:        -0.032ns (DCD - SCD + CPR)
    Destination Clock Delay (DCD):    4.794ns = ( 17.294 - 12.500 ) 
    Source Clock Delay      (SCD):    5.086ns
    Clock Pessimism Removal (CPR):    0.260ns
  Clock Uncertainty:      0.035ns  ((TSJ^2 + TIJ^2)^1/2 + DJ) / 2 + PE
    Total System Jitter     (TSJ):    0.071ns
    Total Input Jitter      (TIJ):    0.000ns
    Discrete Jitter          (DJ):    0.000ns
    Phase Error              (PE):    0.000ns

    Location             Delay type                Incr(ns)  Path(ns)    Netlist Resource(s)
  -------------------------------------------------------------------    -------------------
                         (clock vector_dual_prefetch_clk rise edge)
                                                      0.000     0.000 r  <hidden>
    W5                                                0.000     0.000 r  clk
                         net (fo=0)                   0.000     0.000    clk
    W5                   IBUF (Prop_ibuf_I_O)         1.458     1.458 r  clk_IBUF_inst/O
                         net (fo=1, routed)           1.967     3.425    clk_IBUF
    BUFGCTRL_X0Y0        BUFG (Prop_bufg_I_O)         0.096     3.521 r  clk_IBUF_BUFG_inst/O
                         net (fo=1508, routed)        1.565     5.086    core/clk_IBUF_BUFG
    SLICE_X37Y5          FDRE                                         r  core/current_pc_reg[0]/C
  -------------------------------------------------------------------    -------------------
    SLICE_X37Y5          FDRE (Prop_fdre_C_Q)         0.456     5.542 r  core/current_pc_reg[0]/Q
                         net (fo=54, routed)          0.898     6.441    core/pim/memory_reg_0_15_12_15/ADDRA0
    SLICE_X38Y6          RAMD32 (Prop_ramd32_RADR0_O)
                                                      0.150     6.591 r  core/pim/memory_reg_0_15_12_15/RAMA/O
                         net (fo=15, routed)          0.870     7.461    core/pim/current_instruction[12]
    SLICE_X37Y5          LUT6 (Prop_lut6_I0_O)        0.328     7.789 r  core/pim/memory_reg_0_i_315/O
                         net (fo=2, routed)           0.463     8.253    core/pim/src_a[0]
    SLICE_X43Y6          LUT4 (Prop_lut4_I3_O)        0.124     8.377 r  core/pim/memory_reg_0_i_313/O
                         net (fo=128, routed)         1.691    10.068    core/eu/vector_register_file_inst/rf_read_addr_a[0]
    SLICE_X59Y17         LUT6 (Prop_lut6_I4_O)        0.124    10.192 r  core/eu/vector_register_file_inst/memory_reg_1_i_200/O
                         net (fo=3, routed)           0.455    10.647    core/eu/vector_register_file_inst/memory_reg_1_i_200_n_0
    SLICE_X59Y17         LUT6 (Prop_lut6_I5_O)        0.124    10.771 r  core/eu/vector_register_file_inst/memory_reg_1_i_100/O
                         net (fo=14, routed)          1.126    11.897    core/eu/vector_register_file_inst/debug_read_data[116]
    SLICE_X57Y10         LUT2 (Prop_lut2_I0_O)        0.124    12.021 r  core/eu/vector_register_file_inst/regs[0][116]_i_12/O
                         net (fo=4, routed)           0.754    12.775    core/eu/vector_register_file_inst/regs[0][119]_i_29_n_0
    SLICE_X56Y8          LUT3 (Prop_lut3_I0_O)        0.124    12.899 r  core/eu/vector_register_file_inst/regs[0][96]_i_46/O
                         net (fo=1, routed)           0.000    12.899    core/eu/vector_register_file_inst/regs[0][96]_i_46_n_0
    SLICE_X56Y8          CARRY4 (Prop_carry4_S[2]_CO[3])
                                                      0.380    13.279 r  core/eu/vector_register_file_inst/regs_reg[0][96]_i_31/CO[3]
                         net (fo=1, routed)           0.000    13.279    core/eu/vector_register_file_inst/regs_reg[0][96]_i_31_n_0
    SLICE_X56Y9          CARRY4 (Prop_carry4_CI_CO[2])
                                                      0.229    13.508 r  core/eu/vector_register_file_inst/regs_reg[0][96]_i_21/CO[2]
                         net (fo=1, routed)           1.011    14.519    core/eu/vector_register_file_inst/vector_alu_inst/data5
    SLICE_X55Y4          LUT4 (Prop_lut4_I0_O)        0.340    14.859 r  core/eu/vector_register_file_inst/regs[0][96]_i_11/O
                         net (fo=1, routed)           0.264    15.124    core/eu/vector_register_file_inst/regs[0][96]_i_11_n_0
    SLICE_X55Y4          LUT6 (Prop_lut6_I5_O)        0.327    15.451 r  core/eu/vector_register_file_inst/regs[0][96]_i_7/O
                         net (fo=1, routed)           0.000    15.451    core/eu/vector_register_file_inst/regs[0][96]_i_7_n_0
    SLICE_X55Y4          MUXF7 (Prop_muxf7_I1_O)      0.217    15.668 r  core/eu/vector_register_file_inst/regs_reg[0][96]_i_4/O
                         net (fo=1, routed)           0.436    16.104    core/pim/regs_reg[7][96]_0
    SLICE_X55Y4          LUT5 (Prop_lut5_I4_O)        0.299    16.403 r  core/pim/regs[0][96]_i_1/O
                         net (fo=8, routed)           0.674    17.077    core/eu/vector_register_file_inst/regs_reg[7][127]_0[96]
    SLICE_X56Y4          FDRE                                         r  core/eu/vector_register_file_inst/regs_reg[5][96]/D
  -------------------------------------------------------------------    -------------------

                         (clock vector_dual_prefetch_clk rise edge)
                                                     12.500    12.500 r  <hidden>
    W5                                                0.000    12.500 r  clk
                         net (fo=0)                   0.000    12.500    clk
    W5                   IBUF (Prop_ibuf_I_O)         1.388    13.888 r  clk_IBUF_inst/O
                         net (fo=1, routed)           1.862    15.750    clk_IBUF
    BUFGCTRL_X0Y0        BUFG (Prop_bufg_I_O)         0.091    15.841 r  clk_IBUF_BUFG_inst/O
                         net (fo=1508, routed)        1.453    17.294    core/eu/vector_register_file_inst/clk_IBUF_BUFG
    SLICE_X56Y4          FDRE                                         r  core/eu/vector_register_file_inst/regs_reg[5][96]/C
                         clock pessimism              0.260    17.554    <hidden>
                         clock uncertainty           -0.035    17.519    <hidden>
    SLICE_X56Y4          FDRE (Setup_fdre_C_D)       -0.028    17.491    core/eu/vector_register_file_inst/regs_reg[5][96]
  -------------------------------------------------------------------
                         required time                         17.491    <hidden>
                         arrival time                         -17.077    <hidden>
  -------------------------------------------------------------------
                         slack                                  0.414    <hidden>

Slack (MET) :             0.447ns  (required time - arrival time)
  Source:                 core/current_pc_reg[0]/C
                            (rising edge-triggered cell FDRE clocked by vector_dual_prefetch_clk  {rise@0.000ns fall@6.250ns period=12.500ns})
  Destination:            core/eu/vector_register_file_inst/regs_reg[5][115]/D
                            (rising edge-triggered cell FDRE clocked by vector_dual_prefetch_clk  {rise@0.000ns fall@6.250ns period=12.500ns})
  Path Group:             vector_dual_prefetch_clk
  Path Type:              Setup (Max at Slow Process Corner)
  Requirement:            12.500ns  (vector_dual_prefetch_clk rise@12.500ns - vector_dual_prefetch_clk rise@0.000ns)
  Data Path Delay:        11.982ns  (logic 2.176ns (18.161%)  route 9.806ns (81.839%))
  Logic Levels:           10  (LUT3=1 LUT4=2 LUT5=1 LUT6=5 RAMD32=1)
  Clock Path Skew:        0.031ns (DCD - SCD + CPR)
    Destination Clock Delay (DCD):    4.857ns = ( 17.357 - 12.500 ) 
    Source Clock Delay      (SCD):    5.086ns
    Clock Pessimism Removal (CPR):    0.260ns
  Clock Uncertainty:      0.035ns  ((TSJ^2 + TIJ^2)^1/2 + DJ) / 2 + PE
    Total System Jitter     (TSJ):    0.071ns
    Total Input Jitter      (TIJ):    0.000ns
    Discrete Jitter          (DJ):    0.000ns
    Phase Error              (PE):    0.000ns

    Location             Delay type                Incr(ns)  Path(ns)    Netlist Resource(s)
  -------------------------------------------------------------------    -------------------
                         (clock vector_dual_prefetch_clk rise edge)
                                                      0.000     0.000 r  <hidden>
    W5                                                0.000     0.000 r  clk
                         net (fo=0)                   0.000     0.000    clk
    W5                   IBUF (Prop_ibuf_I_O)         1.458     1.458 r  clk_IBUF_inst/O
                         net (fo=1, routed)           1.967     3.425    clk_IBUF
    BUFGCTRL_X0Y0        BUFG (Prop_bufg_I_O)         0.096     3.521 r  clk_IBUF_BUFG_inst/O
                         net (fo=1508, routed)        1.565     5.086    core/clk_IBUF_BUFG
    SLICE_X37Y5          FDRE                                         r  core/current_pc_reg[0]/C
  -------------------------------------------------------------------    -------------------
    SLICE_X37Y5          FDRE (Prop_fdre_C_Q)         0.456     5.542 r  core/current_pc_reg[0]/Q
                         net (fo=54, routed)          0.888     6.431    core/pim/memory_reg_0_15_12_15/ADDRB0
    SLICE_X38Y6          RAMD32 (Prop_ramd32_RADR0_O)
                                                      0.152     6.583 f  core/pim/memory_reg_0_15_12_15/RAMB/O
                         net (fo=39, routed)          0.930     7.513    core/pim/read_data[0]
    SLICE_X37Y7          LUT6 (Prop_lut6_I3_O)        0.348     7.861 r  core/pim/memory_reg_0_i_314/O
                         net (fo=2, routed)           0.506     8.367    core/pim/src_a[1]
    SLICE_X43Y12         LUT4 (Prop_lut4_I3_O)        0.124     8.491 r  core/pim/memory_reg_0_i_312/O
                         net (fo=128, routed)         1.406     9.897    core/eu/vector_register_file_inst/rf_read_addr_a[1]
    SLICE_X55Y3          LUT6 (Prop_lut6_I2_O)        0.124    10.021 r  core/eu/vector_register_file_inst/memory_reg_1_i_123/O
                         net (fo=3, routed)           0.415    10.437    core/eu/vector_register_file_inst/memory_reg_1_i_123_n_0
    SLICE_X54Y2          LUT6 (Prop_lut6_I4_O)        0.124    10.561 r  core/eu/vector_register_file_inst/memory_reg_1_i_62/O
                         net (fo=21, routed)          1.101    11.661    core/eu/vector_register_file_inst/debug_read_data[98]
    SLICE_X60Y4          LUT4 (Prop_lut4_I2_O)        0.148    11.809 r  core/eu/vector_register_file_inst/regs[0][117]_i_15/O
                         net (fo=1, routed)           1.159    12.968    core/eu/vector_register_file_inst/regs[0][117]_i_15_n_0
    SLICE_X61Y10         LUT5 (Prop_lut5_I0_O)        0.328    13.296 r  core/eu/vector_register_file_inst/regs[0][117]_i_12/O
                         net (fo=2, routed)           0.537    13.833    core/eu/vector_register_file_inst/regs[0][117]_i_12_n_0
    SLICE_X60Y10         LUT6 (Prop_lut6_I0_O)        0.124    13.957 r  core/eu/vector_register_file_inst/regs[0][115]_i_7/O
                         net (fo=1, routed)           1.160    15.117    core/eu/vector_register_file_inst/regs[0][115]_i_7_n_0
    SLICE_X48Y10         LUT3 (Prop_lut3_I0_O)        0.124    15.241 r  core/eu/vector_register_file_inst/regs[0][115]_i_4/O
                         net (fo=1, routed)           0.971    16.212    core/pim/regs_reg[7][115]_0
    SLICE_X61Y10         LUT6 (Prop_lut6_I5_O)        0.124    16.336 r  core/pim/regs[0][115]_i_1/O
                         net (fo=8, routed)           0.732    17.068    core/eu/vector_register_file_inst/regs_reg[7][127]_0[115]
    SLICE_X62Y11         FDRE                                         r  core/eu/vector_register_file_inst/regs_reg[5][115]/D
  -------------------------------------------------------------------    -------------------

                         (clock vector_dual_prefetch_clk rise edge)
                                                     12.500    12.500 r  <hidden>
    W5                                                0.000    12.500 r  clk
                         net (fo=0)                   0.000    12.500    clk
    W5                   IBUF (Prop_ibuf_I_O)         1.388    13.888 r  clk_IBUF_inst/O
                         net (fo=1, routed)           1.862    15.750    clk_IBUF
    BUFGCTRL_X0Y0        BUFG (Prop_bufg_I_O)         0.091    15.841 r  clk_IBUF_BUFG_inst/O
                         net (fo=1508, routed)        1.516    17.357    core/eu/vector_register_file_inst/clk_IBUF_BUFG
    SLICE_X62Y11         FDRE                                         r  core/eu/vector_register_file_inst/regs_reg[5][115]/C
                         clock pessimism              0.260    17.617    <hidden>
                         clock uncertainty           -0.035    17.582    <hidden>
    SLICE_X62Y11         FDRE (Setup_fdre_C_D)       -0.067    17.515    core/eu/vector_register_file_inst/regs_reg[5][115]
  -------------------------------------------------------------------
                         required time                         17.515    <hidden>
                         arrival time                         -17.068    <hidden>
  -------------------------------------------------------------------
                         slack                                  0.447    <hidden>

Slack (MET) :             0.449ns  (required time - arrival time)
  Source:                 core/current_pc_reg[0]/C
                            (rising edge-triggered cell FDRE clocked by vector_dual_prefetch_clk  {rise@0.000ns fall@6.250ns period=12.500ns})
  Destination:            core/eu/vector_register_file_inst/regs_reg[1][115]/D
                            (rising edge-triggered cell FDRE clocked by vector_dual_prefetch_clk  {rise@0.000ns fall@6.250ns period=12.500ns})
  Path Group:             vector_dual_prefetch_clk
  Path Type:              Setup (Max at Slow Process Corner)
  Requirement:            12.500ns  (vector_dual_prefetch_clk rise@12.500ns - vector_dual_prefetch_clk rise@0.000ns)
  Data Path Delay:        11.979ns  (logic 2.176ns (18.166%)  route 9.803ns (81.834%))
  Logic Levels:           10  (LUT3=1 LUT4=2 LUT5=1 LUT6=5 RAMD32=1)
  Clock Path Skew:        0.030ns (DCD - SCD + CPR)
    Destination Clock Delay (DCD):    4.856ns = ( 17.356 - 12.500 ) 
    Source Clock Delay      (SCD):    5.086ns
    Clock Pessimism Removal (CPR):    0.260ns
  Clock Uncertainty:      0.035ns  ((TSJ^2 + TIJ^2)^1/2 + DJ) / 2 + PE
    Total System Jitter     (TSJ):    0.071ns
    Total Input Jitter      (TIJ):    0.000ns
    Discrete Jitter          (DJ):    0.000ns
    Phase Error              (PE):    0.000ns

    Location             Delay type                Incr(ns)  Path(ns)    Netlist Resource(s)
  -------------------------------------------------------------------    -------------------
                         (clock vector_dual_prefetch_clk rise edge)
                                                      0.000     0.000 r  <hidden>
    W5                                                0.000     0.000 r  clk
                         net (fo=0)                   0.000     0.000    clk
    W5                   IBUF (Prop_ibuf_I_O)         1.458     1.458 r  clk_IBUF_inst/O
                         net (fo=1, routed)           1.967     3.425    clk_IBUF
    BUFGCTRL_X0Y0        BUFG (Prop_bufg_I_O)         0.096     3.521 r  clk_IBUF_BUFG_inst/O
                         net (fo=1508, routed)        1.565     5.086    core/clk_IBUF_BUFG
    SLICE_X37Y5          FDRE                                         r  core/current_pc_reg[0]/C
  -------------------------------------------------------------------    -------------------
    SLICE_X37Y5          FDRE (Prop_fdre_C_Q)         0.456     5.542 r  core/current_pc_reg[0]/Q
                         net (fo=54, routed)          0.888     6.431    core/pim/memory_reg_0_15_12_15/ADDRB0
    SLICE_X38Y6          RAMD32 (Prop_ramd32_RADR0_O)
                                                      0.152     6.583 f  core/pim/memory_reg_0_15_12_15/RAMB/O
                         net (fo=39, routed)          0.930     7.513    core/pim/read_data[0]
    SLICE_X37Y7          LUT6 (Prop_lut6_I3_O)        0.348     7.861 r  core/pim/memory_reg_0_i_314/O
                         net (fo=2, routed)           0.506     8.367    core/pim/src_a[1]
    SLICE_X43Y12         LUT4 (Prop_lut4_I3_O)        0.124     8.491 r  core/pim/memory_reg_0_i_312/O
                         net (fo=128, routed)         1.406     9.897    core/eu/vector_register_file_inst/rf_read_addr_a[1]
    SLICE_X55Y3          LUT6 (Prop_lut6_I2_O)        0.124    10.021 r  core/eu/vector_register_file_inst/memory_reg_1_i_123/O
                         net (fo=3, routed)           0.415    10.437    core/eu/vector_register_file_inst/memory_reg_1_i_123_n_0
    SLICE_X54Y2          LUT6 (Prop_lut6_I4_O)        0.124    10.561 r  core/eu/vector_register_file_inst/memory_reg_1_i_62/O
                         net (fo=21, routed)          1.101    11.661    core/eu/vector_register_file_inst/debug_read_data[98]
    SLICE_X60Y4          LUT4 (Prop_lut4_I2_O)        0.148    11.809 r  core/eu/vector_register_file_inst/regs[0][117]_i_15/O
                         net (fo=1, routed)           1.159    12.968    core/eu/vector_register_file_inst/regs[0][117]_i_15_n_0
    SLICE_X61Y10         LUT5 (Prop_lut5_I0_O)        0.328    13.296 r  core/eu/vector_register_file_inst/regs[0][117]_i_12/O
                         net (fo=2, routed)           0.537    13.833    core/eu/vector_register_file_inst/regs[0][117]_i_12_n_0
    SLICE_X60Y10         LUT6 (Prop_lut6_I0_O)        0.124    13.957 r  core/eu/vector_register_file_inst/regs[0][115]_i_7/O
                         net (fo=1, routed)           1.160    15.117    core/eu/vector_register_file_inst/regs[0][115]_i_7_n_0
    SLICE_X48Y10         LUT3 (Prop_lut3_I0_O)        0.124    15.241 r  core/eu/vector_register_file_inst/regs[0][115]_i_4/O
                         net (fo=1, routed)           0.971    16.212    core/pim/regs_reg[7][115]_0
    SLICE_X61Y10         LUT6 (Prop_lut6_I5_O)        0.124    16.336 r  core/pim/regs[0][115]_i_1/O
                         net (fo=8, routed)           0.728    17.065    core/eu/vector_register_file_inst/regs_reg[7][127]_0[115]
    SLICE_X63Y12         FDRE                                         r  core/eu/vector_register_file_inst/regs_reg[1][115]/D
  -------------------------------------------------------------------    -------------------

                         (clock vector_dual_prefetch_clk rise edge)
                                                     12.500    12.500 r  <hidden>
    W5                                                0.000    12.500 r  clk
                         net (fo=0)                   0.000    12.500    clk
    W5                   IBUF (Prop_ibuf_I_O)         1.388    13.888 r  clk_IBUF_inst/O
                         net (fo=1, routed)           1.862    15.750    clk_IBUF
    BUFGCTRL_X0Y0        BUFG (Prop_bufg_I_O)         0.091    15.841 r  clk_IBUF_BUFG_inst/O
                         net (fo=1508, routed)        1.515    17.356    core/eu/vector_register_file_inst/clk_IBUF_BUFG
    SLICE_X63Y12         FDRE                                         r  core/eu/vector_register_file_inst/regs_reg[1][115]/C
                         clock pessimism              0.260    17.616    <hidden>
                         clock uncertainty           -0.035    17.581    <hidden>
    SLICE_X63Y12         FDRE (Setup_fdre_C_D)       -0.067    17.514    core/eu/vector_register_file_inst/regs_reg[1][115]
  -------------------------------------------------------------------
                         required time                         17.514    <hidden>
                         arrival time                         -17.065    <hidden>
  -------------------------------------------------------------------
                         slack                                  0.449    <hidden>

Slack (MET) :             0.457ns  (required time - arrival time)
  Source:                 core/current_pc_reg[0]/C
                            (rising edge-triggered cell FDRE clocked by vector_dual_prefetch_clk  {rise@0.000ns fall@6.250ns period=12.500ns})
  Destination:            core/eu/vector_register_file_inst/regs_reg[3][115]/D
                            (rising edge-triggered cell FDRE clocked by vector_dual_prefetch_clk  {rise@0.000ns fall@6.250ns period=12.500ns})
  Path Group:             vector_dual_prefetch_clk
  Path Type:              Setup (Max at Slow Process Corner)
  Requirement:            12.500ns  (vector_dual_prefetch_clk rise@12.500ns - vector_dual_prefetch_clk rise@0.000ns)
  Data Path Delay:        11.955ns  (logic 2.176ns (18.201%)  route 9.779ns (81.799%))
  Logic Levels:           10  (LUT3=1 LUT4=2 LUT5=1 LUT6=5 RAMD32=1)
  Clock Path Skew:        0.029ns (DCD - SCD + CPR)
    Destination Clock Delay (DCD):    4.855ns = ( 17.355 - 12.500 ) 
    Source Clock Delay      (SCD):    5.086ns
    Clock Pessimism Removal (CPR):    0.260ns
  Clock Uncertainty:      0.035ns  ((TSJ^2 + TIJ^2)^1/2 + DJ) / 2 + PE
    Total System Jitter     (TSJ):    0.071ns
    Total Input Jitter      (TIJ):    0.000ns
    Discrete Jitter          (DJ):    0.000ns
    Phase Error              (PE):    0.000ns

    Location             Delay type                Incr(ns)  Path(ns)    Netlist Resource(s)
  -------------------------------------------------------------------    -------------------
                         (clock vector_dual_prefetch_clk rise edge)
                                                      0.000     0.000 r  <hidden>
    W5                                                0.000     0.000 r  clk
                         net (fo=0)                   0.000     0.000    clk
    W5                   IBUF (Prop_ibuf_I_O)         1.458     1.458 r  clk_IBUF_inst/O
                         net (fo=1, routed)           1.967     3.425    clk_IBUF
    BUFGCTRL_X0Y0        BUFG (Prop_bufg_I_O)         0.096     3.521 r  clk_IBUF_BUFG_inst/O
                         net (fo=1508, routed)        1.565     5.086    core/clk_IBUF_BUFG
    SLICE_X37Y5          FDRE                                         r  core/current_pc_reg[0]/C
  -------------------------------------------------------------------    -------------------
    SLICE_X37Y5          FDRE (Prop_fdre_C_Q)         0.456     5.542 r  core/current_pc_reg[0]/Q
                         net (fo=54, routed)          0.888     6.431    core/pim/memory_reg_0_15_12_15/ADDRB0
    SLICE_X38Y6          RAMD32 (Prop_ramd32_RADR0_O)
                                                      0.152     6.583 f  core/pim/memory_reg_0_15_12_15/RAMB/O
                         net (fo=39, routed)          0.930     7.513    core/pim/read_data[0]
    SLICE_X37Y7          LUT6 (Prop_lut6_I3_O)        0.348     7.861 r  core/pim/memory_reg_0_i_314/O
                         net (fo=2, routed)           0.506     8.367    core/pim/src_a[1]
    SLICE_X43Y12         LUT4 (Prop_lut4_I3_O)        0.124     8.491 r  core/pim/memory_reg_0_i_312/O
                         net (fo=128, routed)         1.406     9.897    core/eu/vector_register_file_inst/rf_read_addr_a[1]
    SLICE_X55Y3          LUT6 (Prop_lut6_I2_O)        0.124    10.021 r  core/eu/vector_register_file_inst/memory_reg_1_i_123/O
                         net (fo=3, routed)           0.415    10.437    core/eu/vector_register_file_inst/memory_reg_1_i_123_n_0
    SLICE_X54Y2          LUT6 (Prop_lut6_I4_O)        0.124    10.561 r  core/eu/vector_register_file_inst/memory_reg_1_i_62/O
                         net (fo=21, routed)          1.101    11.661    core/eu/vector_register_file_inst/debug_read_data[98]
    SLICE_X60Y4          LUT4 (Prop_lut4_I2_O)        0.148    11.809 r  core/eu/vector_register_file_inst/regs[0][117]_i_15/O
                         net (fo=1, routed)           1.159    12.968    core/eu/vector_register_file_inst/regs[0][117]_i_15_n_0
    SLICE_X61Y10         LUT5 (Prop_lut5_I0_O)        0.328    13.296 r  core/eu/vector_register_file_inst/regs[0][117]_i_12/O
                         net (fo=2, routed)           0.537    13.833    core/eu/vector_register_file_inst/regs[0][117]_i_12_n_0
    SLICE_X60Y10         LUT6 (Prop_lut6_I0_O)        0.124    13.957 r  core/eu/vector_register_file_inst/regs[0][115]_i_7/O
                         net (fo=1, routed)           1.160    15.117    core/eu/vector_register_file_inst/regs[0][115]_i_7_n_0
    SLICE_X48Y10         LUT3 (Prop_lut3_I0_O)        0.124    15.241 r  core/eu/vector_register_file_inst/regs[0][115]_i_4/O
                         net (fo=1, routed)           0.971    16.212    core/pim/regs_reg[7][115]_0
    SLICE_X61Y10         LUT6 (Prop_lut6_I5_O)        0.124    16.336 r  core/pim/regs[0][115]_i_1/O
                         net (fo=8, routed)           0.705    17.042    core/eu/vector_register_file_inst/regs_reg[7][127]_0[115]
    SLICE_X62Y13         FDRE                                         r  core/eu/vector_register_file_inst/regs_reg[3][115]/D
  -------------------------------------------------------------------    -------------------

                         (clock vector_dual_prefetch_clk rise edge)
                                                     12.500    12.500 r  <hidden>
    W5                                                0.000    12.500 r  clk
                         net (fo=0)                   0.000    12.500    clk
    W5                   IBUF (Prop_ibuf_I_O)         1.388    13.888 r  clk_IBUF_inst/O
                         net (fo=1, routed)           1.862    15.750    clk_IBUF
    BUFGCTRL_X0Y0        BUFG (Prop_bufg_I_O)         0.091    15.841 r  clk_IBUF_BUFG_inst/O
                         net (fo=1508, routed)        1.514    17.355    core/eu/vector_register_file_inst/clk_IBUF_BUFG
    SLICE_X62Y13         FDRE                                         r  core/eu/vector_register_file_inst/regs_reg[3][115]/C
                         clock pessimism              0.260    17.615    <hidden>
                         clock uncertainty           -0.035    17.580    <hidden>
    SLICE_X62Y13         FDRE (Setup_fdre_C_D)       -0.081    17.499    core/eu/vector_register_file_inst/regs_reg[3][115]
  -------------------------------------------------------------------
                         required time                         17.499    <hidden>
                         arrival time                         -17.042    <hidden>
  -------------------------------------------------------------------
                         slack                                  0.457    <hidden>

Slack (MET) :             0.478ns  (required time - arrival time)
  Source:                 core/current_pc_reg[0]/C
                            (rising edge-triggered cell FDRE clocked by vector_dual_prefetch_clk  {rise@0.000ns fall@6.250ns period=12.500ns})
  Destination:            core/eu/vector_register_file_inst/regs_reg[0][41]/D
                            (rising edge-triggered cell FDRE clocked by vector_dual_prefetch_clk  {rise@0.000ns fall@6.250ns period=12.500ns})
  Path Group:             vector_dual_prefetch_clk
  Path Type:              Setup (Max at Slow Process Corner)
  Requirement:            12.500ns  (vector_dual_prefetch_clk rise@12.500ns - vector_dual_prefetch_clk rise@0.000ns)
  Data Path Delay:        11.893ns  (logic 2.414ns (20.297%)  route 9.479ns (79.702%))
  Logic Levels:           10  (LUT3=2 LUT4=1 LUT5=1 LUT6=5 RAMD32=1)
  Clock Path Skew:        -0.049ns (DCD - SCD + CPR)
    Destination Clock Delay (DCD):    4.777ns = ( 17.277 - 12.500 ) 
    Source Clock Delay      (SCD):    5.086ns
    Clock Pessimism Removal (CPR):    0.260ns
  Clock Uncertainty:      0.035ns  ((TSJ^2 + TIJ^2)^1/2 + DJ) / 2 + PE
    Total System Jitter     (TSJ):    0.071ns
    Total Input Jitter      (TIJ):    0.000ns
    Discrete Jitter          (DJ):    0.000ns
    Phase Error              (PE):    0.000ns

    Location             Delay type                Incr(ns)  Path(ns)    Netlist Resource(s)
  -------------------------------------------------------------------    -------------------
                         (clock vector_dual_prefetch_clk rise edge)
                                                      0.000     0.000 r  <hidden>
    W5                                                0.000     0.000 r  clk
                         net (fo=0)                   0.000     0.000    clk
    W5                   IBUF (Prop_ibuf_I_O)         1.458     1.458 r  clk_IBUF_inst/O
                         net (fo=1, routed)           1.967     3.425    clk_IBUF
    BUFGCTRL_X0Y0        BUFG (Prop_bufg_I_O)         0.096     3.521 r  clk_IBUF_BUFG_inst/O
                         net (fo=1508, routed)        1.565     5.086    core/clk_IBUF_BUFG
    SLICE_X37Y5          FDRE                                         r  core/current_pc_reg[0]/C
  -------------------------------------------------------------------    -------------------
    SLICE_X37Y5          FDRE (Prop_fdre_C_Q)         0.456     5.542 r  core/current_pc_reg[0]/Q
                         net (fo=54, routed)          0.888     6.431    core/pim/memory_reg_0_15_12_15/ADDRB0
    SLICE_X38Y6          RAMD32 (Prop_ramd32_RADR0_O)
                                                      0.152     6.583 f  core/pim/memory_reg_0_15_12_15/RAMB/O
                         net (fo=39, routed)          0.930     7.513    core/pim/read_data[0]
    SLICE_X37Y7          LUT6 (Prop_lut6_I3_O)        0.348     7.861 r  core/pim/memory_reg_0_i_314/O
                         net (fo=2, routed)           0.511     8.372    core/pim/src_a[1]
    SLICE_X45Y11         LUT4 (Prop_lut4_I3_O)        0.124     8.496 r  core/pim/memory_reg_0_i_310/O
                         net (fo=128, routed)         1.480     9.977    core/eu/vector_register_file_inst/regs[0][3]_i_19_0
    SLICE_X42Y33         LUT6 (Prop_lut6_I2_O)        0.124    10.101 r  core/eu/vector_register_file_inst/memory_reg_0_i_233/O
                         net (fo=3, routed)           0.452    10.553    core/eu/vector_register_file_inst/memory_reg_0_i_233_n_0
    SLICE_X47Y33         LUT6 (Prop_lut6_I5_O)        0.124    10.677 r  core/eu/vector_register_file_inst/memory_reg_0_i_125/O
                         net (fo=17, routed)          1.265    11.942    core/eu/vector_register_file_inst/debug_read_data[62]
    SLICE_X48Y32         LUT3 (Prop_lut3_I0_O)        0.152    12.094 r  core/eu/vector_register_file_inst/regs[0][61]_i_11/O
                         net (fo=9, routed)           1.255    13.349    core/eu/vector_register_file_inst/regs[0][61]_i_11_n_0
    SLICE_X58Y31         LUT5 (Prop_lut5_I0_O)        0.354    13.703 r  core/eu/vector_register_file_inst/regs[0][57]_i_11/O
                         net (fo=2, routed)           0.641    14.345    core/eu/vector_register_file_inst/regs[0][57]_i_11_n_0
    SLICE_X58Y31         LUT3 (Prop_lut3_I0_O)        0.332    14.677 r  core/eu/vector_register_file_inst/regs[0][41]_i_6/O
                         net (fo=2, routed)           0.649    15.325    core/eu/vector_register_file_inst/regs[0][41]_i_6_n_0
    SLICE_X57Y30         LUT6 (Prop_lut6_I2_O)        0.124    15.449 r  core/eu/vector_register_file_inst/regs[0][41]_i_3/O
                         net (fo=1, routed)           0.694    16.143    core/pim/regs_reg[7][41]
    SLICE_X59Y25         LUT6 (Prop_lut6_I2_O)        0.124    16.267 r  core/pim/regs[0][41]_i_1/O
                         net (fo=8, routed)           0.712    16.979    core/eu/vector_register_file_inst/regs_reg[7][127]_0[41]
    SLICE_X56Y25         FDRE                                         r  core/eu/vector_register_file_inst/regs_reg[0][41]/D
  -------------------------------------------------------------------    -------------------

                         (clock vector_dual_prefetch_clk rise edge)
                                                     12.500    12.500 r  <hidden>
    W5                                                0.000    12.500 r  clk
                         net (fo=0)                   0.000    12.500    clk
    W5                   IBUF (Prop_ibuf_I_O)         1.388    13.888 r  clk_IBUF_inst/O
                         net (fo=1, routed)           1.862    15.750    clk_IBUF
    BUFGCTRL_X0Y0        BUFG (Prop_bufg_I_O)         0.091    15.841 r  clk_IBUF_BUFG_inst/O
                         net (fo=1508, routed)        1.436    17.277    core/eu/vector_register_file_inst/clk_IBUF_BUFG
    SLICE_X56Y25         FDRE                                         r  core/eu/vector_register_file_inst/regs_reg[0][41]/C
                         clock pessimism              0.260    17.537    <hidden>
                         clock uncertainty           -0.035    17.502    <hidden>
    SLICE_X56Y25         FDRE (Setup_fdre_C_D)       -0.045    17.457    core/eu/vector_register_file_inst/regs_reg[0][41]
  -------------------------------------------------------------------
                         required time                         17.457    <hidden>
                         arrival time                         -16.979    <hidden>
  -------------------------------------------------------------------
                         slack                                  0.478    <hidden>

Slack (MET) :             0.485ns  (required time - arrival time)
  Source:                 core/current_pc_reg[0]/C
                            (rising edge-triggered cell FDRE clocked by vector_dual_prefetch_clk  {rise@0.000ns fall@6.250ns period=12.500ns})
  Destination:            core/eu/vector_register_file_inst/regs_reg[6][96]/D
                            (rising edge-triggered cell FDRE clocked by vector_dual_prefetch_clk  {rise@0.000ns fall@6.250ns period=12.500ns})
  Path Group:             vector_dual_prefetch_clk
  Path Type:              Setup (Max at Slow Process Corner)
  Requirement:            12.500ns  (vector_dual_prefetch_clk rise@12.500ns - vector_dual_prefetch_clk rise@0.000ns)
  Data Path Delay:        11.865ns  (logic 3.346ns (28.200%)  route 8.519ns (71.800%))
  Logic Levels:           13  (CARRY4=2 LUT2=1 LUT3=1 LUT4=2 LUT5=1 LUT6=4 MUXF7=1 RAMD32=1)
  Clock Path Skew:        -0.033ns (DCD - SCD + CPR)
    Destination Clock Delay (DCD):    4.793ns = ( 17.293 - 12.500 ) 
    Source Clock Delay      (SCD):    5.086ns
    Clock Pessimism Removal (CPR):    0.260ns
  Clock Uncertainty:      0.035ns  ((TSJ^2 + TIJ^2)^1/2 + DJ) / 2 + PE
    Total System Jitter     (TSJ):    0.071ns
    Total Input Jitter      (TIJ):    0.000ns
    Discrete Jitter          (DJ):    0.000ns
    Phase Error              (PE):    0.000ns

    Location             Delay type                Incr(ns)  Path(ns)    Netlist Resource(s)
  -------------------------------------------------------------------    -------------------
                         (clock vector_dual_prefetch_clk rise edge)
                                                      0.000     0.000 r  <hidden>
    W5                                                0.000     0.000 r  clk
                         net (fo=0)                   0.000     0.000    clk
    W5                   IBUF (Prop_ibuf_I_O)         1.458     1.458 r  clk_IBUF_inst/O
                         net (fo=1, routed)           1.967     3.425    clk_IBUF
    BUFGCTRL_X0Y0        BUFG (Prop_bufg_I_O)         0.096     3.521 r  clk_IBUF_BUFG_inst/O
                         net (fo=1508, routed)        1.565     5.086    core/clk_IBUF_BUFG
    SLICE_X37Y5          FDRE                                         r  core/current_pc_reg[0]/C
  -------------------------------------------------------------------    -------------------
    SLICE_X37Y5          FDRE (Prop_fdre_C_Q)         0.456     5.542 r  core/current_pc_reg[0]/Q
                         net (fo=54, routed)          0.898     6.441    core/pim/memory_reg_0_15_12_15/ADDRA0
    SLICE_X38Y6          RAMD32 (Prop_ramd32_RADR0_O)
                                                      0.150     6.591 r  core/pim/memory_reg_0_15_12_15/RAMA/O
                         net (fo=15, routed)          0.870     7.461    core/pim/current_instruction[12]
    SLICE_X37Y5          LUT6 (Prop_lut6_I0_O)        0.328     7.789 r  core/pim/memory_reg_0_i_315/O
                         net (fo=2, routed)           0.463     8.253    core/pim/src_a[0]
    SLICE_X43Y6          LUT4 (Prop_lut4_I3_O)        0.124     8.377 r  core/pim/memory_reg_0_i_313/O
                         net (fo=128, routed)         1.691    10.068    core/eu/vector_register_file_inst/rf_read_addr_a[0]
    SLICE_X59Y17         LUT6 (Prop_lut6_I4_O)        0.124    10.192 r  core/eu/vector_register_file_inst/memory_reg_1_i_200/O
                         net (fo=3, routed)           0.455    10.647    core/eu/vector_register_file_inst/memory_reg_1_i_200_n_0
    SLICE_X59Y17         LUT6 (Prop_lut6_I5_O)        0.124    10.771 r  core/eu/vector_register_file_inst/memory_reg_1_i_100/O
                         net (fo=14, routed)          1.126    11.897    core/eu/vector_register_file_inst/debug_read_data[116]
    SLICE_X57Y10         LUT2 (Prop_lut2_I0_O)        0.124    12.021 r  core/eu/vector_register_file_inst/regs[0][116]_i_12/O
                         net (fo=4, routed)           0.754    12.775    core/eu/vector_register_file_inst/regs[0][119]_i_29_n_0
    SLICE_X56Y8          LUT3 (Prop_lut3_I0_O)        0.124    12.899 r  core/eu/vector_register_file_inst/regs[0][96]_i_46/O
                         net (fo=1, routed)           0.000    12.899    core/eu/vector_register_file_inst/regs[0][96]_i_46_n_0
    SLICE_X56Y8          CARRY4 (Prop_carry4_S[2]_CO[3])
                                                      0.380    13.279 r  core/eu/vector_register_file_inst/regs_reg[0][96]_i_31/CO[3]
                         net (fo=1, routed)           0.000    13.279    core/eu/vector_register_file_inst/regs_reg[0][96]_i_31_n_0
    SLICE_X56Y9          CARRY4 (Prop_carry4_CI_CO[2])
                                                      0.229    13.508 r  core/eu/vector_register_file_inst/regs_reg[0][96]_i_21/CO[2]
                         net (fo=1, routed)           1.011    14.519    core/eu/vector_register_file_inst/vector_alu_inst/data5
    SLICE_X55Y4          LUT4 (Prop_lut4_I0_O)        0.340    14.859 r  core/eu/vector_register_file_inst/regs[0][96]_i_11/O
                         net (fo=1, routed)           0.264    15.124    core/eu/vector_register_file_inst/regs[0][96]_i_11_n_0
    SLICE_X55Y4          LUT6 (Prop_lut6_I5_O)        0.327    15.451 r  core/eu/vector_register_file_inst/regs[0][96]_i_7/O
                         net (fo=1, routed)           0.000    15.451    core/eu/vector_register_file_inst/regs[0][96]_i_7_n_0
    SLICE_X55Y4          MUXF7 (Prop_muxf7_I1_O)      0.217    15.668 r  core/eu/vector_register_file_inst/regs_reg[0][96]_i_4/O
                         net (fo=1, routed)           0.436    16.104    core/pim/regs_reg[7][96]_0
    SLICE_X55Y4          LUT5 (Prop_lut5_I4_O)        0.299    16.403 r  core/pim/regs[0][96]_i_1/O
                         net (fo=8, routed)           0.549    16.952    core/eu/vector_register_file_inst/regs_reg[7][127]_0[96]
    SLICE_X53Y4          FDRE                                         r  core/eu/vector_register_file_inst/regs_reg[6][96]/D
  -------------------------------------------------------------------    -------------------

                         (clock vector_dual_prefetch_clk rise edge)
                                                     12.500    12.500 r  <hidden>
    W5                                                0.000    12.500 r  clk
                         net (fo=0)                   0.000    12.500    clk
    W5                   IBUF (Prop_ibuf_I_O)         1.388    13.888 r  clk_IBUF_inst/O
                         net (fo=1, routed)           1.862    15.750    clk_IBUF
    BUFGCTRL_X0Y0        BUFG (Prop_bufg_I_O)         0.091    15.841 r  clk_IBUF_BUFG_inst/O
                         net (fo=1508, routed)        1.452    17.293    core/eu/vector_register_file_inst/clk_IBUF_BUFG
    SLICE_X53Y4          FDRE                                         r  core/eu/vector_register_file_inst/regs_reg[6][96]/C
                         clock pessimism              0.260    17.553    <hidden>
                         clock uncertainty           -0.035    17.518    <hidden>
    SLICE_X53Y4          FDRE (Setup_fdre_C_D)       -0.081    17.437    core/eu/vector_register_file_inst/regs_reg[6][96]
  -------------------------------------------------------------------
                         required time                         17.437    <hidden>
                         arrival time                         -16.952    <hidden>
  -------------------------------------------------------------------
                         slack                                  0.485    <hidden>

Slack (MET) :             0.494ns  (required time - arrival time)
  Source:                 core/current_pc_reg[0]/C
                            (rising edge-triggered cell FDRE clocked by vector_dual_prefetch_clk  {rise@0.000ns fall@6.250ns period=12.500ns})
  Destination:            core/eu/vector_register_file_inst/regs_reg[2][115]/D
                            (rising edge-triggered cell FDRE clocked by vector_dual_prefetch_clk  {rise@0.000ns fall@6.250ns period=12.500ns})
  Path Group:             vector_dual_prefetch_clk
  Path Type:              Setup (Max at Slow Process Corner)
  Requirement:            12.500ns  (vector_dual_prefetch_clk rise@12.500ns - vector_dual_prefetch_clk rise@0.000ns)
  Data Path Delay:        11.931ns  (logic 2.176ns (18.237%)  route 9.755ns (81.762%))
  Logic Levels:           10  (LUT3=1 LUT4=2 LUT5=1 LUT6=5 RAMD32=1)
  Clock Path Skew:        0.028ns (DCD - SCD + CPR)
    Destination Clock Delay (DCD):    4.854ns = ( 17.354 - 12.500 ) 
    Source Clock Delay      (SCD):    5.086ns
    Clock Pessimism Removal (CPR):    0.260ns
  Clock Uncertainty:      0.035ns  ((TSJ^2 + TIJ^2)^1/2 + DJ) / 2 + PE
    Total System Jitter     (TSJ):    0.071ns
    Total Input Jitter      (TIJ):    0.000ns
    Discrete Jitter          (DJ):    0.000ns
    Phase Error              (PE):    0.000ns

    Location             Delay type                Incr(ns)  Path(ns)    Netlist Resource(s)
  -------------------------------------------------------------------    -------------------
                         (clock vector_dual_prefetch_clk rise edge)
                                                      0.000     0.000 r  <hidden>
    W5                                                0.000     0.000 r  clk
                         net (fo=0)                   0.000     0.000    clk
    W5                   IBUF (Prop_ibuf_I_O)         1.458     1.458 r  clk_IBUF_inst/O
                         net (fo=1, routed)           1.967     3.425    clk_IBUF
    BUFGCTRL_X0Y0        BUFG (Prop_bufg_I_O)         0.096     3.521 r  clk_IBUF_BUFG_inst/O
                         net (fo=1508, routed)        1.565     5.086    core/clk_IBUF_BUFG
    SLICE_X37Y5          FDRE                                         r  core/current_pc_reg[0]/C
  -------------------------------------------------------------------    -------------------
    SLICE_X37Y5          FDRE (Prop_fdre_C_Q)         0.456     5.542 r  core/current_pc_reg[0]/Q
                         net (fo=54, routed)          0.888     6.431    core/pim/memory_reg_0_15_12_15/ADDRB0
    SLICE_X38Y6          RAMD32 (Prop_ramd32_RADR0_O)
                                                      0.152     6.583 f  core/pim/memory_reg_0_15_12_15/RAMB/O
                         net (fo=39, routed)          0.930     7.513    core/pim/read_data[0]
    SLICE_X37Y7          LUT6 (Prop_lut6_I3_O)        0.348     7.861 r  core/pim/memory_reg_0_i_314/O
                         net (fo=2, routed)           0.506     8.367    core/pim/src_a[1]
    SLICE_X43Y12         LUT4 (Prop_lut4_I3_O)        0.124     8.491 r  core/pim/memory_reg_0_i_312/O
                         net (fo=128, routed)         1.406     9.897    core/eu/vector_register_file_inst/rf_read_addr_a[1]
    SLICE_X55Y3          LUT6 (Prop_lut6_I2_O)        0.124    10.021 r  core/eu/vector_register_file_inst/memory_reg_1_i_123/O
                         net (fo=3, routed)           0.415    10.437    core/eu/vector_register_file_inst/memory_reg_1_i_123_n_0
    SLICE_X54Y2          LUT6 (Prop_lut6_I4_O)        0.124    10.561 r  core/eu/vector_register_file_inst/memory_reg_1_i_62/O
                         net (fo=21, routed)          1.101    11.661    core/eu/vector_register_file_inst/debug_read_data[98]
    SLICE_X60Y4          LUT4 (Prop_lut4_I2_O)        0.148    11.809 r  core/eu/vector_register_file_inst/regs[0][117]_i_15/O
                         net (fo=1, routed)           1.159    12.968    core/eu/vector_register_file_inst/regs[0][117]_i_15_n_0
    SLICE_X61Y10         LUT5 (Prop_lut5_I0_O)        0.328    13.296 r  core/eu/vector_register_file_inst/regs[0][117]_i_12/O
                         net (fo=2, routed)           0.537    13.833    core/eu/vector_register_file_inst/regs[0][117]_i_12_n_0
    SLICE_X60Y10         LUT6 (Prop_lut6_I0_O)        0.124    13.957 r  core/eu/vector_register_file_inst/regs[0][115]_i_7/O
                         net (fo=1, routed)           1.160    15.117    core/eu/vector_register_file_inst/regs[0][115]_i_7_n_0
    SLICE_X48Y10         LUT3 (Prop_lut3_I0_O)        0.124    15.241 r  core/eu/vector_register_file_inst/regs[0][115]_i_4/O
                         net (fo=1, routed)           0.971    16.212    core/pim/regs_reg[7][115]_0
    SLICE_X61Y10         LUT6 (Prop_lut6_I5_O)        0.124    16.336 r  core/pim/regs[0][115]_i_1/O
                         net (fo=8, routed)           0.681    17.018    core/eu/vector_register_file_inst/regs_reg[7][127]_0[115]
    SLICE_X61Y13         FDRE                                         r  core/eu/vector_register_file_inst/regs_reg[2][115]/D
  -------------------------------------------------------------------    -------------------

                         (clock vector_dual_prefetch_clk rise edge)
                                                     12.500    12.500 r  <hidden>
    W5                                                0.000    12.500 r  clk
                         net (fo=0)                   0.000    12.500    clk
    W5                   IBUF (Prop_ibuf_I_O)         1.388    13.888 r  clk_IBUF_inst/O
                         net (fo=1, routed)           1.862    15.750    clk_IBUF
    BUFGCTRL_X0Y0        BUFG (Prop_bufg_I_O)         0.091    15.841 r  clk_IBUF_BUFG_inst/O
                         net (fo=1508, routed)        1.513    17.354    core/eu/vector_register_file_inst/clk_IBUF_BUFG
    SLICE_X61Y13         FDRE                                         r  core/eu/vector_register_file_inst/regs_reg[2][115]/C
                         clock pessimism              0.260    17.614    <hidden>
                         clock uncertainty           -0.035    17.579    <hidden>
    SLICE_X61Y13         FDRE (Setup_fdre_C_D)       -0.067    17.512    core/eu/vector_register_file_inst/regs_reg[2][115]
  -------------------------------------------------------------------
                         required time                         17.512    <hidden>
                         arrival time                         -17.018    <hidden>
  -------------------------------------------------------------------
                         slack                                  0.494    <hidden>

Slack (MET) :             0.499ns  (required time - arrival time)
  Source:                 core/current_pc_reg[0]/C
                            (rising edge-triggered cell FDRE clocked by vector_dual_prefetch_clk  {rise@0.000ns fall@6.250ns period=12.500ns})
  Destination:            core/eu/vector_register_file_inst/regs_reg[7][115]/D
                            (rising edge-triggered cell FDRE clocked by vector_dual_prefetch_clk  {rise@0.000ns fall@6.250ns period=12.500ns})
  Path Group:             vector_dual_prefetch_clk
  Path Type:              Setup (Max at Slow Process Corner)
  Requirement:            12.500ns  (vector_dual_prefetch_clk rise@12.500ns - vector_dual_prefetch_clk rise@0.000ns)
  Data Path Delay:        11.916ns  (logic 2.176ns (18.261%)  route 9.740ns (81.739%))
  Logic Levels:           10  (LUT3=1 LUT4=2 LUT5=1 LUT6=5 RAMD32=1)
  Clock Path Skew:        0.031ns (DCD - SCD + CPR)
    Destination Clock Delay (DCD):    4.857ns = ( 17.357 - 12.500 ) 
    Source Clock Delay      (SCD):    5.086ns
    Clock Pessimism Removal (CPR):    0.260ns
  Clock Uncertainty:      0.035ns  ((TSJ^2 + TIJ^2)^1/2 + DJ) / 2 + PE
    Total System Jitter     (TSJ):    0.071ns
    Total Input Jitter      (TIJ):    0.000ns
    Discrete Jitter          (DJ):    0.000ns
    Phase Error              (PE):    0.000ns

    Location             Delay type                Incr(ns)  Path(ns)    Netlist Resource(s)
  -------------------------------------------------------------------    -------------------
                         (clock vector_dual_prefetch_clk rise edge)
                                                      0.000     0.000 r  <hidden>
    W5                                                0.000     0.000 r  clk
                         net (fo=0)                   0.000     0.000    clk
    W5                   IBUF (Prop_ibuf_I_O)         1.458     1.458 r  clk_IBUF_inst/O
                         net (fo=1, routed)           1.967     3.425    clk_IBUF
    BUFGCTRL_X0Y0        BUFG (Prop_bufg_I_O)         0.096     3.521 r  clk_IBUF_BUFG_inst/O
                         net (fo=1508, routed)        1.565     5.086    core/clk_IBUF_BUFG
    SLICE_X37Y5          FDRE                                         r  core/current_pc_reg[0]/C
  -------------------------------------------------------------------    -------------------
    SLICE_X37Y5          FDRE (Prop_fdre_C_Q)         0.456     5.542 r  core/current_pc_reg[0]/Q
                         net (fo=54, routed)          0.888     6.431    core/pim/memory_reg_0_15_12_15/ADDRB0
    SLICE_X38Y6          RAMD32 (Prop_ramd32_RADR0_O)
                                                      0.152     6.583 f  core/pim/memory_reg_0_15_12_15/RAMB/O
                         net (fo=39, routed)          0.930     7.513    core/pim/read_data[0]
    SLICE_X37Y7          LUT6 (Prop_lut6_I3_O)        0.348     7.861 r  core/pim/memory_reg_0_i_314/O
                         net (fo=2, routed)           0.506     8.367    core/pim/src_a[1]
    SLICE_X43Y12         LUT4 (Prop_lut4_I3_O)        0.124     8.491 r  core/pim/memory_reg_0_i_312/O
                         net (fo=128, routed)         1.406     9.897    core/eu/vector_register_file_inst/rf_read_addr_a[1]
    SLICE_X55Y3          LUT6 (Prop_lut6_I2_O)        0.124    10.021 r  core/eu/vector_register_file_inst/memory_reg_1_i_123/O
                         net (fo=3, routed)           0.415    10.437    core/eu/vector_register_file_inst/memory_reg_1_i_123_n_0
    SLICE_X54Y2          LUT6 (Prop_lut6_I4_O)        0.124    10.561 r  core/eu/vector_register_file_inst/memory_reg_1_i_62/O
                         net (fo=21, routed)          1.101    11.661    core/eu/vector_register_file_inst/debug_read_data[98]
    SLICE_X60Y4          LUT4 (Prop_lut4_I2_O)        0.148    11.809 r  core/eu/vector_register_file_inst/regs[0][117]_i_15/O
                         net (fo=1, routed)           1.159    12.968    core/eu/vector_register_file_inst/regs[0][117]_i_15_n_0
    SLICE_X61Y10         LUT5 (Prop_lut5_I0_O)        0.328    13.296 r  core/eu/vector_register_file_inst/regs[0][117]_i_12/O
                         net (fo=2, routed)           0.537    13.833    core/eu/vector_register_file_inst/regs[0][117]_i_12_n_0
    SLICE_X60Y10         LUT6 (Prop_lut6_I0_O)        0.124    13.957 r  core/eu/vector_register_file_inst/regs[0][115]_i_7/O
                         net (fo=1, routed)           1.160    15.117    core/eu/vector_register_file_inst/regs[0][115]_i_7_n_0
    SLICE_X48Y10         LUT3 (Prop_lut3_I0_O)        0.124    15.241 r  core/eu/vector_register_file_inst/regs[0][115]_i_4/O
                         net (fo=1, routed)           0.971    16.212    core/pim/regs_reg[7][115]_0
    SLICE_X61Y10         LUT6 (Prop_lut6_I5_O)        0.124    16.336 r  core/pim/regs[0][115]_i_1/O
                         net (fo=8, routed)           0.666    17.002    core/eu/vector_register_file_inst/regs_reg[7][127]_0[115]
    SLICE_X61Y10         FDRE                                         r  core/eu/vector_register_file_inst/regs_reg[7][115]/D
  -------------------------------------------------------------------    -------------------

                         (clock vector_dual_prefetch_clk rise edge)
                                                     12.500    12.500 r  <hidden>
    W5                                                0.000    12.500 r  clk
                         net (fo=0)                   0.000    12.500    clk
    W5                   IBUF (Prop_ibuf_I_O)         1.388    13.888 r  clk_IBUF_inst/O
                         net (fo=1, routed)           1.862    15.750    clk_IBUF
    BUFGCTRL_X0Y0        BUFG (Prop_bufg_I_O)         0.091    15.841 r  clk_IBUF_BUFG_inst/O
                         net (fo=1508, routed)        1.516    17.357    core/eu/vector_register_file_inst/clk_IBUF_BUFG
    SLICE_X61Y10         FDRE                                         r  core/eu/vector_register_file_inst/regs_reg[7][115]/C
                         clock pessimism              0.260    17.617    <hidden>
                         clock uncertainty           -0.035    17.582    <hidden>
    SLICE_X61Y10         FDRE (Setup_fdre_C_D)       -0.081    17.501    core/eu/vector_register_file_inst/regs_reg[7][115]
  -------------------------------------------------------------------
                         required time                         17.501    <hidden>
                         arrival time                         -17.002    <hidden>
  -------------------------------------------------------------------
                         slack                                  0.499    <hidden>

Slack (MET) :             0.517ns  (required time - arrival time)
  Source:                 core/current_pc_reg[0]/C
                            (rising edge-triggered cell FDRE clocked by vector_dual_prefetch_clk  {rise@0.000ns fall@6.250ns period=12.500ns})
  Destination:            core/eu/vector_register_file_inst/regs_reg[0][96]/D
                            (rising edge-triggered cell FDRE clocked by vector_dual_prefetch_clk  {rise@0.000ns fall@6.250ns period=12.500ns})
  Path Group:             vector_dual_prefetch_clk
  Path Type:              Setup (Max at Slow Process Corner)
  Requirement:            12.500ns  (vector_dual_prefetch_clk rise@12.500ns - vector_dual_prefetch_clk rise@0.000ns)
  Data Path Delay:        11.883ns  (logic 3.346ns (28.157%)  route 8.537ns (71.843%))
  Logic Levels:           13  (CARRY4=2 LUT2=1 LUT3=1 LUT4=2 LUT5=1 LUT6=4 MUXF7=1 RAMD32=1)
  Clock Path Skew:        -0.033ns (DCD - SCD + CPR)
    Destination Clock Delay (DCD):    4.793ns = ( 17.293 - 12.500 ) 
    Source Clock Delay      (SCD):    5.086ns
    Clock Pessimism Removal (CPR):    0.260ns
  Clock Uncertainty:      0.035ns  ((TSJ^2 + TIJ^2)^1/2 + DJ) / 2 + PE
    Total System Jitter     (TSJ):    0.071ns
    Total Input Jitter      (TIJ):    0.000ns
    Discrete Jitter          (DJ):    0.000ns
    Phase Error              (PE):    0.000ns

    Location             Delay type                Incr(ns)  Path(ns)    Netlist Resource(s)
  -------------------------------------------------------------------    -------------------
                         (clock vector_dual_prefetch_clk rise edge)
                                                      0.000     0.000 r  <hidden>
    W5                                                0.000     0.000 r  clk
                         net (fo=0)                   0.000     0.000    clk
    W5                   IBUF (Prop_ibuf_I_O)         1.458     1.458 r  clk_IBUF_inst/O
                         net (fo=1, routed)           1.967     3.425    clk_IBUF
    BUFGCTRL_X0Y0        BUFG (Prop_bufg_I_O)         0.096     3.521 r  clk_IBUF_BUFG_inst/O
                         net (fo=1508, routed)        1.565     5.086    core/clk_IBUF_BUFG
    SLICE_X37Y5          FDRE                                         r  core/current_pc_reg[0]/C
  -------------------------------------------------------------------    -------------------
    SLICE_X37Y5          FDRE (Prop_fdre_C_Q)         0.456     5.542 r  core/current_pc_reg[0]/Q
                         net (fo=54, routed)          0.898     6.441    core/pim/memory_reg_0_15_12_15/ADDRA0
    SLICE_X38Y6          RAMD32 (Prop_ramd32_RADR0_O)
                                                      0.150     6.591 r  core/pim/memory_reg_0_15_12_15/RAMA/O
                         net (fo=15, routed)          0.870     7.461    core/pim/current_instruction[12]
    SLICE_X37Y5          LUT6 (Prop_lut6_I0_O)        0.328     7.789 r  core/pim/memory_reg_0_i_315/O
                         net (fo=2, routed)           0.463     8.253    core/pim/src_a[0]
    SLICE_X43Y6          LUT4 (Prop_lut4_I3_O)        0.124     8.377 r  core/pim/memory_reg_0_i_313/O
                         net (fo=128, routed)         1.691    10.068    core/eu/vector_register_file_inst/rf_read_addr_a[0]
    SLICE_X59Y17         LUT6 (Prop_lut6_I4_O)        0.124    10.192 r  core/eu/vector_register_file_inst/memory_reg_1_i_200/O
                         net (fo=3, routed)           0.455    10.647    core/eu/vector_register_file_inst/memory_reg_1_i_200_n_0
    SLICE_X59Y17         LUT6 (Prop_lut6_I5_O)        0.124    10.771 r  core/eu/vector_register_file_inst/memory_reg_1_i_100/O
                         net (fo=14, routed)          1.126    11.897    core/eu/vector_register_file_inst/debug_read_data[116]
    SLICE_X57Y10         LUT2 (Prop_lut2_I0_O)        0.124    12.021 r  core/eu/vector_register_file_inst/regs[0][116]_i_12/O
                         net (fo=4, routed)           0.754    12.775    core/eu/vector_register_file_inst/regs[0][119]_i_29_n_0
    SLICE_X56Y8          LUT3 (Prop_lut3_I0_O)        0.124    12.899 r  core/eu/vector_register_file_inst/regs[0][96]_i_46/O
                         net (fo=1, routed)           0.000    12.899    core/eu/vector_register_file_inst/regs[0][96]_i_46_n_0
    SLICE_X56Y8          CARRY4 (Prop_carry4_S[2]_CO[3])
                                                      0.380    13.279 r  core/eu/vector_register_file_inst/regs_reg[0][96]_i_31/CO[3]
                         net (fo=1, routed)           0.000    13.279    core/eu/vector_register_file_inst/regs_reg[0][96]_i_31_n_0
    SLICE_X56Y9          CARRY4 (Prop_carry4_CI_CO[2])
                                                      0.229    13.508 r  core/eu/vector_register_file_inst/regs_reg[0][96]_i_21/CO[2]
                         net (fo=1, routed)           1.011    14.519    core/eu/vector_register_file_inst/vector_alu_inst/data5
    SLICE_X55Y4          LUT4 (Prop_lut4_I0_O)        0.340    14.859 r  core/eu/vector_register_file_inst/regs[0][96]_i_11/O
                         net (fo=1, routed)           0.264    15.124    core/eu/vector_register_file_inst/regs[0][96]_i_11_n_0
    SLICE_X55Y4          LUT6 (Prop_lut6_I5_O)        0.327    15.451 r  core/eu/vector_register_file_inst/regs[0][96]_i_7/O
                         net (fo=1, routed)           0.000    15.451    core/eu/vector_register_file_inst/regs[0][96]_i_7_n_0
    SLICE_X55Y4          MUXF7 (Prop_muxf7_I1_O)      0.217    15.668 r  core/eu/vector_register_file_inst/regs_reg[0][96]_i_4/O
                         net (fo=1, routed)           0.436    16.104    core/pim/regs_reg[7][96]_0
    SLICE_X55Y4          LUT5 (Prop_lut5_I4_O)        0.299    16.403 r  core/pim/regs[0][96]_i_1/O
                         net (fo=8, routed)           0.567    16.969    core/eu/vector_register_file_inst/regs_reg[7][127]_0[96]
    SLICE_X52Y4          FDRE                                         r  core/eu/vector_register_file_inst/regs_reg[0][96]/D
  -------------------------------------------------------------------    -------------------

                         (clock vector_dual_prefetch_clk rise edge)
                                                     12.500    12.500 r  <hidden>
    W5                                                0.000    12.500 r  clk
                         net (fo=0)                   0.000    12.500    clk
    W5                   IBUF (Prop_ibuf_I_O)         1.388    13.888 r  clk_IBUF_inst/O
                         net (fo=1, routed)           1.862    15.750    clk_IBUF
    BUFGCTRL_X0Y0        BUFG (Prop_bufg_I_O)         0.091    15.841 r  clk_IBUF_BUFG_inst/O
                         net (fo=1508, routed)        1.452    17.293    core/eu/vector_register_file_inst/clk_IBUF_BUFG
    SLICE_X52Y4          FDRE                                         r  core/eu/vector_register_file_inst/regs_reg[0][96]/C
                         clock pessimism              0.260    17.553    <hidden>
                         clock uncertainty           -0.035    17.518    <hidden>
    SLICE_X52Y4          FDRE (Setup_fdre_C_D)       -0.031    17.487    core/eu/vector_register_file_inst/regs_reg[0][96]
  -------------------------------------------------------------------
                         required time                         17.487    <hidden>
                         arrival time                         -16.969    <hidden>
  -------------------------------------------------------------------
                         slack                                  0.517    <hidden>

Slack (MET) :             0.526ns  (required time - arrival time)
  Source:                 core/current_pc_reg[0]/C
                            (rising edge-triggered cell FDRE clocked by vector_dual_prefetch_clk  {rise@0.000ns fall@6.250ns period=12.500ns})
  Destination:            core/eu/vector_register_file_inst/regs_reg[6][41]/D
                            (rising edge-triggered cell FDRE clocked by vector_dual_prefetch_clk  {rise@0.000ns fall@6.250ns period=12.500ns})
  Path Group:             vector_dual_prefetch_clk
  Path Type:              Setup (Max at Slow Process Corner)
  Requirement:            12.500ns  (vector_dual_prefetch_clk rise@12.500ns - vector_dual_prefetch_clk rise@0.000ns)
  Data Path Delay:        11.825ns  (logic 2.414ns (20.414%)  route 9.411ns (79.586%))
  Logic Levels:           10  (LUT3=2 LUT4=1 LUT5=1 LUT6=5 RAMD32=1)
  Clock Path Skew:        -0.046ns (DCD - SCD + CPR)
    Destination Clock Delay (DCD):    4.780ns = ( 17.280 - 12.500 ) 
    Source Clock Delay      (SCD):    5.086ns
    Clock Pessimism Removal (CPR):    0.260ns
  Clock Uncertainty:      0.035ns  ((TSJ^2 + TIJ^2)^1/2 + DJ) / 2 + PE
    Total System Jitter     (TSJ):    0.071ns
    Total Input Jitter      (TIJ):    0.000ns
    Discrete Jitter          (DJ):    0.000ns
    Phase Error              (PE):    0.000ns

    Location             Delay type                Incr(ns)  Path(ns)    Netlist Resource(s)
  -------------------------------------------------------------------    -------------------
                         (clock vector_dual_prefetch_clk rise edge)
                                                      0.000     0.000 r  <hidden>
    W5                                                0.000     0.000 r  clk
                         net (fo=0)                   0.000     0.000    clk
    W5                   IBUF (Prop_ibuf_I_O)         1.458     1.458 r  clk_IBUF_inst/O
                         net (fo=1, routed)           1.967     3.425    clk_IBUF
    BUFGCTRL_X0Y0        BUFG (Prop_bufg_I_O)         0.096     3.521 r  clk_IBUF_BUFG_inst/O
                         net (fo=1508, routed)        1.565     5.086    core/clk_IBUF_BUFG
    SLICE_X37Y5          FDRE                                         r  core/current_pc_reg[0]/C
  -------------------------------------------------------------------    -------------------
    SLICE_X37Y5          FDRE (Prop_fdre_C_Q)         0.456     5.542 r  core/current_pc_reg[0]/Q
                         net (fo=54, routed)          0.888     6.431    core/pim/memory_reg_0_15_12_15/ADDRB0
    SLICE_X38Y6          RAMD32 (Prop_ramd32_RADR0_O)
                                                      0.152     6.583 f  core/pim/memory_reg_0_15_12_15/RAMB/O
                         net (fo=39, routed)          0.930     7.513    core/pim/read_data[0]
    SLICE_X37Y7          LUT6 (Prop_lut6_I3_O)        0.348     7.861 r  core/pim/memory_reg_0_i_314/O
                         net (fo=2, routed)           0.511     8.372    core/pim/src_a[1]
    SLICE_X45Y11         LUT4 (Prop_lut4_I3_O)        0.124     8.496 r  core/pim/memory_reg_0_i_310/O
                         net (fo=128, routed)         1.480     9.977    core/eu/vector_register_file_inst/regs[0][3]_i_19_0
    SLICE_X42Y33         LUT6 (Prop_lut6_I2_O)        0.124    10.101 r  core/eu/vector_register_file_inst/memory_reg_0_i_233/O
                         net (fo=3, routed)           0.452    10.553    core/eu/vector_register_file_inst/memory_reg_0_i_233_n_0
    SLICE_X47Y33         LUT6 (Prop_lut6_I5_O)        0.124    10.677 r  core/eu/vector_register_file_inst/memory_reg_0_i_125/O
                         net (fo=17, routed)          1.265    11.942    core/eu/vector_register_file_inst/debug_read_data[62]
    SLICE_X48Y32         LUT3 (Prop_lut3_I0_O)        0.152    12.094 r  core/eu/vector_register_file_inst/regs[0][61]_i_11/O
                         net (fo=9, routed)           1.255    13.349    core/eu/vector_register_file_inst/regs[0][61]_i_11_n_0
    SLICE_X58Y31         LUT5 (Prop_lut5_I0_O)        0.354    13.703 r  core/eu/vector_register_file_inst/regs[0][57]_i_11/O
                         net (fo=2, routed)           0.641    14.345    core/eu/vector_register_file_inst/regs[0][57]_i_11_n_0
    SLICE_X58Y31         LUT3 (Prop_lut3_I0_O)        0.332    14.677 r  core/eu/vector_register_file_inst/regs[0][41]_i_6/O
                         net (fo=2, routed)           0.649    15.325    core/eu/vector_register_file_inst/regs[0][41]_i_6_n_0
    SLICE_X57Y30         LUT6 (Prop_lut6_I2_O)        0.124    15.449 r  core/eu/vector_register_file_inst/regs[0][41]_i_3/O
                         net (fo=1, routed)           0.694    16.143    core/pim/regs_reg[7][41]
    SLICE_X59Y25         LUT6 (Prop_lut6_I2_O)        0.124    16.267 r  core/pim/regs[0][41]_i_1/O
                         net (fo=8, routed)           0.645    16.912    core/eu/vector_register_file_inst/regs_reg[7][127]_0[41]
    SLICE_X57Y27         FDRE                                         r  core/eu/vector_register_file_inst/regs_reg[6][41]/D
  -------------------------------------------------------------------    -------------------

                         (clock vector_dual_prefetch_clk rise edge)
                                                     12.500    12.500 r  <hidden>
    W5                                                0.000    12.500 r  clk
                         net (fo=0)                   0.000    12.500    clk
    W5                   IBUF (Prop_ibuf_I_O)         1.388    13.888 r  clk_IBUF_inst/O
                         net (fo=1, routed)           1.862    15.750    clk_IBUF
    BUFGCTRL_X0Y0        BUFG (Prop_bufg_I_O)         0.091    15.841 r  clk_IBUF_BUFG_inst/O
                         net (fo=1508, routed)        1.439    17.280    core/eu/vector_register_file_inst/clk_IBUF_BUFG
    SLICE_X57Y27         FDRE                                         r  core/eu/vector_register_file_inst/regs_reg[6][41]/C
                         clock pessimism              0.260    17.540    <hidden>
                         clock uncertainty           -0.035    17.505    <hidden>
    SLICE_X57Y27         FDRE (Setup_fdre_C_D)       -0.067    17.438    core/eu/vector_register_file_inst/regs_reg[6][41]
  -------------------------------------------------------------------
                         required time                         17.438    <hidden>
                         arrival time                         -16.912    <hidden>
  -------------------------------------------------------------------
                         slack                                  0.526    <hidden>

Slack (MET) :             0.528ns  (required time - arrival time)
  Source:                 core/current_pc_reg[0]/C
                            (rising edge-triggered cell FDRE clocked by vector_dual_prefetch_clk  {rise@0.000ns fall@6.250ns period=12.500ns})
  Destination:            core/eu/vector_register_file_inst/regs_reg[1][96]/D
                            (rising edge-triggered cell FDRE clocked by vector_dual_prefetch_clk  {rise@0.000ns fall@6.250ns period=12.500ns})
  Path Group:             vector_dual_prefetch_clk
  Path Type:              Setup (Max at Slow Process Corner)
  Requirement:            12.500ns  (vector_dual_prefetch_clk rise@12.500ns - vector_dual_prefetch_clk rise@0.000ns)
  Data Path Delay:        11.876ns  (logic 3.346ns (28.175%)  route 8.530ns (71.825%))
  Logic Levels:           13  (CARRY4=2 LUT2=1 LUT3=1 LUT4=2 LUT5=1 LUT6=4 MUXF7=1 RAMD32=1)
  Clock Path Skew:        -0.033ns (DCD - SCD + CPR)
    Destination Clock Delay (DCD):    4.793ns = ( 17.293 - 12.500 ) 
    Source Clock Delay      (SCD):    5.086ns
    Clock Pessimism Removal (CPR):    0.260ns
  Clock Uncertainty:      0.035ns  ((TSJ^2 + TIJ^2)^1/2 + DJ) / 2 + PE
    Total System Jitter     (TSJ):    0.071ns
    Total Input Jitter      (TIJ):    0.000ns
    Discrete Jitter          (DJ):    0.000ns
    Phase Error              (PE):    0.000ns

    Location             Delay type                Incr(ns)  Path(ns)    Netlist Resource(s)
  -------------------------------------------------------------------    -------------------
                         (clock vector_dual_prefetch_clk rise edge)
                                                      0.000     0.000 r  <hidden>
    W5                                                0.000     0.000 r  clk
                         net (fo=0)                   0.000     0.000    clk
    W5                   IBUF (Prop_ibuf_I_O)         1.458     1.458 r  clk_IBUF_inst/O
                         net (fo=1, routed)           1.967     3.425    clk_IBUF
    BUFGCTRL_X0Y0        BUFG (Prop_bufg_I_O)         0.096     3.521 r  clk_IBUF_BUFG_inst/O
                         net (fo=1508, routed)        1.565     5.086    core/clk_IBUF_BUFG
    SLICE_X37Y5          FDRE                                         r  core/current_pc_reg[0]/C
  -------------------------------------------------------------------    -------------------
    SLICE_X37Y5          FDRE (Prop_fdre_C_Q)         0.456     5.542 r  core/current_pc_reg[0]/Q
                         net (fo=54, routed)          0.898     6.441    core/pim/memory_reg_0_15_12_15/ADDRA0
    SLICE_X38Y6          RAMD32 (Prop_ramd32_RADR0_O)
                                                      0.150     6.591 r  core/pim/memory_reg_0_15_12_15/RAMA/O
                         net (fo=15, routed)          0.870     7.461    core/pim/current_instruction[12]
    SLICE_X37Y5          LUT6 (Prop_lut6_I0_O)        0.328     7.789 r  core/pim/memory_reg_0_i_315/O
                         net (fo=2, routed)           0.463     8.253    core/pim/src_a[0]
    SLICE_X43Y6          LUT4 (Prop_lut4_I3_O)        0.124     8.377 r  core/pim/memory_reg_0_i_313/O
                         net (fo=128, routed)         1.691    10.068    core/eu/vector_register_file_inst/rf_read_addr_a[0]
    SLICE_X59Y17         LUT6 (Prop_lut6_I4_O)        0.124    10.192 r  core/eu/vector_register_file_inst/memory_reg_1_i_200/O
                         net (fo=3, routed)           0.455    10.647    core/eu/vector_register_file_inst/memory_reg_1_i_200_n_0
    SLICE_X59Y17         LUT6 (Prop_lut6_I5_O)        0.124    10.771 r  core/eu/vector_register_file_inst/memory_reg_1_i_100/O
                         net (fo=14, routed)          1.126    11.897    core/eu/vector_register_file_inst/debug_read_data[116]
    SLICE_X57Y10         LUT2 (Prop_lut2_I0_O)        0.124    12.021 r  core/eu/vector_register_file_inst/regs[0][116]_i_12/O
                         net (fo=4, routed)           0.754    12.775    core/eu/vector_register_file_inst/regs[0][119]_i_29_n_0
    SLICE_X56Y8          LUT3 (Prop_lut3_I0_O)        0.124    12.899 r  core/eu/vector_register_file_inst/regs[0][96]_i_46/O
                         net (fo=1, routed)           0.000    12.899    core/eu/vector_register_file_inst/regs[0][96]_i_46_n_0
    SLICE_X56Y8          CARRY4 (Prop_carry4_S[2]_CO[3])
                                                      0.380    13.279 r  core/eu/vector_register_file_inst/regs_reg[0][96]_i_31/CO[3]
                         net (fo=1, routed)           0.000    13.279    core/eu/vector_register_file_inst/regs_reg[0][96]_i_31_n_0
    SLICE_X56Y9          CARRY4 (Prop_carry4_CI_CO[2])
                                                      0.229    13.508 r  core/eu/vector_register_file_inst/regs_reg[0][96]_i_21/CO[2]
                         net (fo=1, routed)           1.011    14.519    core/eu/vector_register_file_inst/vector_alu_inst/data5
    SLICE_X55Y4          LUT4 (Prop_lut4_I0_O)        0.340    14.859 r  core/eu/vector_register_file_inst/regs[0][96]_i_11/O
                         net (fo=1, routed)           0.264    15.124    core/eu/vector_register_file_inst/regs[0][96]_i_11_n_0
    SLICE_X55Y4          LUT6 (Prop_lut6_I5_O)        0.327    15.451 r  core/eu/vector_register_file_inst/regs[0][96]_i_7/O
                         net (fo=1, routed)           0.000    15.451    core/eu/vector_register_file_inst/regs[0][96]_i_7_n_0
    SLICE_X55Y4          MUXF7 (Prop_muxf7_I1_O)      0.217    15.668 r  core/eu/vector_register_file_inst/regs_reg[0][96]_i_4/O
                         net (fo=1, routed)           0.436    16.104    core/pim/regs_reg[7][96]_0
    SLICE_X55Y4          LUT5 (Prop_lut5_I4_O)        0.299    16.403 r  core/pim/regs[0][96]_i_1/O
                         net (fo=8, routed)           0.559    16.962    core/eu/vector_register_file_inst/regs_reg[7][127]_0[96]
    SLICE_X50Y4          FDRE                                         r  core/eu/vector_register_file_inst/regs_reg[1][96]/D
  -------------------------------------------------------------------    -------------------

                         (clock vector_dual_prefetch_clk rise edge)
                                                     12.500    12.500 r  <hidden>
    W5                                                0.000    12.500 r  clk
                         net (fo=0)                   0.000    12.500    clk
    W5                   IBUF (Prop_ibuf_I_O)         1.388    13.888 r  clk_IBUF_inst/O
                         net (fo=1, routed)           1.862    15.750    clk_IBUF
    BUFGCTRL_X0Y0        BUFG (Prop_bufg_I_O)         0.091    15.841 r  clk_IBUF_BUFG_inst/O
                         net (fo=1508, routed)        1.452    17.293    core/eu/vector_register_file_inst/clk_IBUF_BUFG
    SLICE_X50Y4          FDRE                                         r  core/eu/vector_register_file_inst/regs_reg[1][96]/C
                         clock pessimism              0.260    17.553    <hidden>
                         clock uncertainty           -0.035    17.518    <hidden>
    SLICE_X50Y4          FDRE (Setup_fdre_C_D)       -0.028    17.490    core/eu/vector_register_file_inst/regs_reg[1][96]
  -------------------------------------------------------------------
                         required time                         17.490    <hidden>
                         arrival time                         -16.962    <hidden>
  -------------------------------------------------------------------
                         slack                                  0.528    <hidden>

Slack (MET) :             0.532ns  (required time - arrival time)
  Source:                 core/current_pc_reg[0]/C
                            (rising edge-triggered cell FDRE clocked by vector_dual_prefetch_clk  {rise@0.000ns fall@6.250ns period=12.500ns})
  Destination:            core/eu/vector_register_file_inst/regs_reg[1][57]/D
                            (rising edge-triggered cell FDRE clocked by vector_dual_prefetch_clk  {rise@0.000ns fall@6.250ns period=12.500ns})
  Path Group:             vector_dual_prefetch_clk
  Path Type:              Setup (Max at Slow Process Corner)
  Requirement:            12.500ns  (vector_dual_prefetch_clk rise@12.500ns - vector_dual_prefetch_clk rise@0.000ns)
  Data Path Delay:        11.847ns  (logic 2.642ns (22.300%)  route 9.205ns (77.700%))
  Logic Levels:           10  (LUT3=2 LUT4=1 LUT5=1 LUT6=5 RAMD32=1)
  Clock Path Skew:        -0.040ns (DCD - SCD + CPR)
    Destination Clock Delay (DCD):    4.786ns = ( 17.286 - 12.500 ) 
    Source Clock Delay      (SCD):    5.086ns
    Clock Pessimism Removal (CPR):    0.260ns
  Clock Uncertainty:      0.035ns  ((TSJ^2 + TIJ^2)^1/2 + DJ) / 2 + PE
    Total System Jitter     (TSJ):    0.071ns
    Total Input Jitter      (TIJ):    0.000ns
    Discrete Jitter          (DJ):    0.000ns
    Phase Error              (PE):    0.000ns

    Location             Delay type                Incr(ns)  Path(ns)    Netlist Resource(s)
  -------------------------------------------------------------------    -------------------
                         (clock vector_dual_prefetch_clk rise edge)
                                                      0.000     0.000 r  <hidden>
    W5                                                0.000     0.000 r  clk
                         net (fo=0)                   0.000     0.000    clk
    W5                   IBUF (Prop_ibuf_I_O)         1.458     1.458 r  clk_IBUF_inst/O
                         net (fo=1, routed)           1.967     3.425    clk_IBUF
    BUFGCTRL_X0Y0        BUFG (Prop_bufg_I_O)         0.096     3.521 r  clk_IBUF_BUFG_inst/O
                         net (fo=1508, routed)        1.565     5.086    core/clk_IBUF_BUFG
    SLICE_X37Y5          FDRE                                         r  core/current_pc_reg[0]/C
  -------------------------------------------------------------------    -------------------
    SLICE_X37Y5          FDRE (Prop_fdre_C_Q)         0.456     5.542 r  core/current_pc_reg[0]/Q
                         net (fo=54, routed)          0.888     6.431    core/pim/memory_reg_0_15_12_15/ADDRB0
    SLICE_X38Y6          RAMD32 (Prop_ramd32_RADR0_O)
                                                      0.152     6.583 f  core/pim/memory_reg_0_15_12_15/RAMB/O
                         net (fo=39, routed)          0.930     7.513    core/pim/read_data[0]
    SLICE_X37Y7          LUT6 (Prop_lut6_I3_O)        0.348     7.861 r  core/pim/memory_reg_0_i_314/O
                         net (fo=2, routed)           0.511     8.372    core/pim/src_a[1]
    SLICE_X45Y11         LUT4 (Prop_lut4_I3_O)        0.124     8.496 r  core/pim/memory_reg_0_i_310/O
                         net (fo=128, routed)         1.480     9.977    core/eu/vector_register_file_inst/regs[0][3]_i_19_0
    SLICE_X42Y33         LUT6 (Prop_lut6_I2_O)        0.124    10.101 r  core/eu/vector_register_file_inst/memory_reg_0_i_233/O
                         net (fo=3, routed)           0.452    10.553    core/eu/vector_register_file_inst/memory_reg_0_i_233_n_0
    SLICE_X47Y33         LUT6 (Prop_lut6_I5_O)        0.124    10.677 r  core/eu/vector_register_file_inst/memory_reg_0_i_125/O
                         net (fo=17, routed)          1.265    11.942    core/eu/vector_register_file_inst/debug_read_data[62]
    SLICE_X48Y32         LUT3 (Prop_lut3_I0_O)        0.152    12.094 r  core/eu/vector_register_file_inst/regs[0][61]_i_11/O
                         net (fo=9, routed)           1.255    13.349    core/eu/vector_register_file_inst/regs[0][61]_i_11_n_0
    SLICE_X58Y31         LUT5 (Prop_lut5_I0_O)        0.354    13.703 r  core/eu/vector_register_file_inst/regs[0][57]_i_11/O
                         net (fo=2, routed)           0.641    14.345    core/eu/vector_register_file_inst/regs[0][57]_i_11_n_0
    SLICE_X58Y31         LUT3 (Prop_lut3_I2_O)        0.358    14.703 r  core/eu/vector_register_file_inst/regs[0][57]_i_6/O
                         net (fo=2, routed)           0.457    15.159    core/eu/vector_register_file_inst/regs[0][57]_i_6_n_0
    SLICE_X58Y31         LUT6 (Prop_lut6_I2_O)        0.326    15.485 r  core/eu/vector_register_file_inst/regs[0][57]_i_3/O
                         net (fo=1, routed)           0.594    16.079    core/pim/regs_reg[7][57]
    SLICE_X52Y32         LUT6 (Prop_lut6_I2_O)        0.124    16.203 r  core/pim/regs[0][57]_i_1/O
                         net (fo=8, routed)           0.730    16.934    core/eu/vector_register_file_inst/regs_reg[7][127]_0[57]
    SLICE_X50Y33         FDRE                                         r  core/eu/vector_register_file_inst/regs_reg[1][57]/D
  -------------------------------------------------------------------    -------------------

                         (clock vector_dual_prefetch_clk rise edge)
                                                     12.500    12.500 r  <hidden>
    W5                                                0.000    12.500 r  clk
                         net (fo=0)                   0.000    12.500    clk
    W5                   IBUF (Prop_ibuf_I_O)         1.388    13.888 r  clk_IBUF_inst/O
                         net (fo=1, routed)           1.862    15.750    clk_IBUF
    BUFGCTRL_X0Y0        BUFG (Prop_bufg_I_O)         0.091    15.841 r  clk_IBUF_BUFG_inst/O
                         net (fo=1508, routed)        1.445    17.286    core/eu/vector_register_file_inst/clk_IBUF_BUFG
    SLICE_X50Y33         FDRE                                         r  core/eu/vector_register_file_inst/regs_reg[1][57]/C
                         clock pessimism              0.260    17.546    <hidden>
                         clock uncertainty           -0.035    17.511    <hidden>
    SLICE_X50Y33         FDRE (Setup_fdre_C_D)       -0.045    17.466    core/eu/vector_register_file_inst/regs_reg[1][57]
  -------------------------------------------------------------------
                         required time                         17.466    <hidden>
                         arrival time                         -16.934    <hidden>
  -------------------------------------------------------------------
                         slack                                  0.532    <hidden>

Slack (MET) :             0.533ns  (required time - arrival time)
  Source:                 core/current_pc_reg[0]/C
                            (rising edge-triggered cell FDRE clocked by vector_dual_prefetch_clk  {rise@0.000ns fall@6.250ns period=12.500ns})
  Destination:            core/eu/vector_register_file_inst/regs_reg[4][41]/D
                            (rising edge-triggered cell FDRE clocked by vector_dual_prefetch_clk  {rise@0.000ns fall@6.250ns period=12.500ns})
  Path Group:             vector_dual_prefetch_clk
  Path Type:              Setup (Max at Slow Process Corner)
  Requirement:            12.500ns  (vector_dual_prefetch_clk rise@12.500ns - vector_dual_prefetch_clk rise@0.000ns)
  Data Path Delay:        11.802ns  (logic 2.414ns (20.455%)  route 9.388ns (79.545%))
  Logic Levels:           10  (LUT3=2 LUT4=1 LUT5=1 LUT6=5 RAMD32=1)
  Clock Path Skew:        -0.049ns (DCD - SCD + CPR)
    Destination Clock Delay (DCD):    4.777ns = ( 17.277 - 12.500 ) 
    Source Clock Delay      (SCD):    5.086ns
    Clock Pessimism Removal (CPR):    0.260ns
  Clock Uncertainty:      0.035ns  ((TSJ^2 + TIJ^2)^1/2 + DJ) / 2 + PE
    Total System Jitter     (TSJ):    0.071ns
    Total Input Jitter      (TIJ):    0.000ns
    Discrete Jitter          (DJ):    0.000ns
    Phase Error              (PE):    0.000ns

    Location             Delay type                Incr(ns)  Path(ns)    Netlist Resource(s)
  -------------------------------------------------------------------    -------------------
                         (clock vector_dual_prefetch_clk rise edge)
                                                      0.000     0.000 r  <hidden>
    W5                                                0.000     0.000 r  clk
                         net (fo=0)                   0.000     0.000    clk
    W5                   IBUF (Prop_ibuf_I_O)         1.458     1.458 r  clk_IBUF_inst/O
                         net (fo=1, routed)           1.967     3.425    clk_IBUF
    BUFGCTRL_X0Y0        BUFG (Prop_bufg_I_O)         0.096     3.521 r  clk_IBUF_BUFG_inst/O
                         net (fo=1508, routed)        1.565     5.086    core/clk_IBUF_BUFG
    SLICE_X37Y5          FDRE                                         r  core/current_pc_reg[0]/C
  -------------------------------------------------------------------    -------------------
    SLICE_X37Y5          FDRE (Prop_fdre_C_Q)         0.456     5.542 r  core/current_pc_reg[0]/Q
                         net (fo=54, routed)          0.888     6.431    core/pim/memory_reg_0_15_12_15/ADDRB0
    SLICE_X38Y6          RAMD32 (Prop_ramd32_RADR0_O)
                                                      0.152     6.583 f  core/pim/memory_reg_0_15_12_15/RAMB/O
                         net (fo=39, routed)          0.930     7.513    core/pim/read_data[0]
    SLICE_X37Y7          LUT6 (Prop_lut6_I3_O)        0.348     7.861 r  core/pim/memory_reg_0_i_314/O
                         net (fo=2, routed)           0.511     8.372    core/pim/src_a[1]
    SLICE_X45Y11         LUT4 (Prop_lut4_I3_O)        0.124     8.496 r  core/pim/memory_reg_0_i_310/O
                         net (fo=128, routed)         1.480     9.977    core/eu/vector_register_file_inst/regs[0][3]_i_19_0
    SLICE_X42Y33         LUT6 (Prop_lut6_I2_O)        0.124    10.101 r  core/eu/vector_register_file_inst/memory_reg_0_i_233/O
                         net (fo=3, routed)           0.452    10.553    core/eu/vector_register_file_inst/memory_reg_0_i_233_n_0
    SLICE_X47Y33         LUT6 (Prop_lut6_I5_O)        0.124    10.677 r  core/eu/vector_register_file_inst/memory_reg_0_i_125/O
                         net (fo=17, routed)          1.265    11.942    core/eu/vector_register_file_inst/debug_read_data[62]
    SLICE_X48Y32         LUT3 (Prop_lut3_I0_O)        0.152    12.094 r  core/eu/vector_register_file_inst/regs[0][61]_i_11/O
                         net (fo=9, routed)           1.255    13.349    core/eu/vector_register_file_inst/regs[0][61]_i_11_n_0
    SLICE_X58Y31         LUT5 (Prop_lut5_I0_O)        0.354    13.703 r  core/eu/vector_register_file_inst/regs[0][57]_i_11/O
                         net (fo=2, routed)           0.641    14.345    core/eu/vector_register_file_inst/regs[0][57]_i_11_n_0
    SLICE_X58Y31         LUT3 (Prop_lut3_I0_O)        0.332    14.677 r  core/eu/vector_register_file_inst/regs[0][41]_i_6/O
                         net (fo=2, routed)           0.649    15.325    core/eu/vector_register_file_inst/regs[0][41]_i_6_n_0
    SLICE_X57Y30         LUT6 (Prop_lut6_I2_O)        0.124    15.449 r  core/eu/vector_register_file_inst/regs[0][41]_i_3/O
                         net (fo=1, routed)           0.694    16.143    core/pim/regs_reg[7][41]
    SLICE_X59Y25         LUT6 (Prop_lut6_I2_O)        0.124    16.267 r  core/pim/regs[0][41]_i_1/O
                         net (fo=8, routed)           0.621    16.888    core/eu/vector_register_file_inst/regs_reg[7][127]_0[41]
    SLICE_X57Y25         FDRE                                         r  core/eu/vector_register_file_inst/regs_reg[4][41]/D
  -------------------------------------------------------------------    -------------------

                         (clock vector_dual_prefetch_clk rise edge)
                                                     12.500    12.500 r  <hidden>
    W5                                                0.000    12.500 r  clk
                         net (fo=0)                   0.000    12.500    clk
    W5                   IBUF (Prop_ibuf_I_O)         1.388    13.888 r  clk_IBUF_inst/O
                         net (fo=1, routed)           1.862    15.750    clk_IBUF
    BUFGCTRL_X0Y0        BUFG (Prop_bufg_I_O)         0.091    15.841 r  clk_IBUF_BUFG_inst/O
                         net (fo=1508, routed)        1.436    17.277    core/eu/vector_register_file_inst/clk_IBUF_BUFG
    SLICE_X57Y25         FDRE                                         r  core/eu/vector_register_file_inst/regs_reg[4][41]/C
                         clock pessimism              0.260    17.537    <hidden>
                         clock uncertainty           -0.035    17.502    <hidden>
    SLICE_X57Y25         FDRE (Setup_fdre_C_D)       -0.081    17.421    core/eu/vector_register_file_inst/regs_reg[4][41]
  -------------------------------------------------------------------
                         required time                         17.421    <hidden>
                         arrival time                         -16.888    <hidden>
  -------------------------------------------------------------------
                         slack                                  0.533    <hidden>

Slack (MET) :             0.540ns  (required time - arrival time)
  Source:                 core/current_pc_reg[0]/C
                            (rising edge-triggered cell FDRE clocked by vector_dual_prefetch_clk  {rise@0.000ns fall@6.250ns period=12.500ns})
  Destination:            core/eu/vector_register_file_inst/regs_reg[5][41]/D
                            (rising edge-triggered cell FDRE clocked by vector_dual_prefetch_clk  {rise@0.000ns fall@6.250ns period=12.500ns})
  Path Group:             vector_dual_prefetch_clk
  Path Type:              Setup (Max at Slow Process Corner)
  Requirement:            12.500ns  (vector_dual_prefetch_clk rise@12.500ns - vector_dual_prefetch_clk rise@0.000ns)
  Data Path Delay:        11.860ns  (logic 2.414ns (20.354%)  route 9.446ns (79.646%))
  Logic Levels:           10  (LUT3=2 LUT4=1 LUT5=1 LUT6=5 RAMD32=1)
  Clock Path Skew:        0.016ns (DCD - SCD + CPR)
    Destination Clock Delay (DCD):    4.842ns = ( 17.342 - 12.500 ) 
    Source Clock Delay      (SCD):    5.086ns
    Clock Pessimism Removal (CPR):    0.260ns
  Clock Uncertainty:      0.035ns  ((TSJ^2 + TIJ^2)^1/2 + DJ) / 2 + PE
    Total System Jitter     (TSJ):    0.071ns
    Total Input Jitter      (TIJ):    0.000ns
    Discrete Jitter          (DJ):    0.000ns
    Phase Error              (PE):    0.000ns

    Location             Delay type                Incr(ns)  Path(ns)    Netlist Resource(s)
  -------------------------------------------------------------------    -------------------
                         (clock vector_dual_prefetch_clk rise edge)
                                                      0.000     0.000 r  <hidden>
    W5                                                0.000     0.000 r  clk
                         net (fo=0)                   0.000     0.000    clk
    W5                   IBUF (Prop_ibuf_I_O)         1.458     1.458 r  clk_IBUF_inst/O
                         net (fo=1, routed)           1.967     3.425    clk_IBUF
    BUFGCTRL_X0Y0        BUFG (Prop_bufg_I_O)         0.096     3.521 r  clk_IBUF_BUFG_inst/O
                         net (fo=1508, routed)        1.565     5.086    core/clk_IBUF_BUFG
    SLICE_X37Y5          FDRE                                         r  core/current_pc_reg[0]/C
  -------------------------------------------------------------------    -------------------
    SLICE_X37Y5          FDRE (Prop_fdre_C_Q)         0.456     5.542 r  core/current_pc_reg[0]/Q
                         net (fo=54, routed)          0.888     6.431    core/pim/memory_reg_0_15_12_15/ADDRB0
    SLICE_X38Y6          RAMD32 (Prop_ramd32_RADR0_O)
                                                      0.152     6.583 f  core/pim/memory_reg_0_15_12_15/RAMB/O
                         net (fo=39, routed)          0.930     7.513    core/pim/read_data[0]
    SLICE_X37Y7          LUT6 (Prop_lut6_I3_O)        0.348     7.861 r  core/pim/memory_reg_0_i_314/O
                         net (fo=2, routed)           0.511     8.372    core/pim/src_a[1]
    SLICE_X45Y11         LUT4 (Prop_lut4_I3_O)        0.124     8.496 r  core/pim/memory_reg_0_i_310/O
                         net (fo=128, routed)         1.480     9.977    core/eu/vector_register_file_inst/regs[0][3]_i_19_0
    SLICE_X42Y33         LUT6 (Prop_lut6_I2_O)        0.124    10.101 r  core/eu/vector_register_file_inst/memory_reg_0_i_233/O
                         net (fo=3, routed)           0.452    10.553    core/eu/vector_register_file_inst/memory_reg_0_i_233_n_0
    SLICE_X47Y33         LUT6 (Prop_lut6_I5_O)        0.124    10.677 r  core/eu/vector_register_file_inst/memory_reg_0_i_125/O
                         net (fo=17, routed)          1.265    11.942    core/eu/vector_register_file_inst/debug_read_data[62]
    SLICE_X48Y32         LUT3 (Prop_lut3_I0_O)        0.152    12.094 r  core/eu/vector_register_file_inst/regs[0][61]_i_11/O
                         net (fo=9, routed)           1.255    13.349    core/eu/vector_register_file_inst/regs[0][61]_i_11_n_0
    SLICE_X58Y31         LUT5 (Prop_lut5_I0_O)        0.354    13.703 r  core/eu/vector_register_file_inst/regs[0][57]_i_11/O
                         net (fo=2, routed)           0.641    14.345    core/eu/vector_register_file_inst/regs[0][57]_i_11_n_0
    SLICE_X58Y31         LUT3 (Prop_lut3_I0_O)        0.332    14.677 r  core/eu/vector_register_file_inst/regs[0][41]_i_6/O
                         net (fo=2, routed)           0.649    15.325    core/eu/vector_register_file_inst/regs[0][41]_i_6_n_0
    SLICE_X57Y30         LUT6 (Prop_lut6_I2_O)        0.124    15.449 r  core/eu/vector_register_file_inst/regs[0][41]_i_3/O
                         net (fo=1, routed)           0.694    16.143    core/pim/regs_reg[7][41]
    SLICE_X59Y25         LUT6 (Prop_lut6_I2_O)        0.124    16.267 r  core/pim/regs[0][41]_i_1/O
                         net (fo=8, routed)           0.679    16.946    core/eu/vector_register_file_inst/regs_reg[7][127]_0[41]
    SLICE_X58Y24         FDRE                                         r  core/eu/vector_register_file_inst/regs_reg[5][41]/D
  -------------------------------------------------------------------    -------------------

                         (clock vector_dual_prefetch_clk rise edge)
                                                     12.500    12.500 r  <hidden>
    W5                                                0.000    12.500 r  clk
                         net (fo=0)                   0.000    12.500    clk
    W5                   IBUF (Prop_ibuf_I_O)         1.388    13.888 r  clk_IBUF_inst/O
                         net (fo=1, routed)           1.862    15.750    clk_IBUF
    BUFGCTRL_X0Y0        BUFG (Prop_bufg_I_O)         0.091    15.841 r  clk_IBUF_BUFG_inst/O
                         net (fo=1508, routed)        1.501    17.342    core/eu/vector_register_file_inst/clk_IBUF_BUFG
    SLICE_X58Y24         FDRE                                         r  core/eu/vector_register_file_inst/regs_reg[5][41]/C
                         clock pessimism              0.260    17.602    <hidden>
                         clock uncertainty           -0.035    17.567    <hidden>
    SLICE_X58Y24         FDRE (Setup_fdre_C_D)       -0.081    17.486    core/eu/vector_register_file_inst/regs_reg[5][41]
  -------------------------------------------------------------------
                         required time                         17.486    <hidden>
                         arrival time                         -16.946    <hidden>
  -------------------------------------------------------------------
                         slack                                  0.540    <hidden>

Slack (MET) :             0.556ns  (required time - arrival time)
  Source:                 core/current_pc_reg[0]/C
                            (rising edge-triggered cell FDRE clocked by vector_dual_prefetch_clk  {rise@0.000ns fall@6.250ns period=12.500ns})
  Destination:            core/eu/vector_register_file_inst/regs_reg[7][96]/D
                            (rising edge-triggered cell FDRE clocked by vector_dual_prefetch_clk  {rise@0.000ns fall@6.250ns period=12.500ns})
  Path Group:             vector_dual_prefetch_clk
  Path Type:              Setup (Max at Slow Process Corner)
  Requirement:            12.500ns  (vector_dual_prefetch_clk rise@12.500ns - vector_dual_prefetch_clk rise@0.000ns)
  Data Path Delay:        11.845ns  (logic 3.346ns (28.248%)  route 8.499ns (71.752%))
  Logic Levels:           13  (CARRY4=2 LUT2=1 LUT3=1 LUT4=2 LUT5=1 LUT6=4 MUXF7=1 RAMD32=1)
  Clock Path Skew:        -0.033ns (DCD - SCD + CPR)
    Destination Clock Delay (DCD):    4.793ns = ( 17.293 - 12.500 ) 
    Source Clock Delay      (SCD):    5.086ns
    Clock Pessimism Removal (CPR):    0.260ns
  Clock Uncertainty:      0.035ns  ((TSJ^2 + TIJ^2)^1/2 + DJ) / 2 + PE
    Total System Jitter     (TSJ):    0.071ns
    Total Input Jitter      (TIJ):    0.000ns
    Discrete Jitter          (DJ):    0.000ns
    Phase Error              (PE):    0.000ns

    Location             Delay type                Incr(ns)  Path(ns)    Netlist Resource(s)
  -------------------------------------------------------------------    -------------------
                         (clock vector_dual_prefetch_clk rise edge)
                                                      0.000     0.000 r  <hidden>
    W5                                                0.000     0.000 r  clk
                         net (fo=0)                   0.000     0.000    clk
    W5                   IBUF (Prop_ibuf_I_O)         1.458     1.458 r  clk_IBUF_inst/O
                         net (fo=1, routed)           1.967     3.425    clk_IBUF
    BUFGCTRL_X0Y0        BUFG (Prop_bufg_I_O)         0.096     3.521 r  clk_IBUF_BUFG_inst/O
                         net (fo=1508, routed)        1.565     5.086    core/clk_IBUF_BUFG
    SLICE_X37Y5          FDRE                                         r  core/current_pc_reg[0]/C
  -------------------------------------------------------------------    -------------------
    SLICE_X37Y5          FDRE (Prop_fdre_C_Q)         0.456     5.542 r  core/current_pc_reg[0]/Q
                         net (fo=54, routed)          0.898     6.441    core/pim/memory_reg_0_15_12_15/ADDRA0
    SLICE_X38Y6          RAMD32 (Prop_ramd32_RADR0_O)
                                                      0.150     6.591 r  core/pim/memory_reg_0_15_12_15/RAMA/O
                         net (fo=15, routed)          0.870     7.461    core/pim/current_instruction[12]
    SLICE_X37Y5          LUT6 (Prop_lut6_I0_O)        0.328     7.789 r  core/pim/memory_reg_0_i_315/O
                         net (fo=2, routed)           0.463     8.253    core/pim/src_a[0]
    SLICE_X43Y6          LUT4 (Prop_lut4_I3_O)        0.124     8.377 r  core/pim/memory_reg_0_i_313/O
                         net (fo=128, routed)         1.691    10.068    core/eu/vector_register_file_inst/rf_read_addr_a[0]
    SLICE_X59Y17         LUT6 (Prop_lut6_I4_O)        0.124    10.192 r  core/eu/vector_register_file_inst/memory_reg_1_i_200/O
                         net (fo=3, routed)           0.455    10.647    core/eu/vector_register_file_inst/memory_reg_1_i_200_n_0
    SLICE_X59Y17         LUT6 (Prop_lut6_I5_O)        0.124    10.771 r  core/eu/vector_register_file_inst/memory_reg_1_i_100/O
                         net (fo=14, routed)          1.126    11.897    core/eu/vector_register_file_inst/debug_read_data[116]
    SLICE_X57Y10         LUT2 (Prop_lut2_I0_O)        0.124    12.021 r  core/eu/vector_register_file_inst/regs[0][116]_i_12/O
                         net (fo=4, routed)           0.754    12.775    core/eu/vector_register_file_inst/regs[0][119]_i_29_n_0
    SLICE_X56Y8          LUT3 (Prop_lut3_I0_O)        0.124    12.899 r  core/eu/vector_register_file_inst/regs[0][96]_i_46/O
                         net (fo=1, routed)           0.000    12.899    core/eu/vector_register_file_inst/regs[0][96]_i_46_n_0
    SLICE_X56Y8          CARRY4 (Prop_carry4_S[2]_CO[3])
                                                      0.380    13.279 r  core/eu/vector_register_file_inst/regs_reg[0][96]_i_31/CO[3]
                         net (fo=1, routed)           0.000    13.279    core/eu/vector_register_file_inst/regs_reg[0][96]_i_31_n_0
    SLICE_X56Y9          CARRY4 (Prop_carry4_CI_CO[2])
                                                      0.229    13.508 r  core/eu/vector_register_file_inst/regs_reg[0][96]_i_21/CO[2]
                         net (fo=1, routed)           1.011    14.519    core/eu/vector_register_file_inst/vector_alu_inst/data5
    SLICE_X55Y4          LUT4 (Prop_lut4_I0_O)        0.340    14.859 r  core/eu/vector_register_file_inst/regs[0][96]_i_11/O
                         net (fo=1, routed)           0.264    15.124    core/eu/vector_register_file_inst/regs[0][96]_i_11_n_0
    SLICE_X55Y4          LUT6 (Prop_lut6_I5_O)        0.327    15.451 r  core/eu/vector_register_file_inst/regs[0][96]_i_7/O
                         net (fo=1, routed)           0.000    15.451    core/eu/vector_register_file_inst/regs[0][96]_i_7_n_0
    SLICE_X55Y4          MUXF7 (Prop_muxf7_I1_O)      0.217    15.668 r  core/eu/vector_register_file_inst/regs_reg[0][96]_i_4/O
                         net (fo=1, routed)           0.436    16.104    core/pim/regs_reg[7][96]_0
    SLICE_X55Y4          LUT5 (Prop_lut5_I4_O)        0.299    16.403 r  core/pim/regs[0][96]_i_1/O
                         net (fo=8, routed)           0.528    16.931    core/eu/vector_register_file_inst/regs_reg[7][127]_0[96]
    SLICE_X54Y4          FDRE                                         r  core/eu/vector_register_file_inst/regs_reg[7][96]/D
  -------------------------------------------------------------------    -------------------

                         (clock vector_dual_prefetch_clk rise edge)
                                                     12.500    12.500 r  <hidden>
    W5                                                0.000    12.500 r  clk
                         net (fo=0)                   0.000    12.500    clk
    W5                   IBUF (Prop_ibuf_I_O)         1.388    13.888 r  clk_IBUF_inst/O
                         net (fo=1, routed)           1.862    15.750    clk_IBUF
    BUFGCTRL_X0Y0        BUFG (Prop_bufg_I_O)         0.091    15.841 r  clk_IBUF_BUFG_inst/O
                         net (fo=1508, routed)        1.452    17.293    core/eu/vector_register_file_inst/clk_IBUF_BUFG
    SLICE_X54Y4          FDRE                                         r  core/eu/vector_register_file_inst/regs_reg[7][96]/C
                         clock pessimism              0.260    17.553    <hidden>
                         clock uncertainty           -0.035    17.518    <hidden>
    SLICE_X54Y4          FDRE (Setup_fdre_C_D)       -0.031    17.487    core/eu/vector_register_file_inst/regs_reg[7][96]
  -------------------------------------------------------------------
                         required time                         17.487    <hidden>
                         arrival time                         -16.931    <hidden>
  -------------------------------------------------------------------
                         slack                                  0.556    <hidden>

Slack (MET) :             0.572ns  (required time - arrival time)
  Source:                 core/current_pc_reg[0]/C
                            (rising edge-triggered cell FDRE clocked by vector_dual_prefetch_clk  {rise@0.000ns fall@6.250ns period=12.500ns})
  Destination:            core/eu/vector_register_file_inst/regs_reg[5][51]/D
                            (rising edge-triggered cell FDRE clocked by vector_dual_prefetch_clk  {rise@0.000ns fall@6.250ns period=12.500ns})
  Path Group:             vector_dual_prefetch_clk
  Path Type:              Setup (Max at Slow Process Corner)
  Requirement:            12.500ns  (vector_dual_prefetch_clk rise@12.500ns - vector_dual_prefetch_clk rise@0.000ns)
  Data Path Delay:        11.794ns  (logic 3.099ns (26.277%)  route 8.695ns (73.723%))
  Logic Levels:           11  (CARRY4=2 LUT2=1 LUT3=1 LUT4=1 LUT6=5 RAMD32=1)
  Clock Path Skew:        -0.043ns (DCD - SCD + CPR)
    Destination Clock Delay (DCD):    4.783ns = ( 17.283 - 12.500 ) 
    Source Clock Delay      (SCD):    5.086ns
    Clock Pessimism Removal (CPR):    0.260ns
  Clock Uncertainty:      0.035ns  ((TSJ^2 + TIJ^2)^1/2 + DJ) / 2 + PE
    Total System Jitter     (TSJ):    0.071ns
    Total Input Jitter      (TIJ):    0.000ns
    Discrete Jitter          (DJ):    0.000ns
    Phase Error              (PE):    0.000ns

    Location             Delay type                Incr(ns)  Path(ns)    Netlist Resource(s)
  -------------------------------------------------------------------    -------------------
                         (clock vector_dual_prefetch_clk rise edge)
                                                      0.000     0.000 r  <hidden>
    W5                                                0.000     0.000 r  clk
                         net (fo=0)                   0.000     0.000    clk
    W5                   IBUF (Prop_ibuf_I_O)         1.458     1.458 r  clk_IBUF_inst/O
                         net (fo=1, routed)           1.967     3.425    clk_IBUF
    BUFGCTRL_X0Y0        BUFG (Prop_bufg_I_O)         0.096     3.521 r  clk_IBUF_BUFG_inst/O
                         net (fo=1508, routed)        1.565     5.086    core/clk_IBUF_BUFG
    SLICE_X37Y5          FDRE                                         r  core/current_pc_reg[0]/C
  -------------------------------------------------------------------    -------------------
    SLICE_X37Y5          FDRE (Prop_fdre_C_Q)         0.456     5.542 r  core/current_pc_reg[0]/Q
                         net (fo=54, routed)          0.888     6.431    core/pim/memory_reg_0_15_12_15/ADDRB0
    SLICE_X38Y6          RAMD32 (Prop_ramd32_RADR0_O)
                                                      0.152     6.583 f  core/pim/memory_reg_0_15_12_15/RAMB/O
                         net (fo=39, routed)          0.930     7.513    core/pim/read_data[0]
    SLICE_X37Y7          LUT6 (Prop_lut6_I3_O)        0.348     7.861 r  core/pim/memory_reg_0_i_314/O
                         net (fo=2, routed)           0.511     8.372    core/pim/src_a[1]
    SLICE_X45Y11         LUT4 (Prop_lut4_I3_O)        0.124     8.496 r  core/pim/memory_reg_0_i_310/O
                         net (fo=128, routed)         1.850    10.346    core/eu/vector_register_file_inst/regs[0][3]_i_19_0
    SLICE_X59Y28         LUT6 (Prop_lut6_I2_O)        0.124    10.470 r  core/eu/vector_register_file_inst/memory_reg_0_i_267/O
                         net (fo=3, routed)           0.436    10.906    core/eu/vector_register_file_inst/memory_reg_0_i_267_n_0
    SLICE_X58Y27         LUT6 (Prop_lut6_I5_O)        0.124    11.030 r  core/eu/vector_register_file_inst/memory_reg_0_i_142/O
                         net (fo=15, routed)          0.944    11.974    core/eu/vector_register_file_inst/debug_read_data[45]
    SLICE_X53Y27         LUT2 (Prop_lut2_I0_O)        0.124    12.098 r  core/eu/vector_register_file_inst/regs[0][45]_i_8/O
                         net (fo=3, routed)           0.000    12.098    core/eu/vector_register_file_inst/regs[0][47]_i_24_n_0
    SLICE_X53Y27         CARRY4 (Prop_carry4_S[1]_CO[3])
                                                      0.550    12.648 r  core/eu/vector_register_file_inst/regs_reg[0][47]_i_13/CO[3]
                         net (fo=1, routed)           0.000    12.648    core/eu/vector_register_file_inst/regs_reg[0][47]_i_13_n_0
    SLICE_X53Y28         CARRY4 (Prop_carry4_CI_O[3])
                                                      0.313    12.961 r  core/eu/vector_register_file_inst/regs_reg[0][51]_i_14/O[3]
                         net (fo=1, routed)           0.419    13.380    core/eu/vector_register_file_inst/regs_reg[0][51]_i_14_n_4
    SLICE_X52Y29         LUT6 (Prop_lut6_I3_O)        0.306    13.686 r  core/eu/vector_register_file_inst/regs[0][51]_i_8/O
                         net (fo=1, routed)           1.050    14.736    core/eu/vector_register_file_inst/regs[0][51]_i_8_n_0
    SLICE_X44Y29         LUT3 (Prop_lut3_I2_O)        0.152    14.888 r  core/eu/vector_register_file_inst/regs[0][51]_i_4/O
                         net (fo=1, routed)           0.819    15.708    core/pim/regs_reg[7][51]_0
    SLICE_X52Y31         LUT6 (Prop_lut6_I5_O)        0.326    16.034 r  core/pim/regs[0][51]_i_1/O
                         net (fo=8, routed)           0.846    16.880    core/eu/vector_register_file_inst/regs_reg[7][127]_0[51]
    SLICE_X54Y31         FDRE                                         r  core/eu/vector_register_file_inst/regs_reg[5][51]/D
  -------------------------------------------------------------------    -------------------

                         (clock vector_dual_prefetch_clk rise edge)
                                                     12.500    12.500 r  <hidden>
    W5                                                0.000    12.500 r  clk
                         net (fo=0)                   0.000    12.500    clk
    W5                   IBUF (Prop_ibuf_I_O)         1.388    13.888 r  clk_IBUF_inst/O
                         net (fo=1, routed)           1.862    15.750    clk_IBUF
    BUFGCTRL_X0Y0        BUFG (Prop_bufg_I_O)         0.091    15.841 r  clk_IBUF_BUFG_inst/O
                         net (fo=1508, routed)        1.442    17.283    core/eu/vector_register_file_inst/clk_IBUF_BUFG
    SLICE_X54Y31         FDRE                                         r  core/eu/vector_register_file_inst/regs_reg[5][51]/C
                         clock pessimism              0.260    17.543    <hidden>
                         clock uncertainty           -0.035    17.508    <hidden>
    SLICE_X54Y31         FDRE (Setup_fdre_C_D)       -0.056    17.452    core/eu/vector_register_file_inst/regs_reg[5][51]
  -------------------------------------------------------------------
                         required time                         17.452    <hidden>
                         arrival time                         -16.880    <hidden>
  -------------------------------------------------------------------
                         slack                                  0.572    <hidden>

Slack (MET) :             0.572ns  (required time - arrival time)
  Source:                 core/current_pc_reg[0]/C
                            (rising edge-triggered cell FDRE clocked by vector_dual_prefetch_clk  {rise@0.000ns fall@6.250ns period=12.500ns})
  Destination:            core/eu/vector_register_file_inst/regs_reg[7][57]/D
                            (rising edge-triggered cell FDRE clocked by vector_dual_prefetch_clk  {rise@0.000ns fall@6.250ns period=12.500ns})
  Path Group:             vector_dual_prefetch_clk
  Path Type:              Setup (Max at Slow Process Corner)
  Requirement:            12.500ns  (vector_dual_prefetch_clk rise@12.500ns - vector_dual_prefetch_clk rise@0.000ns)
  Data Path Delay:        11.786ns  (logic 2.642ns (22.416%)  route 9.144ns (77.584%))
  Logic Levels:           10  (LUT3=2 LUT4=1 LUT5=1 LUT6=5 RAMD32=1)
  Clock Path Skew:        -0.039ns (DCD - SCD + CPR)
    Destination Clock Delay (DCD):    4.787ns = ( 17.287 - 12.500 ) 
    Source Clock Delay      (SCD):    5.086ns
    Clock Pessimism Removal (CPR):    0.260ns
  Clock Uncertainty:      0.035ns  ((TSJ^2 + TIJ^2)^1/2 + DJ) / 2 + PE
    Total System Jitter     (TSJ):    0.071ns
    Total Input Jitter      (TIJ):    0.000ns
    Discrete Jitter          (DJ):    0.000ns
    Phase Error              (PE):    0.000ns

    Location             Delay type                Incr(ns)  Path(ns)    Netlist Resource(s)
  -------------------------------------------------------------------    -------------------
                         (clock vector_dual_prefetch_clk rise edge)
                                                      0.000     0.000 r  <hidden>
    W5                                                0.000     0.000 r  clk
                         net (fo=0)                   0.000     0.000    clk
    W5                   IBUF (Prop_ibuf_I_O)         1.458     1.458 r  clk_IBUF_inst/O
                         net (fo=1, routed)           1.967     3.425    clk_IBUF
    BUFGCTRL_X0Y0        BUFG (Prop_bufg_I_O)         0.096     3.521 r  clk_IBUF_BUFG_inst/O
                         net (fo=1508, routed)        1.565     5.086    core/clk_IBUF_BUFG
    SLICE_X37Y5          FDRE                                         r  core/current_pc_reg[0]/C
  -------------------------------------------------------------------    -------------------
    SLICE_X37Y5          FDRE (Prop_fdre_C_Q)         0.456     5.542 r  core/current_pc_reg[0]/Q
                         net (fo=54, routed)          0.888     6.431    core/pim/memory_reg_0_15_12_15/ADDRB0
    SLICE_X38Y6          RAMD32 (Prop_ramd32_RADR0_O)
                                                      0.152     6.583 f  core/pim/memory_reg_0_15_12_15/RAMB/O
                         net (fo=39, routed)          0.930     7.513    core/pim/read_data[0]
    SLICE_X37Y7          LUT6 (Prop_lut6_I3_O)        0.348     7.861 r  core/pim/memory_reg_0_i_314/O
                         net (fo=2, routed)           0.511     8.372    core/pim/src_a[1]
    SLICE_X45Y11         LUT4 (Prop_lut4_I3_O)        0.124     8.496 r  core/pim/memory_reg_0_i_310/O
                         net (fo=128, routed)         1.480     9.977    core/eu/vector_register_file_inst/regs[0][3]_i_19_0
    SLICE_X42Y33         LUT6 (Prop_lut6_I2_O)        0.124    10.101 r  core/eu/vector_register_file_inst/memory_reg_0_i_233/O
                         net (fo=3, routed)           0.452    10.553    core/eu/vector_register_file_inst/memory_reg_0_i_233_n_0
    SLICE_X47Y33         LUT6 (Prop_lut6_I5_O)        0.124    10.677 r  core/eu/vector_register_file_inst/memory_reg_0_i_125/O
                         net (fo=17, routed)          1.265    11.942    core/eu/vector_register_file_inst/debug_read_data[62]
    SLICE_X48Y32         LUT3 (Prop_lut3_I0_O)        0.152    12.094 r  core/eu/vector_register_file_inst/regs[0][61]_i_11/O
                         net (fo=9, routed)           1.255    13.349    core/eu/vector_register_file_inst/regs[0][61]_i_11_n_0
    SLICE_X58Y31         LUT5 (Prop_lut5_I0_O)        0.354    13.703 r  core/eu/vector_register_file_inst/regs[0][57]_i_11/O
                         net (fo=2, routed)           0.641    14.345    core/eu/vector_register_file_inst/regs[0][57]_i_11_n_0
    SLICE_X58Y31         LUT3 (Prop_lut3_I2_O)        0.358    14.703 r  core/eu/vector_register_file_inst/regs[0][57]_i_6/O
                         net (fo=2, routed)           0.457    15.159    core/eu/vector_register_file_inst/regs[0][57]_i_6_n_0
    SLICE_X58Y31         LUT6 (Prop_lut6_I2_O)        0.326    15.485 r  core/eu/vector_register_file_inst/regs[0][57]_i_3/O
                         net (fo=1, routed)           0.594    16.079    core/pim/regs_reg[7][57]
    SLICE_X52Y32         LUT6 (Prop_lut6_I2_O)        0.124    16.203 r  core/pim/regs[0][57]_i_1/O
                         net (fo=8, routed)           0.669    16.873    core/eu/vector_register_file_inst/regs_reg[7][127]_0[57]
    SLICE_X53Y34         FDRE                                         r  core/eu/vector_register_file_inst/regs_reg[7][57]/D
  -------------------------------------------------------------------    -------------------

                         (clock vector_dual_prefetch_clk rise edge)
                                                     12.500    12.500 r  <hidden>
    W5                                                0.000    12.500 r  clk
                         net (fo=0)                   0.000    12.500    clk
    W5                   IBUF (Prop_ibuf_I_O)         1.388    13.888 r  clk_IBUF_inst/O
                         net (fo=1, routed)           1.862    15.750    clk_IBUF
    BUFGCTRL_X0Y0        BUFG (Prop_bufg_I_O)         0.091    15.841 r  clk_IBUF_BUFG_inst/O
                         net (fo=1508, routed)        1.446    17.287    core/eu/vector_register_file_inst/clk_IBUF_BUFG
    SLICE_X53Y34         FDRE                                         r  core/eu/vector_register_file_inst/regs_reg[7][57]/C
                         clock pessimism              0.260    17.547    <hidden>
                         clock uncertainty           -0.035    17.512    <hidden>
    SLICE_X53Y34         FDRE (Setup_fdre_C_D)       -0.067    17.445    core/eu/vector_register_file_inst/regs_reg[7][57]
  -------------------------------------------------------------------
                         required time                         17.445    <hidden>
                         arrival time                         -16.873    <hidden>
  -------------------------------------------------------------------
                         slack                                  0.572    <hidden>

Slack (MET) :             0.582ns  (required time - arrival time)
  Source:                 core/current_pc_reg[0]/C
                            (rising edge-triggered cell FDRE clocked by vector_dual_prefetch_clk  {rise@0.000ns fall@6.250ns period=12.500ns})
  Destination:            core/eu/vector_register_file_inst/regs_reg[0][64]/D
                            (rising edge-triggered cell FDRE clocked by vector_dual_prefetch_clk  {rise@0.000ns fall@6.250ns period=12.500ns})
  Path Group:             vector_dual_prefetch_clk
  Path Type:              Setup (Max at Slow Process Corner)
  Requirement:            12.500ns  (vector_dual_prefetch_clk rise@12.500ns - vector_dual_prefetch_clk rise@0.000ns)
  Data Path Delay:        11.743ns  (logic 3.284ns (27.966%)  route 8.459ns (72.034%))
  Logic Levels:           13  (CARRY4=2 LUT2=1 LUT3=1 LUT4=2 LUT5=1 LUT6=4 MUXF7=1 RAMD32=1)
  Clock Path Skew:        -0.037ns (DCD - SCD + CPR)
    Destination Clock Delay (DCD):    4.789ns = ( 17.289 - 12.500 ) 
    Source Clock Delay      (SCD):    5.086ns
    Clock Pessimism Removal (CPR):    0.260ns
  Clock Uncertainty:      0.035ns  ((TSJ^2 + TIJ^2)^1/2 + DJ) / 2 + PE
    Total System Jitter     (TSJ):    0.071ns
    Total Input Jitter      (TIJ):    0.000ns
    Discrete Jitter          (DJ):    0.000ns
    Phase Error              (PE):    0.000ns

    Location             Delay type                Incr(ns)  Path(ns)    Netlist Resource(s)
  -------------------------------------------------------------------    -------------------
                         (clock vector_dual_prefetch_clk rise edge)
                                                      0.000     0.000 r  <hidden>
    W5                                                0.000     0.000 r  clk
                         net (fo=0)                   0.000     0.000    clk
    W5                   IBUF (Prop_ibuf_I_O)         1.458     1.458 r  clk_IBUF_inst/O
                         net (fo=1, routed)           1.967     3.425    clk_IBUF
    BUFGCTRL_X0Y0        BUFG (Prop_bufg_I_O)         0.096     3.521 r  clk_IBUF_BUFG_inst/O
                         net (fo=1508, routed)        1.565     5.086    core/clk_IBUF_BUFG
    SLICE_X37Y5          FDRE                                         r  core/current_pc_reg[0]/C
  -------------------------------------------------------------------    -------------------
    SLICE_X37Y5          FDRE (Prop_fdre_C_Q)         0.456     5.542 r  core/current_pc_reg[0]/Q
                         net (fo=54, routed)          0.888     6.431    core/pim/memory_reg_0_15_12_15/ADDRB0
    SLICE_X38Y6          RAMD32 (Prop_ramd32_RADR0_O)
                                                      0.152     6.583 f  core/pim/memory_reg_0_15_12_15/RAMB/O
                         net (fo=39, routed)          0.930     7.513    core/pim/read_data[0]
    SLICE_X37Y7          LUT6 (Prop_lut6_I3_O)        0.348     7.861 r  core/pim/memory_reg_0_i_314/O
                         net (fo=2, routed)           0.506     8.367    core/pim/src_a[1]
    SLICE_X43Y12         LUT4 (Prop_lut4_I3_O)        0.124     8.491 r  core/pim/memory_reg_0_i_312/O
                         net (fo=128, routed)         1.299     9.790    core/eu/vector_register_file_inst/rf_read_addr_a[1]
    SLICE_X45Y0          LUT6 (Prop_lut6_I2_O)        0.124     9.914 r  core/eu/vector_register_file_inst/memory_reg_1_i_163/O
                         net (fo=3, routed)           0.629    10.543    core/eu/vector_register_file_inst/memory_reg_1_i_163_n_0
    SLICE_X44Y1          LUT6 (Prop_lut6_I4_O)        0.124    10.667 r  core/eu/vector_register_file_inst/memory_reg_1_i_82/O
                         net (fo=14, routed)          0.811    11.478    core/eu/vector_register_file_inst/debug_read_data[78]
    SLICE_X39Y6          LUT2 (Prop_lut2_I0_O)        0.124    11.602 r  core/eu/vector_register_file_inst/regs[0][78]_i_9/O
                         net (fo=4, routed)           0.747    12.349    core/eu/vector_register_file_inst/regs[0][79]_i_23_n_0
    SLICE_X40Y7          LUT3 (Prop_lut3_I0_O)        0.124    12.473 r  core/eu/vector_register_file_inst/regs[0][64]_i_48/O
                         net (fo=1, routed)           0.000    12.473    core/eu/vector_register_file_inst/regs[0][64]_i_48_n_0
    SLICE_X40Y7          CARRY4 (Prop_carry4_S[0]_CO[3])
                                                      0.532    13.005 r  core/eu/vector_register_file_inst/regs_reg[0][64]_i_31/CO[3]
                         net (fo=1, routed)           0.000    13.005    core/eu/vector_register_file_inst/regs_reg[0][64]_i_31_n_0
    SLICE_X40Y8          CARRY4 (Prop_carry4_CI_CO[2])
                                                      0.228    13.233 r  core/eu/vector_register_file_inst/regs_reg[0][64]_i_21/CO[2]
                         net (fo=1, routed)           0.778    14.010    core/eu/vector_register_file_inst/regs_reg[0][64]_i_21_n_1
    SLICE_X40Y2          LUT4 (Prop_lut4_I0_O)        0.313    14.323 r  core/eu/vector_register_file_inst/regs[0][64]_i_11/O
                         net (fo=1, routed)           0.586    14.910    core/eu/vector_register_file_inst/regs[0][64]_i_11_n_0
    SLICE_X42Y2          LUT6 (Prop_lut6_I5_O)        0.124    15.034 r  core/eu/vector_register_file_inst/regs[0][64]_i_7/O
                         net (fo=1, routed)           0.000    15.034    core/eu/vector_register_file_inst/regs[0][64]_i_7_n_0
    SLICE_X42Y2          MUXF7 (Prop_muxf7_I1_O)      0.214    15.248 r  core/eu/vector_register_file_inst/regs_reg[0][64]_i_4/O
                         net (fo=1, routed)           0.465    15.713    core/pim/regs_reg[7][64]_0
    SLICE_X44Y2          LUT5 (Prop_lut5_I4_O)        0.297    16.010 r  core/pim/regs[0][64]_i_1/O
                         net (fo=8, routed)           0.820    16.829    core/eu/vector_register_file_inst/regs_reg[7][127]_0[64]
    SLICE_X41Y2          FDRE                                         r  core/eu/vector_register_file_inst/regs_reg[0][64]/D
  -------------------------------------------------------------------    -------------------

                         (clock vector_dual_prefetch_clk rise edge)
                                                     12.500    12.500 r  <hidden>
    W5                                                0.000    12.500 r  clk
                         net (fo=0)                   0.000    12.500    clk
    W5                   IBUF (Prop_ibuf_I_O)         1.388    13.888 r  clk_IBUF_inst/O
                         net (fo=1, routed)           1.862    15.750    clk_IBUF
    BUFGCTRL_X0Y0        BUFG (Prop_bufg_I_O)         0.091    15.841 r  clk_IBUF_BUFG_inst/O
                         net (fo=1508, routed)        1.448    17.289    core/eu/vector_register_file_inst/clk_IBUF_BUFG
    SLICE_X41Y2          FDRE                                         r  core/eu/vector_register_file_inst/regs_reg[0][64]/C
                         clock pessimism              0.260    17.549    <hidden>
                         clock uncertainty           -0.035    17.514    <hidden>
    SLICE_X41Y2          FDRE (Setup_fdre_C_D)       -0.103    17.411    core/eu/vector_register_file_inst/regs_reg[0][64]
  -------------------------------------------------------------------
                         required time                         17.411    <hidden>
                         arrival time                         -16.829    <hidden>
  -------------------------------------------------------------------
                         slack                                  0.582    <hidden>

Slack (MET) :             0.615ns  (required time - arrival time)
  Source:                 core/current_pc_reg[0]/C
                            (rising edge-triggered cell FDRE clocked by vector_dual_prefetch_clk  {rise@0.000ns fall@6.250ns period=12.500ns})
  Destination:            core/eu/vector_register_file_inst/regs_reg[5][55]/D
                            (rising edge-triggered cell FDRE clocked by vector_dual_prefetch_clk  {rise@0.000ns fall@6.250ns period=12.500ns})
  Path Group:             vector_dual_prefetch_clk
  Path Type:              Setup (Max at Slow Process Corner)
  Requirement:            12.500ns  (vector_dual_prefetch_clk rise@12.500ns - vector_dual_prefetch_clk rise@0.000ns)
  Data Path Delay:        11.795ns  (logic 2.642ns (22.400%)  route 9.153ns (77.600%))
  Logic Levels:           10  (LUT3=2 LUT4=1 LUT5=1 LUT6=5 RAMD32=1)
  Clock Path Skew:        0.026ns (DCD - SCD + CPR)
    Destination Clock Delay (DCD):    4.852ns = ( 17.352 - 12.500 ) 
    Source Clock Delay      (SCD):    5.086ns
    Clock Pessimism Removal (CPR):    0.260ns
  Clock Uncertainty:      0.035ns  ((TSJ^2 + TIJ^2)^1/2 + DJ) / 2 + PE
    Total System Jitter     (TSJ):    0.071ns
    Total Input Jitter      (TIJ):    0.000ns
    Discrete Jitter          (DJ):    0.000ns
    Phase Error              (PE):    0.000ns

    Location             Delay type                Incr(ns)  Path(ns)    Netlist Resource(s)
  -------------------------------------------------------------------    -------------------
                         (clock vector_dual_prefetch_clk rise edge)
                                                      0.000     0.000 r  <hidden>
    W5                                                0.000     0.000 r  clk
                         net (fo=0)                   0.000     0.000    clk
    W5                   IBUF (Prop_ibuf_I_O)         1.458     1.458 r  clk_IBUF_inst/O
                         net (fo=1, routed)           1.967     3.425    clk_IBUF
    BUFGCTRL_X0Y0        BUFG (Prop_bufg_I_O)         0.096     3.521 r  clk_IBUF_BUFG_inst/O
                         net (fo=1508, routed)        1.565     5.086    core/clk_IBUF_BUFG
    SLICE_X37Y5          FDRE                                         r  core/current_pc_reg[0]/C
  -------------------------------------------------------------------    -------------------
    SLICE_X37Y5          FDRE (Prop_fdre_C_Q)         0.456     5.542 r  core/current_pc_reg[0]/Q
                         net (fo=54, routed)          0.888     6.431    core/pim/memory_reg_0_15_12_15/ADDRB0
    SLICE_X38Y6          RAMD32 (Prop_ramd32_RADR0_O)
                                                      0.152     6.583 f  core/pim/memory_reg_0_15_12_15/RAMB/O
                         net (fo=39, routed)          0.930     7.513    core/pim/read_data[0]
    SLICE_X37Y7          LUT6 (Prop_lut6_I3_O)        0.348     7.861 r  core/pim/memory_reg_0_i_314/O
                         net (fo=2, routed)           0.511     8.372    core/pim/src_a[1]
    SLICE_X45Y11         LUT4 (Prop_lut4_I3_O)        0.124     8.496 r  core/pim/memory_reg_0_i_310/O
                         net (fo=128, routed)         1.480     9.977    core/eu/vector_register_file_inst/regs[0][3]_i_19_0
    SLICE_X42Y33         LUT6 (Prop_lut6_I2_O)        0.124    10.101 r  core/eu/vector_register_file_inst/memory_reg_0_i_233/O
                         net (fo=3, routed)           0.452    10.553    core/eu/vector_register_file_inst/memory_reg_0_i_233_n_0
    SLICE_X47Y33         LUT6 (Prop_lut6_I5_O)        0.124    10.677 r  core/eu/vector_register_file_inst/memory_reg_0_i_125/O
                         net (fo=17, routed)          1.265    11.942    core/eu/vector_register_file_inst/debug_read_data[62]
    SLICE_X48Y32         LUT3 (Prop_lut3_I0_O)        0.152    12.094 r  core/eu/vector_register_file_inst/regs[0][61]_i_11/O
                         net (fo=9, routed)           1.255    13.349    core/eu/vector_register_file_inst/regs[0][61]_i_11_n_0
    SLICE_X58Y31         LUT5 (Prop_lut5_I0_O)        0.354    13.703 r  core/eu/vector_register_file_inst/regs[0][57]_i_11/O
                         net (fo=2, routed)           0.641    14.345    core/eu/vector_register_file_inst/regs[0][57]_i_11_n_0
    SLICE_X58Y31         LUT3 (Prop_lut3_I2_O)        0.358    14.703 r  core/eu/vector_register_file_inst/regs[0][57]_i_6/O
                         net (fo=2, routed)           0.531    15.234    core/eu/vector_register_file_inst/regs[0][57]_i_6_n_0
    SLICE_X57Y31         LUT6 (Prop_lut6_I4_O)        0.326    15.560 r  core/eu/vector_register_file_inst/regs[0][55]_i_3/O
                         net (fo=1, routed)           0.433    15.993    core/pim/regs_reg[7][55]
    SLICE_X57Y31         LUT6 (Prop_lut6_I2_O)        0.124    16.117 r  core/pim/regs[0][55]_i_1/O
                         net (fo=8, routed)           0.764    16.881    core/eu/vector_register_file_inst/regs_reg[7][127]_0[55]
    SLICE_X58Y33         FDRE                                         r  core/eu/vector_register_file_inst/regs_reg[5][55]/D
  -------------------------------------------------------------------    -------------------

                         (clock vector_dual_prefetch_clk rise edge)
                                                     12.500    12.500 r  <hidden>
    W5                                                0.000    12.500 r  clk
                         net (fo=0)                   0.000    12.500    clk
    W5                   IBUF (Prop_ibuf_I_O)         1.388    13.888 r  clk_IBUF_inst/O
                         net (fo=1, routed)           1.862    15.750    clk_IBUF
    BUFGCTRL_X0Y0        BUFG (Prop_bufg_I_O)         0.091    15.841 r  clk_IBUF_BUFG_inst/O
                         net (fo=1508, routed)        1.511    17.352    core/eu/vector_register_file_inst/clk_IBUF_BUFG
    SLICE_X58Y33         FDRE                                         r  core/eu/vector_register_file_inst/regs_reg[5][55]/C
                         clock pessimism              0.260    17.612    <hidden>
                         clock uncertainty           -0.035    17.577    <hidden>
    SLICE_X58Y33         FDRE (Setup_fdre_C_D)       -0.081    17.496    core/eu/vector_register_file_inst/regs_reg[5][55]
  -------------------------------------------------------------------
                         required time                         17.496    <hidden>
                         arrival time                         -16.881    <hidden>
  -------------------------------------------------------------------
                         slack                                  0.615    <hidden>

Slack (MET) :             0.616ns  (required time - arrival time)
  Source:                 core/current_pc_reg[0]/C
                            (rising edge-triggered cell FDRE clocked by vector_dual_prefetch_clk  {rise@0.000ns fall@6.250ns period=12.500ns})
  Destination:            core/eu/vector_register_file_inst/regs_reg[2][96]/D
                            (rising edge-triggered cell FDRE clocked by vector_dual_prefetch_clk  {rise@0.000ns fall@6.250ns period=12.500ns})
  Path Group:             vector_dual_prefetch_clk
  Path Type:              Setup (Max at Slow Process Corner)
  Requirement:            12.500ns  (vector_dual_prefetch_clk rise@12.500ns - vector_dual_prefetch_clk rise@0.000ns)
  Data Path Delay:        11.754ns  (logic 3.346ns (28.466%)  route 8.408ns (71.534%))
  Logic Levels:           13  (CARRY4=2 LUT2=1 LUT3=1 LUT4=2 LUT5=1 LUT6=4 MUXF7=1 RAMD32=1)
  Clock Path Skew:        -0.033ns (DCD - SCD + CPR)
    Destination Clock Delay (DCD):    4.793ns = ( 17.293 - 12.500 ) 
    Source Clock Delay      (SCD):    5.086ns
    Clock Pessimism Removal (CPR):    0.260ns
  Clock Uncertainty:      0.035ns  ((TSJ^2 + TIJ^2)^1/2 + DJ) / 2 + PE
    Total System Jitter     (TSJ):    0.071ns
    Total Input Jitter      (TIJ):    0.000ns
    Discrete Jitter          (DJ):    0.000ns
    Phase Error              (PE):    0.000ns

    Location             Delay type                Incr(ns)  Path(ns)    Netlist Resource(s)
  -------------------------------------------------------------------    -------------------
                         (clock vector_dual_prefetch_clk rise edge)
                                                      0.000     0.000 r  <hidden>
    W5                                                0.000     0.000 r  clk
                         net (fo=0)                   0.000     0.000    clk
    W5                   IBUF (Prop_ibuf_I_O)         1.458     1.458 r  clk_IBUF_inst/O
                         net (fo=1, routed)           1.967     3.425    clk_IBUF
    BUFGCTRL_X0Y0        BUFG (Prop_bufg_I_O)         0.096     3.521 r  clk_IBUF_BUFG_inst/O
                         net (fo=1508, routed)        1.565     5.086    core/clk_IBUF_BUFG
    SLICE_X37Y5          FDRE                                         r  core/current_pc_reg[0]/C
  -------------------------------------------------------------------    -------------------
    SLICE_X37Y5          FDRE (Prop_fdre_C_Q)         0.456     5.542 r  core/current_pc_reg[0]/Q
                         net (fo=54, routed)          0.898     6.441    core/pim/memory_reg_0_15_12_15/ADDRA0
    SLICE_X38Y6          RAMD32 (Prop_ramd32_RADR0_O)
                                                      0.150     6.591 r  core/pim/memory_reg_0_15_12_15/RAMA/O
                         net (fo=15, routed)          0.870     7.461    core/pim/current_instruction[12]
    SLICE_X37Y5          LUT6 (Prop_lut6_I0_O)        0.328     7.789 r  core/pim/memory_reg_0_i_315/O
                         net (fo=2, routed)           0.463     8.253    core/pim/src_a[0]
    SLICE_X43Y6          LUT4 (Prop_lut4_I3_O)        0.124     8.377 r  core/pim/memory_reg_0_i_313/O
                         net (fo=128, routed)         1.691    10.068    core/eu/vector_register_file_inst/rf_read_addr_a[0]
    SLICE_X59Y17         LUT6 (Prop_lut6_I4_O)        0.124    10.192 r  core/eu/vector_register_file_inst/memory_reg_1_i_200/O
                         net (fo=3, routed)           0.455    10.647    core/eu/vector_register_file_inst/memory_reg_1_i_200_n_0
    SLICE_X59Y17         LUT6 (Prop_lut6_I5_O)        0.124    10.771 r  core/eu/vector_register_file_inst/memory_reg_1_i_100/O
                         net (fo=14, routed)          1.126    11.897    core/eu/vector_register_file_inst/debug_read_data[116]
    SLICE_X57Y10         LUT2 (Prop_lut2_I0_O)        0.124    12.021 r  core/eu/vector_register_file_inst/regs[0][116]_i_12/O
                         net (fo=4, routed)           0.754    12.775    core/eu/vector_register_file_inst/regs[0][119]_i_29_n_0
    SLICE_X56Y8          LUT3 (Prop_lut3_I0_O)        0.124    12.899 r  core/eu/vector_register_file_inst/regs[0][96]_i_46/O
                         net (fo=1, routed)           0.000    12.899    core/eu/vector_register_file_inst/regs[0][96]_i_46_n_0
    SLICE_X56Y8          CARRY4 (Prop_carry4_S[2]_CO[3])
                                                      0.380    13.279 r  core/eu/vector_register_file_inst/regs_reg[0][96]_i_31/CO[3]
                         net (fo=1, routed)           0.000    13.279    core/eu/vector_register_file_inst/regs_reg[0][96]_i_31_n_0
    SLICE_X56Y9          CARRY4 (Prop_carry4_CI_CO[2])
                                                      0.229    13.508 r  core/eu/vector_register_file_inst/regs_reg[0][96]_i_21/CO[2]
                         net (fo=1, routed)           1.011    14.519    core/eu/vector_register_file_inst/vector_alu_inst/data5
    SLICE_X55Y4          LUT4 (Prop_lut4_I0_O)        0.340    14.859 r  core/eu/vector_register_file_inst/regs[0][96]_i_11/O
                         net (fo=1, routed)           0.264    15.124    core/eu/vector_register_file_inst/regs[0][96]_i_11_n_0
    SLICE_X55Y4          LUT6 (Prop_lut6_I5_O)        0.327    15.451 r  core/eu/vector_register_file_inst/regs[0][96]_i_7/O
                         net (fo=1, routed)           0.000    15.451    core/eu/vector_register_file_inst/regs[0][96]_i_7_n_0
    SLICE_X55Y4          MUXF7 (Prop_muxf7_I1_O)      0.217    15.668 r  core/eu/vector_register_file_inst/regs_reg[0][96]_i_4/O
                         net (fo=1, routed)           0.436    16.104    core/pim/regs_reg[7][96]_0
    SLICE_X55Y4          LUT5 (Prop_lut5_I4_O)        0.299    16.403 r  core/pim/regs[0][96]_i_1/O
                         net (fo=8, routed)           0.438    16.841    core/eu/vector_register_file_inst/regs_reg[7][127]_0[96]
    SLICE_X55Y4          FDRE                                         r  core/eu/vector_register_file_inst/regs_reg[2][96]/D
  -------------------------------------------------------------------    -------------------

                         (clock vector_dual_prefetch_clk rise edge)
                                                     12.500    12.500 r  <hidden>
    W5                                                0.000    12.500 r  clk
                         net (fo=0)                   0.000    12.500    clk
    W5                   IBUF (Prop_ibuf_I_O)         1.388    13.888 r  clk_IBUF_inst/O
                         net (fo=1, routed)           1.862    15.750    clk_IBUF
    BUFGCTRL_X0Y0        BUFG (Prop_bufg_I_O)         0.091    15.841 r  clk_IBUF_BUFG_inst/O
                         net (fo=1508, routed)        1.452    17.293    core/eu/vector_register_file_inst/clk_IBUF_BUFG
    SLICE_X55Y4          FDRE                                         r  core/eu/vector_register_file_inst/regs_reg[2][96]/C
                         clock pessimism              0.260    17.553    <hidden>
                         clock uncertainty           -0.035    17.518    <hidden>
    SLICE_X55Y4          FDRE (Setup_fdre_C_D)       -0.061    17.457    core/eu/vector_register_file_inst/regs_reg[2][96]
  -------------------------------------------------------------------
                         required time                         17.457    <hidden>
                         arrival time                         -16.841    <hidden>
  -------------------------------------------------------------------
                         slack                                  0.616    <hidden>




