Copyright 1986-2022 Xilinx, Inc. All Rights Reserved. Copyright 2022-2026 Advanced Micro Devices, Inc. All Rights Reserved.
-----------------------------------------------------------------------------------------------------------------------------------------------------------------------------------------------------------------------------------------
| Tool Version : Vivado v.2026.1 (win64) Build 6511674 Tue Jun 16 11:02:23 MDT 2026
| Date         : Mon Aug 10 14:24:21 2026
| Host         : DESKTOP-4GB7DVJ running 64-bit major release  (build 9200)
| Command      : report_timing -delay_type max -path_type full_clock_expanded -input_pins -max_paths 25 -nworst 1 -file C:/FPGA/systemverilog-fpga-cpu/reports/dot4acc_stage_h13b_t2/100mhz_run1/timing/post_route_worst_setup_paths.rpt
| Design       : fpga_top_pipeline_dot4acc_memopt_h13b_timingopt_t2
| Device       : 7a35t-cpg236
| Speed File   : -1  PRODUCTION 1.23 2018-06-13
| Design State : Routed
-----------------------------------------------------------------------------------------------------------------------------------------------------------------------------------------------------------------------------------------

Timing Report

Slack (VIOLATED) :        -0.623ns  (required time - arrival time)
  Source:                 cpu_inst/data_mem_inst/mem_reg/CLKARDCLK
                            (rising edge-triggered cell RAMB18E1 clocked by sys_clk_pin  {rise@0.000ns fall@5.000ns period=10.000ns})
  Destination:            cpu_inst/id_ex_reg_reg[operand_a][1]/R
                            (rising edge-triggered cell FDRE clocked by sys_clk_pin  {rise@0.000ns fall@5.000ns period=10.000ns})
  Path Group:             sys_clk_pin
  Path Type:              Setup (Max at Slow Process Corner)
  Requirement:            10.000ns  (sys_clk_pin rise@10.000ns - sys_clk_pin rise@0.000ns)
  Data Path Delay:        9.989ns  (logic 4.633ns (46.381%)  route 5.356ns (53.619%))
  Logic Levels:           12  (CARRY4=3 LUT3=3 LUT4=2 LUT5=2 LUT6=2)
  Clock Path Skew:        -0.074ns (DCD - SCD + CPR)
    Destination Clock Delay (DCD):    4.783ns = ( 14.783 - 10.000 ) 
    Source Clock Delay      (SCD):    5.132ns
    Clock Pessimism Removal (CPR):    0.274ns
  Clock Uncertainty:      0.035ns  ((TSJ^2 + TIJ^2)^1/2 + DJ) / 2 + PE
    Total System Jitter     (TSJ):    0.071ns
    Total Input Jitter      (TIJ):    0.000ns
    Discrete Jitter          (DJ):    0.000ns
    Phase Error              (PE):    0.000ns

    Location             Delay type                Incr(ns)  Path(ns)    Netlist Resource(s)
  -------------------------------------------------------------------    -------------------
                         (clock sys_clk_pin rise edge)
                                                      0.000     0.000 r  <hidden>
    W5                                                0.000     0.000 r  clk
                         net (fo=0)                   0.000     0.000    clk
    W5                                                                r  clk_IBUF_inst/I
    W5                   IBUF (Prop_ibuf_I_O)         1.458     1.458 r  clk_IBUF_inst/O
                         net (fo=1, routed)           1.967     3.425    clk_IBUF
    BUFGCTRL_X0Y0                                                     r  clk_IBUF_BUFG_inst/I
    BUFGCTRL_X0Y0        BUFG (Prop_bufg_I_O)         0.096     3.521 r  clk_IBUF_BUFG_inst/O
                         net (fo=1820, routed)        1.611     5.132    cpu_inst/data_mem_inst/clk_IBUF_BUFG
    RAMB18_X0Y2          RAMB18E1                                     r  cpu_inst/data_mem_inst/mem_reg/CLKARDCLK
  -------------------------------------------------------------------    -------------------
    RAMB18_X0Y2          RAMB18E1 (Prop_ramb18e1_CLKARDCLK_DOADO[2])
                                                      2.454     7.586 r  cpu_inst/data_mem_inst/mem_reg/DOADO[2]
                         net (fo=5, routed)           0.622     8.208    cpu_inst/data_mem_inst/read_data[2]
    SLICE_X9Y5                                                        r  cpu_inst/data_mem_inst/deferred_load_data[2]_i_1/I0
    SLICE_X9Y5           LUT3 (Prop_lut3_I0_O)        0.124     8.332 r  cpu_inst/data_mem_inst/deferred_load_data[2]_i_1/O
                         net (fo=5, routed)           0.762     9.095    cpu_inst/data_mem_inst/data2[2]
    SLICE_X9Y3                                                        r  cpu_inst/data_mem_inst/ex_alu_result0_i_6/I4
    SLICE_X9Y3           LUT5 (Prop_lut5_I4_O)        0.124     9.219 r  cpu_inst/data_mem_inst/ex_alu_result0_i_6/O
                         net (fo=3, routed)           0.320     9.539    cpu_inst/dot4acc_pipeline_inst/A[2]
    SLICE_X9Y1                                                        r  cpu_inst/dot4acc_pipeline_inst/redirect_pending_target[31]_i_38/I2
    SLICE_X9Y1           LUT3 (Prop_lut3_I2_O)        0.124     9.663 r  cpu_inst/dot4acc_pipeline_inst/redirect_pending_target[31]_i_38/O
                         net (fo=1, routed)           0.770    10.433    cpu_inst/dot4acc_pipeline_inst/redirect_pending_target[31]_i_38_n_0
    SLICE_X9Y6                                                        r  cpu_inst/dot4acc_pipeline_inst/redirect_pending_target[31]_i_24/I1
    SLICE_X9Y6           LUT6 (Prop_lut6_I1_O)        0.124    10.557 r  cpu_inst/dot4acc_pipeline_inst/redirect_pending_target[31]_i_24/O
                         net (fo=1, routed)           0.000    10.557    cpu_inst/dot4acc_pipeline_inst/redirect_pending_target[31]_i_24_n_0
    SLICE_X9Y6                                                        r  cpu_inst/dot4acc_pipeline_inst/redirect_pending_target_reg[31]_i_16/S[0]
    SLICE_X9Y6           CARRY4 (Prop_carry4_S[0]_CO[3])
                                                      0.532    11.089 r  cpu_inst/dot4acc_pipeline_inst/redirect_pending_target_reg[31]_i_16/CO[3]
                         net (fo=1, routed)           0.000    11.089    cpu_inst/dot4acc_pipeline_inst/redirect_pending_target_reg[31]_i_16_n_0
    SLICE_X9Y7                                                        r  cpu_inst/dot4acc_pipeline_inst/redirect_pending_target_reg[31]_i_12/CI
    SLICE_X9Y7           CARRY4 (Prop_carry4_CI_CO[3])
                                                      0.114    11.203 r  cpu_inst/dot4acc_pipeline_inst/redirect_pending_target_reg[31]_i_12/CO[3]
                         net (fo=1, routed)           0.000    11.203    cpu_inst/dot4acc_pipeline_inst/redirect_pending_target_reg[31]_i_12_n_0
    SLICE_X9Y8                                                        r  cpu_inst/dot4acc_pipeline_inst/redirect_pending_target_reg[31]_i_5/CI
    SLICE_X9Y8           CARRY4 (Prop_carry4_CI_CO[2])
                                                      0.228    11.431 r  cpu_inst/dot4acc_pipeline_inst/redirect_pending_target_reg[31]_i_5/CO[2]
                         net (fo=18, routed)          0.387    11.817    cpu_inst/dot4acc_pipeline_inst/ex_branch_taken0
    SLICE_X11Y8                                                       r  cpu_inst/dot4acc_pipeline_inst/led_OBUF[12]_inst_i_6/I3
    SLICE_X11Y8          LUT4 (Prop_lut4_I3_O)        0.313    12.130 r  cpu_inst/dot4acc_pipeline_inst/led_OBUF[12]_inst_i_6/O
                         net (fo=42, routed)          0.417    12.548    cpu_inst/dot4acc_pipeline_inst/led_OBUF[12]_inst_i_6_n_0
    SLICE_X8Y8                                                        r  cpu_inst/dot4acc_pipeline_inst/id_ex_reg[pc][31]_i_11/I0
    SLICE_X8Y8           LUT4 (Prop_lut4_I0_O)        0.124    12.672 f  cpu_inst/dot4acc_pipeline_inst/id_ex_reg[pc][31]_i_11/O
                         net (fo=1, routed)           0.162    12.834    cpu_inst/dot4acc_pipeline_inst/id_ex_reg[pc][31]_i_11_n_0
    SLICE_X8Y8                                                        f  cpu_inst/dot4acc_pipeline_inst/id_ex_reg[pc][31]_i_3/I5
    SLICE_X8Y8           LUT6 (Prop_lut6_I5_O)        0.124    12.958 r  cpu_inst/dot4acc_pipeline_inst/id_ex_reg[pc][31]_i_3/O
                         net (fo=13, routed)          0.646    13.603    cpu_inst/dot4acc_pipeline_inst/id_ex_reg[pc][31]_i_3_n_0
    SLICE_X8Y10                                                       r  cpu_inst/dot4acc_pipeline_inst/id_ex_reg[operand_b][31]_i_4/I2
    SLICE_X8Y10          LUT5 (Prop_lut5_I2_O)        0.124    13.727 r  cpu_inst/dot4acc_pipeline_inst/id_ex_reg[operand_b][31]_i_4/O
                         net (fo=3, routed)           0.481    14.208    cpu_inst/dot4acc_pipeline_inst/id_ex_reg[operand_b][31]_i_4_n_0
    SLICE_X8Y12                                                       r  cpu_inst/dot4acc_pipeline_inst/id_ex_reg[operand_a][31]_i_1/I1
    SLICE_X8Y12          LUT3 (Prop_lut3_I1_O)        0.124    14.332 r  cpu_inst/dot4acc_pipeline_inst/id_ex_reg[operand_a][31]_i_1/O
                         net (fo=32, routed)          0.788    15.121    cpu_inst/dot4acc_pipeline_inst_n_4
    SLICE_X8Y17          FDRE                                         r  cpu_inst/id_ex_reg_reg[operand_a][1]/R
  -------------------------------------------------------------------    -------------------

                         (clock sys_clk_pin rise edge)
                                                     10.000    10.000 r  <hidden>
    W5                                                0.000    10.000 r  clk
                         net (fo=0)                   0.000    10.000    clk
    W5                                                                r  clk_IBUF_inst/I
    W5                   IBUF (Prop_ibuf_I_O)         1.388    11.388 r  clk_IBUF_inst/O
                         net (fo=1, routed)           1.862    13.250    clk_IBUF
    BUFGCTRL_X0Y0                                                     r  clk_IBUF_BUFG_inst/I
    BUFGCTRL_X0Y0        BUFG (Prop_bufg_I_O)         0.091    13.341 r  clk_IBUF_BUFG_inst/O
                         net (fo=1820, routed)        1.442    14.783    cpu_inst/clk_IBUF_BUFG
    SLICE_X8Y17          FDRE                                         r  cpu_inst/id_ex_reg_reg[operand_a][1]/C
                         clock pessimism              0.274    15.057    <hidden>
                         clock uncertainty           -0.035    15.022    <hidden>
    SLICE_X8Y17          FDRE (Setup_fdre_C_R)       -0.524    14.498    cpu_inst/id_ex_reg_reg[operand_a][1]
  -------------------------------------------------------------------
                         required time                         14.498    <hidden>
                         arrival time                         -15.121    <hidden>
  -------------------------------------------------------------------
                         slack                                 -0.623    <hidden>

Slack (VIOLATED) :        -0.623ns  (required time - arrival time)
  Source:                 cpu_inst/data_mem_inst/mem_reg/CLKARDCLK
                            (rising edge-triggered cell RAMB18E1 clocked by sys_clk_pin  {rise@0.000ns fall@5.000ns period=10.000ns})
  Destination:            cpu_inst/id_ex_reg_reg[operand_a][25]/R
                            (rising edge-triggered cell FDRE clocked by sys_clk_pin  {rise@0.000ns fall@5.000ns period=10.000ns})
  Path Group:             sys_clk_pin
  Path Type:              Setup (Max at Slow Process Corner)
  Requirement:            10.000ns  (sys_clk_pin rise@10.000ns - sys_clk_pin rise@0.000ns)
  Data Path Delay:        9.989ns  (logic 4.633ns (46.381%)  route 5.356ns (53.619%))
  Logic Levels:           12  (CARRY4=3 LUT3=3 LUT4=2 LUT5=2 LUT6=2)
  Clock Path Skew:        -0.074ns (DCD - SCD + CPR)
    Destination Clock Delay (DCD):    4.783ns = ( 14.783 - 10.000 ) 
    Source Clock Delay      (SCD):    5.132ns
    Clock Pessimism Removal (CPR):    0.274ns
  Clock Uncertainty:      0.035ns  ((TSJ^2 + TIJ^2)^1/2 + DJ) / 2 + PE
    Total System Jitter     (TSJ):    0.071ns
    Total Input Jitter      (TIJ):    0.000ns
    Discrete Jitter          (DJ):    0.000ns
    Phase Error              (PE):    0.000ns

    Location             Delay type                Incr(ns)  Path(ns)    Netlist Resource(s)
  -------------------------------------------------------------------    -------------------
                         (clock sys_clk_pin rise edge)
                                                      0.000     0.000 r  <hidden>
    W5                                                0.000     0.000 r  clk
                         net (fo=0)                   0.000     0.000    clk
    W5                                                                r  clk_IBUF_inst/I
    W5                   IBUF (Prop_ibuf_I_O)         1.458     1.458 r  clk_IBUF_inst/O
                         net (fo=1, routed)           1.967     3.425    clk_IBUF
    BUFGCTRL_X0Y0                                                     r  clk_IBUF_BUFG_inst/I
    BUFGCTRL_X0Y0        BUFG (Prop_bufg_I_O)         0.096     3.521 r  clk_IBUF_BUFG_inst/O
                         net (fo=1820, routed)        1.611     5.132    cpu_inst/data_mem_inst/clk_IBUF_BUFG
    RAMB18_X0Y2          RAMB18E1                                     r  cpu_inst/data_mem_inst/mem_reg/CLKARDCLK
  -------------------------------------------------------------------    -------------------
    RAMB18_X0Y2          RAMB18E1 (Prop_ramb18e1_CLKARDCLK_DOADO[2])
                                                      2.454     7.586 r  cpu_inst/data_mem_inst/mem_reg/DOADO[2]
                         net (fo=5, routed)           0.622     8.208    cpu_inst/data_mem_inst/read_data[2]
    SLICE_X9Y5                                                        r  cpu_inst/data_mem_inst/deferred_load_data[2]_i_1/I0
    SLICE_X9Y5           LUT3 (Prop_lut3_I0_O)        0.124     8.332 r  cpu_inst/data_mem_inst/deferred_load_data[2]_i_1/O
                         net (fo=5, routed)           0.762     9.095    cpu_inst/data_mem_inst/data2[2]
    SLICE_X9Y3                                                        r  cpu_inst/data_mem_inst/ex_alu_result0_i_6/I4
    SLICE_X9Y3           LUT5 (Prop_lut5_I4_O)        0.124     9.219 r  cpu_inst/data_mem_inst/ex_alu_result0_i_6/O
                         net (fo=3, routed)           0.320     9.539    cpu_inst/dot4acc_pipeline_inst/A[2]
    SLICE_X9Y1                                                        r  cpu_inst/dot4acc_pipeline_inst/redirect_pending_target[31]_i_38/I2
    SLICE_X9Y1           LUT3 (Prop_lut3_I2_O)        0.124     9.663 r  cpu_inst/dot4acc_pipeline_inst/redirect_pending_target[31]_i_38/O
                         net (fo=1, routed)           0.770    10.433    cpu_inst/dot4acc_pipeline_inst/redirect_pending_target[31]_i_38_n_0
    SLICE_X9Y6                                                        r  cpu_inst/dot4acc_pipeline_inst/redirect_pending_target[31]_i_24/I1
    SLICE_X9Y6           LUT6 (Prop_lut6_I1_O)        0.124    10.557 r  cpu_inst/dot4acc_pipeline_inst/redirect_pending_target[31]_i_24/O
                         net (fo=1, routed)           0.000    10.557    cpu_inst/dot4acc_pipeline_inst/redirect_pending_target[31]_i_24_n_0
    SLICE_X9Y6                                                        r  cpu_inst/dot4acc_pipeline_inst/redirect_pending_target_reg[31]_i_16/S[0]
    SLICE_X9Y6           CARRY4 (Prop_carry4_S[0]_CO[3])
                                                      0.532    11.089 r  cpu_inst/dot4acc_pipeline_inst/redirect_pending_target_reg[31]_i_16/CO[3]
                         net (fo=1, routed)           0.000    11.089    cpu_inst/dot4acc_pipeline_inst/redirect_pending_target_reg[31]_i_16_n_0
    SLICE_X9Y7                                                        r  cpu_inst/dot4acc_pipeline_inst/redirect_pending_target_reg[31]_i_12/CI
    SLICE_X9Y7           CARRY4 (Prop_carry4_CI_CO[3])
                                                      0.114    11.203 r  cpu_inst/dot4acc_pipeline_inst/redirect_pending_target_reg[31]_i_12/CO[3]
                         net (fo=1, routed)           0.000    11.203    cpu_inst/dot4acc_pipeline_inst/redirect_pending_target_reg[31]_i_12_n_0
    SLICE_X9Y8                                                        r  cpu_inst/dot4acc_pipeline_inst/redirect_pending_target_reg[31]_i_5/CI
    SLICE_X9Y8           CARRY4 (Prop_carry4_CI_CO[2])
                                                      0.228    11.431 r  cpu_inst/dot4acc_pipeline_inst/redirect_pending_target_reg[31]_i_5/CO[2]
                         net (fo=18, routed)          0.387    11.817    cpu_inst/dot4acc_pipeline_inst/ex_branch_taken0
    SLICE_X11Y8                                                       r  cpu_inst/dot4acc_pipeline_inst/led_OBUF[12]_inst_i_6/I3
    SLICE_X11Y8          LUT4 (Prop_lut4_I3_O)        0.313    12.130 r  cpu_inst/dot4acc_pipeline_inst/led_OBUF[12]_inst_i_6/O
                         net (fo=42, routed)          0.417    12.548    cpu_inst/dot4acc_pipeline_inst/led_OBUF[12]_inst_i_6_n_0
    SLICE_X8Y8                                                        r  cpu_inst/dot4acc_pipeline_inst/id_ex_reg[pc][31]_i_11/I0
    SLICE_X8Y8           LUT4 (Prop_lut4_I0_O)        0.124    12.672 f  cpu_inst/dot4acc_pipeline_inst/id_ex_reg[pc][31]_i_11/O
                         net (fo=1, routed)           0.162    12.834    cpu_inst/dot4acc_pipeline_inst/id_ex_reg[pc][31]_i_11_n_0
    SLICE_X8Y8                                                        f  cpu_inst/dot4acc_pipeline_inst/id_ex_reg[pc][31]_i_3/I5
    SLICE_X8Y8           LUT6 (Prop_lut6_I5_O)        0.124    12.958 r  cpu_inst/dot4acc_pipeline_inst/id_ex_reg[pc][31]_i_3/O
                         net (fo=13, routed)          0.646    13.603    cpu_inst/dot4acc_pipeline_inst/id_ex_reg[pc][31]_i_3_n_0
    SLICE_X8Y10                                                       r  cpu_inst/dot4acc_pipeline_inst/id_ex_reg[operand_b][31]_i_4/I2
    SLICE_X8Y10          LUT5 (Prop_lut5_I2_O)        0.124    13.727 r  cpu_inst/dot4acc_pipeline_inst/id_ex_reg[operand_b][31]_i_4/O
                         net (fo=3, routed)           0.481    14.208    cpu_inst/dot4acc_pipeline_inst/id_ex_reg[operand_b][31]_i_4_n_0
    SLICE_X8Y12                                                       r  cpu_inst/dot4acc_pipeline_inst/id_ex_reg[operand_a][31]_i_1/I1
    SLICE_X8Y12          LUT3 (Prop_lut3_I1_O)        0.124    14.332 r  cpu_inst/dot4acc_pipeline_inst/id_ex_reg[operand_a][31]_i_1/O
                         net (fo=32, routed)          0.788    15.121    cpu_inst/dot4acc_pipeline_inst_n_4
    SLICE_X8Y17          FDRE                                         r  cpu_inst/id_ex_reg_reg[operand_a][25]/R
  -------------------------------------------------------------------    -------------------

                         (clock sys_clk_pin rise edge)
                                                     10.000    10.000 r  <hidden>
    W5                                                0.000    10.000 r  clk
                         net (fo=0)                   0.000    10.000    clk
    W5                                                                r  clk_IBUF_inst/I
    W5                   IBUF (Prop_ibuf_I_O)         1.388    11.388 r  clk_IBUF_inst/O
                         net (fo=1, routed)           1.862    13.250    clk_IBUF
    BUFGCTRL_X0Y0                                                     r  clk_IBUF_BUFG_inst/I
    BUFGCTRL_X0Y0        BUFG (Prop_bufg_I_O)         0.091    13.341 r  clk_IBUF_BUFG_inst/O
                         net (fo=1820, routed)        1.442    14.783    cpu_inst/clk_IBUF_BUFG
    SLICE_X8Y17          FDRE                                         r  cpu_inst/id_ex_reg_reg[operand_a][25]/C
                         clock pessimism              0.274    15.057    <hidden>
                         clock uncertainty           -0.035    15.022    <hidden>
    SLICE_X8Y17          FDRE (Setup_fdre_C_R)       -0.524    14.498    cpu_inst/id_ex_reg_reg[operand_a][25]
  -------------------------------------------------------------------
                         required time                         14.498    <hidden>
                         arrival time                         -15.121    <hidden>
  -------------------------------------------------------------------
                         slack                                 -0.623    <hidden>

Slack (VIOLATED) :        -0.623ns  (required time - arrival time)
  Source:                 cpu_inst/data_mem_inst/mem_reg/CLKARDCLK
                            (rising edge-triggered cell RAMB18E1 clocked by sys_clk_pin  {rise@0.000ns fall@5.000ns period=10.000ns})
  Destination:            cpu_inst/id_ex_reg_reg[operand_a][7]/R
                            (rising edge-triggered cell FDRE clocked by sys_clk_pin  {rise@0.000ns fall@5.000ns period=10.000ns})
  Path Group:             sys_clk_pin
  Path Type:              Setup (Max at Slow Process Corner)
  Requirement:            10.000ns  (sys_clk_pin rise@10.000ns - sys_clk_pin rise@0.000ns)
  Data Path Delay:        9.989ns  (logic 4.633ns (46.381%)  route 5.356ns (53.619%))
  Logic Levels:           12  (CARRY4=3 LUT3=3 LUT4=2 LUT5=2 LUT6=2)
  Clock Path Skew:        -0.074ns (DCD - SCD + CPR)
    Destination Clock Delay (DCD):    4.783ns = ( 14.783 - 10.000 ) 
    Source Clock Delay      (SCD):    5.132ns
    Clock Pessimism Removal (CPR):    0.274ns
  Clock Uncertainty:      0.035ns  ((TSJ^2 + TIJ^2)^1/2 + DJ) / 2 + PE
    Total System Jitter     (TSJ):    0.071ns
    Total Input Jitter      (TIJ):    0.000ns
    Discrete Jitter          (DJ):    0.000ns
    Phase Error              (PE):    0.000ns

    Location             Delay type                Incr(ns)  Path(ns)    Netlist Resource(s)
  -------------------------------------------------------------------    -------------------
                         (clock sys_clk_pin rise edge)
                                                      0.000     0.000 r  <hidden>
    W5                                                0.000     0.000 r  clk
                         net (fo=0)                   0.000     0.000    clk
    W5                                                                r  clk_IBUF_inst/I
    W5                   IBUF (Prop_ibuf_I_O)         1.458     1.458 r  clk_IBUF_inst/O
                         net (fo=1, routed)           1.967     3.425    clk_IBUF
    BUFGCTRL_X0Y0                                                     r  clk_IBUF_BUFG_inst/I
    BUFGCTRL_X0Y0        BUFG (Prop_bufg_I_O)         0.096     3.521 r  clk_IBUF_BUFG_inst/O
                         net (fo=1820, routed)        1.611     5.132    cpu_inst/data_mem_inst/clk_IBUF_BUFG
    RAMB18_X0Y2          RAMB18E1                                     r  cpu_inst/data_mem_inst/mem_reg/CLKARDCLK
  -------------------------------------------------------------------    -------------------
    RAMB18_X0Y2          RAMB18E1 (Prop_ramb18e1_CLKARDCLK_DOADO[2])
                                                      2.454     7.586 r  cpu_inst/data_mem_inst/mem_reg/DOADO[2]
                         net (fo=5, routed)           0.622     8.208    cpu_inst/data_mem_inst/read_data[2]
    SLICE_X9Y5                                                        r  cpu_inst/data_mem_inst/deferred_load_data[2]_i_1/I0
    SLICE_X9Y5           LUT3 (Prop_lut3_I0_O)        0.124     8.332 r  cpu_inst/data_mem_inst/deferred_load_data[2]_i_1/O
                         net (fo=5, routed)           0.762     9.095    cpu_inst/data_mem_inst/data2[2]
    SLICE_X9Y3                                                        r  cpu_inst/data_mem_inst/ex_alu_result0_i_6/I4
    SLICE_X9Y3           LUT5 (Prop_lut5_I4_O)        0.124     9.219 r  cpu_inst/data_mem_inst/ex_alu_result0_i_6/O
                         net (fo=3, routed)           0.320     9.539    cpu_inst/dot4acc_pipeline_inst/A[2]
    SLICE_X9Y1                                                        r  cpu_inst/dot4acc_pipeline_inst/redirect_pending_target[31]_i_38/I2
    SLICE_X9Y1           LUT3 (Prop_lut3_I2_O)        0.124     9.663 r  cpu_inst/dot4acc_pipeline_inst/redirect_pending_target[31]_i_38/O
                         net (fo=1, routed)           0.770    10.433    cpu_inst/dot4acc_pipeline_inst/redirect_pending_target[31]_i_38_n_0
    SLICE_X9Y6                                                        r  cpu_inst/dot4acc_pipeline_inst/redirect_pending_target[31]_i_24/I1
    SLICE_X9Y6           LUT6 (Prop_lut6_I1_O)        0.124    10.557 r  cpu_inst/dot4acc_pipeline_inst/redirect_pending_target[31]_i_24/O
                         net (fo=1, routed)           0.000    10.557    cpu_inst/dot4acc_pipeline_inst/redirect_pending_target[31]_i_24_n_0
    SLICE_X9Y6                                                        r  cpu_inst/dot4acc_pipeline_inst/redirect_pending_target_reg[31]_i_16/S[0]
    SLICE_X9Y6           CARRY4 (Prop_carry4_S[0]_CO[3])
                                                      0.532    11.089 r  cpu_inst/dot4acc_pipeline_inst/redirect_pending_target_reg[31]_i_16/CO[3]
                         net (fo=1, routed)           0.000    11.089    cpu_inst/dot4acc_pipeline_inst/redirect_pending_target_reg[31]_i_16_n_0
    SLICE_X9Y7                                                        r  cpu_inst/dot4acc_pipeline_inst/redirect_pending_target_reg[31]_i_12/CI
    SLICE_X9Y7           CARRY4 (Prop_carry4_CI_CO[3])
                                                      0.114    11.203 r  cpu_inst/dot4acc_pipeline_inst/redirect_pending_target_reg[31]_i_12/CO[3]
                         net (fo=1, routed)           0.000    11.203    cpu_inst/dot4acc_pipeline_inst/redirect_pending_target_reg[31]_i_12_n_0
    SLICE_X9Y8                                                        r  cpu_inst/dot4acc_pipeline_inst/redirect_pending_target_reg[31]_i_5/CI
    SLICE_X9Y8           CARRY4 (Prop_carry4_CI_CO[2])
                                                      0.228    11.431 r  cpu_inst/dot4acc_pipeline_inst/redirect_pending_target_reg[31]_i_5/CO[2]
                         net (fo=18, routed)          0.387    11.817    cpu_inst/dot4acc_pipeline_inst/ex_branch_taken0
    SLICE_X11Y8                                                       r  cpu_inst/dot4acc_pipeline_inst/led_OBUF[12]_inst_i_6/I3
    SLICE_X11Y8          LUT4 (Prop_lut4_I3_O)        0.313    12.130 r  cpu_inst/dot4acc_pipeline_inst/led_OBUF[12]_inst_i_6/O
                         net (fo=42, routed)          0.417    12.548    cpu_inst/dot4acc_pipeline_inst/led_OBUF[12]_inst_i_6_n_0
    SLICE_X8Y8                                                        r  cpu_inst/dot4acc_pipeline_inst/id_ex_reg[pc][31]_i_11/I0
    SLICE_X8Y8           LUT4 (Prop_lut4_I0_O)        0.124    12.672 f  cpu_inst/dot4acc_pipeline_inst/id_ex_reg[pc][31]_i_11/O
                         net (fo=1, routed)           0.162    12.834    cpu_inst/dot4acc_pipeline_inst/id_ex_reg[pc][31]_i_11_n_0
    SLICE_X8Y8                                                        f  cpu_inst/dot4acc_pipeline_inst/id_ex_reg[pc][31]_i_3/I5
    SLICE_X8Y8           LUT6 (Prop_lut6_I5_O)        0.124    12.958 r  cpu_inst/dot4acc_pipeline_inst/id_ex_reg[pc][31]_i_3/O
                         net (fo=13, routed)          0.646    13.603    cpu_inst/dot4acc_pipeline_inst/id_ex_reg[pc][31]_i_3_n_0
    SLICE_X8Y10                                                       r  cpu_inst/dot4acc_pipeline_inst/id_ex_reg[operand_b][31]_i_4/I2
    SLICE_X8Y10          LUT5 (Prop_lut5_I2_O)        0.124    13.727 r  cpu_inst/dot4acc_pipeline_inst/id_ex_reg[operand_b][31]_i_4/O
                         net (fo=3, routed)           0.481    14.208    cpu_inst/dot4acc_pipeline_inst/id_ex_reg[operand_b][31]_i_4_n_0
    SLICE_X8Y12                                                       r  cpu_inst/dot4acc_pipeline_inst/id_ex_reg[operand_a][31]_i_1/I1
    SLICE_X8Y12          LUT3 (Prop_lut3_I1_O)        0.124    14.332 r  cpu_inst/dot4acc_pipeline_inst/id_ex_reg[operand_a][31]_i_1/O
                         net (fo=32, routed)          0.788    15.121    cpu_inst/dot4acc_pipeline_inst_n_4
    SLICE_X8Y17          FDRE                                         r  cpu_inst/id_ex_reg_reg[operand_a][7]/R
  -------------------------------------------------------------------    -------------------

                         (clock sys_clk_pin rise edge)
                                                     10.000    10.000 r  <hidden>
    W5                                                0.000    10.000 r  clk
                         net (fo=0)                   0.000    10.000    clk
    W5                                                                r  clk_IBUF_inst/I
    W5                   IBUF (Prop_ibuf_I_O)         1.388    11.388 r  clk_IBUF_inst/O
                         net (fo=1, routed)           1.862    13.250    clk_IBUF
    BUFGCTRL_X0Y0                                                     r  clk_IBUF_BUFG_inst/I
    BUFGCTRL_X0Y0        BUFG (Prop_bufg_I_O)         0.091    13.341 r  clk_IBUF_BUFG_inst/O
                         net (fo=1820, routed)        1.442    14.783    cpu_inst/clk_IBUF_BUFG
    SLICE_X8Y17          FDRE                                         r  cpu_inst/id_ex_reg_reg[operand_a][7]/C
                         clock pessimism              0.274    15.057    <hidden>
                         clock uncertainty           -0.035    15.022    <hidden>
    SLICE_X8Y17          FDRE (Setup_fdre_C_R)       -0.524    14.498    cpu_inst/id_ex_reg_reg[operand_a][7]
  -------------------------------------------------------------------
                         required time                         14.498    <hidden>
                         arrival time                         -15.121    <hidden>
  -------------------------------------------------------------------
                         slack                                 -0.623    <hidden>

Slack (VIOLATED) :        -0.616ns  (required time - arrival time)
  Source:                 cpu_inst/data_mem_inst/mem_reg/CLKARDCLK
                            (rising edge-triggered cell RAMB18E1 clocked by sys_clk_pin  {rise@0.000ns fall@5.000ns period=10.000ns})
  Destination:            cpu_inst/id_ex_reg_reg[accumulator][13]/R
                            (rising edge-triggered cell FDRE clocked by sys_clk_pin  {rise@0.000ns fall@5.000ns period=10.000ns})
  Path Group:             sys_clk_pin
  Path Type:              Setup (Max at Slow Process Corner)
  Requirement:            10.000ns  (sys_clk_pin rise@10.000ns - sys_clk_pin rise@0.000ns)
  Data Path Delay:        9.985ns  (logic 4.633ns (46.399%)  route 5.352ns (53.601%))
  Logic Levels:           12  (CARRY4=3 LUT3=3 LUT4=2 LUT5=2 LUT6=2)
  Clock Path Skew:        -0.071ns (DCD - SCD + CPR)
    Destination Clock Delay (DCD):    4.786ns = ( 14.786 - 10.000 ) 
    Source Clock Delay      (SCD):    5.132ns
    Clock Pessimism Removal (CPR):    0.274ns
  Clock Uncertainty:      0.035ns  ((TSJ^2 + TIJ^2)^1/2 + DJ) / 2 + PE
    Total System Jitter     (TSJ):    0.071ns
    Total Input Jitter      (TIJ):    0.000ns
    Discrete Jitter          (DJ):    0.000ns
    Phase Error              (PE):    0.000ns

    Location             Delay type                Incr(ns)  Path(ns)    Netlist Resource(s)
  -------------------------------------------------------------------    -------------------
                         (clock sys_clk_pin rise edge)
                                                      0.000     0.000 r  <hidden>
    W5                                                0.000     0.000 r  clk
                         net (fo=0)                   0.000     0.000    clk
    W5                                                                r  clk_IBUF_inst/I
    W5                   IBUF (Prop_ibuf_I_O)         1.458     1.458 r  clk_IBUF_inst/O
                         net (fo=1, routed)           1.967     3.425    clk_IBUF
    BUFGCTRL_X0Y0                                                     r  clk_IBUF_BUFG_inst/I
    BUFGCTRL_X0Y0        BUFG (Prop_bufg_I_O)         0.096     3.521 r  clk_IBUF_BUFG_inst/O
                         net (fo=1820, routed)        1.611     5.132    cpu_inst/data_mem_inst/clk_IBUF_BUFG
    RAMB18_X0Y2          RAMB18E1                                     r  cpu_inst/data_mem_inst/mem_reg/CLKARDCLK
  -------------------------------------------------------------------    -------------------
    RAMB18_X0Y2          RAMB18E1 (Prop_ramb18e1_CLKARDCLK_DOADO[2])
                                                      2.454     7.586 r  cpu_inst/data_mem_inst/mem_reg/DOADO[2]
                         net (fo=5, routed)           0.622     8.208    cpu_inst/data_mem_inst/read_data[2]
    SLICE_X9Y5                                                        r  cpu_inst/data_mem_inst/deferred_load_data[2]_i_1/I0
    SLICE_X9Y5           LUT3 (Prop_lut3_I0_O)        0.124     8.332 r  cpu_inst/data_mem_inst/deferred_load_data[2]_i_1/O
                         net (fo=5, routed)           0.762     9.095    cpu_inst/data_mem_inst/data2[2]
    SLICE_X9Y3                                                        r  cpu_inst/data_mem_inst/ex_alu_result0_i_6/I4
    SLICE_X9Y3           LUT5 (Prop_lut5_I4_O)        0.124     9.219 r  cpu_inst/data_mem_inst/ex_alu_result0_i_6/O
                         net (fo=3, routed)           0.320     9.539    cpu_inst/dot4acc_pipeline_inst/A[2]
    SLICE_X9Y1                                                        r  cpu_inst/dot4acc_pipeline_inst/redirect_pending_target[31]_i_38/I2
    SLICE_X9Y1           LUT3 (Prop_lut3_I2_O)        0.124     9.663 r  cpu_inst/dot4acc_pipeline_inst/redirect_pending_target[31]_i_38/O
                         net (fo=1, routed)           0.770    10.433    cpu_inst/dot4acc_pipeline_inst/redirect_pending_target[31]_i_38_n_0
    SLICE_X9Y6                                                        r  cpu_inst/dot4acc_pipeline_inst/redirect_pending_target[31]_i_24/I1
    SLICE_X9Y6           LUT6 (Prop_lut6_I1_O)        0.124    10.557 r  cpu_inst/dot4acc_pipeline_inst/redirect_pending_target[31]_i_24/O
                         net (fo=1, routed)           0.000    10.557    cpu_inst/dot4acc_pipeline_inst/redirect_pending_target[31]_i_24_n_0
    SLICE_X9Y6                                                        r  cpu_inst/dot4acc_pipeline_inst/redirect_pending_target_reg[31]_i_16/S[0]
    SLICE_X9Y6           CARRY4 (Prop_carry4_S[0]_CO[3])
                                                      0.532    11.089 r  cpu_inst/dot4acc_pipeline_inst/redirect_pending_target_reg[31]_i_16/CO[3]
                         net (fo=1, routed)           0.000    11.089    cpu_inst/dot4acc_pipeline_inst/redirect_pending_target_reg[31]_i_16_n_0
    SLICE_X9Y7                                                        r  cpu_inst/dot4acc_pipeline_inst/redirect_pending_target_reg[31]_i_12/CI
    SLICE_X9Y7           CARRY4 (Prop_carry4_CI_CO[3])
                                                      0.114    11.203 r  cpu_inst/dot4acc_pipeline_inst/redirect_pending_target_reg[31]_i_12/CO[3]
                         net (fo=1, routed)           0.000    11.203    cpu_inst/dot4acc_pipeline_inst/redirect_pending_target_reg[31]_i_12_n_0
    SLICE_X9Y8                                                        r  cpu_inst/dot4acc_pipeline_inst/redirect_pending_target_reg[31]_i_5/CI
    SLICE_X9Y8           CARRY4 (Prop_carry4_CI_CO[2])
                                                      0.228    11.431 r  cpu_inst/dot4acc_pipeline_inst/redirect_pending_target_reg[31]_i_5/CO[2]
                         net (fo=18, routed)          0.387    11.817    cpu_inst/dot4acc_pipeline_inst/ex_branch_taken0
    SLICE_X11Y8                                                       r  cpu_inst/dot4acc_pipeline_inst/led_OBUF[12]_inst_i_6/I3
    SLICE_X11Y8          LUT4 (Prop_lut4_I3_O)        0.313    12.130 r  cpu_inst/dot4acc_pipeline_inst/led_OBUF[12]_inst_i_6/O
                         net (fo=42, routed)          0.417    12.548    cpu_inst/dot4acc_pipeline_inst/led_OBUF[12]_inst_i_6_n_0
    SLICE_X8Y8                                                        r  cpu_inst/dot4acc_pipeline_inst/id_ex_reg[pc][31]_i_11/I0
    SLICE_X8Y8           LUT4 (Prop_lut4_I0_O)        0.124    12.672 f  cpu_inst/dot4acc_pipeline_inst/id_ex_reg[pc][31]_i_11/O
                         net (fo=1, routed)           0.162    12.834    cpu_inst/dot4acc_pipeline_inst/id_ex_reg[pc][31]_i_11_n_0
    SLICE_X8Y8                                                        f  cpu_inst/dot4acc_pipeline_inst/id_ex_reg[pc][31]_i_3/I5
    SLICE_X8Y8           LUT6 (Prop_lut6_I5_O)        0.124    12.958 r  cpu_inst/dot4acc_pipeline_inst/id_ex_reg[pc][31]_i_3/O
                         net (fo=13, routed)          0.646    13.603    cpu_inst/dot4acc_pipeline_inst/id_ex_reg[pc][31]_i_3_n_0
    SLICE_X8Y10                                                       r  cpu_inst/dot4acc_pipeline_inst/id_ex_reg[operand_b][31]_i_4/I2
    SLICE_X8Y10          LUT5 (Prop_lut5_I2_O)        0.124    13.727 r  cpu_inst/dot4acc_pipeline_inst/id_ex_reg[operand_b][31]_i_4/O
                         net (fo=3, routed)           0.514    14.241    cpu_inst/dot4acc_pipeline_inst/id_ex_reg[operand_b][31]_i_4_n_0
    SLICE_X10Y14                                                      r  cpu_inst/dot4acc_pipeline_inst/id_ex_reg[accumulator][31]_i_1/I1
    SLICE_X10Y14         LUT3 (Prop_lut3_I1_O)        0.124    14.365 r  cpu_inst/dot4acc_pipeline_inst/id_ex_reg[accumulator][31]_i_1/O
                         net (fo=32, routed)          0.752    15.117    cpu_inst/dot4acc_pipeline_inst_n_3
    SLICE_X8Y14          FDRE                                         r  cpu_inst/id_ex_reg_reg[accumulator][13]/R
  -------------------------------------------------------------------    -------------------

                         (clock sys_clk_pin rise edge)
                                                     10.000    10.000 r  <hidden>
    W5                                                0.000    10.000 r  clk
                         net (fo=0)                   0.000    10.000    clk
    W5                                                                r  clk_IBUF_inst/I
    W5                   IBUF (Prop_ibuf_I_O)         1.388    11.388 r  clk_IBUF_inst/O
                         net (fo=1, routed)           1.862    13.250    clk_IBUF
    BUFGCTRL_X0Y0                                                     r  clk_IBUF_BUFG_inst/I
    BUFGCTRL_X0Y0        BUFG (Prop_bufg_I_O)         0.091    13.341 r  clk_IBUF_BUFG_inst/O
                         net (fo=1820, routed)        1.445    14.786    cpu_inst/clk_IBUF_BUFG
    SLICE_X8Y14          FDRE                                         r  cpu_inst/id_ex_reg_reg[accumulator][13]/C
                         clock pessimism              0.274    15.060    <hidden>
                         clock uncertainty           -0.035    15.025    <hidden>
    SLICE_X8Y14          FDRE (Setup_fdre_C_R)       -0.524    14.501    cpu_inst/id_ex_reg_reg[accumulator][13]
  -------------------------------------------------------------------
                         required time                         14.501    <hidden>
                         arrival time                         -15.117    <hidden>
  -------------------------------------------------------------------
                         slack                                 -0.616    <hidden>

Slack (VIOLATED) :        -0.616ns  (required time - arrival time)
  Source:                 cpu_inst/data_mem_inst/mem_reg/CLKARDCLK
                            (rising edge-triggered cell RAMB18E1 clocked by sys_clk_pin  {rise@0.000ns fall@5.000ns period=10.000ns})
  Destination:            cpu_inst/id_ex_reg_reg[accumulator][20]/R
                            (rising edge-triggered cell FDRE clocked by sys_clk_pin  {rise@0.000ns fall@5.000ns period=10.000ns})
  Path Group:             sys_clk_pin
  Path Type:              Setup (Max at Slow Process Corner)
  Requirement:            10.000ns  (sys_clk_pin rise@10.000ns - sys_clk_pin rise@0.000ns)
  Data Path Delay:        9.985ns  (logic 4.633ns (46.399%)  route 5.352ns (53.601%))
  Logic Levels:           12  (CARRY4=3 LUT3=3 LUT4=2 LUT5=2 LUT6=2)
  Clock Path Skew:        -0.071ns (DCD - SCD + CPR)
    Destination Clock Delay (DCD):    4.786ns = ( 14.786 - 10.000 ) 
    Source Clock Delay      (SCD):    5.132ns
    Clock Pessimism Removal (CPR):    0.274ns
  Clock Uncertainty:      0.035ns  ((TSJ^2 + TIJ^2)^1/2 + DJ) / 2 + PE
    Total System Jitter     (TSJ):    0.071ns
    Total Input Jitter      (TIJ):    0.000ns
    Discrete Jitter          (DJ):    0.000ns
    Phase Error              (PE):    0.000ns

    Location             Delay type                Incr(ns)  Path(ns)    Netlist Resource(s)
  -------------------------------------------------------------------    -------------------
                         (clock sys_clk_pin rise edge)
                                                      0.000     0.000 r  <hidden>
    W5                                                0.000     0.000 r  clk
                         net (fo=0)                   0.000     0.000    clk
    W5                                                                r  clk_IBUF_inst/I
    W5                   IBUF (Prop_ibuf_I_O)         1.458     1.458 r  clk_IBUF_inst/O
                         net (fo=1, routed)           1.967     3.425    clk_IBUF
    BUFGCTRL_X0Y0                                                     r  clk_IBUF_BUFG_inst/I
    BUFGCTRL_X0Y0        BUFG (Prop_bufg_I_O)         0.096     3.521 r  clk_IBUF_BUFG_inst/O
                         net (fo=1820, routed)        1.611     5.132    cpu_inst/data_mem_inst/clk_IBUF_BUFG
    RAMB18_X0Y2          RAMB18E1                                     r  cpu_inst/data_mem_inst/mem_reg/CLKARDCLK
  -------------------------------------------------------------------    -------------------
    RAMB18_X0Y2          RAMB18E1 (Prop_ramb18e1_CLKARDCLK_DOADO[2])
                                                      2.454     7.586 r  cpu_inst/data_mem_inst/mem_reg/DOADO[2]
                         net (fo=5, routed)           0.622     8.208    cpu_inst/data_mem_inst/read_data[2]
    SLICE_X9Y5                                                        r  cpu_inst/data_mem_inst/deferred_load_data[2]_i_1/I0
    SLICE_X9Y5           LUT3 (Prop_lut3_I0_O)        0.124     8.332 r  cpu_inst/data_mem_inst/deferred_load_data[2]_i_1/O
                         net (fo=5, routed)           0.762     9.095    cpu_inst/data_mem_inst/data2[2]
    SLICE_X9Y3                                                        r  cpu_inst/data_mem_inst/ex_alu_result0_i_6/I4
    SLICE_X9Y3           LUT5 (Prop_lut5_I4_O)        0.124     9.219 r  cpu_inst/data_mem_inst/ex_alu_result0_i_6/O
                         net (fo=3, routed)           0.320     9.539    cpu_inst/dot4acc_pipeline_inst/A[2]
    SLICE_X9Y1                                                        r  cpu_inst/dot4acc_pipeline_inst/redirect_pending_target[31]_i_38/I2
    SLICE_X9Y1           LUT3 (Prop_lut3_I2_O)        0.124     9.663 r  cpu_inst/dot4acc_pipeline_inst/redirect_pending_target[31]_i_38/O
                         net (fo=1, routed)           0.770    10.433    cpu_inst/dot4acc_pipeline_inst/redirect_pending_target[31]_i_38_n_0
    SLICE_X9Y6                                                        r  cpu_inst/dot4acc_pipeline_inst/redirect_pending_target[31]_i_24/I1
    SLICE_X9Y6           LUT6 (Prop_lut6_I1_O)        0.124    10.557 r  cpu_inst/dot4acc_pipeline_inst/redirect_pending_target[31]_i_24/O
                         net (fo=1, routed)           0.000    10.557    cpu_inst/dot4acc_pipeline_inst/redirect_pending_target[31]_i_24_n_0
    SLICE_X9Y6                                                        r  cpu_inst/dot4acc_pipeline_inst/redirect_pending_target_reg[31]_i_16/S[0]
    SLICE_X9Y6           CARRY4 (Prop_carry4_S[0]_CO[3])
                                                      0.532    11.089 r  cpu_inst/dot4acc_pipeline_inst/redirect_pending_target_reg[31]_i_16/CO[3]
                         net (fo=1, routed)           0.000    11.089    cpu_inst/dot4acc_pipeline_inst/redirect_pending_target_reg[31]_i_16_n_0
    SLICE_X9Y7                                                        r  cpu_inst/dot4acc_pipeline_inst/redirect_pending_target_reg[31]_i_12/CI
    SLICE_X9Y7           CARRY4 (Prop_carry4_CI_CO[3])
                                                      0.114    11.203 r  cpu_inst/dot4acc_pipeline_inst/redirect_pending_target_reg[31]_i_12/CO[3]
                         net (fo=1, routed)           0.000    11.203    cpu_inst/dot4acc_pipeline_inst/redirect_pending_target_reg[31]_i_12_n_0
    SLICE_X9Y8                                                        r  cpu_inst/dot4acc_pipeline_inst/redirect_pending_target_reg[31]_i_5/CI
    SLICE_X9Y8           CARRY4 (Prop_carry4_CI_CO[2])
                                                      0.228    11.431 r  cpu_inst/dot4acc_pipeline_inst/redirect_pending_target_reg[31]_i_5/CO[2]
                         net (fo=18, routed)          0.387    11.817    cpu_inst/dot4acc_pipeline_inst/ex_branch_taken0
    SLICE_X11Y8                                                       r  cpu_inst/dot4acc_pipeline_inst/led_OBUF[12]_inst_i_6/I3
    SLICE_X11Y8          LUT4 (Prop_lut4_I3_O)        0.313    12.130 r  cpu_inst/dot4acc_pipeline_inst/led_OBUF[12]_inst_i_6/O
                         net (fo=42, routed)          0.417    12.548    cpu_inst/dot4acc_pipeline_inst/led_OBUF[12]_inst_i_6_n_0
    SLICE_X8Y8                                                        r  cpu_inst/dot4acc_pipeline_inst/id_ex_reg[pc][31]_i_11/I0
    SLICE_X8Y8           LUT4 (Prop_lut4_I0_O)        0.124    12.672 f  cpu_inst/dot4acc_pipeline_inst/id_ex_reg[pc][31]_i_11/O
                         net (fo=1, routed)           0.162    12.834    cpu_inst/dot4acc_pipeline_inst/id_ex_reg[pc][31]_i_11_n_0
    SLICE_X8Y8                                                        f  cpu_inst/dot4acc_pipeline_inst/id_ex_reg[pc][31]_i_3/I5
    SLICE_X8Y8           LUT6 (Prop_lut6_I5_O)        0.124    12.958 r  cpu_inst/dot4acc_pipeline_inst/id_ex_reg[pc][31]_i_3/O
                         net (fo=13, routed)          0.646    13.603    cpu_inst/dot4acc_pipeline_inst/id_ex_reg[pc][31]_i_3_n_0
    SLICE_X8Y10                                                       r  cpu_inst/dot4acc_pipeline_inst/id_ex_reg[operand_b][31]_i_4/I2
    SLICE_X8Y10          LUT5 (Prop_lut5_I2_O)        0.124    13.727 r  cpu_inst/dot4acc_pipeline_inst/id_ex_reg[operand_b][31]_i_4/O
                         net (fo=3, routed)           0.514    14.241    cpu_inst/dot4acc_pipeline_inst/id_ex_reg[operand_b][31]_i_4_n_0
    SLICE_X10Y14                                                      r  cpu_inst/dot4acc_pipeline_inst/id_ex_reg[accumulator][31]_i_1/I1
    SLICE_X10Y14         LUT3 (Prop_lut3_I1_O)        0.124    14.365 r  cpu_inst/dot4acc_pipeline_inst/id_ex_reg[accumulator][31]_i_1/O
                         net (fo=32, routed)          0.752    15.117    cpu_inst/dot4acc_pipeline_inst_n_3
    SLICE_X8Y14          FDRE                                         r  cpu_inst/id_ex_reg_reg[accumulator][20]/R
  -------------------------------------------------------------------    -------------------

                         (clock sys_clk_pin rise edge)
                                                     10.000    10.000 r  <hidden>
    W5                                                0.000    10.000 r  clk
                         net (fo=0)                   0.000    10.000    clk
    W5                                                                r  clk_IBUF_inst/I
    W5                   IBUF (Prop_ibuf_I_O)         1.388    11.388 r  clk_IBUF_inst/O
                         net (fo=1, routed)           1.862    13.250    clk_IBUF
    BUFGCTRL_X0Y0                                                     r  clk_IBUF_BUFG_inst/I
    BUFGCTRL_X0Y0        BUFG (Prop_bufg_I_O)         0.091    13.341 r  clk_IBUF_BUFG_inst/O
                         net (fo=1820, routed)        1.445    14.786    cpu_inst/clk_IBUF_BUFG
    SLICE_X8Y14          FDRE                                         r  cpu_inst/id_ex_reg_reg[accumulator][20]/C
                         clock pessimism              0.274    15.060    <hidden>
                         clock uncertainty           -0.035    15.025    <hidden>
    SLICE_X8Y14          FDRE (Setup_fdre_C_R)       -0.524    14.501    cpu_inst/id_ex_reg_reg[accumulator][20]
  -------------------------------------------------------------------
                         required time                         14.501    <hidden>
                         arrival time                         -15.117    <hidden>
  -------------------------------------------------------------------
                         slack                                 -0.616    <hidden>

Slack (VIOLATED) :        -0.616ns  (required time - arrival time)
  Source:                 cpu_inst/data_mem_inst/mem_reg/CLKARDCLK
                            (rising edge-triggered cell RAMB18E1 clocked by sys_clk_pin  {rise@0.000ns fall@5.000ns period=10.000ns})
  Destination:            cpu_inst/id_ex_reg_reg[accumulator][23]/R
                            (rising edge-triggered cell FDRE clocked by sys_clk_pin  {rise@0.000ns fall@5.000ns period=10.000ns})
  Path Group:             sys_clk_pin
  Path Type:              Setup (Max at Slow Process Corner)
  Requirement:            10.000ns  (sys_clk_pin rise@10.000ns - sys_clk_pin rise@0.000ns)
  Data Path Delay:        9.985ns  (logic 4.633ns (46.399%)  route 5.352ns (53.601%))
  Logic Levels:           12  (CARRY4=3 LUT3=3 LUT4=2 LUT5=2 LUT6=2)
  Clock Path Skew:        -0.071ns (DCD - SCD + CPR)
    Destination Clock Delay (DCD):    4.786ns = ( 14.786 - 10.000 ) 
    Source Clock Delay      (SCD):    5.132ns
    Clock Pessimism Removal (CPR):    0.274ns
  Clock Uncertainty:      0.035ns  ((TSJ^2 + TIJ^2)^1/2 + DJ) / 2 + PE
    Total System Jitter     (TSJ):    0.071ns
    Total Input Jitter      (TIJ):    0.000ns
    Discrete Jitter          (DJ):    0.000ns
    Phase Error              (PE):    0.000ns

    Location             Delay type                Incr(ns)  Path(ns)    Netlist Resource(s)
  -------------------------------------------------------------------    -------------------
                         (clock sys_clk_pin rise edge)
                                                      0.000     0.000 r  <hidden>
    W5                                                0.000     0.000 r  clk
                         net (fo=0)                   0.000     0.000    clk
    W5                                                                r  clk_IBUF_inst/I
    W5                   IBUF (Prop_ibuf_I_O)         1.458     1.458 r  clk_IBUF_inst/O
                         net (fo=1, routed)           1.967     3.425    clk_IBUF
    BUFGCTRL_X0Y0                                                     r  clk_IBUF_BUFG_inst/I
    BUFGCTRL_X0Y0        BUFG (Prop_bufg_I_O)         0.096     3.521 r  clk_IBUF_BUFG_inst/O
                         net (fo=1820, routed)        1.611     5.132    cpu_inst/data_mem_inst/clk_IBUF_BUFG
    RAMB18_X0Y2          RAMB18E1                                     r  cpu_inst/data_mem_inst/mem_reg/CLKARDCLK
  -------------------------------------------------------------------    -------------------
    RAMB18_X0Y2          RAMB18E1 (Prop_ramb18e1_CLKARDCLK_DOADO[2])
                                                      2.454     7.586 r  cpu_inst/data_mem_inst/mem_reg/DOADO[2]
                         net (fo=5, routed)           0.622     8.208    cpu_inst/data_mem_inst/read_data[2]
    SLICE_X9Y5                                                        r  cpu_inst/data_mem_inst/deferred_load_data[2]_i_1/I0
    SLICE_X9Y5           LUT3 (Prop_lut3_I0_O)        0.124     8.332 r  cpu_inst/data_mem_inst/deferred_load_data[2]_i_1/O
                         net (fo=5, routed)           0.762     9.095    cpu_inst/data_mem_inst/data2[2]
    SLICE_X9Y3                                                        r  cpu_inst/data_mem_inst/ex_alu_result0_i_6/I4
    SLICE_X9Y3           LUT5 (Prop_lut5_I4_O)        0.124     9.219 r  cpu_inst/data_mem_inst/ex_alu_result0_i_6/O
                         net (fo=3, routed)           0.320     9.539    cpu_inst/dot4acc_pipeline_inst/A[2]
    SLICE_X9Y1                                                        r  cpu_inst/dot4acc_pipeline_inst/redirect_pending_target[31]_i_38/I2
    SLICE_X9Y1           LUT3 (Prop_lut3_I2_O)        0.124     9.663 r  cpu_inst/dot4acc_pipeline_inst/redirect_pending_target[31]_i_38/O
                         net (fo=1, routed)           0.770    10.433    cpu_inst/dot4acc_pipeline_inst/redirect_pending_target[31]_i_38_n_0
    SLICE_X9Y6                                                        r  cpu_inst/dot4acc_pipeline_inst/redirect_pending_target[31]_i_24/I1
    SLICE_X9Y6           LUT6 (Prop_lut6_I1_O)        0.124    10.557 r  cpu_inst/dot4acc_pipeline_inst/redirect_pending_target[31]_i_24/O
                         net (fo=1, routed)           0.000    10.557    cpu_inst/dot4acc_pipeline_inst/redirect_pending_target[31]_i_24_n_0
    SLICE_X9Y6                                                        r  cpu_inst/dot4acc_pipeline_inst/redirect_pending_target_reg[31]_i_16/S[0]
    SLICE_X9Y6           CARRY4 (Prop_carry4_S[0]_CO[3])
                                                      0.532    11.089 r  cpu_inst/dot4acc_pipeline_inst/redirect_pending_target_reg[31]_i_16/CO[3]
                         net (fo=1, routed)           0.000    11.089    cpu_inst/dot4acc_pipeline_inst/redirect_pending_target_reg[31]_i_16_n_0
    SLICE_X9Y7                                                        r  cpu_inst/dot4acc_pipeline_inst/redirect_pending_target_reg[31]_i_12/CI
    SLICE_X9Y7           CARRY4 (Prop_carry4_CI_CO[3])
                                                      0.114    11.203 r  cpu_inst/dot4acc_pipeline_inst/redirect_pending_target_reg[31]_i_12/CO[3]
                         net (fo=1, routed)           0.000    11.203    cpu_inst/dot4acc_pipeline_inst/redirect_pending_target_reg[31]_i_12_n_0
    SLICE_X9Y8                                                        r  cpu_inst/dot4acc_pipeline_inst/redirect_pending_target_reg[31]_i_5/CI
    SLICE_X9Y8           CARRY4 (Prop_carry4_CI_CO[2])
                                                      0.228    11.431 r  cpu_inst/dot4acc_pipeline_inst/redirect_pending_target_reg[31]_i_5/CO[2]
                         net (fo=18, routed)          0.387    11.817    cpu_inst/dot4acc_pipeline_inst/ex_branch_taken0
    SLICE_X11Y8                                                       r  cpu_inst/dot4acc_pipeline_inst/led_OBUF[12]_inst_i_6/I3
    SLICE_X11Y8          LUT4 (Prop_lut4_I3_O)        0.313    12.130 r  cpu_inst/dot4acc_pipeline_inst/led_OBUF[12]_inst_i_6/O
                         net (fo=42, routed)          0.417    12.548    cpu_inst/dot4acc_pipeline_inst/led_OBUF[12]_inst_i_6_n_0
    SLICE_X8Y8                                                        r  cpu_inst/dot4acc_pipeline_inst/id_ex_reg[pc][31]_i_11/I0
    SLICE_X8Y8           LUT4 (Prop_lut4_I0_O)        0.124    12.672 f  cpu_inst/dot4acc_pipeline_inst/id_ex_reg[pc][31]_i_11/O
                         net (fo=1, routed)           0.162    12.834    cpu_inst/dot4acc_pipeline_inst/id_ex_reg[pc][31]_i_11_n_0
    SLICE_X8Y8                                                        f  cpu_inst/dot4acc_pipeline_inst/id_ex_reg[pc][31]_i_3/I5
    SLICE_X8Y8           LUT6 (Prop_lut6_I5_O)        0.124    12.958 r  cpu_inst/dot4acc_pipeline_inst/id_ex_reg[pc][31]_i_3/O
                         net (fo=13, routed)          0.646    13.603    cpu_inst/dot4acc_pipeline_inst/id_ex_reg[pc][31]_i_3_n_0
    SLICE_X8Y10                                                       r  cpu_inst/dot4acc_pipeline_inst/id_ex_reg[operand_b][31]_i_4/I2
    SLICE_X8Y10          LUT5 (Prop_lut5_I2_O)        0.124    13.727 r  cpu_inst/dot4acc_pipeline_inst/id_ex_reg[operand_b][31]_i_4/O
                         net (fo=3, routed)           0.514    14.241    cpu_inst/dot4acc_pipeline_inst/id_ex_reg[operand_b][31]_i_4_n_0
    SLICE_X10Y14                                                      r  cpu_inst/dot4acc_pipeline_inst/id_ex_reg[accumulator][31]_i_1/I1
    SLICE_X10Y14         LUT3 (Prop_lut3_I1_O)        0.124    14.365 r  cpu_inst/dot4acc_pipeline_inst/id_ex_reg[accumulator][31]_i_1/O
                         net (fo=32, routed)          0.752    15.117    cpu_inst/dot4acc_pipeline_inst_n_3
    SLICE_X8Y14          FDRE                                         r  cpu_inst/id_ex_reg_reg[accumulator][23]/R
  -------------------------------------------------------------------    -------------------

                         (clock sys_clk_pin rise edge)
                                                     10.000    10.000 r  <hidden>
    W5                                                0.000    10.000 r  clk
                         net (fo=0)                   0.000    10.000    clk
    W5                                                                r  clk_IBUF_inst/I
    W5                   IBUF (Prop_ibuf_I_O)         1.388    11.388 r  clk_IBUF_inst/O
                         net (fo=1, routed)           1.862    13.250    clk_IBUF
    BUFGCTRL_X0Y0                                                     r  clk_IBUF_BUFG_inst/I
    BUFGCTRL_X0Y0        BUFG (Prop_bufg_I_O)         0.091    13.341 r  clk_IBUF_BUFG_inst/O
                         net (fo=1820, routed)        1.445    14.786    cpu_inst/clk_IBUF_BUFG
    SLICE_X8Y14          FDRE                                         r  cpu_inst/id_ex_reg_reg[accumulator][23]/C
                         clock pessimism              0.274    15.060    <hidden>
                         clock uncertainty           -0.035    15.025    <hidden>
    SLICE_X8Y14          FDRE (Setup_fdre_C_R)       -0.524    14.501    cpu_inst/id_ex_reg_reg[accumulator][23]
  -------------------------------------------------------------------
                         required time                         14.501    <hidden>
                         arrival time                         -15.117    <hidden>
  -------------------------------------------------------------------
                         slack                                 -0.616    <hidden>

Slack (VIOLATED) :        -0.616ns  (required time - arrival time)
  Source:                 cpu_inst/data_mem_inst/mem_reg/CLKARDCLK
                            (rising edge-triggered cell RAMB18E1 clocked by sys_clk_pin  {rise@0.000ns fall@5.000ns period=10.000ns})
  Destination:            cpu_inst/id_ex_reg_reg[accumulator][25]/R
                            (rising edge-triggered cell FDRE clocked by sys_clk_pin  {rise@0.000ns fall@5.000ns period=10.000ns})
  Path Group:             sys_clk_pin
  Path Type:              Setup (Max at Slow Process Corner)
  Requirement:            10.000ns  (sys_clk_pin rise@10.000ns - sys_clk_pin rise@0.000ns)
  Data Path Delay:        9.985ns  (logic 4.633ns (46.399%)  route 5.352ns (53.601%))
  Logic Levels:           12  (CARRY4=3 LUT3=3 LUT4=2 LUT5=2 LUT6=2)
  Clock Path Skew:        -0.071ns (DCD - SCD + CPR)
    Destination Clock Delay (DCD):    4.786ns = ( 14.786 - 10.000 ) 
    Source Clock Delay      (SCD):    5.132ns
    Clock Pessimism Removal (CPR):    0.274ns
  Clock Uncertainty:      0.035ns  ((TSJ^2 + TIJ^2)^1/2 + DJ) / 2 + PE
    Total System Jitter     (TSJ):    0.071ns
    Total Input Jitter      (TIJ):    0.000ns
    Discrete Jitter          (DJ):    0.000ns
    Phase Error              (PE):    0.000ns

    Location             Delay type                Incr(ns)  Path(ns)    Netlist Resource(s)
  -------------------------------------------------------------------    -------------------
                         (clock sys_clk_pin rise edge)
                                                      0.000     0.000 r  <hidden>
    W5                                                0.000     0.000 r  clk
                         net (fo=0)                   0.000     0.000    clk
    W5                                                                r  clk_IBUF_inst/I
    W5                   IBUF (Prop_ibuf_I_O)         1.458     1.458 r  clk_IBUF_inst/O
                         net (fo=1, routed)           1.967     3.425    clk_IBUF
    BUFGCTRL_X0Y0                                                     r  clk_IBUF_BUFG_inst/I
    BUFGCTRL_X0Y0        BUFG (Prop_bufg_I_O)         0.096     3.521 r  clk_IBUF_BUFG_inst/O
                         net (fo=1820, routed)        1.611     5.132    cpu_inst/data_mem_inst/clk_IBUF_BUFG
    RAMB18_X0Y2          RAMB18E1                                     r  cpu_inst/data_mem_inst/mem_reg/CLKARDCLK
  -------------------------------------------------------------------    -------------------
    RAMB18_X0Y2          RAMB18E1 (Prop_ramb18e1_CLKARDCLK_DOADO[2])
                                                      2.454     7.586 r  cpu_inst/data_mem_inst/mem_reg/DOADO[2]
                         net (fo=5, routed)           0.622     8.208    cpu_inst/data_mem_inst/read_data[2]
    SLICE_X9Y5                                                        r  cpu_inst/data_mem_inst/deferred_load_data[2]_i_1/I0
    SLICE_X9Y5           LUT3 (Prop_lut3_I0_O)        0.124     8.332 r  cpu_inst/data_mem_inst/deferred_load_data[2]_i_1/O
                         net (fo=5, routed)           0.762     9.095    cpu_inst/data_mem_inst/data2[2]
    SLICE_X9Y3                                                        r  cpu_inst/data_mem_inst/ex_alu_result0_i_6/I4
    SLICE_X9Y3           LUT5 (Prop_lut5_I4_O)        0.124     9.219 r  cpu_inst/data_mem_inst/ex_alu_result0_i_6/O
                         net (fo=3, routed)           0.320     9.539    cpu_inst/dot4acc_pipeline_inst/A[2]
    SLICE_X9Y1                                                        r  cpu_inst/dot4acc_pipeline_inst/redirect_pending_target[31]_i_38/I2
    SLICE_X9Y1           LUT3 (Prop_lut3_I2_O)        0.124     9.663 r  cpu_inst/dot4acc_pipeline_inst/redirect_pending_target[31]_i_38/O
                         net (fo=1, routed)           0.770    10.433    cpu_inst/dot4acc_pipeline_inst/redirect_pending_target[31]_i_38_n_0
    SLICE_X9Y6                                                        r  cpu_inst/dot4acc_pipeline_inst/redirect_pending_target[31]_i_24/I1
    SLICE_X9Y6           LUT6 (Prop_lut6_I1_O)        0.124    10.557 r  cpu_inst/dot4acc_pipeline_inst/redirect_pending_target[31]_i_24/O
                         net (fo=1, routed)           0.000    10.557    cpu_inst/dot4acc_pipeline_inst/redirect_pending_target[31]_i_24_n_0
    SLICE_X9Y6                                                        r  cpu_inst/dot4acc_pipeline_inst/redirect_pending_target_reg[31]_i_16/S[0]
    SLICE_X9Y6           CARRY4 (Prop_carry4_S[0]_CO[3])
                                                      0.532    11.089 r  cpu_inst/dot4acc_pipeline_inst/redirect_pending_target_reg[31]_i_16/CO[3]
                         net (fo=1, routed)           0.000    11.089    cpu_inst/dot4acc_pipeline_inst/redirect_pending_target_reg[31]_i_16_n_0
    SLICE_X9Y7                                                        r  cpu_inst/dot4acc_pipeline_inst/redirect_pending_target_reg[31]_i_12/CI
    SLICE_X9Y7           CARRY4 (Prop_carry4_CI_CO[3])
                                                      0.114    11.203 r  cpu_inst/dot4acc_pipeline_inst/redirect_pending_target_reg[31]_i_12/CO[3]
                         net (fo=1, routed)           0.000    11.203    cpu_inst/dot4acc_pipeline_inst/redirect_pending_target_reg[31]_i_12_n_0
    SLICE_X9Y8                                                        r  cpu_inst/dot4acc_pipeline_inst/redirect_pending_target_reg[31]_i_5/CI
    SLICE_X9Y8           CARRY4 (Prop_carry4_CI_CO[2])
                                                      0.228    11.431 r  cpu_inst/dot4acc_pipeline_inst/redirect_pending_target_reg[31]_i_5/CO[2]
                         net (fo=18, routed)          0.387    11.817    cpu_inst/dot4acc_pipeline_inst/ex_branch_taken0
    SLICE_X11Y8                                                       r  cpu_inst/dot4acc_pipeline_inst/led_OBUF[12]_inst_i_6/I3
    SLICE_X11Y8          LUT4 (Prop_lut4_I3_O)        0.313    12.130 r  cpu_inst/dot4acc_pipeline_inst/led_OBUF[12]_inst_i_6/O
                         net (fo=42, routed)          0.417    12.548    cpu_inst/dot4acc_pipeline_inst/led_OBUF[12]_inst_i_6_n_0
    SLICE_X8Y8                                                        r  cpu_inst/dot4acc_pipeline_inst/id_ex_reg[pc][31]_i_11/I0
    SLICE_X8Y8           LUT4 (Prop_lut4_I0_O)        0.124    12.672 f  cpu_inst/dot4acc_pipeline_inst/id_ex_reg[pc][31]_i_11/O
                         net (fo=1, routed)           0.162    12.834    cpu_inst/dot4acc_pipeline_inst/id_ex_reg[pc][31]_i_11_n_0
    SLICE_X8Y8                                                        f  cpu_inst/dot4acc_pipeline_inst/id_ex_reg[pc][31]_i_3/I5
    SLICE_X8Y8           LUT6 (Prop_lut6_I5_O)        0.124    12.958 r  cpu_inst/dot4acc_pipeline_inst/id_ex_reg[pc][31]_i_3/O
                         net (fo=13, routed)          0.646    13.603    cpu_inst/dot4acc_pipeline_inst/id_ex_reg[pc][31]_i_3_n_0
    SLICE_X8Y10                                                       r  cpu_inst/dot4acc_pipeline_inst/id_ex_reg[operand_b][31]_i_4/I2
    SLICE_X8Y10          LUT5 (Prop_lut5_I2_O)        0.124    13.727 r  cpu_inst/dot4acc_pipeline_inst/id_ex_reg[operand_b][31]_i_4/O
                         net (fo=3, routed)           0.514    14.241    cpu_inst/dot4acc_pipeline_inst/id_ex_reg[operand_b][31]_i_4_n_0
    SLICE_X10Y14                                                      r  cpu_inst/dot4acc_pipeline_inst/id_ex_reg[accumulator][31]_i_1/I1
    SLICE_X10Y14         LUT3 (Prop_lut3_I1_O)        0.124    14.365 r  cpu_inst/dot4acc_pipeline_inst/id_ex_reg[accumulator][31]_i_1/O
                         net (fo=32, routed)          0.752    15.117    cpu_inst/dot4acc_pipeline_inst_n_3
    SLICE_X8Y14          FDRE                                         r  cpu_inst/id_ex_reg_reg[accumulator][25]/R
  -------------------------------------------------------------------    -------------------

                         (clock sys_clk_pin rise edge)
                                                     10.000    10.000 r  <hidden>
    W5                                                0.000    10.000 r  clk
                         net (fo=0)                   0.000    10.000    clk
    W5                                                                r  clk_IBUF_inst/I
    W5                   IBUF (Prop_ibuf_I_O)         1.388    11.388 r  clk_IBUF_inst/O
                         net (fo=1, routed)           1.862    13.250    clk_IBUF
    BUFGCTRL_X0Y0                                                     r  clk_IBUF_BUFG_inst/I
    BUFGCTRL_X0Y0        BUFG (Prop_bufg_I_O)         0.091    13.341 r  clk_IBUF_BUFG_inst/O
                         net (fo=1820, routed)        1.445    14.786    cpu_inst/clk_IBUF_BUFG
    SLICE_X8Y14          FDRE                                         r  cpu_inst/id_ex_reg_reg[accumulator][25]/C
                         clock pessimism              0.274    15.060    <hidden>
                         clock uncertainty           -0.035    15.025    <hidden>
    SLICE_X8Y14          FDRE (Setup_fdre_C_R)       -0.524    14.501    cpu_inst/id_ex_reg_reg[accumulator][25]
  -------------------------------------------------------------------
                         required time                         14.501    <hidden>
                         arrival time                         -15.117    <hidden>
  -------------------------------------------------------------------
                         slack                                 -0.616    <hidden>

Slack (VIOLATED) :        -0.616ns  (required time - arrival time)
  Source:                 cpu_inst/data_mem_inst/mem_reg/CLKARDCLK
                            (rising edge-triggered cell RAMB18E1 clocked by sys_clk_pin  {rise@0.000ns fall@5.000ns period=10.000ns})
  Destination:            cpu_inst/id_ex_reg_reg[accumulator][28]/R
                            (rising edge-triggered cell FDRE clocked by sys_clk_pin  {rise@0.000ns fall@5.000ns period=10.000ns})
  Path Group:             sys_clk_pin
  Path Type:              Setup (Max at Slow Process Corner)
  Requirement:            10.000ns  (sys_clk_pin rise@10.000ns - sys_clk_pin rise@0.000ns)
  Data Path Delay:        9.985ns  (logic 4.633ns (46.399%)  route 5.352ns (53.601%))
  Logic Levels:           12  (CARRY4=3 LUT3=3 LUT4=2 LUT5=2 LUT6=2)
  Clock Path Skew:        -0.071ns (DCD - SCD + CPR)
    Destination Clock Delay (DCD):    4.786ns = ( 14.786 - 10.000 ) 
    Source Clock Delay      (SCD):    5.132ns
    Clock Pessimism Removal (CPR):    0.274ns
  Clock Uncertainty:      0.035ns  ((TSJ^2 + TIJ^2)^1/2 + DJ) / 2 + PE
    Total System Jitter     (TSJ):    0.071ns
    Total Input Jitter      (TIJ):    0.000ns
    Discrete Jitter          (DJ):    0.000ns
    Phase Error              (PE):    0.000ns

    Location             Delay type                Incr(ns)  Path(ns)    Netlist Resource(s)
  -------------------------------------------------------------------    -------------------
                         (clock sys_clk_pin rise edge)
                                                      0.000     0.000 r  <hidden>
    W5                                                0.000     0.000 r  clk
                         net (fo=0)                   0.000     0.000    clk
    W5                                                                r  clk_IBUF_inst/I
    W5                   IBUF (Prop_ibuf_I_O)         1.458     1.458 r  clk_IBUF_inst/O
                         net (fo=1, routed)           1.967     3.425    clk_IBUF
    BUFGCTRL_X0Y0                                                     r  clk_IBUF_BUFG_inst/I
    BUFGCTRL_X0Y0        BUFG (Prop_bufg_I_O)         0.096     3.521 r  clk_IBUF_BUFG_inst/O
                         net (fo=1820, routed)        1.611     5.132    cpu_inst/data_mem_inst/clk_IBUF_BUFG
    RAMB18_X0Y2          RAMB18E1                                     r  cpu_inst/data_mem_inst/mem_reg/CLKARDCLK
  -------------------------------------------------------------------    -------------------
    RAMB18_X0Y2          RAMB18E1 (Prop_ramb18e1_CLKARDCLK_DOADO[2])
                                                      2.454     7.586 r  cpu_inst/data_mem_inst/mem_reg/DOADO[2]
                         net (fo=5, routed)           0.622     8.208    cpu_inst/data_mem_inst/read_data[2]
    SLICE_X9Y5                                                        r  cpu_inst/data_mem_inst/deferred_load_data[2]_i_1/I0
    SLICE_X9Y5           LUT3 (Prop_lut3_I0_O)        0.124     8.332 r  cpu_inst/data_mem_inst/deferred_load_data[2]_i_1/O
                         net (fo=5, routed)           0.762     9.095    cpu_inst/data_mem_inst/data2[2]
    SLICE_X9Y3                                                        r  cpu_inst/data_mem_inst/ex_alu_result0_i_6/I4
    SLICE_X9Y3           LUT5 (Prop_lut5_I4_O)        0.124     9.219 r  cpu_inst/data_mem_inst/ex_alu_result0_i_6/O
                         net (fo=3, routed)           0.320     9.539    cpu_inst/dot4acc_pipeline_inst/A[2]
    SLICE_X9Y1                                                        r  cpu_inst/dot4acc_pipeline_inst/redirect_pending_target[31]_i_38/I2
    SLICE_X9Y1           LUT3 (Prop_lut3_I2_O)        0.124     9.663 r  cpu_inst/dot4acc_pipeline_inst/redirect_pending_target[31]_i_38/O
                         net (fo=1, routed)           0.770    10.433    cpu_inst/dot4acc_pipeline_inst/redirect_pending_target[31]_i_38_n_0
    SLICE_X9Y6                                                        r  cpu_inst/dot4acc_pipeline_inst/redirect_pending_target[31]_i_24/I1
    SLICE_X9Y6           LUT6 (Prop_lut6_I1_O)        0.124    10.557 r  cpu_inst/dot4acc_pipeline_inst/redirect_pending_target[31]_i_24/O
                         net (fo=1, routed)           0.000    10.557    cpu_inst/dot4acc_pipeline_inst/redirect_pending_target[31]_i_24_n_0
    SLICE_X9Y6                                                        r  cpu_inst/dot4acc_pipeline_inst/redirect_pending_target_reg[31]_i_16/S[0]
    SLICE_X9Y6           CARRY4 (Prop_carry4_S[0]_CO[3])
                                                      0.532    11.089 r  cpu_inst/dot4acc_pipeline_inst/redirect_pending_target_reg[31]_i_16/CO[3]
                         net (fo=1, routed)           0.000    11.089    cpu_inst/dot4acc_pipeline_inst/redirect_pending_target_reg[31]_i_16_n_0
    SLICE_X9Y7                                                        r  cpu_inst/dot4acc_pipeline_inst/redirect_pending_target_reg[31]_i_12/CI
    SLICE_X9Y7           CARRY4 (Prop_carry4_CI_CO[3])
                                                      0.114    11.203 r  cpu_inst/dot4acc_pipeline_inst/redirect_pending_target_reg[31]_i_12/CO[3]
                         net (fo=1, routed)           0.000    11.203    cpu_inst/dot4acc_pipeline_inst/redirect_pending_target_reg[31]_i_12_n_0
    SLICE_X9Y8                                                        r  cpu_inst/dot4acc_pipeline_inst/redirect_pending_target_reg[31]_i_5/CI
    SLICE_X9Y8           CARRY4 (Prop_carry4_CI_CO[2])
                                                      0.228    11.431 r  cpu_inst/dot4acc_pipeline_inst/redirect_pending_target_reg[31]_i_5/CO[2]
                         net (fo=18, routed)          0.387    11.817    cpu_inst/dot4acc_pipeline_inst/ex_branch_taken0
    SLICE_X11Y8                                                       r  cpu_inst/dot4acc_pipeline_inst/led_OBUF[12]_inst_i_6/I3
    SLICE_X11Y8          LUT4 (Prop_lut4_I3_O)        0.313    12.130 r  cpu_inst/dot4acc_pipeline_inst/led_OBUF[12]_inst_i_6/O
                         net (fo=42, routed)          0.417    12.548    cpu_inst/dot4acc_pipeline_inst/led_OBUF[12]_inst_i_6_n_0
    SLICE_X8Y8                                                        r  cpu_inst/dot4acc_pipeline_inst/id_ex_reg[pc][31]_i_11/I0
    SLICE_X8Y8           LUT4 (Prop_lut4_I0_O)        0.124    12.672 f  cpu_inst/dot4acc_pipeline_inst/id_ex_reg[pc][31]_i_11/O
                         net (fo=1, routed)           0.162    12.834    cpu_inst/dot4acc_pipeline_inst/id_ex_reg[pc][31]_i_11_n_0
    SLICE_X8Y8                                                        f  cpu_inst/dot4acc_pipeline_inst/id_ex_reg[pc][31]_i_3/I5
    SLICE_X8Y8           LUT6 (Prop_lut6_I5_O)        0.124    12.958 r  cpu_inst/dot4acc_pipeline_inst/id_ex_reg[pc][31]_i_3/O
                         net (fo=13, routed)          0.646    13.603    cpu_inst/dot4acc_pipeline_inst/id_ex_reg[pc][31]_i_3_n_0
    SLICE_X8Y10                                                       r  cpu_inst/dot4acc_pipeline_inst/id_ex_reg[operand_b][31]_i_4/I2
    SLICE_X8Y10          LUT5 (Prop_lut5_I2_O)        0.124    13.727 r  cpu_inst/dot4acc_pipeline_inst/id_ex_reg[operand_b][31]_i_4/O
                         net (fo=3, routed)           0.514    14.241    cpu_inst/dot4acc_pipeline_inst/id_ex_reg[operand_b][31]_i_4_n_0
    SLICE_X10Y14                                                      r  cpu_inst/dot4acc_pipeline_inst/id_ex_reg[accumulator][31]_i_1/I1
    SLICE_X10Y14         LUT3 (Prop_lut3_I1_O)        0.124    14.365 r  cpu_inst/dot4acc_pipeline_inst/id_ex_reg[accumulator][31]_i_1/O
                         net (fo=32, routed)          0.752    15.117    cpu_inst/dot4acc_pipeline_inst_n_3
    SLICE_X8Y14          FDRE                                         r  cpu_inst/id_ex_reg_reg[accumulator][28]/R
  -------------------------------------------------------------------    -------------------

                         (clock sys_clk_pin rise edge)
                                                     10.000    10.000 r  <hidden>
    W5                                                0.000    10.000 r  clk
                         net (fo=0)                   0.000    10.000    clk
    W5                                                                r  clk_IBUF_inst/I
    W5                   IBUF (Prop_ibuf_I_O)         1.388    11.388 r  clk_IBUF_inst/O
                         net (fo=1, routed)           1.862    13.250    clk_IBUF
    BUFGCTRL_X0Y0                                                     r  clk_IBUF_BUFG_inst/I
    BUFGCTRL_X0Y0        BUFG (Prop_bufg_I_O)         0.091    13.341 r  clk_IBUF_BUFG_inst/O
                         net (fo=1820, routed)        1.445    14.786    cpu_inst/clk_IBUF_BUFG
    SLICE_X8Y14          FDRE                                         r  cpu_inst/id_ex_reg_reg[accumulator][28]/C
                         clock pessimism              0.274    15.060    <hidden>
                         clock uncertainty           -0.035    15.025    <hidden>
    SLICE_X8Y14          FDRE (Setup_fdre_C_R)       -0.524    14.501    cpu_inst/id_ex_reg_reg[accumulator][28]
  -------------------------------------------------------------------
                         required time                         14.501    <hidden>
                         arrival time                         -15.117    <hidden>
  -------------------------------------------------------------------
                         slack                                 -0.616    <hidden>

Slack (VIOLATED) :        -0.616ns  (required time - arrival time)
  Source:                 cpu_inst/data_mem_inst/mem_reg/CLKARDCLK
                            (rising edge-triggered cell RAMB18E1 clocked by sys_clk_pin  {rise@0.000ns fall@5.000ns period=10.000ns})
  Destination:            cpu_inst/id_ex_reg_reg[accumulator][30]/R
                            (rising edge-triggered cell FDRE clocked by sys_clk_pin  {rise@0.000ns fall@5.000ns period=10.000ns})
  Path Group:             sys_clk_pin
  Path Type:              Setup (Max at Slow Process Corner)
  Requirement:            10.000ns  (sys_clk_pin rise@10.000ns - sys_clk_pin rise@0.000ns)
  Data Path Delay:        9.985ns  (logic 4.633ns (46.399%)  route 5.352ns (53.601%))
  Logic Levels:           12  (CARRY4=3 LUT3=3 LUT4=2 LUT5=2 LUT6=2)
  Clock Path Skew:        -0.071ns (DCD - SCD + CPR)
    Destination Clock Delay (DCD):    4.786ns = ( 14.786 - 10.000 ) 
    Source Clock Delay      (SCD):    5.132ns
    Clock Pessimism Removal (CPR):    0.274ns
  Clock Uncertainty:      0.035ns  ((TSJ^2 + TIJ^2)^1/2 + DJ) / 2 + PE
    Total System Jitter     (TSJ):    0.071ns
    Total Input Jitter      (TIJ):    0.000ns
    Discrete Jitter          (DJ):    0.000ns
    Phase Error              (PE):    0.000ns

    Location             Delay type                Incr(ns)  Path(ns)    Netlist Resource(s)
  -------------------------------------------------------------------    -------------------
                         (clock sys_clk_pin rise edge)
                                                      0.000     0.000 r  <hidden>
    W5                                                0.000     0.000 r  clk
                         net (fo=0)                   0.000     0.000    clk
    W5                                                                r  clk_IBUF_inst/I
    W5                   IBUF (Prop_ibuf_I_O)         1.458     1.458 r  clk_IBUF_inst/O
                         net (fo=1, routed)           1.967     3.425    clk_IBUF
    BUFGCTRL_X0Y0                                                     r  clk_IBUF_BUFG_inst/I
    BUFGCTRL_X0Y0        BUFG (Prop_bufg_I_O)         0.096     3.521 r  clk_IBUF_BUFG_inst/O
                         net (fo=1820, routed)        1.611     5.132    cpu_inst/data_mem_inst/clk_IBUF_BUFG
    RAMB18_X0Y2          RAMB18E1                                     r  cpu_inst/data_mem_inst/mem_reg/CLKARDCLK
  -------------------------------------------------------------------    -------------------
    RAMB18_X0Y2          RAMB18E1 (Prop_ramb18e1_CLKARDCLK_DOADO[2])
                                                      2.454     7.586 r  cpu_inst/data_mem_inst/mem_reg/DOADO[2]
                         net (fo=5, routed)           0.622     8.208    cpu_inst/data_mem_inst/read_data[2]
    SLICE_X9Y5                                                        r  cpu_inst/data_mem_inst/deferred_load_data[2]_i_1/I0
    SLICE_X9Y5           LUT3 (Prop_lut3_I0_O)        0.124     8.332 r  cpu_inst/data_mem_inst/deferred_load_data[2]_i_1/O
                         net (fo=5, routed)           0.762     9.095    cpu_inst/data_mem_inst/data2[2]
    SLICE_X9Y3                                                        r  cpu_inst/data_mem_inst/ex_alu_result0_i_6/I4
    SLICE_X9Y3           LUT5 (Prop_lut5_I4_O)        0.124     9.219 r  cpu_inst/data_mem_inst/ex_alu_result0_i_6/O
                         net (fo=3, routed)           0.320     9.539    cpu_inst/dot4acc_pipeline_inst/A[2]
    SLICE_X9Y1                                                        r  cpu_inst/dot4acc_pipeline_inst/redirect_pending_target[31]_i_38/I2
    SLICE_X9Y1           LUT3 (Prop_lut3_I2_O)        0.124     9.663 r  cpu_inst/dot4acc_pipeline_inst/redirect_pending_target[31]_i_38/O
                         net (fo=1, routed)           0.770    10.433    cpu_inst/dot4acc_pipeline_inst/redirect_pending_target[31]_i_38_n_0
    SLICE_X9Y6                                                        r  cpu_inst/dot4acc_pipeline_inst/redirect_pending_target[31]_i_24/I1
    SLICE_X9Y6           LUT6 (Prop_lut6_I1_O)        0.124    10.557 r  cpu_inst/dot4acc_pipeline_inst/redirect_pending_target[31]_i_24/O
                         net (fo=1, routed)           0.000    10.557    cpu_inst/dot4acc_pipeline_inst/redirect_pending_target[31]_i_24_n_0
    SLICE_X9Y6                                                        r  cpu_inst/dot4acc_pipeline_inst/redirect_pending_target_reg[31]_i_16/S[0]
    SLICE_X9Y6           CARRY4 (Prop_carry4_S[0]_CO[3])
                                                      0.532    11.089 r  cpu_inst/dot4acc_pipeline_inst/redirect_pending_target_reg[31]_i_16/CO[3]
                         net (fo=1, routed)           0.000    11.089    cpu_inst/dot4acc_pipeline_inst/redirect_pending_target_reg[31]_i_16_n_0
    SLICE_X9Y7                                                        r  cpu_inst/dot4acc_pipeline_inst/redirect_pending_target_reg[31]_i_12/CI
    SLICE_X9Y7           CARRY4 (Prop_carry4_CI_CO[3])
                                                      0.114    11.203 r  cpu_inst/dot4acc_pipeline_inst/redirect_pending_target_reg[31]_i_12/CO[3]
                         net (fo=1, routed)           0.000    11.203    cpu_inst/dot4acc_pipeline_inst/redirect_pending_target_reg[31]_i_12_n_0
    SLICE_X9Y8                                                        r  cpu_inst/dot4acc_pipeline_inst/redirect_pending_target_reg[31]_i_5/CI
    SLICE_X9Y8           CARRY4 (Prop_carry4_CI_CO[2])
                                                      0.228    11.431 r  cpu_inst/dot4acc_pipeline_inst/redirect_pending_target_reg[31]_i_5/CO[2]
                         net (fo=18, routed)          0.387    11.817    cpu_inst/dot4acc_pipeline_inst/ex_branch_taken0
    SLICE_X11Y8                                                       r  cpu_inst/dot4acc_pipeline_inst/led_OBUF[12]_inst_i_6/I3
    SLICE_X11Y8          LUT4 (Prop_lut4_I3_O)        0.313    12.130 r  cpu_inst/dot4acc_pipeline_inst/led_OBUF[12]_inst_i_6/O
                         net (fo=42, routed)          0.417    12.548    cpu_inst/dot4acc_pipeline_inst/led_OBUF[12]_inst_i_6_n_0
    SLICE_X8Y8                                                        r  cpu_inst/dot4acc_pipeline_inst/id_ex_reg[pc][31]_i_11/I0
    SLICE_X8Y8           LUT4 (Prop_lut4_I0_O)        0.124    12.672 f  cpu_inst/dot4acc_pipeline_inst/id_ex_reg[pc][31]_i_11/O
                         net (fo=1, routed)           0.162    12.834    cpu_inst/dot4acc_pipeline_inst/id_ex_reg[pc][31]_i_11_n_0
    SLICE_X8Y8                                                        f  cpu_inst/dot4acc_pipeline_inst/id_ex_reg[pc][31]_i_3/I5
    SLICE_X8Y8           LUT6 (Prop_lut6_I5_O)        0.124    12.958 r  cpu_inst/dot4acc_pipeline_inst/id_ex_reg[pc][31]_i_3/O
                         net (fo=13, routed)          0.646    13.603    cpu_inst/dot4acc_pipeline_inst/id_ex_reg[pc][31]_i_3_n_0
    SLICE_X8Y10                                                       r  cpu_inst/dot4acc_pipeline_inst/id_ex_reg[operand_b][31]_i_4/I2
    SLICE_X8Y10          LUT5 (Prop_lut5_I2_O)        0.124    13.727 r  cpu_inst/dot4acc_pipeline_inst/id_ex_reg[operand_b][31]_i_4/O
                         net (fo=3, routed)           0.514    14.241    cpu_inst/dot4acc_pipeline_inst/id_ex_reg[operand_b][31]_i_4_n_0
    SLICE_X10Y14                                                      r  cpu_inst/dot4acc_pipeline_inst/id_ex_reg[accumulator][31]_i_1/I1
    SLICE_X10Y14         LUT3 (Prop_lut3_I1_O)        0.124    14.365 r  cpu_inst/dot4acc_pipeline_inst/id_ex_reg[accumulator][31]_i_1/O
                         net (fo=32, routed)          0.752    15.117    cpu_inst/dot4acc_pipeline_inst_n_3
    SLICE_X8Y14          FDRE                                         r  cpu_inst/id_ex_reg_reg[accumulator][30]/R
  -------------------------------------------------------------------    -------------------

                         (clock sys_clk_pin rise edge)
                                                     10.000    10.000 r  <hidden>
    W5                                                0.000    10.000 r  clk
                         net (fo=0)                   0.000    10.000    clk
    W5                                                                r  clk_IBUF_inst/I
    W5                   IBUF (Prop_ibuf_I_O)         1.388    11.388 r  clk_IBUF_inst/O
                         net (fo=1, routed)           1.862    13.250    clk_IBUF
    BUFGCTRL_X0Y0                                                     r  clk_IBUF_BUFG_inst/I
    BUFGCTRL_X0Y0        BUFG (Prop_bufg_I_O)         0.091    13.341 r  clk_IBUF_BUFG_inst/O
                         net (fo=1820, routed)        1.445    14.786    cpu_inst/clk_IBUF_BUFG
    SLICE_X8Y14          FDRE                                         r  cpu_inst/id_ex_reg_reg[accumulator][30]/C
                         clock pessimism              0.274    15.060    <hidden>
                         clock uncertainty           -0.035    15.025    <hidden>
    SLICE_X8Y14          FDRE (Setup_fdre_C_R)       -0.524    14.501    cpu_inst/id_ex_reg_reg[accumulator][30]
  -------------------------------------------------------------------
                         required time                         14.501    <hidden>
                         arrival time                         -15.117    <hidden>
  -------------------------------------------------------------------
                         slack                                 -0.616    <hidden>

Slack (VIOLATED) :        -0.616ns  (required time - arrival time)
  Source:                 cpu_inst/data_mem_inst/mem_reg/CLKARDCLK
                            (rising edge-triggered cell RAMB18E1 clocked by sys_clk_pin  {rise@0.000ns fall@5.000ns period=10.000ns})
  Destination:            cpu_inst/id_ex_reg_reg[accumulator][9]/R
                            (rising edge-triggered cell FDRE clocked by sys_clk_pin  {rise@0.000ns fall@5.000ns period=10.000ns})
  Path Group:             sys_clk_pin
  Path Type:              Setup (Max at Slow Process Corner)
  Requirement:            10.000ns  (sys_clk_pin rise@10.000ns - sys_clk_pin rise@0.000ns)
  Data Path Delay:        9.985ns  (logic 4.633ns (46.399%)  route 5.352ns (53.601%))
  Logic Levels:           12  (CARRY4=3 LUT3=3 LUT4=2 LUT5=2 LUT6=2)
  Clock Path Skew:        -0.071ns (DCD - SCD + CPR)
    Destination Clock Delay (DCD):    4.786ns = ( 14.786 - 10.000 ) 
    Source Clock Delay      (SCD):    5.132ns
    Clock Pessimism Removal (CPR):    0.274ns
  Clock Uncertainty:      0.035ns  ((TSJ^2 + TIJ^2)^1/2 + DJ) / 2 + PE
    Total System Jitter     (TSJ):    0.071ns
    Total Input Jitter      (TIJ):    0.000ns
    Discrete Jitter          (DJ):    0.000ns
    Phase Error              (PE):    0.000ns

    Location             Delay type                Incr(ns)  Path(ns)    Netlist Resource(s)
  -------------------------------------------------------------------    -------------------
                         (clock sys_clk_pin rise edge)
                                                      0.000     0.000 r  <hidden>
    W5                                                0.000     0.000 r  clk
                         net (fo=0)                   0.000     0.000    clk
    W5                                                                r  clk_IBUF_inst/I
    W5                   IBUF (Prop_ibuf_I_O)         1.458     1.458 r  clk_IBUF_inst/O
                         net (fo=1, routed)           1.967     3.425    clk_IBUF
    BUFGCTRL_X0Y0                                                     r  clk_IBUF_BUFG_inst/I
    BUFGCTRL_X0Y0        BUFG (Prop_bufg_I_O)         0.096     3.521 r  clk_IBUF_BUFG_inst/O
                         net (fo=1820, routed)        1.611     5.132    cpu_inst/data_mem_inst/clk_IBUF_BUFG
    RAMB18_X0Y2          RAMB18E1                                     r  cpu_inst/data_mem_inst/mem_reg/CLKARDCLK
  -------------------------------------------------------------------    -------------------
    RAMB18_X0Y2          RAMB18E1 (Prop_ramb18e1_CLKARDCLK_DOADO[2])
                                                      2.454     7.586 r  cpu_inst/data_mem_inst/mem_reg/DOADO[2]
                         net (fo=5, routed)           0.622     8.208    cpu_inst/data_mem_inst/read_data[2]
    SLICE_X9Y5                                                        r  cpu_inst/data_mem_inst/deferred_load_data[2]_i_1/I0
    SLICE_X9Y5           LUT3 (Prop_lut3_I0_O)        0.124     8.332 r  cpu_inst/data_mem_inst/deferred_load_data[2]_i_1/O
                         net (fo=5, routed)           0.762     9.095    cpu_inst/data_mem_inst/data2[2]
    SLICE_X9Y3                                                        r  cpu_inst/data_mem_inst/ex_alu_result0_i_6/I4
    SLICE_X9Y3           LUT5 (Prop_lut5_I4_O)        0.124     9.219 r  cpu_inst/data_mem_inst/ex_alu_result0_i_6/O
                         net (fo=3, routed)           0.320     9.539    cpu_inst/dot4acc_pipeline_inst/A[2]
    SLICE_X9Y1                                                        r  cpu_inst/dot4acc_pipeline_inst/redirect_pending_target[31]_i_38/I2
    SLICE_X9Y1           LUT3 (Prop_lut3_I2_O)        0.124     9.663 r  cpu_inst/dot4acc_pipeline_inst/redirect_pending_target[31]_i_38/O
                         net (fo=1, routed)           0.770    10.433    cpu_inst/dot4acc_pipeline_inst/redirect_pending_target[31]_i_38_n_0
    SLICE_X9Y6                                                        r  cpu_inst/dot4acc_pipeline_inst/redirect_pending_target[31]_i_24/I1
    SLICE_X9Y6           LUT6 (Prop_lut6_I1_O)        0.124    10.557 r  cpu_inst/dot4acc_pipeline_inst/redirect_pending_target[31]_i_24/O
                         net (fo=1, routed)           0.000    10.557    cpu_inst/dot4acc_pipeline_inst/redirect_pending_target[31]_i_24_n_0
    SLICE_X9Y6                                                        r  cpu_inst/dot4acc_pipeline_inst/redirect_pending_target_reg[31]_i_16/S[0]
    SLICE_X9Y6           CARRY4 (Prop_carry4_S[0]_CO[3])
                                                      0.532    11.089 r  cpu_inst/dot4acc_pipeline_inst/redirect_pending_target_reg[31]_i_16/CO[3]
                         net (fo=1, routed)           0.000    11.089    cpu_inst/dot4acc_pipeline_inst/redirect_pending_target_reg[31]_i_16_n_0
    SLICE_X9Y7                                                        r  cpu_inst/dot4acc_pipeline_inst/redirect_pending_target_reg[31]_i_12/CI
    SLICE_X9Y7           CARRY4 (Prop_carry4_CI_CO[3])
                                                      0.114    11.203 r  cpu_inst/dot4acc_pipeline_inst/redirect_pending_target_reg[31]_i_12/CO[3]
                         net (fo=1, routed)           0.000    11.203    cpu_inst/dot4acc_pipeline_inst/redirect_pending_target_reg[31]_i_12_n_0
    SLICE_X9Y8                                                        r  cpu_inst/dot4acc_pipeline_inst/redirect_pending_target_reg[31]_i_5/CI
    SLICE_X9Y8           CARRY4 (Prop_carry4_CI_CO[2])
                                                      0.228    11.431 r  cpu_inst/dot4acc_pipeline_inst/redirect_pending_target_reg[31]_i_5/CO[2]
                         net (fo=18, routed)          0.387    11.817    cpu_inst/dot4acc_pipeline_inst/ex_branch_taken0
    SLICE_X11Y8                                                       r  cpu_inst/dot4acc_pipeline_inst/led_OBUF[12]_inst_i_6/I3
    SLICE_X11Y8          LUT4 (Prop_lut4_I3_O)        0.313    12.130 r  cpu_inst/dot4acc_pipeline_inst/led_OBUF[12]_inst_i_6/O
                         net (fo=42, routed)          0.417    12.548    cpu_inst/dot4acc_pipeline_inst/led_OBUF[12]_inst_i_6_n_0
    SLICE_X8Y8                                                        r  cpu_inst/dot4acc_pipeline_inst/id_ex_reg[pc][31]_i_11/I0
    SLICE_X8Y8           LUT4 (Prop_lut4_I0_O)        0.124    12.672 f  cpu_inst/dot4acc_pipeline_inst/id_ex_reg[pc][31]_i_11/O
                         net (fo=1, routed)           0.162    12.834    cpu_inst/dot4acc_pipeline_inst/id_ex_reg[pc][31]_i_11_n_0
    SLICE_X8Y8                                                        f  cpu_inst/dot4acc_pipeline_inst/id_ex_reg[pc][31]_i_3/I5
    SLICE_X8Y8           LUT6 (Prop_lut6_I5_O)        0.124    12.958 r  cpu_inst/dot4acc_pipeline_inst/id_ex_reg[pc][31]_i_3/O
                         net (fo=13, routed)          0.646    13.603    cpu_inst/dot4acc_pipeline_inst/id_ex_reg[pc][31]_i_3_n_0
    SLICE_X8Y10                                                       r  cpu_inst/dot4acc_pipeline_inst/id_ex_reg[operand_b][31]_i_4/I2
    SLICE_X8Y10          LUT5 (Prop_lut5_I2_O)        0.124    13.727 r  cpu_inst/dot4acc_pipeline_inst/id_ex_reg[operand_b][31]_i_4/O
                         net (fo=3, routed)           0.514    14.241    cpu_inst/dot4acc_pipeline_inst/id_ex_reg[operand_b][31]_i_4_n_0
    SLICE_X10Y14                                                      r  cpu_inst/dot4acc_pipeline_inst/id_ex_reg[accumulator][31]_i_1/I1
    SLICE_X10Y14         LUT3 (Prop_lut3_I1_O)        0.124    14.365 r  cpu_inst/dot4acc_pipeline_inst/id_ex_reg[accumulator][31]_i_1/O
                         net (fo=32, routed)          0.752    15.117    cpu_inst/dot4acc_pipeline_inst_n_3
    SLICE_X8Y14          FDRE                                         r  cpu_inst/id_ex_reg_reg[accumulator][9]/R
  -------------------------------------------------------------------    -------------------

                         (clock sys_clk_pin rise edge)
                                                     10.000    10.000 r  <hidden>
    W5                                                0.000    10.000 r  clk
                         net (fo=0)                   0.000    10.000    clk
    W5                                                                r  clk_IBUF_inst/I
    W5                   IBUF (Prop_ibuf_I_O)         1.388    11.388 r  clk_IBUF_inst/O
                         net (fo=1, routed)           1.862    13.250    clk_IBUF
    BUFGCTRL_X0Y0                                                     r  clk_IBUF_BUFG_inst/I
    BUFGCTRL_X0Y0        BUFG (Prop_bufg_I_O)         0.091    13.341 r  clk_IBUF_BUFG_inst/O
                         net (fo=1820, routed)        1.445    14.786    cpu_inst/clk_IBUF_BUFG
    SLICE_X8Y14          FDRE                                         r  cpu_inst/id_ex_reg_reg[accumulator][9]/C
                         clock pessimism              0.274    15.060    <hidden>
                         clock uncertainty           -0.035    15.025    <hidden>
    SLICE_X8Y14          FDRE (Setup_fdre_C_R)       -0.524    14.501    cpu_inst/id_ex_reg_reg[accumulator][9]
  -------------------------------------------------------------------
                         required time                         14.501    <hidden>
                         arrival time                         -15.117    <hidden>
  -------------------------------------------------------------------
                         slack                                 -0.616    <hidden>

Slack (VIOLATED) :        -0.605ns  (required time - arrival time)
  Source:                 cpu_inst/data_mem_inst/mem_reg/CLKARDCLK
                            (rising edge-triggered cell RAMB18E1 clocked by sys_clk_pin  {rise@0.000ns fall@5.000ns period=10.000ns})
  Destination:            cpu_inst/id_ex_reg_reg[operand_a][24]/R
                            (rising edge-triggered cell FDRE clocked by sys_clk_pin  {rise@0.000ns fall@5.000ns period=10.000ns})
  Path Group:             sys_clk_pin
  Path Type:              Setup (Max at Slow Process Corner)
  Requirement:            10.000ns  (sys_clk_pin rise@10.000ns - sys_clk_pin rise@0.000ns)
  Data Path Delay:        10.028ns  (logic 4.633ns (46.201%)  route 5.395ns (53.799%))
  Logic Levels:           12  (CARRY4=3 LUT3=3 LUT4=2 LUT5=2 LUT6=2)
  Clock Path Skew:        -0.017ns (DCD - SCD + CPR)
    Destination Clock Delay (DCD):    4.854ns = ( 14.854 - 10.000 ) 
    Source Clock Delay      (SCD):    5.132ns
    Clock Pessimism Removal (CPR):    0.260ns
  Clock Uncertainty:      0.035ns  ((TSJ^2 + TIJ^2)^1/2 + DJ) / 2 + PE
    Total System Jitter     (TSJ):    0.071ns
    Total Input Jitter      (TIJ):    0.000ns
    Discrete Jitter          (DJ):    0.000ns
    Phase Error              (PE):    0.000ns

    Location             Delay type                Incr(ns)  Path(ns)    Netlist Resource(s)
  -------------------------------------------------------------------    -------------------
                         (clock sys_clk_pin rise edge)
                                                      0.000     0.000 r  <hidden>
    W5                                                0.000     0.000 r  clk
                         net (fo=0)                   0.000     0.000    clk
    W5                                                                r  clk_IBUF_inst/I
    W5                   IBUF (Prop_ibuf_I_O)         1.458     1.458 r  clk_IBUF_inst/O
                         net (fo=1, routed)           1.967     3.425    clk_IBUF
    BUFGCTRL_X0Y0                                                     r  clk_IBUF_BUFG_inst/I
    BUFGCTRL_X0Y0        BUFG (Prop_bufg_I_O)         0.096     3.521 r  clk_IBUF_BUFG_inst/O
                         net (fo=1820, routed)        1.611     5.132    cpu_inst/data_mem_inst/clk_IBUF_BUFG
    RAMB18_X0Y2          RAMB18E1                                     r  cpu_inst/data_mem_inst/mem_reg/CLKARDCLK
  -------------------------------------------------------------------    -------------------
    RAMB18_X0Y2          RAMB18E1 (Prop_ramb18e1_CLKARDCLK_DOADO[2])
                                                      2.454     7.586 r  cpu_inst/data_mem_inst/mem_reg/DOADO[2]
                         net (fo=5, routed)           0.622     8.208    cpu_inst/data_mem_inst/read_data[2]
    SLICE_X9Y5                                                        r  cpu_inst/data_mem_inst/deferred_load_data[2]_i_1/I0
    SLICE_X9Y5           LUT3 (Prop_lut3_I0_O)        0.124     8.332 r  cpu_inst/data_mem_inst/deferred_load_data[2]_i_1/O
                         net (fo=5, routed)           0.762     9.095    cpu_inst/data_mem_inst/data2[2]
    SLICE_X9Y3                                                        r  cpu_inst/data_mem_inst/ex_alu_result0_i_6/I4
    SLICE_X9Y3           LUT5 (Prop_lut5_I4_O)        0.124     9.219 r  cpu_inst/data_mem_inst/ex_alu_result0_i_6/O
                         net (fo=3, routed)           0.320     9.539    cpu_inst/dot4acc_pipeline_inst/A[2]
    SLICE_X9Y1                                                        r  cpu_inst/dot4acc_pipeline_inst/redirect_pending_target[31]_i_38/I2
    SLICE_X9Y1           LUT3 (Prop_lut3_I2_O)        0.124     9.663 r  cpu_inst/dot4acc_pipeline_inst/redirect_pending_target[31]_i_38/O
                         net (fo=1, routed)           0.770    10.433    cpu_inst/dot4acc_pipeline_inst/redirect_pending_target[31]_i_38_n_0
    SLICE_X9Y6                                                        r  cpu_inst/dot4acc_pipeline_inst/redirect_pending_target[31]_i_24/I1
    SLICE_X9Y6           LUT6 (Prop_lut6_I1_O)        0.124    10.557 r  cpu_inst/dot4acc_pipeline_inst/redirect_pending_target[31]_i_24/O
                         net (fo=1, routed)           0.000    10.557    cpu_inst/dot4acc_pipeline_inst/redirect_pending_target[31]_i_24_n_0
    SLICE_X9Y6                                                        r  cpu_inst/dot4acc_pipeline_inst/redirect_pending_target_reg[31]_i_16/S[0]
    SLICE_X9Y6           CARRY4 (Prop_carry4_S[0]_CO[3])
                                                      0.532    11.089 r  cpu_inst/dot4acc_pipeline_inst/redirect_pending_target_reg[31]_i_16/CO[3]
                         net (fo=1, routed)           0.000    11.089    cpu_inst/dot4acc_pipeline_inst/redirect_pending_target_reg[31]_i_16_n_0
    SLICE_X9Y7                                                        r  cpu_inst/dot4acc_pipeline_inst/redirect_pending_target_reg[31]_i_12/CI
    SLICE_X9Y7           CARRY4 (Prop_carry4_CI_CO[3])
                                                      0.114    11.203 r  cpu_inst/dot4acc_pipeline_inst/redirect_pending_target_reg[31]_i_12/CO[3]
                         net (fo=1, routed)           0.000    11.203    cpu_inst/dot4acc_pipeline_inst/redirect_pending_target_reg[31]_i_12_n_0
    SLICE_X9Y8                                                        r  cpu_inst/dot4acc_pipeline_inst/redirect_pending_target_reg[31]_i_5/CI
    SLICE_X9Y8           CARRY4 (Prop_carry4_CI_CO[2])
                                                      0.228    11.431 r  cpu_inst/dot4acc_pipeline_inst/redirect_pending_target_reg[31]_i_5/CO[2]
                         net (fo=18, routed)          0.387    11.817    cpu_inst/dot4acc_pipeline_inst/ex_branch_taken0
    SLICE_X11Y8                                                       r  cpu_inst/dot4acc_pipeline_inst/led_OBUF[12]_inst_i_6/I3
    SLICE_X11Y8          LUT4 (Prop_lut4_I3_O)        0.313    12.130 r  cpu_inst/dot4acc_pipeline_inst/led_OBUF[12]_inst_i_6/O
                         net (fo=42, routed)          0.417    12.548    cpu_inst/dot4acc_pipeline_inst/led_OBUF[12]_inst_i_6_n_0
    SLICE_X8Y8                                                        r  cpu_inst/dot4acc_pipeline_inst/id_ex_reg[pc][31]_i_11/I0
    SLICE_X8Y8           LUT4 (Prop_lut4_I0_O)        0.124    12.672 f  cpu_inst/dot4acc_pipeline_inst/id_ex_reg[pc][31]_i_11/O
                         net (fo=1, routed)           0.162    12.834    cpu_inst/dot4acc_pipeline_inst/id_ex_reg[pc][31]_i_11_n_0
    SLICE_X8Y8                                                        f  cpu_inst/dot4acc_pipeline_inst/id_ex_reg[pc][31]_i_3/I5
    SLICE_X8Y8           LUT6 (Prop_lut6_I5_O)        0.124    12.958 r  cpu_inst/dot4acc_pipeline_inst/id_ex_reg[pc][31]_i_3/O
                         net (fo=13, routed)          0.646    13.603    cpu_inst/dot4acc_pipeline_inst/id_ex_reg[pc][31]_i_3_n_0
    SLICE_X8Y10                                                       r  cpu_inst/dot4acc_pipeline_inst/id_ex_reg[operand_b][31]_i_4/I2
    SLICE_X8Y10          LUT5 (Prop_lut5_I2_O)        0.124    13.727 r  cpu_inst/dot4acc_pipeline_inst/id_ex_reg[operand_b][31]_i_4/O
                         net (fo=3, routed)           0.481    14.208    cpu_inst/dot4acc_pipeline_inst/id_ex_reg[operand_b][31]_i_4_n_0
    SLICE_X8Y12                                                       r  cpu_inst/dot4acc_pipeline_inst/id_ex_reg[operand_a][31]_i_1/I1
    SLICE_X8Y12          LUT3 (Prop_lut3_I1_O)        0.124    14.332 r  cpu_inst/dot4acc_pipeline_inst/id_ex_reg[operand_a][31]_i_1/O
                         net (fo=32, routed)          0.827    15.160    cpu_inst/dot4acc_pipeline_inst_n_4
    SLICE_X6Y12          FDRE                                         r  cpu_inst/id_ex_reg_reg[operand_a][24]/R
  -------------------------------------------------------------------    -------------------

                         (clock sys_clk_pin rise edge)
                                                     10.000    10.000 r  <hidden>
    W5                                                0.000    10.000 r  clk
                         net (fo=0)                   0.000    10.000    clk
    W5                                                                r  clk_IBUF_inst/I
    W5                   IBUF (Prop_ibuf_I_O)         1.388    11.388 r  clk_IBUF_inst/O
                         net (fo=1, routed)           1.862    13.250    clk_IBUF
    BUFGCTRL_X0Y0                                                     r  clk_IBUF_BUFG_inst/I
    BUFGCTRL_X0Y0        BUFG (Prop_bufg_I_O)         0.091    13.341 r  clk_IBUF_BUFG_inst/O
                         net (fo=1820, routed)        1.513    14.854    cpu_inst/clk_IBUF_BUFG
    SLICE_X6Y12          FDRE                                         r  cpu_inst/id_ex_reg_reg[operand_a][24]/C
                         clock pessimism              0.260    15.114    <hidden>
                         clock uncertainty           -0.035    15.079    <hidden>
    SLICE_X6Y12          FDRE (Setup_fdre_C_R)       -0.524    14.555    cpu_inst/id_ex_reg_reg[operand_a][24]
  -------------------------------------------------------------------
                         required time                         14.555    <hidden>
                         arrival time                         -15.160    <hidden>
  -------------------------------------------------------------------
                         slack                                 -0.605    <hidden>

Slack (VIOLATED) :        -0.605ns  (required time - arrival time)
  Source:                 cpu_inst/data_mem_inst/mem_reg/CLKARDCLK
                            (rising edge-triggered cell RAMB18E1 clocked by sys_clk_pin  {rise@0.000ns fall@5.000ns period=10.000ns})
  Destination:            cpu_inst/id_ex_reg_reg[operand_a][27]/R
                            (rising edge-triggered cell FDRE clocked by sys_clk_pin  {rise@0.000ns fall@5.000ns period=10.000ns})
  Path Group:             sys_clk_pin
  Path Type:              Setup (Max at Slow Process Corner)
  Requirement:            10.000ns  (sys_clk_pin rise@10.000ns - sys_clk_pin rise@0.000ns)
  Data Path Delay:        10.028ns  (logic 4.633ns (46.201%)  route 5.395ns (53.799%))
  Logic Levels:           12  (CARRY4=3 LUT3=3 LUT4=2 LUT5=2 LUT6=2)
  Clock Path Skew:        -0.017ns (DCD - SCD + CPR)
    Destination Clock Delay (DCD):    4.854ns = ( 14.854 - 10.000 ) 
    Source Clock Delay      (SCD):    5.132ns
    Clock Pessimism Removal (CPR):    0.260ns
  Clock Uncertainty:      0.035ns  ((TSJ^2 + TIJ^2)^1/2 + DJ) / 2 + PE
    Total System Jitter     (TSJ):    0.071ns
    Total Input Jitter      (TIJ):    0.000ns
    Discrete Jitter          (DJ):    0.000ns
    Phase Error              (PE):    0.000ns

    Location             Delay type                Incr(ns)  Path(ns)    Netlist Resource(s)
  -------------------------------------------------------------------    -------------------
                         (clock sys_clk_pin rise edge)
                                                      0.000     0.000 r  <hidden>
    W5                                                0.000     0.000 r  clk
                         net (fo=0)                   0.000     0.000    clk
    W5                                                                r  clk_IBUF_inst/I
    W5                   IBUF (Prop_ibuf_I_O)         1.458     1.458 r  clk_IBUF_inst/O
                         net (fo=1, routed)           1.967     3.425    clk_IBUF
    BUFGCTRL_X0Y0                                                     r  clk_IBUF_BUFG_inst/I
    BUFGCTRL_X0Y0        BUFG (Prop_bufg_I_O)         0.096     3.521 r  clk_IBUF_BUFG_inst/O
                         net (fo=1820, routed)        1.611     5.132    cpu_inst/data_mem_inst/clk_IBUF_BUFG
    RAMB18_X0Y2          RAMB18E1                                     r  cpu_inst/data_mem_inst/mem_reg/CLKARDCLK
  -------------------------------------------------------------------    -------------------
    RAMB18_X0Y2          RAMB18E1 (Prop_ramb18e1_CLKARDCLK_DOADO[2])
                                                      2.454     7.586 r  cpu_inst/data_mem_inst/mem_reg/DOADO[2]
                         net (fo=5, routed)           0.622     8.208    cpu_inst/data_mem_inst/read_data[2]
    SLICE_X9Y5                                                        r  cpu_inst/data_mem_inst/deferred_load_data[2]_i_1/I0
    SLICE_X9Y5           LUT3 (Prop_lut3_I0_O)        0.124     8.332 r  cpu_inst/data_mem_inst/deferred_load_data[2]_i_1/O
                         net (fo=5, routed)           0.762     9.095    cpu_inst/data_mem_inst/data2[2]
    SLICE_X9Y3                                                        r  cpu_inst/data_mem_inst/ex_alu_result0_i_6/I4
    SLICE_X9Y3           LUT5 (Prop_lut5_I4_O)        0.124     9.219 r  cpu_inst/data_mem_inst/ex_alu_result0_i_6/O
                         net (fo=3, routed)           0.320     9.539    cpu_inst/dot4acc_pipeline_inst/A[2]
    SLICE_X9Y1                                                        r  cpu_inst/dot4acc_pipeline_inst/redirect_pending_target[31]_i_38/I2
    SLICE_X9Y1           LUT3 (Prop_lut3_I2_O)        0.124     9.663 r  cpu_inst/dot4acc_pipeline_inst/redirect_pending_target[31]_i_38/O
                         net (fo=1, routed)           0.770    10.433    cpu_inst/dot4acc_pipeline_inst/redirect_pending_target[31]_i_38_n_0
    SLICE_X9Y6                                                        r  cpu_inst/dot4acc_pipeline_inst/redirect_pending_target[31]_i_24/I1
    SLICE_X9Y6           LUT6 (Prop_lut6_I1_O)        0.124    10.557 r  cpu_inst/dot4acc_pipeline_inst/redirect_pending_target[31]_i_24/O
                         net (fo=1, routed)           0.000    10.557    cpu_inst/dot4acc_pipeline_inst/redirect_pending_target[31]_i_24_n_0
    SLICE_X9Y6                                                        r  cpu_inst/dot4acc_pipeline_inst/redirect_pending_target_reg[31]_i_16/S[0]
    SLICE_X9Y6           CARRY4 (Prop_carry4_S[0]_CO[3])
                                                      0.532    11.089 r  cpu_inst/dot4acc_pipeline_inst/redirect_pending_target_reg[31]_i_16/CO[3]
                         net (fo=1, routed)           0.000    11.089    cpu_inst/dot4acc_pipeline_inst/redirect_pending_target_reg[31]_i_16_n_0
    SLICE_X9Y7                                                        r  cpu_inst/dot4acc_pipeline_inst/redirect_pending_target_reg[31]_i_12/CI
    SLICE_X9Y7           CARRY4 (Prop_carry4_CI_CO[3])
                                                      0.114    11.203 r  cpu_inst/dot4acc_pipeline_inst/redirect_pending_target_reg[31]_i_12/CO[3]
                         net (fo=1, routed)           0.000    11.203    cpu_inst/dot4acc_pipeline_inst/redirect_pending_target_reg[31]_i_12_n_0
    SLICE_X9Y8                                                        r  cpu_inst/dot4acc_pipeline_inst/redirect_pending_target_reg[31]_i_5/CI
    SLICE_X9Y8           CARRY4 (Prop_carry4_CI_CO[2])
                                                      0.228    11.431 r  cpu_inst/dot4acc_pipeline_inst/redirect_pending_target_reg[31]_i_5/CO[2]
                         net (fo=18, routed)          0.387    11.817    cpu_inst/dot4acc_pipeline_inst/ex_branch_taken0
    SLICE_X11Y8                                                       r  cpu_inst/dot4acc_pipeline_inst/led_OBUF[12]_inst_i_6/I3
    SLICE_X11Y8          LUT4 (Prop_lut4_I3_O)        0.313    12.130 r  cpu_inst/dot4acc_pipeline_inst/led_OBUF[12]_inst_i_6/O
                         net (fo=42, routed)          0.417    12.548    cpu_inst/dot4acc_pipeline_inst/led_OBUF[12]_inst_i_6_n_0
    SLICE_X8Y8                                                        r  cpu_inst/dot4acc_pipeline_inst/id_ex_reg[pc][31]_i_11/I0
    SLICE_X8Y8           LUT4 (Prop_lut4_I0_O)        0.124    12.672 f  cpu_inst/dot4acc_pipeline_inst/id_ex_reg[pc][31]_i_11/O
                         net (fo=1, routed)           0.162    12.834    cpu_inst/dot4acc_pipeline_inst/id_ex_reg[pc][31]_i_11_n_0
    SLICE_X8Y8                                                        f  cpu_inst/dot4acc_pipeline_inst/id_ex_reg[pc][31]_i_3/I5
    SLICE_X8Y8           LUT6 (Prop_lut6_I5_O)        0.124    12.958 r  cpu_inst/dot4acc_pipeline_inst/id_ex_reg[pc][31]_i_3/O
                         net (fo=13, routed)          0.646    13.603    cpu_inst/dot4acc_pipeline_inst/id_ex_reg[pc][31]_i_3_n_0
    SLICE_X8Y10                                                       r  cpu_inst/dot4acc_pipeline_inst/id_ex_reg[operand_b][31]_i_4/I2
    SLICE_X8Y10          LUT5 (Prop_lut5_I2_O)        0.124    13.727 r  cpu_inst/dot4acc_pipeline_inst/id_ex_reg[operand_b][31]_i_4/O
                         net (fo=3, routed)           0.481    14.208    cpu_inst/dot4acc_pipeline_inst/id_ex_reg[operand_b][31]_i_4_n_0
    SLICE_X8Y12                                                       r  cpu_inst/dot4acc_pipeline_inst/id_ex_reg[operand_a][31]_i_1/I1
    SLICE_X8Y12          LUT3 (Prop_lut3_I1_O)        0.124    14.332 r  cpu_inst/dot4acc_pipeline_inst/id_ex_reg[operand_a][31]_i_1/O
                         net (fo=32, routed)          0.827    15.160    cpu_inst/dot4acc_pipeline_inst_n_4
    SLICE_X6Y12          FDRE                                         r  cpu_inst/id_ex_reg_reg[operand_a][27]/R
  -------------------------------------------------------------------    -------------------

                         (clock sys_clk_pin rise edge)
                                                     10.000    10.000 r  <hidden>
    W5                                                0.000    10.000 r  clk
                         net (fo=0)                   0.000    10.000    clk
    W5                                                                r  clk_IBUF_inst/I
    W5                   IBUF (Prop_ibuf_I_O)         1.388    11.388 r  clk_IBUF_inst/O
                         net (fo=1, routed)           1.862    13.250    clk_IBUF
    BUFGCTRL_X0Y0                                                     r  clk_IBUF_BUFG_inst/I
    BUFGCTRL_X0Y0        BUFG (Prop_bufg_I_O)         0.091    13.341 r  clk_IBUF_BUFG_inst/O
                         net (fo=1820, routed)        1.513    14.854    cpu_inst/clk_IBUF_BUFG
    SLICE_X6Y12          FDRE                                         r  cpu_inst/id_ex_reg_reg[operand_a][27]/C
                         clock pessimism              0.260    15.114    <hidden>
                         clock uncertainty           -0.035    15.079    <hidden>
    SLICE_X6Y12          FDRE (Setup_fdre_C_R)       -0.524    14.555    cpu_inst/id_ex_reg_reg[operand_a][27]
  -------------------------------------------------------------------
                         required time                         14.555    <hidden>
                         arrival time                         -15.160    <hidden>
  -------------------------------------------------------------------
                         slack                                 -0.605    <hidden>

Slack (VIOLATED) :        -0.605ns  (required time - arrival time)
  Source:                 cpu_inst/data_mem_inst/mem_reg/CLKARDCLK
                            (rising edge-triggered cell RAMB18E1 clocked by sys_clk_pin  {rise@0.000ns fall@5.000ns period=10.000ns})
  Destination:            cpu_inst/id_ex_reg_reg[operand_a][4]/R
                            (rising edge-triggered cell FDRE clocked by sys_clk_pin  {rise@0.000ns fall@5.000ns period=10.000ns})
  Path Group:             sys_clk_pin
  Path Type:              Setup (Max at Slow Process Corner)
  Requirement:            10.000ns  (sys_clk_pin rise@10.000ns - sys_clk_pin rise@0.000ns)
  Data Path Delay:        10.028ns  (logic 4.633ns (46.201%)  route 5.395ns (53.799%))
  Logic Levels:           12  (CARRY4=3 LUT3=3 LUT4=2 LUT5=2 LUT6=2)
  Clock Path Skew:        -0.017ns (DCD - SCD + CPR)
    Destination Clock Delay (DCD):    4.854ns = ( 14.854 - 10.000 ) 
    Source Clock Delay      (SCD):    5.132ns
    Clock Pessimism Removal (CPR):    0.260ns
  Clock Uncertainty:      0.035ns  ((TSJ^2 + TIJ^2)^1/2 + DJ) / 2 + PE
    Total System Jitter     (TSJ):    0.071ns
    Total Input Jitter      (TIJ):    0.000ns
    Discrete Jitter          (DJ):    0.000ns
    Phase Error              (PE):    0.000ns

    Location             Delay type                Incr(ns)  Path(ns)    Netlist Resource(s)
  -------------------------------------------------------------------    -------------------
                         (clock sys_clk_pin rise edge)
                                                      0.000     0.000 r  <hidden>
    W5                                                0.000     0.000 r  clk
                         net (fo=0)                   0.000     0.000    clk
    W5                                                                r  clk_IBUF_inst/I
    W5                   IBUF (Prop_ibuf_I_O)         1.458     1.458 r  clk_IBUF_inst/O
                         net (fo=1, routed)           1.967     3.425    clk_IBUF
    BUFGCTRL_X0Y0                                                     r  clk_IBUF_BUFG_inst/I
    BUFGCTRL_X0Y0        BUFG (Prop_bufg_I_O)         0.096     3.521 r  clk_IBUF_BUFG_inst/O
                         net (fo=1820, routed)        1.611     5.132    cpu_inst/data_mem_inst/clk_IBUF_BUFG
    RAMB18_X0Y2          RAMB18E1                                     r  cpu_inst/data_mem_inst/mem_reg/CLKARDCLK
  -------------------------------------------------------------------    -------------------
    RAMB18_X0Y2          RAMB18E1 (Prop_ramb18e1_CLKARDCLK_DOADO[2])
                                                      2.454     7.586 r  cpu_inst/data_mem_inst/mem_reg/DOADO[2]
                         net (fo=5, routed)           0.622     8.208    cpu_inst/data_mem_inst/read_data[2]
    SLICE_X9Y5                                                        r  cpu_inst/data_mem_inst/deferred_load_data[2]_i_1/I0
    SLICE_X9Y5           LUT3 (Prop_lut3_I0_O)        0.124     8.332 r  cpu_inst/data_mem_inst/deferred_load_data[2]_i_1/O
                         net (fo=5, routed)           0.762     9.095    cpu_inst/data_mem_inst/data2[2]
    SLICE_X9Y3                                                        r  cpu_inst/data_mem_inst/ex_alu_result0_i_6/I4
    SLICE_X9Y3           LUT5 (Prop_lut5_I4_O)        0.124     9.219 r  cpu_inst/data_mem_inst/ex_alu_result0_i_6/O
                         net (fo=3, routed)           0.320     9.539    cpu_inst/dot4acc_pipeline_inst/A[2]
    SLICE_X9Y1                                                        r  cpu_inst/dot4acc_pipeline_inst/redirect_pending_target[31]_i_38/I2
    SLICE_X9Y1           LUT3 (Prop_lut3_I2_O)        0.124     9.663 r  cpu_inst/dot4acc_pipeline_inst/redirect_pending_target[31]_i_38/O
                         net (fo=1, routed)           0.770    10.433    cpu_inst/dot4acc_pipeline_inst/redirect_pending_target[31]_i_38_n_0
    SLICE_X9Y6                                                        r  cpu_inst/dot4acc_pipeline_inst/redirect_pending_target[31]_i_24/I1
    SLICE_X9Y6           LUT6 (Prop_lut6_I1_O)        0.124    10.557 r  cpu_inst/dot4acc_pipeline_inst/redirect_pending_target[31]_i_24/O
                         net (fo=1, routed)           0.000    10.557    cpu_inst/dot4acc_pipeline_inst/redirect_pending_target[31]_i_24_n_0
    SLICE_X9Y6                                                        r  cpu_inst/dot4acc_pipeline_inst/redirect_pending_target_reg[31]_i_16/S[0]
    SLICE_X9Y6           CARRY4 (Prop_carry4_S[0]_CO[3])
                                                      0.532    11.089 r  cpu_inst/dot4acc_pipeline_inst/redirect_pending_target_reg[31]_i_16/CO[3]
                         net (fo=1, routed)           0.000    11.089    cpu_inst/dot4acc_pipeline_inst/redirect_pending_target_reg[31]_i_16_n_0
    SLICE_X9Y7                                                        r  cpu_inst/dot4acc_pipeline_inst/redirect_pending_target_reg[31]_i_12/CI
    SLICE_X9Y7           CARRY4 (Prop_carry4_CI_CO[3])
                                                      0.114    11.203 r  cpu_inst/dot4acc_pipeline_inst/redirect_pending_target_reg[31]_i_12/CO[3]
                         net (fo=1, routed)           0.000    11.203    cpu_inst/dot4acc_pipeline_inst/redirect_pending_target_reg[31]_i_12_n_0
    SLICE_X9Y8                                                        r  cpu_inst/dot4acc_pipeline_inst/redirect_pending_target_reg[31]_i_5/CI
    SLICE_X9Y8           CARRY4 (Prop_carry4_CI_CO[2])
                                                      0.228    11.431 r  cpu_inst/dot4acc_pipeline_inst/redirect_pending_target_reg[31]_i_5/CO[2]
                         net (fo=18, routed)          0.387    11.817    cpu_inst/dot4acc_pipeline_inst/ex_branch_taken0
    SLICE_X11Y8                                                       r  cpu_inst/dot4acc_pipeline_inst/led_OBUF[12]_inst_i_6/I3
    SLICE_X11Y8          LUT4 (Prop_lut4_I3_O)        0.313    12.130 r  cpu_inst/dot4acc_pipeline_inst/led_OBUF[12]_inst_i_6/O
                         net (fo=42, routed)          0.417    12.548    cpu_inst/dot4acc_pipeline_inst/led_OBUF[12]_inst_i_6_n_0
    SLICE_X8Y8                                                        r  cpu_inst/dot4acc_pipeline_inst/id_ex_reg[pc][31]_i_11/I0
    SLICE_X8Y8           LUT4 (Prop_lut4_I0_O)        0.124    12.672 f  cpu_inst/dot4acc_pipeline_inst/id_ex_reg[pc][31]_i_11/O
                         net (fo=1, routed)           0.162    12.834    cpu_inst/dot4acc_pipeline_inst/id_ex_reg[pc][31]_i_11_n_0
    SLICE_X8Y8                                                        f  cpu_inst/dot4acc_pipeline_inst/id_ex_reg[pc][31]_i_3/I5
    SLICE_X8Y8           LUT6 (Prop_lut6_I5_O)        0.124    12.958 r  cpu_inst/dot4acc_pipeline_inst/id_ex_reg[pc][31]_i_3/O
                         net (fo=13, routed)          0.646    13.603    cpu_inst/dot4acc_pipeline_inst/id_ex_reg[pc][31]_i_3_n_0
    SLICE_X8Y10                                                       r  cpu_inst/dot4acc_pipeline_inst/id_ex_reg[operand_b][31]_i_4/I2
    SLICE_X8Y10          LUT5 (Prop_lut5_I2_O)        0.124    13.727 r  cpu_inst/dot4acc_pipeline_inst/id_ex_reg[operand_b][31]_i_4/O
                         net (fo=3, routed)           0.481    14.208    cpu_inst/dot4acc_pipeline_inst/id_ex_reg[operand_b][31]_i_4_n_0
    SLICE_X8Y12                                                       r  cpu_inst/dot4acc_pipeline_inst/id_ex_reg[operand_a][31]_i_1/I1
    SLICE_X8Y12          LUT3 (Prop_lut3_I1_O)        0.124    14.332 r  cpu_inst/dot4acc_pipeline_inst/id_ex_reg[operand_a][31]_i_1/O
                         net (fo=32, routed)          0.827    15.160    cpu_inst/dot4acc_pipeline_inst_n_4
    SLICE_X6Y12          FDRE                                         r  cpu_inst/id_ex_reg_reg[operand_a][4]/R
  -------------------------------------------------------------------    -------------------

                         (clock sys_clk_pin rise edge)
                                                     10.000    10.000 r  <hidden>
    W5                                                0.000    10.000 r  clk
                         net (fo=0)                   0.000    10.000    clk
    W5                                                                r  clk_IBUF_inst/I
    W5                   IBUF (Prop_ibuf_I_O)         1.388    11.388 r  clk_IBUF_inst/O
                         net (fo=1, routed)           1.862    13.250    clk_IBUF
    BUFGCTRL_X0Y0                                                     r  clk_IBUF_BUFG_inst/I
    BUFGCTRL_X0Y0        BUFG (Prop_bufg_I_O)         0.091    13.341 r  clk_IBUF_BUFG_inst/O
                         net (fo=1820, routed)        1.513    14.854    cpu_inst/clk_IBUF_BUFG
    SLICE_X6Y12          FDRE                                         r  cpu_inst/id_ex_reg_reg[operand_a][4]/C
                         clock pessimism              0.260    15.114    <hidden>
                         clock uncertainty           -0.035    15.079    <hidden>
    SLICE_X6Y12          FDRE (Setup_fdre_C_R)       -0.524    14.555    cpu_inst/id_ex_reg_reg[operand_a][4]
  -------------------------------------------------------------------
                         required time                         14.555    <hidden>
                         arrival time                         -15.160    <hidden>
  -------------------------------------------------------------------
                         slack                                 -0.605    <hidden>

Slack (VIOLATED) :        -0.605ns  (required time - arrival time)
  Source:                 cpu_inst/data_mem_inst/mem_reg/CLKARDCLK
                            (rising edge-triggered cell RAMB18E1 clocked by sys_clk_pin  {rise@0.000ns fall@5.000ns period=10.000ns})
  Destination:            cpu_inst/id_ex_reg_reg[operand_a][5]/R
                            (rising edge-triggered cell FDRE clocked by sys_clk_pin  {rise@0.000ns fall@5.000ns period=10.000ns})
  Path Group:             sys_clk_pin
  Path Type:              Setup (Max at Slow Process Corner)
  Requirement:            10.000ns  (sys_clk_pin rise@10.000ns - sys_clk_pin rise@0.000ns)
  Data Path Delay:        10.028ns  (logic 4.633ns (46.201%)  route 5.395ns (53.799%))
  Logic Levels:           12  (CARRY4=3 LUT3=3 LUT4=2 LUT5=2 LUT6=2)
  Clock Path Skew:        -0.017ns (DCD - SCD + CPR)
    Destination Clock Delay (DCD):    4.854ns = ( 14.854 - 10.000 ) 
    Source Clock Delay      (SCD):    5.132ns
    Clock Pessimism Removal (CPR):    0.260ns
  Clock Uncertainty:      0.035ns  ((TSJ^2 + TIJ^2)^1/2 + DJ) / 2 + PE
    Total System Jitter     (TSJ):    0.071ns
    Total Input Jitter      (TIJ):    0.000ns
    Discrete Jitter          (DJ):    0.000ns
    Phase Error              (PE):    0.000ns

    Location             Delay type                Incr(ns)  Path(ns)    Netlist Resource(s)
  -------------------------------------------------------------------    -------------------
                         (clock sys_clk_pin rise edge)
                                                      0.000     0.000 r  <hidden>
    W5                                                0.000     0.000 r  clk
                         net (fo=0)                   0.000     0.000    clk
    W5                                                                r  clk_IBUF_inst/I
    W5                   IBUF (Prop_ibuf_I_O)         1.458     1.458 r  clk_IBUF_inst/O
                         net (fo=1, routed)           1.967     3.425    clk_IBUF
    BUFGCTRL_X0Y0                                                     r  clk_IBUF_BUFG_inst/I
    BUFGCTRL_X0Y0        BUFG (Prop_bufg_I_O)         0.096     3.521 r  clk_IBUF_BUFG_inst/O
                         net (fo=1820, routed)        1.611     5.132    cpu_inst/data_mem_inst/clk_IBUF_BUFG
    RAMB18_X0Y2          RAMB18E1                                     r  cpu_inst/data_mem_inst/mem_reg/CLKARDCLK
  -------------------------------------------------------------------    -------------------
    RAMB18_X0Y2          RAMB18E1 (Prop_ramb18e1_CLKARDCLK_DOADO[2])
                                                      2.454     7.586 r  cpu_inst/data_mem_inst/mem_reg/DOADO[2]
                         net (fo=5, routed)           0.622     8.208    cpu_inst/data_mem_inst/read_data[2]
    SLICE_X9Y5                                                        r  cpu_inst/data_mem_inst/deferred_load_data[2]_i_1/I0
    SLICE_X9Y5           LUT3 (Prop_lut3_I0_O)        0.124     8.332 r  cpu_inst/data_mem_inst/deferred_load_data[2]_i_1/O
                         net (fo=5, routed)           0.762     9.095    cpu_inst/data_mem_inst/data2[2]
    SLICE_X9Y3                                                        r  cpu_inst/data_mem_inst/ex_alu_result0_i_6/I4
    SLICE_X9Y3           LUT5 (Prop_lut5_I4_O)        0.124     9.219 r  cpu_inst/data_mem_inst/ex_alu_result0_i_6/O
                         net (fo=3, routed)           0.320     9.539    cpu_inst/dot4acc_pipeline_inst/A[2]
    SLICE_X9Y1                                                        r  cpu_inst/dot4acc_pipeline_inst/redirect_pending_target[31]_i_38/I2
    SLICE_X9Y1           LUT3 (Prop_lut3_I2_O)        0.124     9.663 r  cpu_inst/dot4acc_pipeline_inst/redirect_pending_target[31]_i_38/O
                         net (fo=1, routed)           0.770    10.433    cpu_inst/dot4acc_pipeline_inst/redirect_pending_target[31]_i_38_n_0
    SLICE_X9Y6                                                        r  cpu_inst/dot4acc_pipeline_inst/redirect_pending_target[31]_i_24/I1
    SLICE_X9Y6           LUT6 (Prop_lut6_I1_O)        0.124    10.557 r  cpu_inst/dot4acc_pipeline_inst/redirect_pending_target[31]_i_24/O
                         net (fo=1, routed)           0.000    10.557    cpu_inst/dot4acc_pipeline_inst/redirect_pending_target[31]_i_24_n_0
    SLICE_X9Y6                                                        r  cpu_inst/dot4acc_pipeline_inst/redirect_pending_target_reg[31]_i_16/S[0]
    SLICE_X9Y6           CARRY4 (Prop_carry4_S[0]_CO[3])
                                                      0.532    11.089 r  cpu_inst/dot4acc_pipeline_inst/redirect_pending_target_reg[31]_i_16/CO[3]
                         net (fo=1, routed)           0.000    11.089    cpu_inst/dot4acc_pipeline_inst/redirect_pending_target_reg[31]_i_16_n_0
    SLICE_X9Y7                                                        r  cpu_inst/dot4acc_pipeline_inst/redirect_pending_target_reg[31]_i_12/CI
    SLICE_X9Y7           CARRY4 (Prop_carry4_CI_CO[3])
                                                      0.114    11.203 r  cpu_inst/dot4acc_pipeline_inst/redirect_pending_target_reg[31]_i_12/CO[3]
                         net (fo=1, routed)           0.000    11.203    cpu_inst/dot4acc_pipeline_inst/redirect_pending_target_reg[31]_i_12_n_0
    SLICE_X9Y8                                                        r  cpu_inst/dot4acc_pipeline_inst/redirect_pending_target_reg[31]_i_5/CI
    SLICE_X9Y8           CARRY4 (Prop_carry4_CI_CO[2])
                                                      0.228    11.431 r  cpu_inst/dot4acc_pipeline_inst/redirect_pending_target_reg[31]_i_5/CO[2]
                         net (fo=18, routed)          0.387    11.817    cpu_inst/dot4acc_pipeline_inst/ex_branch_taken0
    SLICE_X11Y8                                                       r  cpu_inst/dot4acc_pipeline_inst/led_OBUF[12]_inst_i_6/I3
    SLICE_X11Y8          LUT4 (Prop_lut4_I3_O)        0.313    12.130 r  cpu_inst/dot4acc_pipeline_inst/led_OBUF[12]_inst_i_6/O
                         net (fo=42, routed)          0.417    12.548    cpu_inst/dot4acc_pipeline_inst/led_OBUF[12]_inst_i_6_n_0
    SLICE_X8Y8                                                        r  cpu_inst/dot4acc_pipeline_inst/id_ex_reg[pc][31]_i_11/I0
    SLICE_X8Y8           LUT4 (Prop_lut4_I0_O)        0.124    12.672 f  cpu_inst/dot4acc_pipeline_inst/id_ex_reg[pc][31]_i_11/O
                         net (fo=1, routed)           0.162    12.834    cpu_inst/dot4acc_pipeline_inst/id_ex_reg[pc][31]_i_11_n_0
    SLICE_X8Y8                                                        f  cpu_inst/dot4acc_pipeline_inst/id_ex_reg[pc][31]_i_3/I5
    SLICE_X8Y8           LUT6 (Prop_lut6_I5_O)        0.124    12.958 r  cpu_inst/dot4acc_pipeline_inst/id_ex_reg[pc][31]_i_3/O
                         net (fo=13, routed)          0.646    13.603    cpu_inst/dot4acc_pipeline_inst/id_ex_reg[pc][31]_i_3_n_0
    SLICE_X8Y10                                                       r  cpu_inst/dot4acc_pipeline_inst/id_ex_reg[operand_b][31]_i_4/I2
    SLICE_X8Y10          LUT5 (Prop_lut5_I2_O)        0.124    13.727 r  cpu_inst/dot4acc_pipeline_inst/id_ex_reg[operand_b][31]_i_4/O
                         net (fo=3, routed)           0.481    14.208    cpu_inst/dot4acc_pipeline_inst/id_ex_reg[operand_b][31]_i_4_n_0
    SLICE_X8Y12                                                       r  cpu_inst/dot4acc_pipeline_inst/id_ex_reg[operand_a][31]_i_1/I1
    SLICE_X8Y12          LUT3 (Prop_lut3_I1_O)        0.124    14.332 r  cpu_inst/dot4acc_pipeline_inst/id_ex_reg[operand_a][31]_i_1/O
                         net (fo=32, routed)          0.827    15.160    cpu_inst/dot4acc_pipeline_inst_n_4
    SLICE_X6Y12          FDRE                                         r  cpu_inst/id_ex_reg_reg[operand_a][5]/R
  -------------------------------------------------------------------    -------------------

                         (clock sys_clk_pin rise edge)
                                                     10.000    10.000 r  <hidden>
    W5                                                0.000    10.000 r  clk
                         net (fo=0)                   0.000    10.000    clk
    W5                                                                r  clk_IBUF_inst/I
    W5                   IBUF (Prop_ibuf_I_O)         1.388    11.388 r  clk_IBUF_inst/O
                         net (fo=1, routed)           1.862    13.250    clk_IBUF
    BUFGCTRL_X0Y0                                                     r  clk_IBUF_BUFG_inst/I
    BUFGCTRL_X0Y0        BUFG (Prop_bufg_I_O)         0.091    13.341 r  clk_IBUF_BUFG_inst/O
                         net (fo=1820, routed)        1.513    14.854    cpu_inst/clk_IBUF_BUFG
    SLICE_X6Y12          FDRE                                         r  cpu_inst/id_ex_reg_reg[operand_a][5]/C
                         clock pessimism              0.260    15.114    <hidden>
                         clock uncertainty           -0.035    15.079    <hidden>
    SLICE_X6Y12          FDRE (Setup_fdre_C_R)       -0.524    14.555    cpu_inst/id_ex_reg_reg[operand_a][5]
  -------------------------------------------------------------------
                         required time                         14.555    <hidden>
                         arrival time                         -15.160    <hidden>
  -------------------------------------------------------------------
                         slack                                 -0.605    <hidden>

Slack (VIOLATED) :        -0.587ns  (required time - arrival time)
  Source:                 cpu_inst/data_mem_inst/mem_reg/CLKARDCLK
                            (rising edge-triggered cell RAMB18E1 clocked by sys_clk_pin  {rise@0.000ns fall@5.000ns period=10.000ns})
  Destination:            cpu_inst/id_ex_reg_reg[accumulator][11]/R
                            (rising edge-triggered cell FDRE clocked by sys_clk_pin  {rise@0.000ns fall@5.000ns period=10.000ns})
  Path Group:             sys_clk_pin
  Path Type:              Setup (Max at Slow Process Corner)
  Requirement:            10.000ns  (sys_clk_pin rise@10.000ns - sys_clk_pin rise@0.000ns)
  Data Path Delay:        9.943ns  (logic 4.633ns (46.597%)  route 5.310ns (53.403%))
  Logic Levels:           12  (CARRY4=3 LUT3=3 LUT4=2 LUT5=2 LUT6=2)
  Clock Path Skew:        -0.084ns (DCD - SCD + CPR)
    Destination Clock Delay (DCD):    4.787ns = ( 14.787 - 10.000 ) 
    Source Clock Delay      (SCD):    5.132ns
    Clock Pessimism Removal (CPR):    0.260ns
  Clock Uncertainty:      0.035ns  ((TSJ^2 + TIJ^2)^1/2 + DJ) / 2 + PE
    Total System Jitter     (TSJ):    0.071ns
    Total Input Jitter      (TIJ):    0.000ns
    Discrete Jitter          (DJ):    0.000ns
    Phase Error              (PE):    0.000ns

    Location             Delay type                Incr(ns)  Path(ns)    Netlist Resource(s)
  -------------------------------------------------------------------    -------------------
                         (clock sys_clk_pin rise edge)
                                                      0.000     0.000 r  <hidden>
    W5                                                0.000     0.000 r  clk
                         net (fo=0)                   0.000     0.000    clk
    W5                                                                r  clk_IBUF_inst/I
    W5                   IBUF (Prop_ibuf_I_O)         1.458     1.458 r  clk_IBUF_inst/O
                         net (fo=1, routed)           1.967     3.425    clk_IBUF
    BUFGCTRL_X0Y0                                                     r  clk_IBUF_BUFG_inst/I
    BUFGCTRL_X0Y0        BUFG (Prop_bufg_I_O)         0.096     3.521 r  clk_IBUF_BUFG_inst/O
                         net (fo=1820, routed)        1.611     5.132    cpu_inst/data_mem_inst/clk_IBUF_BUFG
    RAMB18_X0Y2          RAMB18E1                                     r  cpu_inst/data_mem_inst/mem_reg/CLKARDCLK
  -------------------------------------------------------------------    -------------------
    RAMB18_X0Y2          RAMB18E1 (Prop_ramb18e1_CLKARDCLK_DOADO[2])
                                                      2.454     7.586 r  cpu_inst/data_mem_inst/mem_reg/DOADO[2]
                         net (fo=5, routed)           0.622     8.208    cpu_inst/data_mem_inst/read_data[2]
    SLICE_X9Y5                                                        r  cpu_inst/data_mem_inst/deferred_load_data[2]_i_1/I0
    SLICE_X9Y5           LUT3 (Prop_lut3_I0_O)        0.124     8.332 r  cpu_inst/data_mem_inst/deferred_load_data[2]_i_1/O
                         net (fo=5, routed)           0.762     9.095    cpu_inst/data_mem_inst/data2[2]
    SLICE_X9Y3                                                        r  cpu_inst/data_mem_inst/ex_alu_result0_i_6/I4
    SLICE_X9Y3           LUT5 (Prop_lut5_I4_O)        0.124     9.219 r  cpu_inst/data_mem_inst/ex_alu_result0_i_6/O
                         net (fo=3, routed)           0.320     9.539    cpu_inst/dot4acc_pipeline_inst/A[2]
    SLICE_X9Y1                                                        r  cpu_inst/dot4acc_pipeline_inst/redirect_pending_target[31]_i_38/I2
    SLICE_X9Y1           LUT3 (Prop_lut3_I2_O)        0.124     9.663 r  cpu_inst/dot4acc_pipeline_inst/redirect_pending_target[31]_i_38/O
                         net (fo=1, routed)           0.770    10.433    cpu_inst/dot4acc_pipeline_inst/redirect_pending_target[31]_i_38_n_0
    SLICE_X9Y6                                                        r  cpu_inst/dot4acc_pipeline_inst/redirect_pending_target[31]_i_24/I1
    SLICE_X9Y6           LUT6 (Prop_lut6_I1_O)        0.124    10.557 r  cpu_inst/dot4acc_pipeline_inst/redirect_pending_target[31]_i_24/O
                         net (fo=1, routed)           0.000    10.557    cpu_inst/dot4acc_pipeline_inst/redirect_pending_target[31]_i_24_n_0
    SLICE_X9Y6                                                        r  cpu_inst/dot4acc_pipeline_inst/redirect_pending_target_reg[31]_i_16/S[0]
    SLICE_X9Y6           CARRY4 (Prop_carry4_S[0]_CO[3])
                                                      0.532    11.089 r  cpu_inst/dot4acc_pipeline_inst/redirect_pending_target_reg[31]_i_16/CO[3]
                         net (fo=1, routed)           0.000    11.089    cpu_inst/dot4acc_pipeline_inst/redirect_pending_target_reg[31]_i_16_n_0
    SLICE_X9Y7                                                        r  cpu_inst/dot4acc_pipeline_inst/redirect_pending_target_reg[31]_i_12/CI
    SLICE_X9Y7           CARRY4 (Prop_carry4_CI_CO[3])
                                                      0.114    11.203 r  cpu_inst/dot4acc_pipeline_inst/redirect_pending_target_reg[31]_i_12/CO[3]
                         net (fo=1, routed)           0.000    11.203    cpu_inst/dot4acc_pipeline_inst/redirect_pending_target_reg[31]_i_12_n_0
    SLICE_X9Y8                                                        r  cpu_inst/dot4acc_pipeline_inst/redirect_pending_target_reg[31]_i_5/CI
    SLICE_X9Y8           CARRY4 (Prop_carry4_CI_CO[2])
                                                      0.228    11.431 r  cpu_inst/dot4acc_pipeline_inst/redirect_pending_target_reg[31]_i_5/CO[2]
                         net (fo=18, routed)          0.387    11.817    cpu_inst/dot4acc_pipeline_inst/ex_branch_taken0
    SLICE_X11Y8                                                       r  cpu_inst/dot4acc_pipeline_inst/led_OBUF[12]_inst_i_6/I3
    SLICE_X11Y8          LUT4 (Prop_lut4_I3_O)        0.313    12.130 r  cpu_inst/dot4acc_pipeline_inst/led_OBUF[12]_inst_i_6/O
                         net (fo=42, routed)          0.417    12.548    cpu_inst/dot4acc_pipeline_inst/led_OBUF[12]_inst_i_6_n_0
    SLICE_X8Y8                                                        r  cpu_inst/dot4acc_pipeline_inst/id_ex_reg[pc][31]_i_11/I0
    SLICE_X8Y8           LUT4 (Prop_lut4_I0_O)        0.124    12.672 f  cpu_inst/dot4acc_pipeline_inst/id_ex_reg[pc][31]_i_11/O
                         net (fo=1, routed)           0.162    12.834    cpu_inst/dot4acc_pipeline_inst/id_ex_reg[pc][31]_i_11_n_0
    SLICE_X8Y8                                                        f  cpu_inst/dot4acc_pipeline_inst/id_ex_reg[pc][31]_i_3/I5
    SLICE_X8Y8           LUT6 (Prop_lut6_I5_O)        0.124    12.958 r  cpu_inst/dot4acc_pipeline_inst/id_ex_reg[pc][31]_i_3/O
                         net (fo=13, routed)          0.646    13.603    cpu_inst/dot4acc_pipeline_inst/id_ex_reg[pc][31]_i_3_n_0
    SLICE_X8Y10                                                       r  cpu_inst/dot4acc_pipeline_inst/id_ex_reg[operand_b][31]_i_4/I2
    SLICE_X8Y10          LUT5 (Prop_lut5_I2_O)        0.124    13.727 r  cpu_inst/dot4acc_pipeline_inst/id_ex_reg[operand_b][31]_i_4/O
                         net (fo=3, routed)           0.514    14.241    cpu_inst/dot4acc_pipeline_inst/id_ex_reg[operand_b][31]_i_4_n_0
    SLICE_X10Y14                                                      r  cpu_inst/dot4acc_pipeline_inst/id_ex_reg[accumulator][31]_i_1/I1
    SLICE_X10Y14         LUT3 (Prop_lut3_I1_O)        0.124    14.365 r  cpu_inst/dot4acc_pipeline_inst/id_ex_reg[accumulator][31]_i_1/O
                         net (fo=32, routed)          0.710    15.074    cpu_inst/dot4acc_pipeline_inst_n_3
    SLICE_X10Y13         FDRE                                         r  cpu_inst/id_ex_reg_reg[accumulator][11]/R
  -------------------------------------------------------------------    -------------------

                         (clock sys_clk_pin rise edge)
                                                     10.000    10.000 r  <hidden>
    W5                                                0.000    10.000 r  clk
                         net (fo=0)                   0.000    10.000    clk
    W5                                                                r  clk_IBUF_inst/I
    W5                   IBUF (Prop_ibuf_I_O)         1.388    11.388 r  clk_IBUF_inst/O
                         net (fo=1, routed)           1.862    13.250    clk_IBUF
    BUFGCTRL_X0Y0                                                     r  clk_IBUF_BUFG_inst/I
    BUFGCTRL_X0Y0        BUFG (Prop_bufg_I_O)         0.091    13.341 r  clk_IBUF_BUFG_inst/O
                         net (fo=1820, routed)        1.446    14.787    cpu_inst/clk_IBUF_BUFG
    SLICE_X10Y13         FDRE                                         r  cpu_inst/id_ex_reg_reg[accumulator][11]/C
                         clock pessimism              0.260    15.047    <hidden>
                         clock uncertainty           -0.035    15.012    <hidden>
    SLICE_X10Y13         FDRE (Setup_fdre_C_R)       -0.524    14.488    cpu_inst/id_ex_reg_reg[accumulator][11]
  -------------------------------------------------------------------
                         required time                         14.488    <hidden>
                         arrival time                         -15.074    <hidden>
  -------------------------------------------------------------------
                         slack                                 -0.587    <hidden>

Slack (VIOLATED) :        -0.587ns  (required time - arrival time)
  Source:                 cpu_inst/data_mem_inst/mem_reg/CLKARDCLK
                            (rising edge-triggered cell RAMB18E1 clocked by sys_clk_pin  {rise@0.000ns fall@5.000ns period=10.000ns})
  Destination:            cpu_inst/id_ex_reg_reg[accumulator][17]/R
                            (rising edge-triggered cell FDRE clocked by sys_clk_pin  {rise@0.000ns fall@5.000ns period=10.000ns})
  Path Group:             sys_clk_pin
  Path Type:              Setup (Max at Slow Process Corner)
  Requirement:            10.000ns  (sys_clk_pin rise@10.000ns - sys_clk_pin rise@0.000ns)
  Data Path Delay:        9.943ns  (logic 4.633ns (46.597%)  route 5.310ns (53.403%))
  Logic Levels:           12  (CARRY4=3 LUT3=3 LUT4=2 LUT5=2 LUT6=2)
  Clock Path Skew:        -0.084ns (DCD - SCD + CPR)
    Destination Clock Delay (DCD):    4.787ns = ( 14.787 - 10.000 ) 
    Source Clock Delay      (SCD):    5.132ns
    Clock Pessimism Removal (CPR):    0.260ns
  Clock Uncertainty:      0.035ns  ((TSJ^2 + TIJ^2)^1/2 + DJ) / 2 + PE
    Total System Jitter     (TSJ):    0.071ns
    Total Input Jitter      (TIJ):    0.000ns
    Discrete Jitter          (DJ):    0.000ns
    Phase Error              (PE):    0.000ns

    Location             Delay type                Incr(ns)  Path(ns)    Netlist Resource(s)
  -------------------------------------------------------------------    -------------------
                         (clock sys_clk_pin rise edge)
                                                      0.000     0.000 r  <hidden>
    W5                                                0.000     0.000 r  clk
                         net (fo=0)                   0.000     0.000    clk
    W5                                                                r  clk_IBUF_inst/I
    W5                   IBUF (Prop_ibuf_I_O)         1.458     1.458 r  clk_IBUF_inst/O
                         net (fo=1, routed)           1.967     3.425    clk_IBUF
    BUFGCTRL_X0Y0                                                     r  clk_IBUF_BUFG_inst/I
    BUFGCTRL_X0Y0        BUFG (Prop_bufg_I_O)         0.096     3.521 r  clk_IBUF_BUFG_inst/O
                         net (fo=1820, routed)        1.611     5.132    cpu_inst/data_mem_inst/clk_IBUF_BUFG
    RAMB18_X0Y2          RAMB18E1                                     r  cpu_inst/data_mem_inst/mem_reg/CLKARDCLK
  -------------------------------------------------------------------    -------------------
    RAMB18_X0Y2          RAMB18E1 (Prop_ramb18e1_CLKARDCLK_DOADO[2])
                                                      2.454     7.586 r  cpu_inst/data_mem_inst/mem_reg/DOADO[2]
                         net (fo=5, routed)           0.622     8.208    cpu_inst/data_mem_inst/read_data[2]
    SLICE_X9Y5                                                        r  cpu_inst/data_mem_inst/deferred_load_data[2]_i_1/I0
    SLICE_X9Y5           LUT3 (Prop_lut3_I0_O)        0.124     8.332 r  cpu_inst/data_mem_inst/deferred_load_data[2]_i_1/O
                         net (fo=5, routed)           0.762     9.095    cpu_inst/data_mem_inst/data2[2]
    SLICE_X9Y3                                                        r  cpu_inst/data_mem_inst/ex_alu_result0_i_6/I4
    SLICE_X9Y3           LUT5 (Prop_lut5_I4_O)        0.124     9.219 r  cpu_inst/data_mem_inst/ex_alu_result0_i_6/O
                         net (fo=3, routed)           0.320     9.539    cpu_inst/dot4acc_pipeline_inst/A[2]
    SLICE_X9Y1                                                        r  cpu_inst/dot4acc_pipeline_inst/redirect_pending_target[31]_i_38/I2
    SLICE_X9Y1           LUT3 (Prop_lut3_I2_O)        0.124     9.663 r  cpu_inst/dot4acc_pipeline_inst/redirect_pending_target[31]_i_38/O
                         net (fo=1, routed)           0.770    10.433    cpu_inst/dot4acc_pipeline_inst/redirect_pending_target[31]_i_38_n_0
    SLICE_X9Y6                                                        r  cpu_inst/dot4acc_pipeline_inst/redirect_pending_target[31]_i_24/I1
    SLICE_X9Y6           LUT6 (Prop_lut6_I1_O)        0.124    10.557 r  cpu_inst/dot4acc_pipeline_inst/redirect_pending_target[31]_i_24/O
                         net (fo=1, routed)           0.000    10.557    cpu_inst/dot4acc_pipeline_inst/redirect_pending_target[31]_i_24_n_0
    SLICE_X9Y6                                                        r  cpu_inst/dot4acc_pipeline_inst/redirect_pending_target_reg[31]_i_16/S[0]
    SLICE_X9Y6           CARRY4 (Prop_carry4_S[0]_CO[3])
                                                      0.532    11.089 r  cpu_inst/dot4acc_pipeline_inst/redirect_pending_target_reg[31]_i_16/CO[3]
                         net (fo=1, routed)           0.000    11.089    cpu_inst/dot4acc_pipeline_inst/redirect_pending_target_reg[31]_i_16_n_0
    SLICE_X9Y7                                                        r  cpu_inst/dot4acc_pipeline_inst/redirect_pending_target_reg[31]_i_12/CI
    SLICE_X9Y7           CARRY4 (Prop_carry4_CI_CO[3])
                                                      0.114    11.203 r  cpu_inst/dot4acc_pipeline_inst/redirect_pending_target_reg[31]_i_12/CO[3]
                         net (fo=1, routed)           0.000    11.203    cpu_inst/dot4acc_pipeline_inst/redirect_pending_target_reg[31]_i_12_n_0
    SLICE_X9Y8                                                        r  cpu_inst/dot4acc_pipeline_inst/redirect_pending_target_reg[31]_i_5/CI
    SLICE_X9Y8           CARRY4 (Prop_carry4_CI_CO[2])
                                                      0.228    11.431 r  cpu_inst/dot4acc_pipeline_inst/redirect_pending_target_reg[31]_i_5/CO[2]
                         net (fo=18, routed)          0.387    11.817    cpu_inst/dot4acc_pipeline_inst/ex_branch_taken0
    SLICE_X11Y8                                                       r  cpu_inst/dot4acc_pipeline_inst/led_OBUF[12]_inst_i_6/I3
    SLICE_X11Y8          LUT4 (Prop_lut4_I3_O)        0.313    12.130 r  cpu_inst/dot4acc_pipeline_inst/led_OBUF[12]_inst_i_6/O
                         net (fo=42, routed)          0.417    12.548    cpu_inst/dot4acc_pipeline_inst/led_OBUF[12]_inst_i_6_n_0
    SLICE_X8Y8                                                        r  cpu_inst/dot4acc_pipeline_inst/id_ex_reg[pc][31]_i_11/I0
    SLICE_X8Y8           LUT4 (Prop_lut4_I0_O)        0.124    12.672 f  cpu_inst/dot4acc_pipeline_inst/id_ex_reg[pc][31]_i_11/O
                         net (fo=1, routed)           0.162    12.834    cpu_inst/dot4acc_pipeline_inst/id_ex_reg[pc][31]_i_11_n_0
    SLICE_X8Y8                                                        f  cpu_inst/dot4acc_pipeline_inst/id_ex_reg[pc][31]_i_3/I5
    SLICE_X8Y8           LUT6 (Prop_lut6_I5_O)        0.124    12.958 r  cpu_inst/dot4acc_pipeline_inst/id_ex_reg[pc][31]_i_3/O
                         net (fo=13, routed)          0.646    13.603    cpu_inst/dot4acc_pipeline_inst/id_ex_reg[pc][31]_i_3_n_0
    SLICE_X8Y10                                                       r  cpu_inst/dot4acc_pipeline_inst/id_ex_reg[operand_b][31]_i_4/I2
    SLICE_X8Y10          LUT5 (Prop_lut5_I2_O)        0.124    13.727 r  cpu_inst/dot4acc_pipeline_inst/id_ex_reg[operand_b][31]_i_4/O
                         net (fo=3, routed)           0.514    14.241    cpu_inst/dot4acc_pipeline_inst/id_ex_reg[operand_b][31]_i_4_n_0
    SLICE_X10Y14                                                      r  cpu_inst/dot4acc_pipeline_inst/id_ex_reg[accumulator][31]_i_1/I1
    SLICE_X10Y14         LUT3 (Prop_lut3_I1_O)        0.124    14.365 r  cpu_inst/dot4acc_pipeline_inst/id_ex_reg[accumulator][31]_i_1/O
                         net (fo=32, routed)          0.710    15.074    cpu_inst/dot4acc_pipeline_inst_n_3
    SLICE_X10Y13         FDRE                                         r  cpu_inst/id_ex_reg_reg[accumulator][17]/R
  -------------------------------------------------------------------    -------------------

                         (clock sys_clk_pin rise edge)
                                                     10.000    10.000 r  <hidden>
    W5                                                0.000    10.000 r  clk
                         net (fo=0)                   0.000    10.000    clk
    W5                                                                r  clk_IBUF_inst/I
    W5                   IBUF (Prop_ibuf_I_O)         1.388    11.388 r  clk_IBUF_inst/O
                         net (fo=1, routed)           1.862    13.250    clk_IBUF
    BUFGCTRL_X0Y0                                                     r  clk_IBUF_BUFG_inst/I
    BUFGCTRL_X0Y0        BUFG (Prop_bufg_I_O)         0.091    13.341 r  clk_IBUF_BUFG_inst/O
                         net (fo=1820, routed)        1.446    14.787    cpu_inst/clk_IBUF_BUFG
    SLICE_X10Y13         FDRE                                         r  cpu_inst/id_ex_reg_reg[accumulator][17]/C
                         clock pessimism              0.260    15.047    <hidden>
                         clock uncertainty           -0.035    15.012    <hidden>
    SLICE_X10Y13         FDRE (Setup_fdre_C_R)       -0.524    14.488    cpu_inst/id_ex_reg_reg[accumulator][17]
  -------------------------------------------------------------------
                         required time                         14.488    <hidden>
                         arrival time                         -15.074    <hidden>
  -------------------------------------------------------------------
                         slack                                 -0.587    <hidden>

Slack (VIOLATED) :        -0.587ns  (required time - arrival time)
  Source:                 cpu_inst/data_mem_inst/mem_reg/CLKARDCLK
                            (rising edge-triggered cell RAMB18E1 clocked by sys_clk_pin  {rise@0.000ns fall@5.000ns period=10.000ns})
  Destination:            cpu_inst/id_ex_reg_reg[accumulator][19]/R
                            (rising edge-triggered cell FDRE clocked by sys_clk_pin  {rise@0.000ns fall@5.000ns period=10.000ns})
  Path Group:             sys_clk_pin
  Path Type:              Setup (Max at Slow Process Corner)
  Requirement:            10.000ns  (sys_clk_pin rise@10.000ns - sys_clk_pin rise@0.000ns)
  Data Path Delay:        9.943ns  (logic 4.633ns (46.597%)  route 5.310ns (53.403%))
  Logic Levels:           12  (CARRY4=3 LUT3=3 LUT4=2 LUT5=2 LUT6=2)
  Clock Path Skew:        -0.084ns (DCD - SCD + CPR)
    Destination Clock Delay (DCD):    4.787ns = ( 14.787 - 10.000 ) 
    Source Clock Delay      (SCD):    5.132ns
    Clock Pessimism Removal (CPR):    0.260ns
  Clock Uncertainty:      0.035ns  ((TSJ^2 + TIJ^2)^1/2 + DJ) / 2 + PE
    Total System Jitter     (TSJ):    0.071ns
    Total Input Jitter      (TIJ):    0.000ns
    Discrete Jitter          (DJ):    0.000ns
    Phase Error              (PE):    0.000ns

    Location             Delay type                Incr(ns)  Path(ns)    Netlist Resource(s)
  -------------------------------------------------------------------    -------------------
                         (clock sys_clk_pin rise edge)
                                                      0.000     0.000 r  <hidden>
    W5                                                0.000     0.000 r  clk
                         net (fo=0)                   0.000     0.000    clk
    W5                                                                r  clk_IBUF_inst/I
    W5                   IBUF (Prop_ibuf_I_O)         1.458     1.458 r  clk_IBUF_inst/O
                         net (fo=1, routed)           1.967     3.425    clk_IBUF
    BUFGCTRL_X0Y0                                                     r  clk_IBUF_BUFG_inst/I
    BUFGCTRL_X0Y0        BUFG (Prop_bufg_I_O)         0.096     3.521 r  clk_IBUF_BUFG_inst/O
                         net (fo=1820, routed)        1.611     5.132    cpu_inst/data_mem_inst/clk_IBUF_BUFG
    RAMB18_X0Y2          RAMB18E1                                     r  cpu_inst/data_mem_inst/mem_reg/CLKARDCLK
  -------------------------------------------------------------------    -------------------
    RAMB18_X0Y2          RAMB18E1 (Prop_ramb18e1_CLKARDCLK_DOADO[2])
                                                      2.454     7.586 r  cpu_inst/data_mem_inst/mem_reg/DOADO[2]
                         net (fo=5, routed)           0.622     8.208    cpu_inst/data_mem_inst/read_data[2]
    SLICE_X9Y5                                                        r  cpu_inst/data_mem_inst/deferred_load_data[2]_i_1/I0
    SLICE_X9Y5           LUT3 (Prop_lut3_I0_O)        0.124     8.332 r  cpu_inst/data_mem_inst/deferred_load_data[2]_i_1/O
                         net (fo=5, routed)           0.762     9.095    cpu_inst/data_mem_inst/data2[2]
    SLICE_X9Y3                                                        r  cpu_inst/data_mem_inst/ex_alu_result0_i_6/I4
    SLICE_X9Y3           LUT5 (Prop_lut5_I4_O)        0.124     9.219 r  cpu_inst/data_mem_inst/ex_alu_result0_i_6/O
                         net (fo=3, routed)           0.320     9.539    cpu_inst/dot4acc_pipeline_inst/A[2]
    SLICE_X9Y1                                                        r  cpu_inst/dot4acc_pipeline_inst/redirect_pending_target[31]_i_38/I2
    SLICE_X9Y1           LUT3 (Prop_lut3_I2_O)        0.124     9.663 r  cpu_inst/dot4acc_pipeline_inst/redirect_pending_target[31]_i_38/O
                         net (fo=1, routed)           0.770    10.433    cpu_inst/dot4acc_pipeline_inst/redirect_pending_target[31]_i_38_n_0
    SLICE_X9Y6                                                        r  cpu_inst/dot4acc_pipeline_inst/redirect_pending_target[31]_i_24/I1
    SLICE_X9Y6           LUT6 (Prop_lut6_I1_O)        0.124    10.557 r  cpu_inst/dot4acc_pipeline_inst/redirect_pending_target[31]_i_24/O
                         net (fo=1, routed)           0.000    10.557    cpu_inst/dot4acc_pipeline_inst/redirect_pending_target[31]_i_24_n_0
    SLICE_X9Y6                                                        r  cpu_inst/dot4acc_pipeline_inst/redirect_pending_target_reg[31]_i_16/S[0]
    SLICE_X9Y6           CARRY4 (Prop_carry4_S[0]_CO[3])
                                                      0.532    11.089 r  cpu_inst/dot4acc_pipeline_inst/redirect_pending_target_reg[31]_i_16/CO[3]
                         net (fo=1, routed)           0.000    11.089    cpu_inst/dot4acc_pipeline_inst/redirect_pending_target_reg[31]_i_16_n_0
    SLICE_X9Y7                                                        r  cpu_inst/dot4acc_pipeline_inst/redirect_pending_target_reg[31]_i_12/CI
    SLICE_X9Y7           CARRY4 (Prop_carry4_CI_CO[3])
                                                      0.114    11.203 r  cpu_inst/dot4acc_pipeline_inst/redirect_pending_target_reg[31]_i_12/CO[3]
                         net (fo=1, routed)           0.000    11.203    cpu_inst/dot4acc_pipeline_inst/redirect_pending_target_reg[31]_i_12_n_0
    SLICE_X9Y8                                                        r  cpu_inst/dot4acc_pipeline_inst/redirect_pending_target_reg[31]_i_5/CI
    SLICE_X9Y8           CARRY4 (Prop_carry4_CI_CO[2])
                                                      0.228    11.431 r  cpu_inst/dot4acc_pipeline_inst/redirect_pending_target_reg[31]_i_5/CO[2]
                         net (fo=18, routed)          0.387    11.817    cpu_inst/dot4acc_pipeline_inst/ex_branch_taken0
    SLICE_X11Y8                                                       r  cpu_inst/dot4acc_pipeline_inst/led_OBUF[12]_inst_i_6/I3
    SLICE_X11Y8          LUT4 (Prop_lut4_I3_O)        0.313    12.130 r  cpu_inst/dot4acc_pipeline_inst/led_OBUF[12]_inst_i_6/O
                         net (fo=42, routed)          0.417    12.548    cpu_inst/dot4acc_pipeline_inst/led_OBUF[12]_inst_i_6_n_0
    SLICE_X8Y8                                                        r  cpu_inst/dot4acc_pipeline_inst/id_ex_reg[pc][31]_i_11/I0
    SLICE_X8Y8           LUT4 (Prop_lut4_I0_O)        0.124    12.672 f  cpu_inst/dot4acc_pipeline_inst/id_ex_reg[pc][31]_i_11/O
                         net (fo=1, routed)           0.162    12.834    cpu_inst/dot4acc_pipeline_inst/id_ex_reg[pc][31]_i_11_n_0
    SLICE_X8Y8                                                        f  cpu_inst/dot4acc_pipeline_inst/id_ex_reg[pc][31]_i_3/I5
    SLICE_X8Y8           LUT6 (Prop_lut6_I5_O)        0.124    12.958 r  cpu_inst/dot4acc_pipeline_inst/id_ex_reg[pc][31]_i_3/O
                         net (fo=13, routed)          0.646    13.603    cpu_inst/dot4acc_pipeline_inst/id_ex_reg[pc][31]_i_3_n_0
    SLICE_X8Y10                                                       r  cpu_inst/dot4acc_pipeline_inst/id_ex_reg[operand_b][31]_i_4/I2
    SLICE_X8Y10          LUT5 (Prop_lut5_I2_O)        0.124    13.727 r  cpu_inst/dot4acc_pipeline_inst/id_ex_reg[operand_b][31]_i_4/O
                         net (fo=3, routed)           0.514    14.241    cpu_inst/dot4acc_pipeline_inst/id_ex_reg[operand_b][31]_i_4_n_0
    SLICE_X10Y14                                                      r  cpu_inst/dot4acc_pipeline_inst/id_ex_reg[accumulator][31]_i_1/I1
    SLICE_X10Y14         LUT3 (Prop_lut3_I1_O)        0.124    14.365 r  cpu_inst/dot4acc_pipeline_inst/id_ex_reg[accumulator][31]_i_1/O
                         net (fo=32, routed)          0.710    15.074    cpu_inst/dot4acc_pipeline_inst_n_3
    SLICE_X10Y13         FDRE                                         r  cpu_inst/id_ex_reg_reg[accumulator][19]/R
  -------------------------------------------------------------------    -------------------

                         (clock sys_clk_pin rise edge)
                                                     10.000    10.000 r  <hidden>
    W5                                                0.000    10.000 r  clk
                         net (fo=0)                   0.000    10.000    clk
    W5                                                                r  clk_IBUF_inst/I
    W5                   IBUF (Prop_ibuf_I_O)         1.388    11.388 r  clk_IBUF_inst/O
                         net (fo=1, routed)           1.862    13.250    clk_IBUF
    BUFGCTRL_X0Y0                                                     r  clk_IBUF_BUFG_inst/I
    BUFGCTRL_X0Y0        BUFG (Prop_bufg_I_O)         0.091    13.341 r  clk_IBUF_BUFG_inst/O
                         net (fo=1820, routed)        1.446    14.787    cpu_inst/clk_IBUF_BUFG
    SLICE_X10Y13         FDRE                                         r  cpu_inst/id_ex_reg_reg[accumulator][19]/C
                         clock pessimism              0.260    15.047    <hidden>
                         clock uncertainty           -0.035    15.012    <hidden>
    SLICE_X10Y13         FDRE (Setup_fdre_C_R)       -0.524    14.488    cpu_inst/id_ex_reg_reg[accumulator][19]
  -------------------------------------------------------------------
                         required time                         14.488    <hidden>
                         arrival time                         -15.074    <hidden>
  -------------------------------------------------------------------
                         slack                                 -0.587    <hidden>

Slack (VIOLATED) :        -0.587ns  (required time - arrival time)
  Source:                 cpu_inst/data_mem_inst/mem_reg/CLKARDCLK
                            (rising edge-triggered cell RAMB18E1 clocked by sys_clk_pin  {rise@0.000ns fall@5.000ns period=10.000ns})
  Destination:            cpu_inst/id_ex_reg_reg[accumulator][27]/R
                            (rising edge-triggered cell FDRE clocked by sys_clk_pin  {rise@0.000ns fall@5.000ns period=10.000ns})
  Path Group:             sys_clk_pin
  Path Type:              Setup (Max at Slow Process Corner)
  Requirement:            10.000ns  (sys_clk_pin rise@10.000ns - sys_clk_pin rise@0.000ns)
  Data Path Delay:        9.943ns  (logic 4.633ns (46.597%)  route 5.310ns (53.403%))
  Logic Levels:           12  (CARRY4=3 LUT3=3 LUT4=2 LUT5=2 LUT6=2)
  Clock Path Skew:        -0.084ns (DCD - SCD + CPR)
    Destination Clock Delay (DCD):    4.787ns = ( 14.787 - 10.000 ) 
    Source Clock Delay      (SCD):    5.132ns
    Clock Pessimism Removal (CPR):    0.260ns
  Clock Uncertainty:      0.035ns  ((TSJ^2 + TIJ^2)^1/2 + DJ) / 2 + PE
    Total System Jitter     (TSJ):    0.071ns
    Total Input Jitter      (TIJ):    0.000ns
    Discrete Jitter          (DJ):    0.000ns
    Phase Error              (PE):    0.000ns

    Location             Delay type                Incr(ns)  Path(ns)    Netlist Resource(s)
  -------------------------------------------------------------------    -------------------
                         (clock sys_clk_pin rise edge)
                                                      0.000     0.000 r  <hidden>
    W5                                                0.000     0.000 r  clk
                         net (fo=0)                   0.000     0.000    clk
    W5                                                                r  clk_IBUF_inst/I
    W5                   IBUF (Prop_ibuf_I_O)         1.458     1.458 r  clk_IBUF_inst/O
                         net (fo=1, routed)           1.967     3.425    clk_IBUF
    BUFGCTRL_X0Y0                                                     r  clk_IBUF_BUFG_inst/I
    BUFGCTRL_X0Y0        BUFG (Prop_bufg_I_O)         0.096     3.521 r  clk_IBUF_BUFG_inst/O
                         net (fo=1820, routed)        1.611     5.132    cpu_inst/data_mem_inst/clk_IBUF_BUFG
    RAMB18_X0Y2          RAMB18E1                                     r  cpu_inst/data_mem_inst/mem_reg/CLKARDCLK
  -------------------------------------------------------------------    -------------------
    RAMB18_X0Y2          RAMB18E1 (Prop_ramb18e1_CLKARDCLK_DOADO[2])
                                                      2.454     7.586 r  cpu_inst/data_mem_inst/mem_reg/DOADO[2]
                         net (fo=5, routed)           0.622     8.208    cpu_inst/data_mem_inst/read_data[2]
    SLICE_X9Y5                                                        r  cpu_inst/data_mem_inst/deferred_load_data[2]_i_1/I0
    SLICE_X9Y5           LUT3 (Prop_lut3_I0_O)        0.124     8.332 r  cpu_inst/data_mem_inst/deferred_load_data[2]_i_1/O
                         net (fo=5, routed)           0.762     9.095    cpu_inst/data_mem_inst/data2[2]
    SLICE_X9Y3                                                        r  cpu_inst/data_mem_inst/ex_alu_result0_i_6/I4
    SLICE_X9Y3           LUT5 (Prop_lut5_I4_O)        0.124     9.219 r  cpu_inst/data_mem_inst/ex_alu_result0_i_6/O
                         net (fo=3, routed)           0.320     9.539    cpu_inst/dot4acc_pipeline_inst/A[2]
    SLICE_X9Y1                                                        r  cpu_inst/dot4acc_pipeline_inst/redirect_pending_target[31]_i_38/I2
    SLICE_X9Y1           LUT3 (Prop_lut3_I2_O)        0.124     9.663 r  cpu_inst/dot4acc_pipeline_inst/redirect_pending_target[31]_i_38/O
                         net (fo=1, routed)           0.770    10.433    cpu_inst/dot4acc_pipeline_inst/redirect_pending_target[31]_i_38_n_0
    SLICE_X9Y6                                                        r  cpu_inst/dot4acc_pipeline_inst/redirect_pending_target[31]_i_24/I1
    SLICE_X9Y6           LUT6 (Prop_lut6_I1_O)        0.124    10.557 r  cpu_inst/dot4acc_pipeline_inst/redirect_pending_target[31]_i_24/O
                         net (fo=1, routed)           0.000    10.557    cpu_inst/dot4acc_pipeline_inst/redirect_pending_target[31]_i_24_n_0
    SLICE_X9Y6                                                        r  cpu_inst/dot4acc_pipeline_inst/redirect_pending_target_reg[31]_i_16/S[0]
    SLICE_X9Y6           CARRY4 (Prop_carry4_S[0]_CO[3])
                                                      0.532    11.089 r  cpu_inst/dot4acc_pipeline_inst/redirect_pending_target_reg[31]_i_16/CO[3]
                         net (fo=1, routed)           0.000    11.089    cpu_inst/dot4acc_pipeline_inst/redirect_pending_target_reg[31]_i_16_n_0
    SLICE_X9Y7                                                        r  cpu_inst/dot4acc_pipeline_inst/redirect_pending_target_reg[31]_i_12/CI
    SLICE_X9Y7           CARRY4 (Prop_carry4_CI_CO[3])
                                                      0.114    11.203 r  cpu_inst/dot4acc_pipeline_inst/redirect_pending_target_reg[31]_i_12/CO[3]
                         net (fo=1, routed)           0.000    11.203    cpu_inst/dot4acc_pipeline_inst/redirect_pending_target_reg[31]_i_12_n_0
    SLICE_X9Y8                                                        r  cpu_inst/dot4acc_pipeline_inst/redirect_pending_target_reg[31]_i_5/CI
    SLICE_X9Y8           CARRY4 (Prop_carry4_CI_CO[2])
                                                      0.228    11.431 r  cpu_inst/dot4acc_pipeline_inst/redirect_pending_target_reg[31]_i_5/CO[2]
                         net (fo=18, routed)          0.387    11.817    cpu_inst/dot4acc_pipeline_inst/ex_branch_taken0
    SLICE_X11Y8                                                       r  cpu_inst/dot4acc_pipeline_inst/led_OBUF[12]_inst_i_6/I3
    SLICE_X11Y8          LUT4 (Prop_lut4_I3_O)        0.313    12.130 r  cpu_inst/dot4acc_pipeline_inst/led_OBUF[12]_inst_i_6/O
                         net (fo=42, routed)          0.417    12.548    cpu_inst/dot4acc_pipeline_inst/led_OBUF[12]_inst_i_6_n_0
    SLICE_X8Y8                                                        r  cpu_inst/dot4acc_pipeline_inst/id_ex_reg[pc][31]_i_11/I0
    SLICE_X8Y8           LUT4 (Prop_lut4_I0_O)        0.124    12.672 f  cpu_inst/dot4acc_pipeline_inst/id_ex_reg[pc][31]_i_11/O
                         net (fo=1, routed)           0.162    12.834    cpu_inst/dot4acc_pipeline_inst/id_ex_reg[pc][31]_i_11_n_0
    SLICE_X8Y8                                                        f  cpu_inst/dot4acc_pipeline_inst/id_ex_reg[pc][31]_i_3/I5
    SLICE_X8Y8           LUT6 (Prop_lut6_I5_O)        0.124    12.958 r  cpu_inst/dot4acc_pipeline_inst/id_ex_reg[pc][31]_i_3/O
                         net (fo=13, routed)          0.646    13.603    cpu_inst/dot4acc_pipeline_inst/id_ex_reg[pc][31]_i_3_n_0
    SLICE_X8Y10                                                       r  cpu_inst/dot4acc_pipeline_inst/id_ex_reg[operand_b][31]_i_4/I2
    SLICE_X8Y10          LUT5 (Prop_lut5_I2_O)        0.124    13.727 r  cpu_inst/dot4acc_pipeline_inst/id_ex_reg[operand_b][31]_i_4/O
                         net (fo=3, routed)           0.514    14.241    cpu_inst/dot4acc_pipeline_inst/id_ex_reg[operand_b][31]_i_4_n_0
    SLICE_X10Y14                                                      r  cpu_inst/dot4acc_pipeline_inst/id_ex_reg[accumulator][31]_i_1/I1
    SLICE_X10Y14         LUT3 (Prop_lut3_I1_O)        0.124    14.365 r  cpu_inst/dot4acc_pipeline_inst/id_ex_reg[accumulator][31]_i_1/O
                         net (fo=32, routed)          0.710    15.074    cpu_inst/dot4acc_pipeline_inst_n_3
    SLICE_X10Y13         FDRE                                         r  cpu_inst/id_ex_reg_reg[accumulator][27]/R
  -------------------------------------------------------------------    -------------------

                         (clock sys_clk_pin rise edge)
                                                     10.000    10.000 r  <hidden>
    W5                                                0.000    10.000 r  clk
                         net (fo=0)                   0.000    10.000    clk
    W5                                                                r  clk_IBUF_inst/I
    W5                   IBUF (Prop_ibuf_I_O)         1.388    11.388 r  clk_IBUF_inst/O
                         net (fo=1, routed)           1.862    13.250    clk_IBUF
    BUFGCTRL_X0Y0                                                     r  clk_IBUF_BUFG_inst/I
    BUFGCTRL_X0Y0        BUFG (Prop_bufg_I_O)         0.091    13.341 r  clk_IBUF_BUFG_inst/O
                         net (fo=1820, routed)        1.446    14.787    cpu_inst/clk_IBUF_BUFG
    SLICE_X10Y13         FDRE                                         r  cpu_inst/id_ex_reg_reg[accumulator][27]/C
                         clock pessimism              0.260    15.047    <hidden>
                         clock uncertainty           -0.035    15.012    <hidden>
    SLICE_X10Y13         FDRE (Setup_fdre_C_R)       -0.524    14.488    cpu_inst/id_ex_reg_reg[accumulator][27]
  -------------------------------------------------------------------
                         required time                         14.488    <hidden>
                         arrival time                         -15.074    <hidden>
  -------------------------------------------------------------------
                         slack                                 -0.587    <hidden>

Slack (VIOLATED) :        -0.587ns  (required time - arrival time)
  Source:                 cpu_inst/data_mem_inst/mem_reg/CLKARDCLK
                            (rising edge-triggered cell RAMB18E1 clocked by sys_clk_pin  {rise@0.000ns fall@5.000ns period=10.000ns})
  Destination:            cpu_inst/id_ex_reg_reg[accumulator][7]/R
                            (rising edge-triggered cell FDRE clocked by sys_clk_pin  {rise@0.000ns fall@5.000ns period=10.000ns})
  Path Group:             sys_clk_pin
  Path Type:              Setup (Max at Slow Process Corner)
  Requirement:            10.000ns  (sys_clk_pin rise@10.000ns - sys_clk_pin rise@0.000ns)
  Data Path Delay:        9.943ns  (logic 4.633ns (46.597%)  route 5.310ns (53.403%))
  Logic Levels:           12  (CARRY4=3 LUT3=3 LUT4=2 LUT5=2 LUT6=2)
  Clock Path Skew:        -0.084ns (DCD - SCD + CPR)
    Destination Clock Delay (DCD):    4.787ns = ( 14.787 - 10.000 ) 
    Source Clock Delay      (SCD):    5.132ns
    Clock Pessimism Removal (CPR):    0.260ns
  Clock Uncertainty:      0.035ns  ((TSJ^2 + TIJ^2)^1/2 + DJ) / 2 + PE
    Total System Jitter     (TSJ):    0.071ns
    Total Input Jitter      (TIJ):    0.000ns
    Discrete Jitter          (DJ):    0.000ns
    Phase Error              (PE):    0.000ns

    Location             Delay type                Incr(ns)  Path(ns)    Netlist Resource(s)
  -------------------------------------------------------------------    -------------------
                         (clock sys_clk_pin rise edge)
                                                      0.000     0.000 r  <hidden>
    W5                                                0.000     0.000 r  clk
                         net (fo=0)                   0.000     0.000    clk
    W5                                                                r  clk_IBUF_inst/I
    W5                   IBUF (Prop_ibuf_I_O)         1.458     1.458 r  clk_IBUF_inst/O
                         net (fo=1, routed)           1.967     3.425    clk_IBUF
    BUFGCTRL_X0Y0                                                     r  clk_IBUF_BUFG_inst/I
    BUFGCTRL_X0Y0        BUFG (Prop_bufg_I_O)         0.096     3.521 r  clk_IBUF_BUFG_inst/O
                         net (fo=1820, routed)        1.611     5.132    cpu_inst/data_mem_inst/clk_IBUF_BUFG
    RAMB18_X0Y2          RAMB18E1                                     r  cpu_inst/data_mem_inst/mem_reg/CLKARDCLK
  -------------------------------------------------------------------    -------------------
    RAMB18_X0Y2          RAMB18E1 (Prop_ramb18e1_CLKARDCLK_DOADO[2])
                                                      2.454     7.586 r  cpu_inst/data_mem_inst/mem_reg/DOADO[2]
                         net (fo=5, routed)           0.622     8.208    cpu_inst/data_mem_inst/read_data[2]
    SLICE_X9Y5                                                        r  cpu_inst/data_mem_inst/deferred_load_data[2]_i_1/I0
    SLICE_X9Y5           LUT3 (Prop_lut3_I0_O)        0.124     8.332 r  cpu_inst/data_mem_inst/deferred_load_data[2]_i_1/O
                         net (fo=5, routed)           0.762     9.095    cpu_inst/data_mem_inst/data2[2]
    SLICE_X9Y3                                                        r  cpu_inst/data_mem_inst/ex_alu_result0_i_6/I4
    SLICE_X9Y3           LUT5 (Prop_lut5_I4_O)        0.124     9.219 r  cpu_inst/data_mem_inst/ex_alu_result0_i_6/O
                         net (fo=3, routed)           0.320     9.539    cpu_inst/dot4acc_pipeline_inst/A[2]
    SLICE_X9Y1                                                        r  cpu_inst/dot4acc_pipeline_inst/redirect_pending_target[31]_i_38/I2
    SLICE_X9Y1           LUT3 (Prop_lut3_I2_O)        0.124     9.663 r  cpu_inst/dot4acc_pipeline_inst/redirect_pending_target[31]_i_38/O
                         net (fo=1, routed)           0.770    10.433    cpu_inst/dot4acc_pipeline_inst/redirect_pending_target[31]_i_38_n_0
    SLICE_X9Y6                                                        r  cpu_inst/dot4acc_pipeline_inst/redirect_pending_target[31]_i_24/I1
    SLICE_X9Y6           LUT6 (Prop_lut6_I1_O)        0.124    10.557 r  cpu_inst/dot4acc_pipeline_inst/redirect_pending_target[31]_i_24/O
                         net (fo=1, routed)           0.000    10.557    cpu_inst/dot4acc_pipeline_inst/redirect_pending_target[31]_i_24_n_0
    SLICE_X9Y6                                                        r  cpu_inst/dot4acc_pipeline_inst/redirect_pending_target_reg[31]_i_16/S[0]
    SLICE_X9Y6           CARRY4 (Prop_carry4_S[0]_CO[3])
                                                      0.532    11.089 r  cpu_inst/dot4acc_pipeline_inst/redirect_pending_target_reg[31]_i_16/CO[3]
                         net (fo=1, routed)           0.000    11.089    cpu_inst/dot4acc_pipeline_inst/redirect_pending_target_reg[31]_i_16_n_0
    SLICE_X9Y7                                                        r  cpu_inst/dot4acc_pipeline_inst/redirect_pending_target_reg[31]_i_12/CI
    SLICE_X9Y7           CARRY4 (Prop_carry4_CI_CO[3])
                                                      0.114    11.203 r  cpu_inst/dot4acc_pipeline_inst/redirect_pending_target_reg[31]_i_12/CO[3]
                         net (fo=1, routed)           0.000    11.203    cpu_inst/dot4acc_pipeline_inst/redirect_pending_target_reg[31]_i_12_n_0
    SLICE_X9Y8                                                        r  cpu_inst/dot4acc_pipeline_inst/redirect_pending_target_reg[31]_i_5/CI
    SLICE_X9Y8           CARRY4 (Prop_carry4_CI_CO[2])
                                                      0.228    11.431 r  cpu_inst/dot4acc_pipeline_inst/redirect_pending_target_reg[31]_i_5/CO[2]
                         net (fo=18, routed)          0.387    11.817    cpu_inst/dot4acc_pipeline_inst/ex_branch_taken0
    SLICE_X11Y8                                                       r  cpu_inst/dot4acc_pipeline_inst/led_OBUF[12]_inst_i_6/I3
    SLICE_X11Y8          LUT4 (Prop_lut4_I3_O)        0.313    12.130 r  cpu_inst/dot4acc_pipeline_inst/led_OBUF[12]_inst_i_6/O
                         net (fo=42, routed)          0.417    12.548    cpu_inst/dot4acc_pipeline_inst/led_OBUF[12]_inst_i_6_n_0
    SLICE_X8Y8                                                        r  cpu_inst/dot4acc_pipeline_inst/id_ex_reg[pc][31]_i_11/I0
    SLICE_X8Y8           LUT4 (Prop_lut4_I0_O)        0.124    12.672 f  cpu_inst/dot4acc_pipeline_inst/id_ex_reg[pc][31]_i_11/O
                         net (fo=1, routed)           0.162    12.834    cpu_inst/dot4acc_pipeline_inst/id_ex_reg[pc][31]_i_11_n_0
    SLICE_X8Y8                                                        f  cpu_inst/dot4acc_pipeline_inst/id_ex_reg[pc][31]_i_3/I5
    SLICE_X8Y8           LUT6 (Prop_lut6_I5_O)        0.124    12.958 r  cpu_inst/dot4acc_pipeline_inst/id_ex_reg[pc][31]_i_3/O
                         net (fo=13, routed)          0.646    13.603    cpu_inst/dot4acc_pipeline_inst/id_ex_reg[pc][31]_i_3_n_0
    SLICE_X8Y10                                                       r  cpu_inst/dot4acc_pipeline_inst/id_ex_reg[operand_b][31]_i_4/I2
    SLICE_X8Y10          LUT5 (Prop_lut5_I2_O)        0.124    13.727 r  cpu_inst/dot4acc_pipeline_inst/id_ex_reg[operand_b][31]_i_4/O
                         net (fo=3, routed)           0.514    14.241    cpu_inst/dot4acc_pipeline_inst/id_ex_reg[operand_b][31]_i_4_n_0
    SLICE_X10Y14                                                      r  cpu_inst/dot4acc_pipeline_inst/id_ex_reg[accumulator][31]_i_1/I1
    SLICE_X10Y14         LUT3 (Prop_lut3_I1_O)        0.124    14.365 r  cpu_inst/dot4acc_pipeline_inst/id_ex_reg[accumulator][31]_i_1/O
                         net (fo=32, routed)          0.710    15.074    cpu_inst/dot4acc_pipeline_inst_n_3
    SLICE_X10Y13         FDRE                                         r  cpu_inst/id_ex_reg_reg[accumulator][7]/R
  -------------------------------------------------------------------    -------------------

                         (clock sys_clk_pin rise edge)
                                                     10.000    10.000 r  <hidden>
    W5                                                0.000    10.000 r  clk
                         net (fo=0)                   0.000    10.000    clk
    W5                                                                r  clk_IBUF_inst/I
    W5                   IBUF (Prop_ibuf_I_O)         1.388    11.388 r  clk_IBUF_inst/O
                         net (fo=1, routed)           1.862    13.250    clk_IBUF
    BUFGCTRL_X0Y0                                                     r  clk_IBUF_BUFG_inst/I
    BUFGCTRL_X0Y0        BUFG (Prop_bufg_I_O)         0.091    13.341 r  clk_IBUF_BUFG_inst/O
                         net (fo=1820, routed)        1.446    14.787    cpu_inst/clk_IBUF_BUFG
    SLICE_X10Y13         FDRE                                         r  cpu_inst/id_ex_reg_reg[accumulator][7]/C
                         clock pessimism              0.260    15.047    <hidden>
                         clock uncertainty           -0.035    15.012    <hidden>
    SLICE_X10Y13         FDRE (Setup_fdre_C_R)       -0.524    14.488    cpu_inst/id_ex_reg_reg[accumulator][7]
  -------------------------------------------------------------------
                         required time                         14.488    <hidden>
                         arrival time                         -15.074    <hidden>
  -------------------------------------------------------------------
                         slack                                 -0.587    <hidden>

Slack (VIOLATED) :        -0.574ns  (required time - arrival time)
  Source:                 cpu_inst/data_mem_inst/mem_reg/CLKARDCLK
                            (rising edge-triggered cell RAMB18E1 clocked by sys_clk_pin  {rise@0.000ns fall@5.000ns period=10.000ns})
  Destination:            cpu_inst/id_ex_reg_reg[operand_a][0]/R
                            (rising edge-triggered cell FDRE clocked by sys_clk_pin  {rise@0.000ns fall@5.000ns period=10.000ns})
  Path Group:             sys_clk_pin
  Path Type:              Setup (Max at Slow Process Corner)
  Requirement:            10.000ns  (sys_clk_pin rise@10.000ns - sys_clk_pin rise@0.000ns)
  Data Path Delay:        9.931ns  (logic 4.633ns (46.650%)  route 5.298ns (53.350%))
  Logic Levels:           12  (CARRY4=3 LUT3=3 LUT4=2 LUT5=2 LUT6=2)
  Clock Path Skew:        -0.083ns (DCD - SCD + CPR)
    Destination Clock Delay (DCD):    4.788ns = ( 14.788 - 10.000 ) 
    Source Clock Delay      (SCD):    5.132ns
    Clock Pessimism Removal (CPR):    0.260ns
  Clock Uncertainty:      0.035ns  ((TSJ^2 + TIJ^2)^1/2 + DJ) / 2 + PE
    Total System Jitter     (TSJ):    0.071ns
    Total Input Jitter      (TIJ):    0.000ns
    Discrete Jitter          (DJ):    0.000ns
    Phase Error              (PE):    0.000ns

    Location             Delay type                Incr(ns)  Path(ns)    Netlist Resource(s)
  -------------------------------------------------------------------    -------------------
                         (clock sys_clk_pin rise edge)
                                                      0.000     0.000 r  <hidden>
    W5                                                0.000     0.000 r  clk
                         net (fo=0)                   0.000     0.000    clk
    W5                                                                r  clk_IBUF_inst/I
    W5                   IBUF (Prop_ibuf_I_O)         1.458     1.458 r  clk_IBUF_inst/O
                         net (fo=1, routed)           1.967     3.425    clk_IBUF
    BUFGCTRL_X0Y0                                                     r  clk_IBUF_BUFG_inst/I
    BUFGCTRL_X0Y0        BUFG (Prop_bufg_I_O)         0.096     3.521 r  clk_IBUF_BUFG_inst/O
                         net (fo=1820, routed)        1.611     5.132    cpu_inst/data_mem_inst/clk_IBUF_BUFG
    RAMB18_X0Y2          RAMB18E1                                     r  cpu_inst/data_mem_inst/mem_reg/CLKARDCLK
  -------------------------------------------------------------------    -------------------
    RAMB18_X0Y2          RAMB18E1 (Prop_ramb18e1_CLKARDCLK_DOADO[2])
                                                      2.454     7.586 r  cpu_inst/data_mem_inst/mem_reg/DOADO[2]
                         net (fo=5, routed)           0.622     8.208    cpu_inst/data_mem_inst/read_data[2]
    SLICE_X9Y5                                                        r  cpu_inst/data_mem_inst/deferred_load_data[2]_i_1/I0
    SLICE_X9Y5           LUT3 (Prop_lut3_I0_O)        0.124     8.332 r  cpu_inst/data_mem_inst/deferred_load_data[2]_i_1/O
                         net (fo=5, routed)           0.762     9.095    cpu_inst/data_mem_inst/data2[2]
    SLICE_X9Y3                                                        r  cpu_inst/data_mem_inst/ex_alu_result0_i_6/I4
    SLICE_X9Y3           LUT5 (Prop_lut5_I4_O)        0.124     9.219 r  cpu_inst/data_mem_inst/ex_alu_result0_i_6/O
                         net (fo=3, routed)           0.320     9.539    cpu_inst/dot4acc_pipeline_inst/A[2]
    SLICE_X9Y1                                                        r  cpu_inst/dot4acc_pipeline_inst/redirect_pending_target[31]_i_38/I2
    SLICE_X9Y1           LUT3 (Prop_lut3_I2_O)        0.124     9.663 r  cpu_inst/dot4acc_pipeline_inst/redirect_pending_target[31]_i_38/O
                         net (fo=1, routed)           0.770    10.433    cpu_inst/dot4acc_pipeline_inst/redirect_pending_target[31]_i_38_n_0
    SLICE_X9Y6                                                        r  cpu_inst/dot4acc_pipeline_inst/redirect_pending_target[31]_i_24/I1
    SLICE_X9Y6           LUT6 (Prop_lut6_I1_O)        0.124    10.557 r  cpu_inst/dot4acc_pipeline_inst/redirect_pending_target[31]_i_24/O
                         net (fo=1, routed)           0.000    10.557    cpu_inst/dot4acc_pipeline_inst/redirect_pending_target[31]_i_24_n_0
    SLICE_X9Y6                                                        r  cpu_inst/dot4acc_pipeline_inst/redirect_pending_target_reg[31]_i_16/S[0]
    SLICE_X9Y6           CARRY4 (Prop_carry4_S[0]_CO[3])
                                                      0.532    11.089 r  cpu_inst/dot4acc_pipeline_inst/redirect_pending_target_reg[31]_i_16/CO[3]
                         net (fo=1, routed)           0.000    11.089    cpu_inst/dot4acc_pipeline_inst/redirect_pending_target_reg[31]_i_16_n_0
    SLICE_X9Y7                                                        r  cpu_inst/dot4acc_pipeline_inst/redirect_pending_target_reg[31]_i_12/CI
    SLICE_X9Y7           CARRY4 (Prop_carry4_CI_CO[3])
                                                      0.114    11.203 r  cpu_inst/dot4acc_pipeline_inst/redirect_pending_target_reg[31]_i_12/CO[3]
                         net (fo=1, routed)           0.000    11.203    cpu_inst/dot4acc_pipeline_inst/redirect_pending_target_reg[31]_i_12_n_0
    SLICE_X9Y8                                                        r  cpu_inst/dot4acc_pipeline_inst/redirect_pending_target_reg[31]_i_5/CI
    SLICE_X9Y8           CARRY4 (Prop_carry4_CI_CO[2])
                                                      0.228    11.431 r  cpu_inst/dot4acc_pipeline_inst/redirect_pending_target_reg[31]_i_5/CO[2]
                         net (fo=18, routed)          0.387    11.817    cpu_inst/dot4acc_pipeline_inst/ex_branch_taken0
    SLICE_X11Y8                                                       r  cpu_inst/dot4acc_pipeline_inst/led_OBUF[12]_inst_i_6/I3
    SLICE_X11Y8          LUT4 (Prop_lut4_I3_O)        0.313    12.130 r  cpu_inst/dot4acc_pipeline_inst/led_OBUF[12]_inst_i_6/O
                         net (fo=42, routed)          0.417    12.548    cpu_inst/dot4acc_pipeline_inst/led_OBUF[12]_inst_i_6_n_0
    SLICE_X8Y8                                                        r  cpu_inst/dot4acc_pipeline_inst/id_ex_reg[pc][31]_i_11/I0
    SLICE_X8Y8           LUT4 (Prop_lut4_I0_O)        0.124    12.672 f  cpu_inst/dot4acc_pipeline_inst/id_ex_reg[pc][31]_i_11/O
                         net (fo=1, routed)           0.162    12.834    cpu_inst/dot4acc_pipeline_inst/id_ex_reg[pc][31]_i_11_n_0
    SLICE_X8Y8                                                        f  cpu_inst/dot4acc_pipeline_inst/id_ex_reg[pc][31]_i_3/I5
    SLICE_X8Y8           LUT6 (Prop_lut6_I5_O)        0.124    12.958 r  cpu_inst/dot4acc_pipeline_inst/id_ex_reg[pc][31]_i_3/O
                         net (fo=13, routed)          0.646    13.603    cpu_inst/dot4acc_pipeline_inst/id_ex_reg[pc][31]_i_3_n_0
    SLICE_X8Y10                                                       r  cpu_inst/dot4acc_pipeline_inst/id_ex_reg[operand_b][31]_i_4/I2
    SLICE_X8Y10          LUT5 (Prop_lut5_I2_O)        0.124    13.727 r  cpu_inst/dot4acc_pipeline_inst/id_ex_reg[operand_b][31]_i_4/O
                         net (fo=3, routed)           0.481    14.208    cpu_inst/dot4acc_pipeline_inst/id_ex_reg[operand_b][31]_i_4_n_0
    SLICE_X8Y12                                                       r  cpu_inst/dot4acc_pipeline_inst/id_ex_reg[operand_a][31]_i_1/I1
    SLICE_X8Y12          LUT3 (Prop_lut3_I1_O)        0.124    14.332 r  cpu_inst/dot4acc_pipeline_inst/id_ex_reg[operand_a][31]_i_1/O
                         net (fo=32, routed)          0.731    15.063    cpu_inst/dot4acc_pipeline_inst_n_4
    SLICE_X10Y12         FDRE                                         r  cpu_inst/id_ex_reg_reg[operand_a][0]/R
  -------------------------------------------------------------------    -------------------

                         (clock sys_clk_pin rise edge)
                                                     10.000    10.000 r  <hidden>
    W5                                                0.000    10.000 r  clk
                         net (fo=0)                   0.000    10.000    clk
    W5                                                                r  clk_IBUF_inst/I
    W5                   IBUF (Prop_ibuf_I_O)         1.388    11.388 r  clk_IBUF_inst/O
                         net (fo=1, routed)           1.862    13.250    clk_IBUF
    BUFGCTRL_X0Y0                                                     r  clk_IBUF_BUFG_inst/I
    BUFGCTRL_X0Y0        BUFG (Prop_bufg_I_O)         0.091    13.341 r  clk_IBUF_BUFG_inst/O
                         net (fo=1820, routed)        1.447    14.788    cpu_inst/clk_IBUF_BUFG
    SLICE_X10Y12         FDRE                                         r  cpu_inst/id_ex_reg_reg[operand_a][0]/C
                         clock pessimism              0.260    15.048    <hidden>
                         clock uncertainty           -0.035    15.013    <hidden>
    SLICE_X10Y12         FDRE (Setup_fdre_C_R)       -0.524    14.489    cpu_inst/id_ex_reg_reg[operand_a][0]
  -------------------------------------------------------------------
                         required time                         14.489    <hidden>
                         arrival time                         -15.063    <hidden>
  -------------------------------------------------------------------
                         slack                                 -0.574    <hidden>

Slack (VIOLATED) :        -0.574ns  (required time - arrival time)
  Source:                 cpu_inst/data_mem_inst/mem_reg/CLKARDCLK
                            (rising edge-triggered cell RAMB18E1 clocked by sys_clk_pin  {rise@0.000ns fall@5.000ns period=10.000ns})
  Destination:            cpu_inst/id_ex_reg_reg[operand_a][8]/R
                            (rising edge-triggered cell FDRE clocked by sys_clk_pin  {rise@0.000ns fall@5.000ns period=10.000ns})
  Path Group:             sys_clk_pin
  Path Type:              Setup (Max at Slow Process Corner)
  Requirement:            10.000ns  (sys_clk_pin rise@10.000ns - sys_clk_pin rise@0.000ns)
  Data Path Delay:        9.931ns  (logic 4.633ns (46.650%)  route 5.298ns (53.350%))
  Logic Levels:           12  (CARRY4=3 LUT3=3 LUT4=2 LUT5=2 LUT6=2)
  Clock Path Skew:        -0.083ns (DCD - SCD + CPR)
    Destination Clock Delay (DCD):    4.788ns = ( 14.788 - 10.000 ) 
    Source Clock Delay      (SCD):    5.132ns
    Clock Pessimism Removal (CPR):    0.260ns
  Clock Uncertainty:      0.035ns  ((TSJ^2 + TIJ^2)^1/2 + DJ) / 2 + PE
    Total System Jitter     (TSJ):    0.071ns
    Total Input Jitter      (TIJ):    0.000ns
    Discrete Jitter          (DJ):    0.000ns
    Phase Error              (PE):    0.000ns

    Location             Delay type                Incr(ns)  Path(ns)    Netlist Resource(s)
  -------------------------------------------------------------------    -------------------
                         (clock sys_clk_pin rise edge)
                                                      0.000     0.000 r  <hidden>
    W5                                                0.000     0.000 r  clk
                         net (fo=0)                   0.000     0.000    clk
    W5                                                                r  clk_IBUF_inst/I
    W5                   IBUF (Prop_ibuf_I_O)         1.458     1.458 r  clk_IBUF_inst/O
                         net (fo=1, routed)           1.967     3.425    clk_IBUF
    BUFGCTRL_X0Y0                                                     r  clk_IBUF_BUFG_inst/I
    BUFGCTRL_X0Y0        BUFG (Prop_bufg_I_O)         0.096     3.521 r  clk_IBUF_BUFG_inst/O
                         net (fo=1820, routed)        1.611     5.132    cpu_inst/data_mem_inst/clk_IBUF_BUFG
    RAMB18_X0Y2          RAMB18E1                                     r  cpu_inst/data_mem_inst/mem_reg/CLKARDCLK
  -------------------------------------------------------------------    -------------------
    RAMB18_X0Y2          RAMB18E1 (Prop_ramb18e1_CLKARDCLK_DOADO[2])
                                                      2.454     7.586 r  cpu_inst/data_mem_inst/mem_reg/DOADO[2]
                         net (fo=5, routed)           0.622     8.208    cpu_inst/data_mem_inst/read_data[2]
    SLICE_X9Y5                                                        r  cpu_inst/data_mem_inst/deferred_load_data[2]_i_1/I0
    SLICE_X9Y5           LUT3 (Prop_lut3_I0_O)        0.124     8.332 r  cpu_inst/data_mem_inst/deferred_load_data[2]_i_1/O
                         net (fo=5, routed)           0.762     9.095    cpu_inst/data_mem_inst/data2[2]
    SLICE_X9Y3                                                        r  cpu_inst/data_mem_inst/ex_alu_result0_i_6/I4
    SLICE_X9Y3           LUT5 (Prop_lut5_I4_O)        0.124     9.219 r  cpu_inst/data_mem_inst/ex_alu_result0_i_6/O
                         net (fo=3, routed)           0.320     9.539    cpu_inst/dot4acc_pipeline_inst/A[2]
    SLICE_X9Y1                                                        r  cpu_inst/dot4acc_pipeline_inst/redirect_pending_target[31]_i_38/I2
    SLICE_X9Y1           LUT3 (Prop_lut3_I2_O)        0.124     9.663 r  cpu_inst/dot4acc_pipeline_inst/redirect_pending_target[31]_i_38/O
                         net (fo=1, routed)           0.770    10.433    cpu_inst/dot4acc_pipeline_inst/redirect_pending_target[31]_i_38_n_0
    SLICE_X9Y6                                                        r  cpu_inst/dot4acc_pipeline_inst/redirect_pending_target[31]_i_24/I1
    SLICE_X9Y6           LUT6 (Prop_lut6_I1_O)        0.124    10.557 r  cpu_inst/dot4acc_pipeline_inst/redirect_pending_target[31]_i_24/O
                         net (fo=1, routed)           0.000    10.557    cpu_inst/dot4acc_pipeline_inst/redirect_pending_target[31]_i_24_n_0
    SLICE_X9Y6                                                        r  cpu_inst/dot4acc_pipeline_inst/redirect_pending_target_reg[31]_i_16/S[0]
    SLICE_X9Y6           CARRY4 (Prop_carry4_S[0]_CO[3])
                                                      0.532    11.089 r  cpu_inst/dot4acc_pipeline_inst/redirect_pending_target_reg[31]_i_16/CO[3]
                         net (fo=1, routed)           0.000    11.089    cpu_inst/dot4acc_pipeline_inst/redirect_pending_target_reg[31]_i_16_n_0
    SLICE_X9Y7                                                        r  cpu_inst/dot4acc_pipeline_inst/redirect_pending_target_reg[31]_i_12/CI
    SLICE_X9Y7           CARRY4 (Prop_carry4_CI_CO[3])
                                                      0.114    11.203 r  cpu_inst/dot4acc_pipeline_inst/redirect_pending_target_reg[31]_i_12/CO[3]
                         net (fo=1, routed)           0.000    11.203    cpu_inst/dot4acc_pipeline_inst/redirect_pending_target_reg[31]_i_12_n_0
    SLICE_X9Y8                                                        r  cpu_inst/dot4acc_pipeline_inst/redirect_pending_target_reg[31]_i_5/CI
    SLICE_X9Y8           CARRY4 (Prop_carry4_CI_CO[2])
                                                      0.228    11.431 r  cpu_inst/dot4acc_pipeline_inst/redirect_pending_target_reg[31]_i_5/CO[2]
                         net (fo=18, routed)          0.387    11.817    cpu_inst/dot4acc_pipeline_inst/ex_branch_taken0
    SLICE_X11Y8                                                       r  cpu_inst/dot4acc_pipeline_inst/led_OBUF[12]_inst_i_6/I3
    SLICE_X11Y8          LUT4 (Prop_lut4_I3_O)        0.313    12.130 r  cpu_inst/dot4acc_pipeline_inst/led_OBUF[12]_inst_i_6/O
                         net (fo=42, routed)          0.417    12.548    cpu_inst/dot4acc_pipeline_inst/led_OBUF[12]_inst_i_6_n_0
    SLICE_X8Y8                                                        r  cpu_inst/dot4acc_pipeline_inst/id_ex_reg[pc][31]_i_11/I0
    SLICE_X8Y8           LUT4 (Prop_lut4_I0_O)        0.124    12.672 f  cpu_inst/dot4acc_pipeline_inst/id_ex_reg[pc][31]_i_11/O
                         net (fo=1, routed)           0.162    12.834    cpu_inst/dot4acc_pipeline_inst/id_ex_reg[pc][31]_i_11_n_0
    SLICE_X8Y8                                                        f  cpu_inst/dot4acc_pipeline_inst/id_ex_reg[pc][31]_i_3/I5
    SLICE_X8Y8           LUT6 (Prop_lut6_I5_O)        0.124    12.958 r  cpu_inst/dot4acc_pipeline_inst/id_ex_reg[pc][31]_i_3/O
                         net (fo=13, routed)          0.646    13.603    cpu_inst/dot4acc_pipeline_inst/id_ex_reg[pc][31]_i_3_n_0
    SLICE_X8Y10                                                       r  cpu_inst/dot4acc_pipeline_inst/id_ex_reg[operand_b][31]_i_4/I2
    SLICE_X8Y10          LUT5 (Prop_lut5_I2_O)        0.124    13.727 r  cpu_inst/dot4acc_pipeline_inst/id_ex_reg[operand_b][31]_i_4/O
                         net (fo=3, routed)           0.481    14.208    cpu_inst/dot4acc_pipeline_inst/id_ex_reg[operand_b][31]_i_4_n_0
    SLICE_X8Y12                                                       r  cpu_inst/dot4acc_pipeline_inst/id_ex_reg[operand_a][31]_i_1/I1
    SLICE_X8Y12          LUT3 (Prop_lut3_I1_O)        0.124    14.332 r  cpu_inst/dot4acc_pipeline_inst/id_ex_reg[operand_a][31]_i_1/O
                         net (fo=32, routed)          0.731    15.063    cpu_inst/dot4acc_pipeline_inst_n_4
    SLICE_X10Y12         FDRE                                         r  cpu_inst/id_ex_reg_reg[operand_a][8]/R
  -------------------------------------------------------------------    -------------------

                         (clock sys_clk_pin rise edge)
                                                     10.000    10.000 r  <hidden>
    W5                                                0.000    10.000 r  clk
                         net (fo=0)                   0.000    10.000    clk
    W5                                                                r  clk_IBUF_inst/I
    W5                   IBUF (Prop_ibuf_I_O)         1.388    11.388 r  clk_IBUF_inst/O
                         net (fo=1, routed)           1.862    13.250    clk_IBUF
    BUFGCTRL_X0Y0                                                     r  clk_IBUF_BUFG_inst/I
    BUFGCTRL_X0Y0        BUFG (Prop_bufg_I_O)         0.091    13.341 r  clk_IBUF_BUFG_inst/O
                         net (fo=1820, routed)        1.447    14.788    cpu_inst/clk_IBUF_BUFG
    SLICE_X10Y12         FDRE                                         r  cpu_inst/id_ex_reg_reg[operand_a][8]/C
                         clock pessimism              0.260    15.048    <hidden>
                         clock uncertainty           -0.035    15.013    <hidden>
    SLICE_X10Y12         FDRE (Setup_fdre_C_R)       -0.524    14.489    cpu_inst/id_ex_reg_reg[operand_a][8]
  -------------------------------------------------------------------
                         required time                         14.489    <hidden>
                         arrival time                         -15.063    <hidden>
  -------------------------------------------------------------------
                         slack                                 -0.574    <hidden>

Slack (VIOLATED) :        -0.552ns  (required time - arrival time)
  Source:                 cpu_inst/data_mem_inst/mem_reg/CLKARDCLK
                            (rising edge-triggered cell RAMB18E1 clocked by sys_clk_pin  {rise@0.000ns fall@5.000ns period=10.000ns})
  Destination:            cpu_inst/instr_mem_inst/instruction_reg/RSTRAMARSTRAM
                            (rising edge-triggered cell RAMB18E1 clocked by sys_clk_pin  {rise@0.000ns fall@5.000ns period=10.000ns})
  Path Group:             sys_clk_pin
  Path Type:              Setup (Max at Slow Process Corner)
  Requirement:            10.000ns  (sys_clk_pin rise@10.000ns - sys_clk_pin rise@0.000ns)
  Data Path Delay:        10.136ns  (logic 4.633ns (45.708%)  route 5.503ns (54.292%))
  Logic Levels:           12  (CARRY4=3 LUT3=2 LUT4=2 LUT5=2 LUT6=3)
  Clock Path Skew:        -0.022ns (DCD - SCD + CPR)
    Destination Clock Delay (DCD):    4.833ns = ( 14.833 - 10.000 ) 
    Source Clock Delay      (SCD):    5.132ns
    Clock Pessimism Removal (CPR):    0.277ns
  Clock Uncertainty:      0.035ns  ((TSJ^2 + TIJ^2)^1/2 + DJ) / 2 + PE
    Total System Jitter     (TSJ):    0.071ns
    Total Input Jitter      (TIJ):    0.000ns
    Discrete Jitter          (DJ):    0.000ns
    Phase Error              (PE):    0.000ns

    Location             Delay type                Incr(ns)  Path(ns)    Netlist Resource(s)
  -------------------------------------------------------------------    -------------------
                         (clock sys_clk_pin rise edge)
                                                      0.000     0.000 r  <hidden>
    W5                                                0.000     0.000 r  clk
                         net (fo=0)                   0.000     0.000    clk
    W5                                                                r  clk_IBUF_inst/I
    W5                   IBUF (Prop_ibuf_I_O)         1.458     1.458 r  clk_IBUF_inst/O
                         net (fo=1, routed)           1.967     3.425    clk_IBUF
    BUFGCTRL_X0Y0                                                     r  clk_IBUF_BUFG_inst/I
    BUFGCTRL_X0Y0        BUFG (Prop_bufg_I_O)         0.096     3.521 r  clk_IBUF_BUFG_inst/O
                         net (fo=1820, routed)        1.611     5.132    cpu_inst/data_mem_inst/clk_IBUF_BUFG
    RAMB18_X0Y2          RAMB18E1                                     r  cpu_inst/data_mem_inst/mem_reg/CLKARDCLK
  -------------------------------------------------------------------    -------------------
    RAMB18_X0Y2          RAMB18E1 (Prop_ramb18e1_CLKARDCLK_DOADO[2])
                                                      2.454     7.586 r  cpu_inst/data_mem_inst/mem_reg/DOADO[2]
                         net (fo=5, routed)           0.622     8.208    cpu_inst/data_mem_inst/read_data[2]
    SLICE_X9Y5                                                        r  cpu_inst/data_mem_inst/deferred_load_data[2]_i_1/I0
    SLICE_X9Y5           LUT3 (Prop_lut3_I0_O)        0.124     8.332 r  cpu_inst/data_mem_inst/deferred_load_data[2]_i_1/O
                         net (fo=5, routed)           0.762     9.095    cpu_inst/data_mem_inst/data2[2]
    SLICE_X9Y3                                                        r  cpu_inst/data_mem_inst/ex_alu_result0_i_6/I4
    SLICE_X9Y3           LUT5 (Prop_lut5_I4_O)        0.124     9.219 r  cpu_inst/data_mem_inst/ex_alu_result0_i_6/O
                         net (fo=3, routed)           0.320     9.539    cpu_inst/dot4acc_pipeline_inst/A[2]
    SLICE_X9Y1                                                        r  cpu_inst/dot4acc_pipeline_inst/redirect_pending_target[31]_i_38/I2
    SLICE_X9Y1           LUT3 (Prop_lut3_I2_O)        0.124     9.663 r  cpu_inst/dot4acc_pipeline_inst/redirect_pending_target[31]_i_38/O
                         net (fo=1, routed)           0.770    10.433    cpu_inst/dot4acc_pipeline_inst/redirect_pending_target[31]_i_38_n_0
    SLICE_X9Y6                                                        r  cpu_inst/dot4acc_pipeline_inst/redirect_pending_target[31]_i_24/I1
    SLICE_X9Y6           LUT6 (Prop_lut6_I1_O)        0.124    10.557 r  cpu_inst/dot4acc_pipeline_inst/redirect_pending_target[31]_i_24/O
                         net (fo=1, routed)           0.000    10.557    cpu_inst/dot4acc_pipeline_inst/redirect_pending_target[31]_i_24_n_0
    SLICE_X9Y6                                                        r  cpu_inst/dot4acc_pipeline_inst/redirect_pending_target_reg[31]_i_16/S[0]
    SLICE_X9Y6           CARRY4 (Prop_carry4_S[0]_CO[3])
                                                      0.532    11.089 r  cpu_inst/dot4acc_pipeline_inst/redirect_pending_target_reg[31]_i_16/CO[3]
                         net (fo=1, routed)           0.000    11.089    cpu_inst/dot4acc_pipeline_inst/redirect_pending_target_reg[31]_i_16_n_0
    SLICE_X9Y7                                                        r  cpu_inst/dot4acc_pipeline_inst/redirect_pending_target_reg[31]_i_12/CI
    SLICE_X9Y7           CARRY4 (Prop_carry4_CI_CO[3])
                                                      0.114    11.203 r  cpu_inst/dot4acc_pipeline_inst/redirect_pending_target_reg[31]_i_12/CO[3]
                         net (fo=1, routed)           0.000    11.203    cpu_inst/dot4acc_pipeline_inst/redirect_pending_target_reg[31]_i_12_n_0
    SLICE_X9Y8                                                        r  cpu_inst/dot4acc_pipeline_inst/redirect_pending_target_reg[31]_i_5/CI
    SLICE_X9Y8           CARRY4 (Prop_carry4_CI_CO[2])
                                                      0.228    11.431 f  cpu_inst/dot4acc_pipeline_inst/redirect_pending_target_reg[31]_i_5/CO[2]
                         net (fo=18, routed)          0.387    11.817    cpu_inst/dot4acc_pipeline_inst/ex_branch_taken0
    SLICE_X11Y8                                                       f  cpu_inst/dot4acc_pipeline_inst/led_OBUF[12]_inst_i_6/I3
    SLICE_X11Y8          LUT4 (Prop_lut4_I3_O)        0.313    12.130 f  cpu_inst/dot4acc_pipeline_inst/led_OBUF[12]_inst_i_6/O
                         net (fo=42, routed)          0.417    12.548    cpu_inst/dot4acc_pipeline_inst/led_OBUF[12]_inst_i_6_n_0
    SLICE_X8Y8                                                        f  cpu_inst/dot4acc_pipeline_inst/id_ex_reg[pc][31]_i_11/I0
    SLICE_X8Y8           LUT4 (Prop_lut4_I0_O)        0.124    12.672 r  cpu_inst/dot4acc_pipeline_inst/id_ex_reg[pc][31]_i_11/O
                         net (fo=1, routed)           0.162    12.834    cpu_inst/dot4acc_pipeline_inst/id_ex_reg[pc][31]_i_11_n_0
    SLICE_X8Y8                                                        r  cpu_inst/dot4acc_pipeline_inst/id_ex_reg[pc][31]_i_3/I5
    SLICE_X8Y8           LUT6 (Prop_lut6_I5_O)        0.124    12.958 f  cpu_inst/dot4acc_pipeline_inst/id_ex_reg[pc][31]_i_3/O
                         net (fo=13, routed)          0.653    13.610    cpu_inst/dot4acc_pipeline_inst/id_ex_reg[pc][31]_i_3_n_0
    SLICE_X6Y6                                                        f  cpu_inst/dot4acc_pipeline_inst/instruction_reg_i_11/I4
    SLICE_X6Y6           LUT5 (Prop_lut5_I4_O)        0.124    13.734 r  cpu_inst/dot4acc_pipeline_inst/instruction_reg_i_11/O
                         net (fo=9, routed)           0.510    14.244    cpu_inst/dot4acc_pipeline_inst/instruction_reg_i_11_n_0
    SLICE_X6Y6                                                        r  cpu_inst/dot4acc_pipeline_inst/instruction_reg_i_1/I2
    SLICE_X6Y6           LUT6 (Prop_lut6_I2_O)        0.124    14.368 r  cpu_inst/dot4acc_pipeline_inst/instruction_reg_i_1/O
                         net (fo=2, routed)           0.900    15.268    cpu_inst/instr_mem_inst/instruction_reg_0
    RAMB18_X0Y3          RAMB18E1                                     r  cpu_inst/instr_mem_inst/instruction_reg/RSTRAMARSTRAM
  -------------------------------------------------------------------    -------------------

                         (clock sys_clk_pin rise edge)
                                                     10.000    10.000 r  <hidden>
    W5                                                0.000    10.000 r  clk
                         net (fo=0)                   0.000    10.000    clk
    W5                                                                r  clk_IBUF_inst/I
    W5                   IBUF (Prop_ibuf_I_O)         1.388    11.388 r  clk_IBUF_inst/O
                         net (fo=1, routed)           1.862    13.250    clk_IBUF
    BUFGCTRL_X0Y0                                                     r  clk_IBUF_BUFG_inst/I
    BUFGCTRL_X0Y0        BUFG (Prop_bufg_I_O)         0.091    13.341 r  clk_IBUF_BUFG_inst/O
                         net (fo=1820, routed)        1.492    14.833    cpu_inst/instr_mem_inst/clk_IBUF_BUFG
    RAMB18_X0Y3          RAMB18E1                                     r  cpu_inst/instr_mem_inst/instruction_reg/CLKARDCLK
                         clock pessimism              0.277    15.110    <hidden>
                         clock uncertainty           -0.035    15.074    <hidden>
    RAMB18_X0Y3          RAMB18E1 (Setup_ramb18e1_CLKARDCLK_RSTRAMARSTRAM)
                                                     -0.359    14.715    cpu_inst/instr_mem_inst/instruction_reg
  -------------------------------------------------------------------
                         required time                         14.715    <hidden>
                         arrival time                         -15.268    <hidden>
  -------------------------------------------------------------------
                         slack                                 -0.552    <hidden>

Slack (VIOLATED) :        -0.552ns  (required time - arrival time)
  Source:                 cpu_inst/data_mem_inst/mem_reg/CLKARDCLK
                            (rising edge-triggered cell RAMB18E1 clocked by sys_clk_pin  {rise@0.000ns fall@5.000ns period=10.000ns})
  Destination:            cpu_inst/instr_mem_inst/instruction_reg/ADDRARDADDR[8]
                            (rising edge-triggered cell RAMB18E1 clocked by sys_clk_pin  {rise@0.000ns fall@5.000ns period=10.000ns})
  Path Group:             sys_clk_pin
  Path Type:              Setup (Max at Slow Process Corner)
  Requirement:            10.000ns  (sys_clk_pin rise@10.000ns - sys_clk_pin rise@0.000ns)
  Data Path Delay:        9.929ns  (logic 4.633ns (46.663%)  route 5.296ns (53.336%))
  Logic Levels:           12  (CARRY4=3 LUT3=2 LUT4=2 LUT5=3 LUT6=2)
  Clock Path Skew:        -0.022ns (DCD - SCD + CPR)
    Destination Clock Delay (DCD):    4.833ns = ( 14.833 - 10.000 ) 
    Source Clock Delay      (SCD):    5.132ns
    Clock Pessimism Removal (CPR):    0.277ns
  Clock Uncertainty:      0.035ns  ((TSJ^2 + TIJ^2)^1/2 + DJ) / 2 + PE
    Total System Jitter     (TSJ):    0.071ns
    Total Input Jitter      (TIJ):    0.000ns
    Discrete Jitter          (DJ):    0.000ns
    Phase Error              (PE):    0.000ns

    Location             Delay type                Incr(ns)  Path(ns)    Netlist Resource(s)
  -------------------------------------------------------------------    -------------------
                         (clock sys_clk_pin rise edge)
                                                      0.000     0.000 r  <hidden>
    W5                                                0.000     0.000 r  clk
                         net (fo=0)                   0.000     0.000    clk
    W5                                                                r  clk_IBUF_inst/I
    W5                   IBUF (Prop_ibuf_I_O)         1.458     1.458 r  clk_IBUF_inst/O
                         net (fo=1, routed)           1.967     3.425    clk_IBUF
    BUFGCTRL_X0Y0                                                     r  clk_IBUF_BUFG_inst/I
    BUFGCTRL_X0Y0        BUFG (Prop_bufg_I_O)         0.096     3.521 r  clk_IBUF_BUFG_inst/O
                         net (fo=1820, routed)        1.611     5.132    cpu_inst/data_mem_inst/clk_IBUF_BUFG
    RAMB18_X0Y2          RAMB18E1                                     r  cpu_inst/data_mem_inst/mem_reg/CLKARDCLK
  -------------------------------------------------------------------    -------------------
    RAMB18_X0Y2          RAMB18E1 (Prop_ramb18e1_CLKARDCLK_DOADO[2])
                                                      2.454     7.586 r  cpu_inst/data_mem_inst/mem_reg/DOADO[2]
                         net (fo=5, routed)           0.622     8.208    cpu_inst/data_mem_inst/read_data[2]
    SLICE_X9Y5                                                        r  cpu_inst/data_mem_inst/deferred_load_data[2]_i_1/I0
    SLICE_X9Y5           LUT3 (Prop_lut3_I0_O)        0.124     8.332 r  cpu_inst/data_mem_inst/deferred_load_data[2]_i_1/O
                         net (fo=5, routed)           0.762     9.095    cpu_inst/data_mem_inst/data2[2]
    SLICE_X9Y3                                                        r  cpu_inst/data_mem_inst/ex_alu_result0_i_6/I4
    SLICE_X9Y3           LUT5 (Prop_lut5_I4_O)        0.124     9.219 r  cpu_inst/data_mem_inst/ex_alu_result0_i_6/O
                         net (fo=3, routed)           0.320     9.539    cpu_inst/dot4acc_pipeline_inst/A[2]
    SLICE_X9Y1                                                        r  cpu_inst/dot4acc_pipeline_inst/redirect_pending_target[31]_i_38/I2
    SLICE_X9Y1           LUT3 (Prop_lut3_I2_O)        0.124     9.663 r  cpu_inst/dot4acc_pipeline_inst/redirect_pending_target[31]_i_38/O
                         net (fo=1, routed)           0.770    10.433    cpu_inst/dot4acc_pipeline_inst/redirect_pending_target[31]_i_38_n_0
    SLICE_X9Y6                                                        r  cpu_inst/dot4acc_pipeline_inst/redirect_pending_target[31]_i_24/I1
    SLICE_X9Y6           LUT6 (Prop_lut6_I1_O)        0.124    10.557 r  cpu_inst/dot4acc_pipeline_inst/redirect_pending_target[31]_i_24/O
                         net (fo=1, routed)           0.000    10.557    cpu_inst/dot4acc_pipeline_inst/redirect_pending_target[31]_i_24_n_0
    SLICE_X9Y6                                                        r  cpu_inst/dot4acc_pipeline_inst/redirect_pending_target_reg[31]_i_16/S[0]
    SLICE_X9Y6           CARRY4 (Prop_carry4_S[0]_CO[3])
                                                      0.532    11.089 r  cpu_inst/dot4acc_pipeline_inst/redirect_pending_target_reg[31]_i_16/CO[3]
                         net (fo=1, routed)           0.000    11.089    cpu_inst/dot4acc_pipeline_inst/redirect_pending_target_reg[31]_i_16_n_0
    SLICE_X9Y7                                                        r  cpu_inst/dot4acc_pipeline_inst/redirect_pending_target_reg[31]_i_12/CI
    SLICE_X9Y7           CARRY4 (Prop_carry4_CI_CO[3])
                                                      0.114    11.203 r  cpu_inst/dot4acc_pipeline_inst/redirect_pending_target_reg[31]_i_12/CO[3]
                         net (fo=1, routed)           0.000    11.203    cpu_inst/dot4acc_pipeline_inst/redirect_pending_target_reg[31]_i_12_n_0
    SLICE_X9Y8                                                        r  cpu_inst/dot4acc_pipeline_inst/redirect_pending_target_reg[31]_i_5/CI
    SLICE_X9Y8           CARRY4 (Prop_carry4_CI_CO[2])
                                                      0.228    11.431 f  cpu_inst/dot4acc_pipeline_inst/redirect_pending_target_reg[31]_i_5/CO[2]
                         net (fo=18, routed)          0.387    11.817    cpu_inst/dot4acc_pipeline_inst/ex_branch_taken0
    SLICE_X11Y8                                                       f  cpu_inst/dot4acc_pipeline_inst/led_OBUF[12]_inst_i_6/I3
    SLICE_X11Y8          LUT4 (Prop_lut4_I3_O)        0.313    12.130 f  cpu_inst/dot4acc_pipeline_inst/led_OBUF[12]_inst_i_6/O
                         net (fo=42, routed)          0.417    12.548    cpu_inst/dot4acc_pipeline_inst/led_OBUF[12]_inst_i_6_n_0
    SLICE_X8Y8                                                        f  cpu_inst/dot4acc_pipeline_inst/id_ex_reg[pc][31]_i_11/I0
    SLICE_X8Y8           LUT4 (Prop_lut4_I0_O)        0.124    12.672 r  cpu_inst/dot4acc_pipeline_inst/id_ex_reg[pc][31]_i_11/O
                         net (fo=1, routed)           0.162    12.834    cpu_inst/dot4acc_pipeline_inst/id_ex_reg[pc][31]_i_11_n_0
    SLICE_X8Y8                                                        r  cpu_inst/dot4acc_pipeline_inst/id_ex_reg[pc][31]_i_3/I5
    SLICE_X8Y8           LUT6 (Prop_lut6_I5_O)        0.124    12.958 f  cpu_inst/dot4acc_pipeline_inst/id_ex_reg[pc][31]_i_3/O
                         net (fo=13, routed)          0.653    13.610    cpu_inst/dot4acc_pipeline_inst/id_ex_reg[pc][31]_i_3_n_0
    SLICE_X6Y6                                                        f  cpu_inst/dot4acc_pipeline_inst/instruction_reg_i_11/I4
    SLICE_X6Y6           LUT5 (Prop_lut5_I4_O)        0.124    13.734 r  cpu_inst/dot4acc_pipeline_inst/instruction_reg_i_11/O
                         net (fo=9, routed)           0.378    14.112    cpu_inst/dot4acc_pipeline_inst/instruction_reg_i_11_n_0
    SLICE_X6Y5                                                        r  cpu_inst/dot4acc_pipeline_inst/instruction_reg_i_5/I3
    SLICE_X6Y5           LUT5 (Prop_lut5_I3_O)        0.124    14.236 r  cpu_inst/dot4acc_pipeline_inst/instruction_reg_i_5/O
                         net (fo=2, routed)           0.824    15.060    cpu_inst/instr_mem_inst/ADDRARDADDR[4]
    RAMB18_X0Y3          RAMB18E1                                     r  cpu_inst/instr_mem_inst/instruction_reg/ADDRARDADDR[8]
  -------------------------------------------------------------------    -------------------

                         (clock sys_clk_pin rise edge)
                                                     10.000    10.000 r  <hidden>
    W5                                                0.000    10.000 r  clk
                         net (fo=0)                   0.000    10.000    clk
    W5                                                                r  clk_IBUF_inst/I
    W5                   IBUF (Prop_ibuf_I_O)         1.388    11.388 r  clk_IBUF_inst/O
                         net (fo=1, routed)           1.862    13.250    clk_IBUF
    BUFGCTRL_X0Y0                                                     r  clk_IBUF_BUFG_inst/I
    BUFGCTRL_X0Y0        BUFG (Prop_bufg_I_O)         0.091    13.341 r  clk_IBUF_BUFG_inst/O
                         net (fo=1820, routed)        1.492    14.833    cpu_inst/instr_mem_inst/clk_IBUF_BUFG
    RAMB18_X0Y3          RAMB18E1                                     r  cpu_inst/instr_mem_inst/instruction_reg/CLKARDCLK
                         clock pessimism              0.277    15.110    <hidden>
                         clock uncertainty           -0.035    15.074    <hidden>
    RAMB18_X0Y3          RAMB18E1 (Setup_ramb18e1_CLKARDCLK_ADDRARDADDR[8])
                                                     -0.566    14.508    cpu_inst/instr_mem_inst/instruction_reg
  -------------------------------------------------------------------
                         required time                         14.508    <hidden>
                         arrival time                         -15.060    <hidden>
  -------------------------------------------------------------------
                         slack                                 -0.552    <hidden>

Slack (VIOLATED) :        -0.551ns  (required time - arrival time)
  Source:                 cpu_inst/data_mem_inst/mem_reg/CLKARDCLK
                            (rising edge-triggered cell RAMB18E1 clocked by sys_clk_pin  {rise@0.000ns fall@5.000ns period=10.000ns})
  Destination:            cpu_inst/instr_mem_inst/instruction_reg/ADDRBWRADDR[8]
                            (rising edge-triggered cell RAMB18E1 clocked by sys_clk_pin  {rise@0.000ns fall@5.000ns period=10.000ns})
  Path Group:             sys_clk_pin
  Path Type:              Setup (Max at Slow Process Corner)
  Requirement:            10.000ns  (sys_clk_pin rise@10.000ns - sys_clk_pin rise@0.000ns)
  Data Path Delay:        9.926ns  (logic 4.633ns (46.676%)  route 5.293ns (53.324%))
  Logic Levels:           12  (CARRY4=3 LUT3=2 LUT4=2 LUT5=3 LUT6=2)
  Clock Path Skew:        -0.024ns (DCD - SCD + CPR)
    Destination Clock Delay (DCD):    4.834ns = ( 14.834 - 10.000 ) 
    Source Clock Delay      (SCD):    5.132ns
    Clock Pessimism Removal (CPR):    0.274ns
  Clock Uncertainty:      0.035ns  ((TSJ^2 + TIJ^2)^1/2 + DJ) / 2 + PE
    Total System Jitter     (TSJ):    0.071ns
    Total Input Jitter      (TIJ):    0.000ns
    Discrete Jitter          (DJ):    0.000ns
    Phase Error              (PE):    0.000ns

    Location             Delay type                Incr(ns)  Path(ns)    Netlist Resource(s)
  -------------------------------------------------------------------    -------------------
                         (clock sys_clk_pin rise edge)
                                                      0.000     0.000 r  <hidden>
    W5                                                0.000     0.000 r  clk
                         net (fo=0)                   0.000     0.000    clk
    W5                                                                r  clk_IBUF_inst/I
    W5                   IBUF (Prop_ibuf_I_O)         1.458     1.458 r  clk_IBUF_inst/O
                         net (fo=1, routed)           1.967     3.425    clk_IBUF
    BUFGCTRL_X0Y0                                                     r  clk_IBUF_BUFG_inst/I
    BUFGCTRL_X0Y0        BUFG (Prop_bufg_I_O)         0.096     3.521 r  clk_IBUF_BUFG_inst/O
                         net (fo=1820, routed)        1.611     5.132    cpu_inst/data_mem_inst/clk_IBUF_BUFG
    RAMB18_X0Y2          RAMB18E1                                     r  cpu_inst/data_mem_inst/mem_reg/CLKARDCLK
  -------------------------------------------------------------------    -------------------
    RAMB18_X0Y2          RAMB18E1 (Prop_ramb18e1_CLKARDCLK_DOADO[2])
                                                      2.454     7.586 r  cpu_inst/data_mem_inst/mem_reg/DOADO[2]
                         net (fo=5, routed)           0.622     8.208    cpu_inst/data_mem_inst/read_data[2]
    SLICE_X9Y5                                                        r  cpu_inst/data_mem_inst/deferred_load_data[2]_i_1/I0
    SLICE_X9Y5           LUT3 (Prop_lut3_I0_O)        0.124     8.332 r  cpu_inst/data_mem_inst/deferred_load_data[2]_i_1/O
                         net (fo=5, routed)           0.762     9.095    cpu_inst/data_mem_inst/data2[2]
    SLICE_X9Y3                                                        r  cpu_inst/data_mem_inst/ex_alu_result0_i_6/I4
    SLICE_X9Y3           LUT5 (Prop_lut5_I4_O)        0.124     9.219 r  cpu_inst/data_mem_inst/ex_alu_result0_i_6/O
                         net (fo=3, routed)           0.320     9.539    cpu_inst/dot4acc_pipeline_inst/A[2]
    SLICE_X9Y1                                                        r  cpu_inst/dot4acc_pipeline_inst/redirect_pending_target[31]_i_38/I2
    SLICE_X9Y1           LUT3 (Prop_lut3_I2_O)        0.124     9.663 r  cpu_inst/dot4acc_pipeline_inst/redirect_pending_target[31]_i_38/O
                         net (fo=1, routed)           0.770    10.433    cpu_inst/dot4acc_pipeline_inst/redirect_pending_target[31]_i_38_n_0
    SLICE_X9Y6                                                        r  cpu_inst/dot4acc_pipeline_inst/redirect_pending_target[31]_i_24/I1
    SLICE_X9Y6           LUT6 (Prop_lut6_I1_O)        0.124    10.557 r  cpu_inst/dot4acc_pipeline_inst/redirect_pending_target[31]_i_24/O
                         net (fo=1, routed)           0.000    10.557    cpu_inst/dot4acc_pipeline_inst/redirect_pending_target[31]_i_24_n_0
    SLICE_X9Y6                                                        r  cpu_inst/dot4acc_pipeline_inst/redirect_pending_target_reg[31]_i_16/S[0]
    SLICE_X9Y6           CARRY4 (Prop_carry4_S[0]_CO[3])
                                                      0.532    11.089 r  cpu_inst/dot4acc_pipeline_inst/redirect_pending_target_reg[31]_i_16/CO[3]
                         net (fo=1, routed)           0.000    11.089    cpu_inst/dot4acc_pipeline_inst/redirect_pending_target_reg[31]_i_16_n_0
    SLICE_X9Y7                                                        r  cpu_inst/dot4acc_pipeline_inst/redirect_pending_target_reg[31]_i_12/CI
    SLICE_X9Y7           CARRY4 (Prop_carry4_CI_CO[3])
                                                      0.114    11.203 r  cpu_inst/dot4acc_pipeline_inst/redirect_pending_target_reg[31]_i_12/CO[3]
                         net (fo=1, routed)           0.000    11.203    cpu_inst/dot4acc_pipeline_inst/redirect_pending_target_reg[31]_i_12_n_0
    SLICE_X9Y8                                                        r  cpu_inst/dot4acc_pipeline_inst/redirect_pending_target_reg[31]_i_5/CI
    SLICE_X9Y8           CARRY4 (Prop_carry4_CI_CO[2])
                                                      0.228    11.431 f  cpu_inst/dot4acc_pipeline_inst/redirect_pending_target_reg[31]_i_5/CO[2]
                         net (fo=18, routed)          0.387    11.817    cpu_inst/dot4acc_pipeline_inst/ex_branch_taken0
    SLICE_X11Y8                                                       f  cpu_inst/dot4acc_pipeline_inst/led_OBUF[12]_inst_i_6/I3
    SLICE_X11Y8          LUT4 (Prop_lut4_I3_O)        0.313    12.130 f  cpu_inst/dot4acc_pipeline_inst/led_OBUF[12]_inst_i_6/O
                         net (fo=42, routed)          0.417    12.548    cpu_inst/dot4acc_pipeline_inst/led_OBUF[12]_inst_i_6_n_0
    SLICE_X8Y8                                                        f  cpu_inst/dot4acc_pipeline_inst/id_ex_reg[pc][31]_i_11/I0
    SLICE_X8Y8           LUT4 (Prop_lut4_I0_O)        0.124    12.672 r  cpu_inst/dot4acc_pipeline_inst/id_ex_reg[pc][31]_i_11/O
                         net (fo=1, routed)           0.162    12.834    cpu_inst/dot4acc_pipeline_inst/id_ex_reg[pc][31]_i_11_n_0
    SLICE_X8Y8                                                        r  cpu_inst/dot4acc_pipeline_inst/id_ex_reg[pc][31]_i_3/I5
    SLICE_X8Y8           LUT6 (Prop_lut6_I5_O)        0.124    12.958 f  cpu_inst/dot4acc_pipeline_inst/id_ex_reg[pc][31]_i_3/O
                         net (fo=13, routed)          0.653    13.610    cpu_inst/dot4acc_pipeline_inst/id_ex_reg[pc][31]_i_3_n_0
    SLICE_X6Y6                                                        f  cpu_inst/dot4acc_pipeline_inst/instruction_reg_i_11/I4
    SLICE_X6Y6           LUT5 (Prop_lut5_I4_O)        0.124    13.734 r  cpu_inst/dot4acc_pipeline_inst/instruction_reg_i_11/O
                         net (fo=9, routed)           0.378    14.112    cpu_inst/dot4acc_pipeline_inst/instruction_reg_i_11_n_0
    SLICE_X6Y5                                                        r  cpu_inst/dot4acc_pipeline_inst/instruction_reg_i_5/I3
    SLICE_X6Y5           LUT5 (Prop_lut5_I3_O)        0.124    14.236 r  cpu_inst/dot4acc_pipeline_inst/instruction_reg_i_5/O
                         net (fo=2, routed)           0.822    15.058    cpu_inst/instr_mem_inst/ADDRARDADDR[4]
    RAMB18_X0Y3          RAMB18E1                                     r  cpu_inst/instr_mem_inst/instruction_reg/ADDRBWRADDR[8]
  -------------------------------------------------------------------    -------------------

                         (clock sys_clk_pin rise edge)
                                                     10.000    10.000 r  <hidden>
    W5                                                0.000    10.000 r  clk
                         net (fo=0)                   0.000    10.000    clk
    W5                                                                r  clk_IBUF_inst/I
    W5                   IBUF (Prop_ibuf_I_O)         1.388    11.388 r  clk_IBUF_inst/O
                         net (fo=1, routed)           1.862    13.250    clk_IBUF
    BUFGCTRL_X0Y0                                                     r  clk_IBUF_BUFG_inst/I
    BUFGCTRL_X0Y0        BUFG (Prop_bufg_I_O)         0.091    13.341 r  clk_IBUF_BUFG_inst/O
                         net (fo=1820, routed)        1.493    14.834    cpu_inst/instr_mem_inst/clk_IBUF_BUFG
    RAMB18_X0Y3          RAMB18E1                                     r  cpu_inst/instr_mem_inst/instruction_reg/CLKBWRCLK
                         clock pessimism              0.274    15.108    <hidden>
                         clock uncertainty           -0.035    15.072    <hidden>
    RAMB18_X0Y3          RAMB18E1 (Setup_ramb18e1_CLKBWRCLK_ADDRBWRADDR[8])
                                                     -0.566    14.506    cpu_inst/instr_mem_inst/instruction_reg
  -------------------------------------------------------------------
                         required time                         14.506    <hidden>
                         arrival time                         -15.058    <hidden>
  -------------------------------------------------------------------
                         slack                                 -0.551    <hidden>

Slack (VIOLATED) :        -0.550ns  (required time - arrival time)
  Source:                 cpu_inst/data_mem_inst/mem_reg/CLKARDCLK
                            (rising edge-triggered cell RAMB18E1 clocked by sys_clk_pin  {rise@0.000ns fall@5.000ns period=10.000ns})
  Destination:            cpu_inst/id_ex_reg_reg[accumulator][21]/R
                            (rising edge-triggered cell FDRE clocked by sys_clk_pin  {rise@0.000ns fall@5.000ns period=10.000ns})
  Path Group:             sys_clk_pin
  Path Type:              Setup (Max at Slow Process Corner)
  Requirement:            10.000ns  (sys_clk_pin rise@10.000ns - sys_clk_pin rise@0.000ns)
  Data Path Delay:        9.905ns  (logic 4.633ns (46.773%)  route 5.272ns (53.226%))
  Logic Levels:           12  (CARRY4=3 LUT3=3 LUT4=2 LUT5=2 LUT6=2)
  Clock Path Skew:        -0.085ns (DCD - SCD + CPR)
    Destination Clock Delay (DCD):    4.786ns = ( 14.786 - 10.000 ) 
    Source Clock Delay      (SCD):    5.132ns
    Clock Pessimism Removal (CPR):    0.260ns
  Clock Uncertainty:      0.035ns  ((TSJ^2 + TIJ^2)^1/2 + DJ) / 2 + PE
    Total System Jitter     (TSJ):    0.071ns
    Total Input Jitter      (TIJ):    0.000ns
    Discrete Jitter          (DJ):    0.000ns
    Phase Error              (PE):    0.000ns

    Location             Delay type                Incr(ns)  Path(ns)    Netlist Resource(s)
  -------------------------------------------------------------------    -------------------
                         (clock sys_clk_pin rise edge)
                                                      0.000     0.000 r  <hidden>
    W5                                                0.000     0.000 r  clk
                         net (fo=0)                   0.000     0.000    clk
    W5                                                                r  clk_IBUF_inst/I
    W5                   IBUF (Prop_ibuf_I_O)         1.458     1.458 r  clk_IBUF_inst/O
                         net (fo=1, routed)           1.967     3.425    clk_IBUF
    BUFGCTRL_X0Y0                                                     r  clk_IBUF_BUFG_inst/I
    BUFGCTRL_X0Y0        BUFG (Prop_bufg_I_O)         0.096     3.521 r  clk_IBUF_BUFG_inst/O
                         net (fo=1820, routed)        1.611     5.132    cpu_inst/data_mem_inst/clk_IBUF_BUFG
    RAMB18_X0Y2          RAMB18E1                                     r  cpu_inst/data_mem_inst/mem_reg/CLKARDCLK
  -------------------------------------------------------------------    -------------------
    RAMB18_X0Y2          RAMB18E1 (Prop_ramb18e1_CLKARDCLK_DOADO[2])
                                                      2.454     7.586 r  cpu_inst/data_mem_inst/mem_reg/DOADO[2]
                         net (fo=5, routed)           0.622     8.208    cpu_inst/data_mem_inst/read_data[2]
    SLICE_X9Y5                                                        r  cpu_inst/data_mem_inst/deferred_load_data[2]_i_1/I0
    SLICE_X9Y5           LUT3 (Prop_lut3_I0_O)        0.124     8.332 r  cpu_inst/data_mem_inst/deferred_load_data[2]_i_1/O
                         net (fo=5, routed)           0.762     9.095    cpu_inst/data_mem_inst/data2[2]
    SLICE_X9Y3                                                        r  cpu_inst/data_mem_inst/ex_alu_result0_i_6/I4
    SLICE_X9Y3           LUT5 (Prop_lut5_I4_O)        0.124     9.219 r  cpu_inst/data_mem_inst/ex_alu_result0_i_6/O
                         net (fo=3, routed)           0.320     9.539    cpu_inst/dot4acc_pipeline_inst/A[2]
    SLICE_X9Y1                                                        r  cpu_inst/dot4acc_pipeline_inst/redirect_pending_target[31]_i_38/I2
    SLICE_X9Y1           LUT3 (Prop_lut3_I2_O)        0.124     9.663 r  cpu_inst/dot4acc_pipeline_inst/redirect_pending_target[31]_i_38/O
                         net (fo=1, routed)           0.770    10.433    cpu_inst/dot4acc_pipeline_inst/redirect_pending_target[31]_i_38_n_0
    SLICE_X9Y6                                                        r  cpu_inst/dot4acc_pipeline_inst/redirect_pending_target[31]_i_24/I1
    SLICE_X9Y6           LUT6 (Prop_lut6_I1_O)        0.124    10.557 r  cpu_inst/dot4acc_pipeline_inst/redirect_pending_target[31]_i_24/O
                         net (fo=1, routed)           0.000    10.557    cpu_inst/dot4acc_pipeline_inst/redirect_pending_target[31]_i_24_n_0
    SLICE_X9Y6                                                        r  cpu_inst/dot4acc_pipeline_inst/redirect_pending_target_reg[31]_i_16/S[0]
    SLICE_X9Y6           CARRY4 (Prop_carry4_S[0]_CO[3])
                                                      0.532    11.089 r  cpu_inst/dot4acc_pipeline_inst/redirect_pending_target_reg[31]_i_16/CO[3]
                         net (fo=1, routed)           0.000    11.089    cpu_inst/dot4acc_pipeline_inst/redirect_pending_target_reg[31]_i_16_n_0
    SLICE_X9Y7                                                        r  cpu_inst/dot4acc_pipeline_inst/redirect_pending_target_reg[31]_i_12/CI
    SLICE_X9Y7           CARRY4 (Prop_carry4_CI_CO[3])
                                                      0.114    11.203 r  cpu_inst/dot4acc_pipeline_inst/redirect_pending_target_reg[31]_i_12/CO[3]
                         net (fo=1, routed)           0.000    11.203    cpu_inst/dot4acc_pipeline_inst/redirect_pending_target_reg[31]_i_12_n_0
    SLICE_X9Y8                                                        r  cpu_inst/dot4acc_pipeline_inst/redirect_pending_target_reg[31]_i_5/CI
    SLICE_X9Y8           CARRY4 (Prop_carry4_CI_CO[2])
                                                      0.228    11.431 r  cpu_inst/dot4acc_pipeline_inst/redirect_pending_target_reg[31]_i_5/CO[2]
                         net (fo=18, routed)          0.387    11.817    cpu_inst/dot4acc_pipeline_inst/ex_branch_taken0
    SLICE_X11Y8                                                       r  cpu_inst/dot4acc_pipeline_inst/led_OBUF[12]_inst_i_6/I3
    SLICE_X11Y8          LUT4 (Prop_lut4_I3_O)        0.313    12.130 r  cpu_inst/dot4acc_pipeline_inst/led_OBUF[12]_inst_i_6/O
                         net (fo=42, routed)          0.417    12.548    cpu_inst/dot4acc_pipeline_inst/led_OBUF[12]_inst_i_6_n_0
    SLICE_X8Y8                                                        r  cpu_inst/dot4acc_pipeline_inst/id_ex_reg[pc][31]_i_11/I0
    SLICE_X8Y8           LUT4 (Prop_lut4_I0_O)        0.124    12.672 f  cpu_inst/dot4acc_pipeline_inst/id_ex_reg[pc][31]_i_11/O
                         net (fo=1, routed)           0.162    12.834    cpu_inst/dot4acc_pipeline_inst/id_ex_reg[pc][31]_i_11_n_0
    SLICE_X8Y8                                                        f  cpu_inst/dot4acc_pipeline_inst/id_ex_reg[pc][31]_i_3/I5
    SLICE_X8Y8           LUT6 (Prop_lut6_I5_O)        0.124    12.958 r  cpu_inst/dot4acc_pipeline_inst/id_ex_reg[pc][31]_i_3/O
                         net (fo=13, routed)          0.646    13.603    cpu_inst/dot4acc_pipeline_inst/id_ex_reg[pc][31]_i_3_n_0
    SLICE_X8Y10                                                       r  cpu_inst/dot4acc_pipeline_inst/id_ex_reg[operand_b][31]_i_4/I2
    SLICE_X8Y10          LUT5 (Prop_lut5_I2_O)        0.124    13.727 r  cpu_inst/dot4acc_pipeline_inst/id_ex_reg[operand_b][31]_i_4/O
                         net (fo=3, routed)           0.514    14.241    cpu_inst/dot4acc_pipeline_inst/id_ex_reg[operand_b][31]_i_4_n_0
    SLICE_X10Y14                                                      r  cpu_inst/dot4acc_pipeline_inst/id_ex_reg[accumulator][31]_i_1/I1
    SLICE_X10Y14         LUT3 (Prop_lut3_I1_O)        0.124    14.365 r  cpu_inst/dot4acc_pipeline_inst/id_ex_reg[accumulator][31]_i_1/O
                         net (fo=32, routed)          0.672    15.037    cpu_inst/dot4acc_pipeline_inst_n_3
    SLICE_X10Y15         FDRE                                         r  cpu_inst/id_ex_reg_reg[accumulator][21]/R
  -------------------------------------------------------------------    -------------------

                         (clock sys_clk_pin rise edge)
                                                     10.000    10.000 r  <hidden>
    W5                                                0.000    10.000 r  clk
                         net (fo=0)                   0.000    10.000    clk
    W5                                                                r  clk_IBUF_inst/I
    W5                   IBUF (Prop_ibuf_I_O)         1.388    11.388 r  clk_IBUF_inst/O
                         net (fo=1, routed)           1.862    13.250    clk_IBUF
    BUFGCTRL_X0Y0                                                     r  clk_IBUF_BUFG_inst/I
    BUFGCTRL_X0Y0        BUFG (Prop_bufg_I_O)         0.091    13.341 r  clk_IBUF_BUFG_inst/O
                         net (fo=1820, routed)        1.445    14.786    cpu_inst/clk_IBUF_BUFG
    SLICE_X10Y15         FDRE                                         r  cpu_inst/id_ex_reg_reg[accumulator][21]/C
                         clock pessimism              0.260    15.046    <hidden>
                         clock uncertainty           -0.035    15.011    <hidden>
    SLICE_X10Y15         FDRE (Setup_fdre_C_R)       -0.524    14.487    cpu_inst/id_ex_reg_reg[accumulator][21]
  -------------------------------------------------------------------
                         required time                         14.487    <hidden>
                         arrival time                         -15.037    <hidden>
  -------------------------------------------------------------------
                         slack                                 -0.550    <hidden>




