Copyright 1986-2022 Xilinx, Inc. All Rights Reserved. Copyright 2022-2026 Advanced Micro Devices, Inc. All Rights Reserved.
------------------------------------------------------------------------------------------------------------------------------------------------------------------------------------------------------------------------
| Tool Version : Vivado v.2026.1 (win64) Build 6511674 Tue Jun 16 11:02:23 MDT 2026
| Date         : Sat Aug  8 12:54:01 2026
| Host         : DESKTOP-4GB7DVJ running 64-bit major release  (build 9200)
| Command      : report_timing -delay_type max -path_type full_clock_expanded -input_pins -max_paths 25 -nworst 1 -file C:/FPGA/systemverilog-fpga-cpu/reports/dot4acc_stage_g/details/g1_100mhz/top_25_setup_paths.rpt
| Design       : fpga_top_pipeline_dot4acc_timingopt
| Device       : 7a35t-cpg236
| Speed File   : -1  PRODUCTION 1.23 2018-06-13
| Design State : Routed
------------------------------------------------------------------------------------------------------------------------------------------------------------------------------------------------------------------------

Timing Report

Slack (VIOLATED) :        -0.004ns  (required time - arrival time)
  Source:                 cpu_inst/data_mem_inst/mem_reg/CLKARDCLK
                            (rising edge-triggered cell RAMB18E1 clocked by sys_clk_pin  {rise@0.000ns fall@5.000ns period=10.000ns})
  Destination:            cpu_inst/ex_mem_reg_reg[alu_result][9]/D
                            (rising edge-triggered cell FDRE clocked by sys_clk_pin  {rise@0.000ns fall@5.000ns period=10.000ns})
  Path Group:             sys_clk_pin
  Path Type:              Setup (Max at Slow Process Corner)
  Requirement:            10.000ns  (sys_clk_pin rise@10.000ns - sys_clk_pin rise@0.000ns)
  Data Path Delay:        9.915ns  (logic 6.667ns (67.240%)  route 3.248ns (32.760%))
  Logic Levels:           4  (DSP48E1=1 LUT5=2 LUT6=1)
  Clock Path Skew:        -0.084ns (DCD - SCD + CPR)
    Destination Clock Delay (DCD):    4.787ns = ( 14.787 - 10.000 ) 
    Source Clock Delay      (SCD):    5.132ns
    Clock Pessimism Removal (CPR):    0.260ns
  Clock Uncertainty:      0.035ns  ((TSJ^2 + TIJ^2)^1/2 + DJ) / 2 + PE
    Total System Jitter     (TSJ):    0.071ns
    Total Input Jitter      (TIJ):    0.000ns
    Discrete Jitter          (DJ):    0.000ns
    Phase Error              (PE):    0.000ns

    Location             Delay type                Incr(ns)  Path(ns)    Netlist Resource(s)
  -------------------------------------------------------------------    -------------------
                         (clock sys_clk_pin rise edge)
                                                      0.000     0.000 r  <hidden>
    W5                                                0.000     0.000 r  clk
                         net (fo=0)                   0.000     0.000    clk
    W5                                                                r  clk_IBUF_inst/I
    W5                   IBUF (Prop_ibuf_I_O)         1.458     1.458 r  clk_IBUF_inst/O
                         net (fo=1, routed)           1.967     3.425    clk_IBUF
    BUFGCTRL_X0Y0                                                     r  clk_IBUF_BUFG_inst/I
    BUFGCTRL_X0Y0        BUFG (Prop_bufg_I_O)         0.096     3.521 r  clk_IBUF_BUFG_inst/O
                         net (fo=1714, routed)        1.611     5.132    cpu_inst/data_mem_inst/clk_IBUF_BUFG
    RAMB18_X0Y2          RAMB18E1                                     r  cpu_inst/data_mem_inst/mem_reg/CLKARDCLK
  -------------------------------------------------------------------    -------------------
    RAMB18_X0Y2          RAMB18E1 (Prop_ramb18e1_CLKARDCLK_DOADO[7])
                                                      2.454     7.586 r  cpu_inst/data_mem_inst/mem_reg/DOADO[7]
                         net (fo=4, routed)           0.950     8.536    cpu_inst/data_mem_inst/read_data[7]
    SLICE_X11Y7                                                       r  cpu_inst/data_mem_inst/product0_reg_reg_i_27/I2
    SLICE_X11Y7          LUT5 (Prop_lut5_I2_O)        0.124     8.660 r  cpu_inst/data_mem_inst/product0_reg_reg_i_27/O
                         net (fo=1, routed)           0.403     9.063    cpu_inst/dot4acc_pipeline_inst/product0_reg_reg_3
    SLICE_X11Y7                                                       r  cpu_inst/dot4acc_pipeline_inst/product0_reg_reg_i_9/I2
    SLICE_X11Y7          LUT5 (Prop_lut5_I2_O)        0.124     9.187 r  cpu_inst/dot4acc_pipeline_inst/product0_reg_reg_i_9/O
                         net (fo=53, routed)          0.917    10.103    cpu_inst/ex_operand_a[7]
    DSP48_X0Y4                                                        r  cpu_inst/ex_alu_result0/A[28]
    DSP48_X0Y4           DSP48E1 (Prop_dsp48e1_A[28]_P[9])
                                                      3.841    13.944 r  cpu_inst/ex_alu_result0/P[9]
                         net (fo=1, routed)           0.979    14.923    cpu_inst/data_mem_inst/P[1]
    SLICE_X15Y12                                                      r  cpu_inst/data_mem_inst/ex_mem_reg[alu_result][9]_i_1/I4
    SLICE_X15Y12         LUT6 (Prop_lut6_I4_O)        0.124    15.047 r  cpu_inst/data_mem_inst/ex_mem_reg[alu_result][9]_i_1/O
                         net (fo=1, routed)           0.000    15.047    cpu_inst/ex_alu_result[9]
    SLICE_X15Y12         FDRE                                         r  cpu_inst/ex_mem_reg_reg[alu_result][9]/D
  -------------------------------------------------------------------    -------------------

                         (clock sys_clk_pin rise edge)
                                                     10.000    10.000 r  <hidden>
    W5                                                0.000    10.000 r  clk
                         net (fo=0)                   0.000    10.000    clk
    W5                                                                r  clk_IBUF_inst/I
    W5                   IBUF (Prop_ibuf_I_O)         1.388    11.388 r  clk_IBUF_inst/O
                         net (fo=1, routed)           1.862    13.250    clk_IBUF
    BUFGCTRL_X0Y0                                                     r  clk_IBUF_BUFG_inst/I
    BUFGCTRL_X0Y0        BUFG (Prop_bufg_I_O)         0.091    13.341 r  clk_IBUF_BUFG_inst/O
                         net (fo=1714, routed)        1.446    14.787    cpu_inst/clk_IBUF_BUFG
    SLICE_X15Y12         FDRE                                         r  cpu_inst/ex_mem_reg_reg[alu_result][9]/C
                         clock pessimism              0.260    15.047    <hidden>
                         clock uncertainty           -0.035    15.012    <hidden>
    SLICE_X15Y12         FDRE (Setup_fdre_C_D)        0.031    15.043    cpu_inst/ex_mem_reg_reg[alu_result][9]
  -------------------------------------------------------------------
                         required time                         15.043    <hidden>
                         arrival time                         -15.047    <hidden>
  -------------------------------------------------------------------
                         slack                                 -0.004    <hidden>

Slack (MET) :             0.050ns  (required time - arrival time)
  Source:                 cpu_inst/ex_mem_reg_reg[rd][2]/C
                            (rising edge-triggered cell FDRE clocked by sys_clk_pin  {rise@0.000ns fall@5.000ns period=10.000ns})
  Destination:            cpu_inst/dot_chain_rd_reg_reg[0]/R
                            (rising edge-triggered cell FDRE clocked by sys_clk_pin  {rise@0.000ns fall@5.000ns period=10.000ns})
  Path Group:             sys_clk_pin
  Path Type:              Setup (Max at Slow Process Corner)
  Requirement:            10.000ns  (sys_clk_pin rise@10.000ns - sys_clk_pin rise@0.000ns)
  Data Path Delay:        9.275ns  (logic 2.573ns (27.740%)  route 6.702ns (72.259%))
  Logic Levels:           11  (CARRY4=3 LUT4=2 LUT5=2 LUT6=4)
  Clock Path Skew:        -0.115ns (DCD - SCD + CPR)
    Destination Clock Delay (DCD):    4.783ns = ( 14.783 - 10.000 ) 
    Source Clock Delay      (SCD):    5.158ns
    Clock Pessimism Removal (CPR):    0.260ns
  Clock Uncertainty:      0.035ns  ((TSJ^2 + TIJ^2)^1/2 + DJ) / 2 + PE
    Total System Jitter     (TSJ):    0.071ns
    Total Input Jitter      (TIJ):    0.000ns
    Discrete Jitter          (DJ):    0.000ns
    Phase Error              (PE):    0.000ns

    Location             Delay type                Incr(ns)  Path(ns)    Netlist Resource(s)
  -------------------------------------------------------------------    -------------------
                         (clock sys_clk_pin rise edge)
                                                      0.000     0.000 r  <hidden>
    W5                                                0.000     0.000 r  clk
                         net (fo=0)                   0.000     0.000    clk
    W5                                                                r  clk_IBUF_inst/I
    W5                   IBUF (Prop_ibuf_I_O)         1.458     1.458 r  clk_IBUF_inst/O
                         net (fo=1, routed)           1.967     3.425    clk_IBUF
    BUFGCTRL_X0Y0                                                     r  clk_IBUF_BUFG_inst/I
    BUFGCTRL_X0Y0        BUFG (Prop_bufg_I_O)         0.096     3.521 r  clk_IBUF_BUFG_inst/O
                         net (fo=1714, routed)        1.637     5.158    cpu_inst/clk_IBUF_BUFG
    SLICE_X2Y7           FDRE                                         r  cpu_inst/ex_mem_reg_reg[rd][2]/C
  -------------------------------------------------------------------    -------------------
    SLICE_X2Y7           FDRE (Prop_fdre_C_Q)         0.518     5.676 r  cpu_inst/ex_mem_reg_reg[rd][2]/Q
                         net (fo=6, routed)           0.915     6.591    cpu_inst/dot4acc_pipeline_inst/pair1_reg_reg_15[2]
    SLICE_X2Y7                                                        r  cpu_inst/dot4acc_pipeline_inst/product2_reg_reg_i_57/I0
    SLICE_X2Y7           LUT5 (Prop_lut5_I0_O)        0.124     6.715 f  cpu_inst/dot4acc_pipeline_inst/product2_reg_reg_i_57/O
                         net (fo=2, routed)           0.507     7.222    cpu_inst/dot4acc_pipeline_inst/product2_reg_reg_i_57_n_0
    SLICE_X3Y7                                                        f  cpu_inst/dot4acc_pipeline_inst/product2_reg_reg_i_66/I0
    SLICE_X3Y7           LUT4 (Prop_lut4_I0_O)        0.124     7.346 f  cpu_inst/dot4acc_pipeline_inst/product2_reg_reg_i_66/O
                         net (fo=3, routed)           0.748     8.095    cpu_inst/dot4acc_pipeline_inst/ex_mem_reg_reg[valid]_0
    SLICE_X8Y7                                                        f  cpu_inst/dot4acc_pipeline_inst/product2_reg_reg_i_36/I0
    SLICE_X8Y7           LUT6 (Prop_lut6_I0_O)        0.124     8.219 r  cpu_inst/dot4acc_pipeline_inst/product2_reg_reg_i_36/O
                         net (fo=41, routed)          0.984     9.202    cpu_inst/data_mem_inst/product0_reg_reg
    SLICE_X7Y5                                                        r  cpu_inst/data_mem_inst/ex_mem_reg[alu_result][0]_i_5/I0
    SLICE_X7Y5           LUT5 (Prop_lut5_I0_O)        0.124     9.326 r  cpu_inst/data_mem_inst/ex_mem_reg[alu_result][0]_i_5/O
                         net (fo=4, routed)           1.108    10.435    cpu_inst/dot4acc_pipeline_inst/ex_mem_reg_reg[alu_result][0]_1
    SLICE_X7Y8                                                        r  cpu_inst/dot4acc_pipeline_inst/led_OBUF[12]_inst_i_18/I0
    SLICE_X7Y8           LUT6 (Prop_lut6_I0_O)        0.124    10.559 r  cpu_inst/dot4acc_pipeline_inst/led_OBUF[12]_inst_i_18/O
                         net (fo=1, routed)           0.000    10.559    cpu_inst/dot4acc_pipeline_inst/led_OBUF[12]_inst_i_18_n_0
    SLICE_X7Y8                                                        r  cpu_inst/dot4acc_pipeline_inst/led_OBUF[12]_inst_i_10/S[0]
    SLICE_X7Y8           CARRY4 (Prop_carry4_S[0]_CO[3])
                                                      0.532    11.091 r  cpu_inst/dot4acc_pipeline_inst/led_OBUF[12]_inst_i_10/CO[3]
                         net (fo=1, routed)           0.000    11.091    cpu_inst/dot4acc_pipeline_inst/led_OBUF[12]_inst_i_10_n_0
    SLICE_X7Y9                                                        r  cpu_inst/dot4acc_pipeline_inst/led_OBUF[12]_inst_i_6/CI
    SLICE_X7Y9           CARRY4 (Prop_carry4_CI_CO[3])
                                                      0.114    11.205 r  cpu_inst/dot4acc_pipeline_inst/led_OBUF[12]_inst_i_6/CO[3]
                         net (fo=1, routed)           0.000    11.205    cpu_inst/dot4acc_pipeline_inst/led_OBUF[12]_inst_i_6_n_0
    SLICE_X7Y10                                                       r  cpu_inst/dot4acc_pipeline_inst/led_OBUF[12]_inst_i_3/CI
    SLICE_X7Y10          CARRY4 (Prop_carry4_CI_CO[2])
                                                      0.228    11.433 f  cpu_inst/dot4acc_pipeline_inst/led_OBUF[12]_inst_i_3/CO[2]
                         net (fo=17, routed)          0.629    12.062    cpu_inst/dot4acc_pipeline_inst/ex_branch_taken073_in
    SLICE_X7Y12                                                       f  cpu_inst/dot4acc_pipeline_inst/product2_reg_reg_i_19/I2
    SLICE_X7Y12          LUT4 (Prop_lut4_I2_O)        0.313    12.375 f  cpu_inst/dot4acc_pipeline_inst/product2_reg_reg_i_19/O
                         net (fo=40, routed)          0.733    13.109    cpu_inst/dot4acc_pipeline_inst/product2_reg_reg_i_19_n_0
    SLICE_X9Y17                                                       f  cpu_inst/dot4acc_pipeline_inst/product2_reg_reg_i_1/I1
    SLICE_X9Y17          LUT6 (Prop_lut6_I1_O)        0.124    13.233 r  cpu_inst/dot4acc_pipeline_inst/product2_reg_reg_i_1/O
                         net (fo=56, routed)          0.414    13.647    cpu_inst/dot4acc_pipeline_inst/redirect_pending_valid_reg
    SLICE_X9Y18                                                       r  cpu_inst/dot4acc_pipeline_inst/dot_chain_rd_reg[4]_i_1/I2
    SLICE_X9Y18          LUT6 (Prop_lut6_I2_O)        0.124    13.771 r  cpu_inst/dot4acc_pipeline_inst/dot_chain_rd_reg[4]_i_1/O
                         net (fo=6, routed)           0.663    14.434    cpu_inst/dot4acc_pipeline_inst_n_82
    SLICE_X12Y17         FDRE                                         r  cpu_inst/dot_chain_rd_reg_reg[0]/R
  -------------------------------------------------------------------    -------------------

                         (clock sys_clk_pin rise edge)
                                                     10.000    10.000 r  <hidden>
    W5                                                0.000    10.000 r  clk
                         net (fo=0)                   0.000    10.000    clk
    W5                                                                r  clk_IBUF_inst/I
    W5                   IBUF (Prop_ibuf_I_O)         1.388    11.388 r  clk_IBUF_inst/O
                         net (fo=1, routed)           1.862    13.250    clk_IBUF
    BUFGCTRL_X0Y0                                                     r  clk_IBUF_BUFG_inst/I
    BUFGCTRL_X0Y0        BUFG (Prop_bufg_I_O)         0.091    13.341 r  clk_IBUF_BUFG_inst/O
                         net (fo=1714, routed)        1.442    14.783    cpu_inst/clk_IBUF_BUFG
    SLICE_X12Y17         FDRE                                         r  cpu_inst/dot_chain_rd_reg_reg[0]/C
                         clock pessimism              0.260    15.043    <hidden>
                         clock uncertainty           -0.035    15.008    <hidden>
    SLICE_X12Y17         FDRE (Setup_fdre_C_R)       -0.524    14.484    cpu_inst/dot_chain_rd_reg_reg[0]
  -------------------------------------------------------------------
                         required time                         14.484    <hidden>
                         arrival time                         -14.434    <hidden>
  -------------------------------------------------------------------
                         slack                                  0.050    <hidden>

Slack (MET) :             0.050ns  (required time - arrival time)
  Source:                 cpu_inst/ex_mem_reg_reg[rd][2]/C
                            (rising edge-triggered cell FDRE clocked by sys_clk_pin  {rise@0.000ns fall@5.000ns period=10.000ns})
  Destination:            cpu_inst/dot_chain_rd_reg_reg[2]/R
                            (rising edge-triggered cell FDRE clocked by sys_clk_pin  {rise@0.000ns fall@5.000ns period=10.000ns})
  Path Group:             sys_clk_pin
  Path Type:              Setup (Max at Slow Process Corner)
  Requirement:            10.000ns  (sys_clk_pin rise@10.000ns - sys_clk_pin rise@0.000ns)
  Data Path Delay:        9.275ns  (logic 2.573ns (27.740%)  route 6.702ns (72.259%))
  Logic Levels:           11  (CARRY4=3 LUT4=2 LUT5=2 LUT6=4)
  Clock Path Skew:        -0.115ns (DCD - SCD + CPR)
    Destination Clock Delay (DCD):    4.783ns = ( 14.783 - 10.000 ) 
    Source Clock Delay      (SCD):    5.158ns
    Clock Pessimism Removal (CPR):    0.260ns
  Clock Uncertainty:      0.035ns  ((TSJ^2 + TIJ^2)^1/2 + DJ) / 2 + PE
    Total System Jitter     (TSJ):    0.071ns
    Total Input Jitter      (TIJ):    0.000ns
    Discrete Jitter          (DJ):    0.000ns
    Phase Error              (PE):    0.000ns

    Location             Delay type                Incr(ns)  Path(ns)    Netlist Resource(s)
  -------------------------------------------------------------------    -------------------
                         (clock sys_clk_pin rise edge)
                                                      0.000     0.000 r  <hidden>
    W5                                                0.000     0.000 r  clk
                         net (fo=0)                   0.000     0.000    clk
    W5                                                                r  clk_IBUF_inst/I
    W5                   IBUF (Prop_ibuf_I_O)         1.458     1.458 r  clk_IBUF_inst/O
                         net (fo=1, routed)           1.967     3.425    clk_IBUF
    BUFGCTRL_X0Y0                                                     r  clk_IBUF_BUFG_inst/I
    BUFGCTRL_X0Y0        BUFG (Prop_bufg_I_O)         0.096     3.521 r  clk_IBUF_BUFG_inst/O
                         net (fo=1714, routed)        1.637     5.158    cpu_inst/clk_IBUF_BUFG
    SLICE_X2Y7           FDRE                                         r  cpu_inst/ex_mem_reg_reg[rd][2]/C
  -------------------------------------------------------------------    -------------------
    SLICE_X2Y7           FDRE (Prop_fdre_C_Q)         0.518     5.676 r  cpu_inst/ex_mem_reg_reg[rd][2]/Q
                         net (fo=6, routed)           0.915     6.591    cpu_inst/dot4acc_pipeline_inst/pair1_reg_reg_15[2]
    SLICE_X2Y7                                                        r  cpu_inst/dot4acc_pipeline_inst/product2_reg_reg_i_57/I0
    SLICE_X2Y7           LUT5 (Prop_lut5_I0_O)        0.124     6.715 f  cpu_inst/dot4acc_pipeline_inst/product2_reg_reg_i_57/O
                         net (fo=2, routed)           0.507     7.222    cpu_inst/dot4acc_pipeline_inst/product2_reg_reg_i_57_n_0
    SLICE_X3Y7                                                        f  cpu_inst/dot4acc_pipeline_inst/product2_reg_reg_i_66/I0
    SLICE_X3Y7           LUT4 (Prop_lut4_I0_O)        0.124     7.346 f  cpu_inst/dot4acc_pipeline_inst/product2_reg_reg_i_66/O
                         net (fo=3, routed)           0.748     8.095    cpu_inst/dot4acc_pipeline_inst/ex_mem_reg_reg[valid]_0
    SLICE_X8Y7                                                        f  cpu_inst/dot4acc_pipeline_inst/product2_reg_reg_i_36/I0
    SLICE_X8Y7           LUT6 (Prop_lut6_I0_O)        0.124     8.219 r  cpu_inst/dot4acc_pipeline_inst/product2_reg_reg_i_36/O
                         net (fo=41, routed)          0.984     9.202    cpu_inst/data_mem_inst/product0_reg_reg
    SLICE_X7Y5                                                        r  cpu_inst/data_mem_inst/ex_mem_reg[alu_result][0]_i_5/I0
    SLICE_X7Y5           LUT5 (Prop_lut5_I0_O)        0.124     9.326 r  cpu_inst/data_mem_inst/ex_mem_reg[alu_result][0]_i_5/O
                         net (fo=4, routed)           1.108    10.435    cpu_inst/dot4acc_pipeline_inst/ex_mem_reg_reg[alu_result][0]_1
    SLICE_X7Y8                                                        r  cpu_inst/dot4acc_pipeline_inst/led_OBUF[12]_inst_i_18/I0
    SLICE_X7Y8           LUT6 (Prop_lut6_I0_O)        0.124    10.559 r  cpu_inst/dot4acc_pipeline_inst/led_OBUF[12]_inst_i_18/O
                         net (fo=1, routed)           0.000    10.559    cpu_inst/dot4acc_pipeline_inst/led_OBUF[12]_inst_i_18_n_0
    SLICE_X7Y8                                                        r  cpu_inst/dot4acc_pipeline_inst/led_OBUF[12]_inst_i_10/S[0]
    SLICE_X7Y8           CARRY4 (Prop_carry4_S[0]_CO[3])
                                                      0.532    11.091 r  cpu_inst/dot4acc_pipeline_inst/led_OBUF[12]_inst_i_10/CO[3]
                         net (fo=1, routed)           0.000    11.091    cpu_inst/dot4acc_pipeline_inst/led_OBUF[12]_inst_i_10_n_0
    SLICE_X7Y9                                                        r  cpu_inst/dot4acc_pipeline_inst/led_OBUF[12]_inst_i_6/CI
    SLICE_X7Y9           CARRY4 (Prop_carry4_CI_CO[3])
                                                      0.114    11.205 r  cpu_inst/dot4acc_pipeline_inst/led_OBUF[12]_inst_i_6/CO[3]
                         net (fo=1, routed)           0.000    11.205    cpu_inst/dot4acc_pipeline_inst/led_OBUF[12]_inst_i_6_n_0
    SLICE_X7Y10                                                       r  cpu_inst/dot4acc_pipeline_inst/led_OBUF[12]_inst_i_3/CI
    SLICE_X7Y10          CARRY4 (Prop_carry4_CI_CO[2])
                                                      0.228    11.433 f  cpu_inst/dot4acc_pipeline_inst/led_OBUF[12]_inst_i_3/CO[2]
                         net (fo=17, routed)          0.629    12.062    cpu_inst/dot4acc_pipeline_inst/ex_branch_taken073_in
    SLICE_X7Y12                                                       f  cpu_inst/dot4acc_pipeline_inst/product2_reg_reg_i_19/I2
    SLICE_X7Y12          LUT4 (Prop_lut4_I2_O)        0.313    12.375 f  cpu_inst/dot4acc_pipeline_inst/product2_reg_reg_i_19/O
                         net (fo=40, routed)          0.733    13.109    cpu_inst/dot4acc_pipeline_inst/product2_reg_reg_i_19_n_0
    SLICE_X9Y17                                                       f  cpu_inst/dot4acc_pipeline_inst/product2_reg_reg_i_1/I1
    SLICE_X9Y17          LUT6 (Prop_lut6_I1_O)        0.124    13.233 r  cpu_inst/dot4acc_pipeline_inst/product2_reg_reg_i_1/O
                         net (fo=56, routed)          0.414    13.647    cpu_inst/dot4acc_pipeline_inst/redirect_pending_valid_reg
    SLICE_X9Y18                                                       r  cpu_inst/dot4acc_pipeline_inst/dot_chain_rd_reg[4]_i_1/I2
    SLICE_X9Y18          LUT6 (Prop_lut6_I2_O)        0.124    13.771 r  cpu_inst/dot4acc_pipeline_inst/dot_chain_rd_reg[4]_i_1/O
                         net (fo=6, routed)           0.663    14.434    cpu_inst/dot4acc_pipeline_inst_n_82
    SLICE_X12Y17         FDRE                                         r  cpu_inst/dot_chain_rd_reg_reg[2]/R
  -------------------------------------------------------------------    -------------------

                         (clock sys_clk_pin rise edge)
                                                     10.000    10.000 r  <hidden>
    W5                                                0.000    10.000 r  clk
                         net (fo=0)                   0.000    10.000    clk
    W5                                                                r  clk_IBUF_inst/I
    W5                   IBUF (Prop_ibuf_I_O)         1.388    11.388 r  clk_IBUF_inst/O
                         net (fo=1, routed)           1.862    13.250    clk_IBUF
    BUFGCTRL_X0Y0                                                     r  clk_IBUF_BUFG_inst/I
    BUFGCTRL_X0Y0        BUFG (Prop_bufg_I_O)         0.091    13.341 r  clk_IBUF_BUFG_inst/O
                         net (fo=1714, routed)        1.442    14.783    cpu_inst/clk_IBUF_BUFG
    SLICE_X12Y17         FDRE                                         r  cpu_inst/dot_chain_rd_reg_reg[2]/C
                         clock pessimism              0.260    15.043    <hidden>
                         clock uncertainty           -0.035    15.008    <hidden>
    SLICE_X12Y17         FDRE (Setup_fdre_C_R)       -0.524    14.484    cpu_inst/dot_chain_rd_reg_reg[2]
  -------------------------------------------------------------------
                         required time                         14.484    <hidden>
                         arrival time                         -14.434    <hidden>
  -------------------------------------------------------------------
                         slack                                  0.050    <hidden>

Slack (MET) :             0.050ns  (required time - arrival time)
  Source:                 cpu_inst/ex_mem_reg_reg[rd][2]/C
                            (rising edge-triggered cell FDRE clocked by sys_clk_pin  {rise@0.000ns fall@5.000ns period=10.000ns})
  Destination:            cpu_inst/dot_chain_rd_reg_reg[4]/R
                            (rising edge-triggered cell FDRE clocked by sys_clk_pin  {rise@0.000ns fall@5.000ns period=10.000ns})
  Path Group:             sys_clk_pin
  Path Type:              Setup (Max at Slow Process Corner)
  Requirement:            10.000ns  (sys_clk_pin rise@10.000ns - sys_clk_pin rise@0.000ns)
  Data Path Delay:        9.275ns  (logic 2.573ns (27.740%)  route 6.702ns (72.259%))
  Logic Levels:           11  (CARRY4=3 LUT4=2 LUT5=2 LUT6=4)
  Clock Path Skew:        -0.115ns (DCD - SCD + CPR)
    Destination Clock Delay (DCD):    4.783ns = ( 14.783 - 10.000 ) 
    Source Clock Delay      (SCD):    5.158ns
    Clock Pessimism Removal (CPR):    0.260ns
  Clock Uncertainty:      0.035ns  ((TSJ^2 + TIJ^2)^1/2 + DJ) / 2 + PE
    Total System Jitter     (TSJ):    0.071ns
    Total Input Jitter      (TIJ):    0.000ns
    Discrete Jitter          (DJ):    0.000ns
    Phase Error              (PE):    0.000ns

    Location             Delay type                Incr(ns)  Path(ns)    Netlist Resource(s)
  -------------------------------------------------------------------    -------------------
                         (clock sys_clk_pin rise edge)
                                                      0.000     0.000 r  <hidden>
    W5                                                0.000     0.000 r  clk
                         net (fo=0)                   0.000     0.000    clk
    W5                                                                r  clk_IBUF_inst/I
    W5                   IBUF (Prop_ibuf_I_O)         1.458     1.458 r  clk_IBUF_inst/O
                         net (fo=1, routed)           1.967     3.425    clk_IBUF
    BUFGCTRL_X0Y0                                                     r  clk_IBUF_BUFG_inst/I
    BUFGCTRL_X0Y0        BUFG (Prop_bufg_I_O)         0.096     3.521 r  clk_IBUF_BUFG_inst/O
                         net (fo=1714, routed)        1.637     5.158    cpu_inst/clk_IBUF_BUFG
    SLICE_X2Y7           FDRE                                         r  cpu_inst/ex_mem_reg_reg[rd][2]/C
  -------------------------------------------------------------------    -------------------
    SLICE_X2Y7           FDRE (Prop_fdre_C_Q)         0.518     5.676 r  cpu_inst/ex_mem_reg_reg[rd][2]/Q
                         net (fo=6, routed)           0.915     6.591    cpu_inst/dot4acc_pipeline_inst/pair1_reg_reg_15[2]
    SLICE_X2Y7                                                        r  cpu_inst/dot4acc_pipeline_inst/product2_reg_reg_i_57/I0
    SLICE_X2Y7           LUT5 (Prop_lut5_I0_O)        0.124     6.715 f  cpu_inst/dot4acc_pipeline_inst/product2_reg_reg_i_57/O
                         net (fo=2, routed)           0.507     7.222    cpu_inst/dot4acc_pipeline_inst/product2_reg_reg_i_57_n_0
    SLICE_X3Y7                                                        f  cpu_inst/dot4acc_pipeline_inst/product2_reg_reg_i_66/I0
    SLICE_X3Y7           LUT4 (Prop_lut4_I0_O)        0.124     7.346 f  cpu_inst/dot4acc_pipeline_inst/product2_reg_reg_i_66/O
                         net (fo=3, routed)           0.748     8.095    cpu_inst/dot4acc_pipeline_inst/ex_mem_reg_reg[valid]_0
    SLICE_X8Y7                                                        f  cpu_inst/dot4acc_pipeline_inst/product2_reg_reg_i_36/I0
    SLICE_X8Y7           LUT6 (Prop_lut6_I0_O)        0.124     8.219 r  cpu_inst/dot4acc_pipeline_inst/product2_reg_reg_i_36/O
                         net (fo=41, routed)          0.984     9.202    cpu_inst/data_mem_inst/product0_reg_reg
    SLICE_X7Y5                                                        r  cpu_inst/data_mem_inst/ex_mem_reg[alu_result][0]_i_5/I0
    SLICE_X7Y5           LUT5 (Prop_lut5_I0_O)        0.124     9.326 r  cpu_inst/data_mem_inst/ex_mem_reg[alu_result][0]_i_5/O
                         net (fo=4, routed)           1.108    10.435    cpu_inst/dot4acc_pipeline_inst/ex_mem_reg_reg[alu_result][0]_1
    SLICE_X7Y8                                                        r  cpu_inst/dot4acc_pipeline_inst/led_OBUF[12]_inst_i_18/I0
    SLICE_X7Y8           LUT6 (Prop_lut6_I0_O)        0.124    10.559 r  cpu_inst/dot4acc_pipeline_inst/led_OBUF[12]_inst_i_18/O
                         net (fo=1, routed)           0.000    10.559    cpu_inst/dot4acc_pipeline_inst/led_OBUF[12]_inst_i_18_n_0
    SLICE_X7Y8                                                        r  cpu_inst/dot4acc_pipeline_inst/led_OBUF[12]_inst_i_10/S[0]
    SLICE_X7Y8           CARRY4 (Prop_carry4_S[0]_CO[3])
                                                      0.532    11.091 r  cpu_inst/dot4acc_pipeline_inst/led_OBUF[12]_inst_i_10/CO[3]
                         net (fo=1, routed)           0.000    11.091    cpu_inst/dot4acc_pipeline_inst/led_OBUF[12]_inst_i_10_n_0
    SLICE_X7Y9                                                        r  cpu_inst/dot4acc_pipeline_inst/led_OBUF[12]_inst_i_6/CI
    SLICE_X7Y9           CARRY4 (Prop_carry4_CI_CO[3])
                                                      0.114    11.205 r  cpu_inst/dot4acc_pipeline_inst/led_OBUF[12]_inst_i_6/CO[3]
                         net (fo=1, routed)           0.000    11.205    cpu_inst/dot4acc_pipeline_inst/led_OBUF[12]_inst_i_6_n_0
    SLICE_X7Y10                                                       r  cpu_inst/dot4acc_pipeline_inst/led_OBUF[12]_inst_i_3/CI
    SLICE_X7Y10          CARRY4 (Prop_carry4_CI_CO[2])
                                                      0.228    11.433 f  cpu_inst/dot4acc_pipeline_inst/led_OBUF[12]_inst_i_3/CO[2]
                         net (fo=17, routed)          0.629    12.062    cpu_inst/dot4acc_pipeline_inst/ex_branch_taken073_in
    SLICE_X7Y12                                                       f  cpu_inst/dot4acc_pipeline_inst/product2_reg_reg_i_19/I2
    SLICE_X7Y12          LUT4 (Prop_lut4_I2_O)        0.313    12.375 f  cpu_inst/dot4acc_pipeline_inst/product2_reg_reg_i_19/O
                         net (fo=40, routed)          0.733    13.109    cpu_inst/dot4acc_pipeline_inst/product2_reg_reg_i_19_n_0
    SLICE_X9Y17                                                       f  cpu_inst/dot4acc_pipeline_inst/product2_reg_reg_i_1/I1
    SLICE_X9Y17          LUT6 (Prop_lut6_I1_O)        0.124    13.233 r  cpu_inst/dot4acc_pipeline_inst/product2_reg_reg_i_1/O
                         net (fo=56, routed)          0.414    13.647    cpu_inst/dot4acc_pipeline_inst/redirect_pending_valid_reg
    SLICE_X9Y18                                                       r  cpu_inst/dot4acc_pipeline_inst/dot_chain_rd_reg[4]_i_1/I2
    SLICE_X9Y18          LUT6 (Prop_lut6_I2_O)        0.124    13.771 r  cpu_inst/dot4acc_pipeline_inst/dot_chain_rd_reg[4]_i_1/O
                         net (fo=6, routed)           0.663    14.434    cpu_inst/dot4acc_pipeline_inst_n_82
    SLICE_X12Y17         FDRE                                         r  cpu_inst/dot_chain_rd_reg_reg[4]/R
  -------------------------------------------------------------------    -------------------

                         (clock sys_clk_pin rise edge)
                                                     10.000    10.000 r  <hidden>
    W5                                                0.000    10.000 r  clk
                         net (fo=0)                   0.000    10.000    clk
    W5                                                                r  clk_IBUF_inst/I
    W5                   IBUF (Prop_ibuf_I_O)         1.388    11.388 r  clk_IBUF_inst/O
                         net (fo=1, routed)           1.862    13.250    clk_IBUF
    BUFGCTRL_X0Y0                                                     r  clk_IBUF_BUFG_inst/I
    BUFGCTRL_X0Y0        BUFG (Prop_bufg_I_O)         0.091    13.341 r  clk_IBUF_BUFG_inst/O
                         net (fo=1714, routed)        1.442    14.783    cpu_inst/clk_IBUF_BUFG
    SLICE_X12Y17         FDRE                                         r  cpu_inst/dot_chain_rd_reg_reg[4]/C
                         clock pessimism              0.260    15.043    <hidden>
                         clock uncertainty           -0.035    15.008    <hidden>
    SLICE_X12Y17         FDRE (Setup_fdre_C_R)       -0.524    14.484    cpu_inst/dot_chain_rd_reg_reg[4]
  -------------------------------------------------------------------
                         required time                         14.484    <hidden>
                         arrival time                         -14.434    <hidden>
  -------------------------------------------------------------------
                         slack                                  0.050    <hidden>

Slack (MET) :             0.081ns  (required time - arrival time)
  Source:                 cpu_inst/data_mem_inst/mem_reg/CLKARDCLK
                            (rising edge-triggered cell RAMB18E1 clocked by sys_clk_pin  {rise@0.000ns fall@5.000ns period=10.000ns})
  Destination:            cpu_inst/ex_mem_reg_reg[alu_result][30]/D
                            (rising edge-triggered cell FDRE clocked by sys_clk_pin  {rise@0.000ns fall@5.000ns period=10.000ns})
  Path Group:             sys_clk_pin
  Path Type:              Setup (Max at Slow Process Corner)
  Requirement:            10.000ns  (sys_clk_pin rise@10.000ns - sys_clk_pin rise@0.000ns)
  Data Path Delay:        9.831ns  (logic 6.667ns (67.816%)  route 3.164ns (32.184%))
  Logic Levels:           4  (DSP48E1=1 LUT5=2 LUT6=1)
  Clock Path Skew:        -0.081ns (DCD - SCD + CPR)
    Destination Clock Delay (DCD):    4.790ns = ( 14.790 - 10.000 ) 
    Source Clock Delay      (SCD):    5.132ns
    Clock Pessimism Removal (CPR):    0.260ns
  Clock Uncertainty:      0.035ns  ((TSJ^2 + TIJ^2)^1/2 + DJ) / 2 + PE
    Total System Jitter     (TSJ):    0.071ns
    Total Input Jitter      (TIJ):    0.000ns
    Discrete Jitter          (DJ):    0.000ns
    Phase Error              (PE):    0.000ns

    Location             Delay type                Incr(ns)  Path(ns)    Netlist Resource(s)
  -------------------------------------------------------------------    -------------------
                         (clock sys_clk_pin rise edge)
                                                      0.000     0.000 r  <hidden>
    W5                                                0.000     0.000 r  clk
                         net (fo=0)                   0.000     0.000    clk
    W5                                                                r  clk_IBUF_inst/I
    W5                   IBUF (Prop_ibuf_I_O)         1.458     1.458 r  clk_IBUF_inst/O
                         net (fo=1, routed)           1.967     3.425    clk_IBUF
    BUFGCTRL_X0Y0                                                     r  clk_IBUF_BUFG_inst/I
    BUFGCTRL_X0Y0        BUFG (Prop_bufg_I_O)         0.096     3.521 r  clk_IBUF_BUFG_inst/O
                         net (fo=1714, routed)        1.611     5.132    cpu_inst/data_mem_inst/clk_IBUF_BUFG
    RAMB18_X0Y2          RAMB18E1                                     r  cpu_inst/data_mem_inst/mem_reg/CLKARDCLK
  -------------------------------------------------------------------    -------------------
    RAMB18_X0Y2          RAMB18E1 (Prop_ramb18e1_CLKARDCLK_DOADO[7])
                                                      2.454     7.586 r  cpu_inst/data_mem_inst/mem_reg/DOADO[7]
                         net (fo=4, routed)           0.950     8.536    cpu_inst/data_mem_inst/read_data[7]
    SLICE_X11Y7                                                       r  cpu_inst/data_mem_inst/product0_reg_reg_i_27/I2
    SLICE_X11Y7          LUT5 (Prop_lut5_I2_O)        0.124     8.660 r  cpu_inst/data_mem_inst/product0_reg_reg_i_27/O
                         net (fo=1, routed)           0.403     9.063    cpu_inst/dot4acc_pipeline_inst/product0_reg_reg_3
    SLICE_X11Y7                                                       r  cpu_inst/dot4acc_pipeline_inst/product0_reg_reg_i_9/I2
    SLICE_X11Y7          LUT5 (Prop_lut5_I2_O)        0.124     9.187 r  cpu_inst/dot4acc_pipeline_inst/product0_reg_reg_i_9/O
                         net (fo=53, routed)          0.917    10.103    cpu_inst/ex_operand_a[7]
    DSP48_X0Y4                                                        r  cpu_inst/ex_alu_result0/A[28]
    DSP48_X0Y4           DSP48E1 (Prop_dsp48e1_A[28]_P[30])
                                                      3.841    13.944 r  cpu_inst/ex_alu_result0/P[30]
                         net (fo=1, routed)           0.894    14.839    cpu_inst/dot4acc_pipeline_inst/P[27]
    SLICE_X11Y10                                                      r  cpu_inst/dot4acc_pipeline_inst/ex_mem_reg[alu_result][30]_i_1/I4
    SLICE_X11Y10         LUT6 (Prop_lut6_I4_O)        0.124    14.963 r  cpu_inst/dot4acc_pipeline_inst/ex_mem_reg[alu_result][30]_i_1/O
                         net (fo=1, routed)           0.000    14.963    cpu_inst/ex_alu_result[30]
    SLICE_X11Y10         FDRE                                         r  cpu_inst/ex_mem_reg_reg[alu_result][30]/D
  -------------------------------------------------------------------    -------------------

                         (clock sys_clk_pin rise edge)
                                                     10.000    10.000 r  <hidden>
    W5                                                0.000    10.000 r  clk
                         net (fo=0)                   0.000    10.000    clk
    W5                                                                r  clk_IBUF_inst/I
    W5                   IBUF (Prop_ibuf_I_O)         1.388    11.388 r  clk_IBUF_inst/O
                         net (fo=1, routed)           1.862    13.250    clk_IBUF
    BUFGCTRL_X0Y0                                                     r  clk_IBUF_BUFG_inst/I
    BUFGCTRL_X0Y0        BUFG (Prop_bufg_I_O)         0.091    13.341 r  clk_IBUF_BUFG_inst/O
                         net (fo=1714, routed)        1.449    14.790    cpu_inst/clk_IBUF_BUFG
    SLICE_X11Y10         FDRE                                         r  cpu_inst/ex_mem_reg_reg[alu_result][30]/C
                         clock pessimism              0.260    15.050    <hidden>
                         clock uncertainty           -0.035    15.015    <hidden>
    SLICE_X11Y10         FDRE (Setup_fdre_C_D)        0.029    15.044    cpu_inst/ex_mem_reg_reg[alu_result][30]
  -------------------------------------------------------------------
                         required time                         15.044    <hidden>
                         arrival time                         -14.963    <hidden>
  -------------------------------------------------------------------
                         slack                                  0.081    <hidden>

Slack (MET) :             0.088ns  (required time - arrival time)
  Source:                 cpu_inst/data_mem_inst/mem_reg/CLKARDCLK
                            (rising edge-triggered cell RAMB18E1 clocked by sys_clk_pin  {rise@0.000ns fall@5.000ns period=10.000ns})
  Destination:            cpu_inst/ex_mem_reg_reg[alu_result][31]/D
                            (rising edge-triggered cell FDRE clocked by sys_clk_pin  {rise@0.000ns fall@5.000ns period=10.000ns})
  Path Group:             sys_clk_pin
  Path Type:              Setup (Max at Slow Process Corner)
  Requirement:            10.000ns  (sys_clk_pin rise@10.000ns - sys_clk_pin rise@0.000ns)
  Data Path Delay:        9.827ns  (logic 6.667ns (67.843%)  route 3.160ns (32.157%))
  Logic Levels:           4  (DSP48E1=1 LUT5=2 LUT6=1)
  Clock Path Skew:        -0.081ns (DCD - SCD + CPR)
    Destination Clock Delay (DCD):    4.790ns = ( 14.790 - 10.000 ) 
    Source Clock Delay      (SCD):    5.132ns
    Clock Pessimism Removal (CPR):    0.260ns
  Clock Uncertainty:      0.035ns  ((TSJ^2 + TIJ^2)^1/2 + DJ) / 2 + PE
    Total System Jitter     (TSJ):    0.071ns
    Total Input Jitter      (TIJ):    0.000ns
    Discrete Jitter          (DJ):    0.000ns
    Phase Error              (PE):    0.000ns

    Location             Delay type                Incr(ns)  Path(ns)    Netlist Resource(s)
  -------------------------------------------------------------------    -------------------
                         (clock sys_clk_pin rise edge)
                                                      0.000     0.000 r  <hidden>
    W5                                                0.000     0.000 r  clk
                         net (fo=0)                   0.000     0.000    clk
    W5                                                                r  clk_IBUF_inst/I
    W5                   IBUF (Prop_ibuf_I_O)         1.458     1.458 r  clk_IBUF_inst/O
                         net (fo=1, routed)           1.967     3.425    clk_IBUF
    BUFGCTRL_X0Y0                                                     r  clk_IBUF_BUFG_inst/I
    BUFGCTRL_X0Y0        BUFG (Prop_bufg_I_O)         0.096     3.521 r  clk_IBUF_BUFG_inst/O
                         net (fo=1714, routed)        1.611     5.132    cpu_inst/data_mem_inst/clk_IBUF_BUFG
    RAMB18_X0Y2          RAMB18E1                                     r  cpu_inst/data_mem_inst/mem_reg/CLKARDCLK
  -------------------------------------------------------------------    -------------------
    RAMB18_X0Y2          RAMB18E1 (Prop_ramb18e1_CLKARDCLK_DOADO[7])
                                                      2.454     7.586 r  cpu_inst/data_mem_inst/mem_reg/DOADO[7]
                         net (fo=4, routed)           0.950     8.536    cpu_inst/data_mem_inst/read_data[7]
    SLICE_X11Y7                                                       r  cpu_inst/data_mem_inst/product0_reg_reg_i_27/I2
    SLICE_X11Y7          LUT5 (Prop_lut5_I2_O)        0.124     8.660 r  cpu_inst/data_mem_inst/product0_reg_reg_i_27/O
                         net (fo=1, routed)           0.403     9.063    cpu_inst/dot4acc_pipeline_inst/product0_reg_reg_3
    SLICE_X11Y7                                                       r  cpu_inst/dot4acc_pipeline_inst/product0_reg_reg_i_9/I2
    SLICE_X11Y7          LUT5 (Prop_lut5_I2_O)        0.124     9.187 r  cpu_inst/dot4acc_pipeline_inst/product0_reg_reg_i_9/O
                         net (fo=53, routed)          0.917    10.103    cpu_inst/ex_operand_a[7]
    DSP48_X0Y4                                                        r  cpu_inst/ex_alu_result0/A[28]
    DSP48_X0Y4           DSP48E1 (Prop_dsp48e1_A[28]_P[31])
                                                      3.841    13.944 r  cpu_inst/ex_alu_result0/P[31]
                         net (fo=1, routed)           0.890    14.835    cpu_inst/dot4acc_pipeline_inst/P[28]
    SLICE_X11Y9                                                       r  cpu_inst/dot4acc_pipeline_inst/ex_mem_reg[alu_result][31]_i_1/I4
    SLICE_X11Y9          LUT6 (Prop_lut6_I4_O)        0.124    14.959 r  cpu_inst/dot4acc_pipeline_inst/ex_mem_reg[alu_result][31]_i_1/O
                         net (fo=1, routed)           0.000    14.959    cpu_inst/ex_alu_result[31]
    SLICE_X11Y9          FDRE                                         r  cpu_inst/ex_mem_reg_reg[alu_result][31]/D
  -------------------------------------------------------------------    -------------------

                         (clock sys_clk_pin rise edge)
                                                     10.000    10.000 r  <hidden>
    W5                                                0.000    10.000 r  clk
                         net (fo=0)                   0.000    10.000    clk
    W5                                                                r  clk_IBUF_inst/I
    W5                   IBUF (Prop_ibuf_I_O)         1.388    11.388 r  clk_IBUF_inst/O
                         net (fo=1, routed)           1.862    13.250    clk_IBUF
    BUFGCTRL_X0Y0                                                     r  clk_IBUF_BUFG_inst/I
    BUFGCTRL_X0Y0        BUFG (Prop_bufg_I_O)         0.091    13.341 r  clk_IBUF_BUFG_inst/O
                         net (fo=1714, routed)        1.449    14.790    cpu_inst/clk_IBUF_BUFG
    SLICE_X11Y9          FDRE                                         r  cpu_inst/ex_mem_reg_reg[alu_result][31]/C
                         clock pessimism              0.260    15.050    <hidden>
                         clock uncertainty           -0.035    15.015    <hidden>
    SLICE_X11Y9          FDRE (Setup_fdre_C_D)        0.032    15.047    cpu_inst/ex_mem_reg_reg[alu_result][31]
  -------------------------------------------------------------------
                         required time                         15.047    <hidden>
                         arrival time                         -14.959    <hidden>
  -------------------------------------------------------------------
                         slack                                  0.088    <hidden>

Slack (MET) :             0.118ns  (required time - arrival time)
  Source:                 cpu_inst/ex_mem_reg_reg[rd][2]/C
                            (rising edge-triggered cell FDRE clocked by sys_clk_pin  {rise@0.000ns fall@5.000ns period=10.000ns})
  Destination:            cpu_inst/dot_issue_reg_reg[accumulator][21]/R
                            (rising edge-triggered cell FDRE clocked by sys_clk_pin  {rise@0.000ns fall@5.000ns period=10.000ns})
  Path Group:             sys_clk_pin
  Path Type:              Setup (Max at Slow Process Corner)
  Requirement:            10.000ns  (sys_clk_pin rise@10.000ns - sys_clk_pin rise@0.000ns)
  Data Path Delay:        9.204ns  (logic 2.573ns (27.955%)  route 6.631ns (72.045%))
  Logic Levels:           11  (CARRY4=3 LUT4=2 LUT5=3 LUT6=3)
  Clock Path Skew:        -0.118ns (DCD - SCD + CPR)
    Destination Clock Delay (DCD):    4.780ns = ( 14.780 - 10.000 ) 
    Source Clock Delay      (SCD):    5.158ns
    Clock Pessimism Removal (CPR):    0.260ns
  Clock Uncertainty:      0.035ns  ((TSJ^2 + TIJ^2)^1/2 + DJ) / 2 + PE
    Total System Jitter     (TSJ):    0.071ns
    Total Input Jitter      (TIJ):    0.000ns
    Discrete Jitter          (DJ):    0.000ns
    Phase Error              (PE):    0.000ns

    Location             Delay type                Incr(ns)  Path(ns)    Netlist Resource(s)
  -------------------------------------------------------------------    -------------------
                         (clock sys_clk_pin rise edge)
                                                      0.000     0.000 r  <hidden>
    W5                                                0.000     0.000 r  clk
                         net (fo=0)                   0.000     0.000    clk
    W5                                                                r  clk_IBUF_inst/I
    W5                   IBUF (Prop_ibuf_I_O)         1.458     1.458 r  clk_IBUF_inst/O
                         net (fo=1, routed)           1.967     3.425    clk_IBUF
    BUFGCTRL_X0Y0                                                     r  clk_IBUF_BUFG_inst/I
    BUFGCTRL_X0Y0        BUFG (Prop_bufg_I_O)         0.096     3.521 r  clk_IBUF_BUFG_inst/O
                         net (fo=1714, routed)        1.637     5.158    cpu_inst/clk_IBUF_BUFG
    SLICE_X2Y7           FDRE                                         r  cpu_inst/ex_mem_reg_reg[rd][2]/C
  -------------------------------------------------------------------    -------------------
    SLICE_X2Y7           FDRE (Prop_fdre_C_Q)         0.518     5.676 r  cpu_inst/ex_mem_reg_reg[rd][2]/Q
                         net (fo=6, routed)           0.915     6.591    cpu_inst/dot4acc_pipeline_inst/pair1_reg_reg_15[2]
    SLICE_X2Y7                                                        r  cpu_inst/dot4acc_pipeline_inst/product2_reg_reg_i_57/I0
    SLICE_X2Y7           LUT5 (Prop_lut5_I0_O)        0.124     6.715 f  cpu_inst/dot4acc_pipeline_inst/product2_reg_reg_i_57/O
                         net (fo=2, routed)           0.507     7.222    cpu_inst/dot4acc_pipeline_inst/product2_reg_reg_i_57_n_0
    SLICE_X3Y7                                                        f  cpu_inst/dot4acc_pipeline_inst/product2_reg_reg_i_66/I0
    SLICE_X3Y7           LUT4 (Prop_lut4_I0_O)        0.124     7.346 f  cpu_inst/dot4acc_pipeline_inst/product2_reg_reg_i_66/O
                         net (fo=3, routed)           0.748     8.095    cpu_inst/dot4acc_pipeline_inst/ex_mem_reg_reg[valid]_0
    SLICE_X8Y7                                                        f  cpu_inst/dot4acc_pipeline_inst/product2_reg_reg_i_36/I0
    SLICE_X8Y7           LUT6 (Prop_lut6_I0_O)        0.124     8.219 r  cpu_inst/dot4acc_pipeline_inst/product2_reg_reg_i_36/O
                         net (fo=41, routed)          0.984     9.202    cpu_inst/data_mem_inst/product0_reg_reg
    SLICE_X7Y5                                                        r  cpu_inst/data_mem_inst/ex_mem_reg[alu_result][0]_i_5/I0
    SLICE_X7Y5           LUT5 (Prop_lut5_I0_O)        0.124     9.326 r  cpu_inst/data_mem_inst/ex_mem_reg[alu_result][0]_i_5/O
                         net (fo=4, routed)           1.108    10.435    cpu_inst/dot4acc_pipeline_inst/ex_mem_reg_reg[alu_result][0]_1
    SLICE_X7Y8                                                        r  cpu_inst/dot4acc_pipeline_inst/led_OBUF[12]_inst_i_18/I0
    SLICE_X7Y8           LUT6 (Prop_lut6_I0_O)        0.124    10.559 r  cpu_inst/dot4acc_pipeline_inst/led_OBUF[12]_inst_i_18/O
                         net (fo=1, routed)           0.000    10.559    cpu_inst/dot4acc_pipeline_inst/led_OBUF[12]_inst_i_18_n_0
    SLICE_X7Y8                                                        r  cpu_inst/dot4acc_pipeline_inst/led_OBUF[12]_inst_i_10/S[0]
    SLICE_X7Y8           CARRY4 (Prop_carry4_S[0]_CO[3])
                                                      0.532    11.091 r  cpu_inst/dot4acc_pipeline_inst/led_OBUF[12]_inst_i_10/CO[3]
                         net (fo=1, routed)           0.000    11.091    cpu_inst/dot4acc_pipeline_inst/led_OBUF[12]_inst_i_10_n_0
    SLICE_X7Y9                                                        r  cpu_inst/dot4acc_pipeline_inst/led_OBUF[12]_inst_i_6/CI
    SLICE_X7Y9           CARRY4 (Prop_carry4_CI_CO[3])
                                                      0.114    11.205 r  cpu_inst/dot4acc_pipeline_inst/led_OBUF[12]_inst_i_6/CO[3]
                         net (fo=1, routed)           0.000    11.205    cpu_inst/dot4acc_pipeline_inst/led_OBUF[12]_inst_i_6_n_0
    SLICE_X7Y10                                                       r  cpu_inst/dot4acc_pipeline_inst/led_OBUF[12]_inst_i_3/CI
    SLICE_X7Y10          CARRY4 (Prop_carry4_CI_CO[2])
                                                      0.228    11.433 f  cpu_inst/dot4acc_pipeline_inst/led_OBUF[12]_inst_i_3/CO[2]
                         net (fo=17, routed)          0.629    12.062    cpu_inst/dot4acc_pipeline_inst/ex_branch_taken073_in
    SLICE_X7Y12                                                       f  cpu_inst/dot4acc_pipeline_inst/product2_reg_reg_i_19/I2
    SLICE_X7Y12          LUT4 (Prop_lut4_I2_O)        0.313    12.375 f  cpu_inst/dot4acc_pipeline_inst/product2_reg_reg_i_19/O
                         net (fo=40, routed)          0.733    13.109    cpu_inst/dot4acc_pipeline_inst/product2_reg_reg_i_19_n_0
    SLICE_X9Y17                                                       f  cpu_inst/dot4acc_pipeline_inst/product2_reg_reg_i_1/I1
    SLICE_X9Y17          LUT6 (Prop_lut6_I1_O)        0.124    13.233 r  cpu_inst/dot4acc_pipeline_inst/product2_reg_reg_i_1/O
                         net (fo=56, routed)          0.273    13.505    cpu_inst/dot4acc_pipeline_inst/redirect_pending_valid_reg
    SLICE_X9Y17                                                       r  cpu_inst/dot4acc_pipeline_inst/dot_issue_reg[accumulator][31]_i_1/I4
    SLICE_X9Y17          LUT5 (Prop_lut5_I4_O)        0.124    13.629 r  cpu_inst/dot4acc_pipeline_inst/dot_issue_reg[accumulator][31]_i_1/O
                         net (fo=32, routed)          0.733    14.362    cpu_inst/dot4acc_pipeline_inst_n_44
    SLICE_X12Y19         FDRE                                         r  cpu_inst/dot_issue_reg_reg[accumulator][21]/R
  -------------------------------------------------------------------    -------------------

                         (clock sys_clk_pin rise edge)
                                                     10.000    10.000 r  <hidden>
    W5                                                0.000    10.000 r  clk
                         net (fo=0)                   0.000    10.000    clk
    W5                                                                r  clk_IBUF_inst/I
    W5                   IBUF (Prop_ibuf_I_O)         1.388    11.388 r  clk_IBUF_inst/O
                         net (fo=1, routed)           1.862    13.250    clk_IBUF
    BUFGCTRL_X0Y0                                                     r  clk_IBUF_BUFG_inst/I
    BUFGCTRL_X0Y0        BUFG (Prop_bufg_I_O)         0.091    13.341 r  clk_IBUF_BUFG_inst/O
                         net (fo=1714, routed)        1.439    14.780    cpu_inst/clk_IBUF_BUFG
    SLICE_X12Y19         FDRE                                         r  cpu_inst/dot_issue_reg_reg[accumulator][21]/C
                         clock pessimism              0.260    15.040    <hidden>
                         clock uncertainty           -0.035    15.005    <hidden>
    SLICE_X12Y19         FDRE (Setup_fdre_C_R)       -0.524    14.481    cpu_inst/dot_issue_reg_reg[accumulator][21]
  -------------------------------------------------------------------
                         required time                         14.481    <hidden>
                         arrival time                         -14.362    <hidden>
  -------------------------------------------------------------------
                         slack                                  0.118    <hidden>

Slack (MET) :             0.118ns  (required time - arrival time)
  Source:                 cpu_inst/ex_mem_reg_reg[rd][2]/C
                            (rising edge-triggered cell FDRE clocked by sys_clk_pin  {rise@0.000ns fall@5.000ns period=10.000ns})
  Destination:            cpu_inst/dot_issue_reg_reg[accumulator][22]/R
                            (rising edge-triggered cell FDRE clocked by sys_clk_pin  {rise@0.000ns fall@5.000ns period=10.000ns})
  Path Group:             sys_clk_pin
  Path Type:              Setup (Max at Slow Process Corner)
  Requirement:            10.000ns  (sys_clk_pin rise@10.000ns - sys_clk_pin rise@0.000ns)
  Data Path Delay:        9.204ns  (logic 2.573ns (27.955%)  route 6.631ns (72.045%))
  Logic Levels:           11  (CARRY4=3 LUT4=2 LUT5=3 LUT6=3)
  Clock Path Skew:        -0.118ns (DCD - SCD + CPR)
    Destination Clock Delay (DCD):    4.780ns = ( 14.780 - 10.000 ) 
    Source Clock Delay      (SCD):    5.158ns
    Clock Pessimism Removal (CPR):    0.260ns
  Clock Uncertainty:      0.035ns  ((TSJ^2 + TIJ^2)^1/2 + DJ) / 2 + PE
    Total System Jitter     (TSJ):    0.071ns
    Total Input Jitter      (TIJ):    0.000ns
    Discrete Jitter          (DJ):    0.000ns
    Phase Error              (PE):    0.000ns

    Location             Delay type                Incr(ns)  Path(ns)    Netlist Resource(s)
  -------------------------------------------------------------------    -------------------
                         (clock sys_clk_pin rise edge)
                                                      0.000     0.000 r  <hidden>
    W5                                                0.000     0.000 r  clk
                         net (fo=0)                   0.000     0.000    clk
    W5                                                                r  clk_IBUF_inst/I
    W5                   IBUF (Prop_ibuf_I_O)         1.458     1.458 r  clk_IBUF_inst/O
                         net (fo=1, routed)           1.967     3.425    clk_IBUF
    BUFGCTRL_X0Y0                                                     r  clk_IBUF_BUFG_inst/I
    BUFGCTRL_X0Y0        BUFG (Prop_bufg_I_O)         0.096     3.521 r  clk_IBUF_BUFG_inst/O
                         net (fo=1714, routed)        1.637     5.158    cpu_inst/clk_IBUF_BUFG
    SLICE_X2Y7           FDRE                                         r  cpu_inst/ex_mem_reg_reg[rd][2]/C
  -------------------------------------------------------------------    -------------------
    SLICE_X2Y7           FDRE (Prop_fdre_C_Q)         0.518     5.676 r  cpu_inst/ex_mem_reg_reg[rd][2]/Q
                         net (fo=6, routed)           0.915     6.591    cpu_inst/dot4acc_pipeline_inst/pair1_reg_reg_15[2]
    SLICE_X2Y7                                                        r  cpu_inst/dot4acc_pipeline_inst/product2_reg_reg_i_57/I0
    SLICE_X2Y7           LUT5 (Prop_lut5_I0_O)        0.124     6.715 f  cpu_inst/dot4acc_pipeline_inst/product2_reg_reg_i_57/O
                         net (fo=2, routed)           0.507     7.222    cpu_inst/dot4acc_pipeline_inst/product2_reg_reg_i_57_n_0
    SLICE_X3Y7                                                        f  cpu_inst/dot4acc_pipeline_inst/product2_reg_reg_i_66/I0
    SLICE_X3Y7           LUT4 (Prop_lut4_I0_O)        0.124     7.346 f  cpu_inst/dot4acc_pipeline_inst/product2_reg_reg_i_66/O
                         net (fo=3, routed)           0.748     8.095    cpu_inst/dot4acc_pipeline_inst/ex_mem_reg_reg[valid]_0
    SLICE_X8Y7                                                        f  cpu_inst/dot4acc_pipeline_inst/product2_reg_reg_i_36/I0
    SLICE_X8Y7           LUT6 (Prop_lut6_I0_O)        0.124     8.219 r  cpu_inst/dot4acc_pipeline_inst/product2_reg_reg_i_36/O
                         net (fo=41, routed)          0.984     9.202    cpu_inst/data_mem_inst/product0_reg_reg
    SLICE_X7Y5                                                        r  cpu_inst/data_mem_inst/ex_mem_reg[alu_result][0]_i_5/I0
    SLICE_X7Y5           LUT5 (Prop_lut5_I0_O)        0.124     9.326 r  cpu_inst/data_mem_inst/ex_mem_reg[alu_result][0]_i_5/O
                         net (fo=4, routed)           1.108    10.435    cpu_inst/dot4acc_pipeline_inst/ex_mem_reg_reg[alu_result][0]_1
    SLICE_X7Y8                                                        r  cpu_inst/dot4acc_pipeline_inst/led_OBUF[12]_inst_i_18/I0
    SLICE_X7Y8           LUT6 (Prop_lut6_I0_O)        0.124    10.559 r  cpu_inst/dot4acc_pipeline_inst/led_OBUF[12]_inst_i_18/O
                         net (fo=1, routed)           0.000    10.559    cpu_inst/dot4acc_pipeline_inst/led_OBUF[12]_inst_i_18_n_0
    SLICE_X7Y8                                                        r  cpu_inst/dot4acc_pipeline_inst/led_OBUF[12]_inst_i_10/S[0]
    SLICE_X7Y8           CARRY4 (Prop_carry4_S[0]_CO[3])
                                                      0.532    11.091 r  cpu_inst/dot4acc_pipeline_inst/led_OBUF[12]_inst_i_10/CO[3]
                         net (fo=1, routed)           0.000    11.091    cpu_inst/dot4acc_pipeline_inst/led_OBUF[12]_inst_i_10_n_0
    SLICE_X7Y9                                                        r  cpu_inst/dot4acc_pipeline_inst/led_OBUF[12]_inst_i_6/CI
    SLICE_X7Y9           CARRY4 (Prop_carry4_CI_CO[3])
                                                      0.114    11.205 r  cpu_inst/dot4acc_pipeline_inst/led_OBUF[12]_inst_i_6/CO[3]
                         net (fo=1, routed)           0.000    11.205    cpu_inst/dot4acc_pipeline_inst/led_OBUF[12]_inst_i_6_n_0
    SLICE_X7Y10                                                       r  cpu_inst/dot4acc_pipeline_inst/led_OBUF[12]_inst_i_3/CI
    SLICE_X7Y10          CARRY4 (Prop_carry4_CI_CO[2])
                                                      0.228    11.433 f  cpu_inst/dot4acc_pipeline_inst/led_OBUF[12]_inst_i_3/CO[2]
                         net (fo=17, routed)          0.629    12.062    cpu_inst/dot4acc_pipeline_inst/ex_branch_taken073_in
    SLICE_X7Y12                                                       f  cpu_inst/dot4acc_pipeline_inst/product2_reg_reg_i_19/I2
    SLICE_X7Y12          LUT4 (Prop_lut4_I2_O)        0.313    12.375 f  cpu_inst/dot4acc_pipeline_inst/product2_reg_reg_i_19/O
                         net (fo=40, routed)          0.733    13.109    cpu_inst/dot4acc_pipeline_inst/product2_reg_reg_i_19_n_0
    SLICE_X9Y17                                                       f  cpu_inst/dot4acc_pipeline_inst/product2_reg_reg_i_1/I1
    SLICE_X9Y17          LUT6 (Prop_lut6_I1_O)        0.124    13.233 r  cpu_inst/dot4acc_pipeline_inst/product2_reg_reg_i_1/O
                         net (fo=56, routed)          0.273    13.505    cpu_inst/dot4acc_pipeline_inst/redirect_pending_valid_reg
    SLICE_X9Y17                                                       r  cpu_inst/dot4acc_pipeline_inst/dot_issue_reg[accumulator][31]_i_1/I4
    SLICE_X9Y17          LUT5 (Prop_lut5_I4_O)        0.124    13.629 r  cpu_inst/dot4acc_pipeline_inst/dot_issue_reg[accumulator][31]_i_1/O
                         net (fo=32, routed)          0.733    14.362    cpu_inst/dot4acc_pipeline_inst_n_44
    SLICE_X12Y19         FDRE                                         r  cpu_inst/dot_issue_reg_reg[accumulator][22]/R
  -------------------------------------------------------------------    -------------------

                         (clock sys_clk_pin rise edge)
                                                     10.000    10.000 r  <hidden>
    W5                                                0.000    10.000 r  clk
                         net (fo=0)                   0.000    10.000    clk
    W5                                                                r  clk_IBUF_inst/I
    W5                   IBUF (Prop_ibuf_I_O)         1.388    11.388 r  clk_IBUF_inst/O
                         net (fo=1, routed)           1.862    13.250    clk_IBUF
    BUFGCTRL_X0Y0                                                     r  clk_IBUF_BUFG_inst/I
    BUFGCTRL_X0Y0        BUFG (Prop_bufg_I_O)         0.091    13.341 r  clk_IBUF_BUFG_inst/O
                         net (fo=1714, routed)        1.439    14.780    cpu_inst/clk_IBUF_BUFG
    SLICE_X12Y19         FDRE                                         r  cpu_inst/dot_issue_reg_reg[accumulator][22]/C
                         clock pessimism              0.260    15.040    <hidden>
                         clock uncertainty           -0.035    15.005    <hidden>
    SLICE_X12Y19         FDRE (Setup_fdre_C_R)       -0.524    14.481    cpu_inst/dot_issue_reg_reg[accumulator][22]
  -------------------------------------------------------------------
                         required time                         14.481    <hidden>
                         arrival time                         -14.362    <hidden>
  -------------------------------------------------------------------
                         slack                                  0.118    <hidden>

Slack (MET) :             0.127ns  (required time - arrival time)
  Source:                 cpu_inst/data_mem_inst/mem_reg/CLKARDCLK
                            (rising edge-triggered cell RAMB18E1 clocked by sys_clk_pin  {rise@0.000ns fall@5.000ns period=10.000ns})
  Destination:            cpu_inst/ex_mem_reg_reg[alu_result][21]/D
                            (rising edge-triggered cell FDRE clocked by sys_clk_pin  {rise@0.000ns fall@5.000ns period=10.000ns})
  Path Group:             sys_clk_pin
  Path Type:              Setup (Max at Slow Process Corner)
  Requirement:            10.000ns  (sys_clk_pin rise@10.000ns - sys_clk_pin rise@0.000ns)
  Data Path Delay:        9.786ns  (logic 6.667ns (68.130%)  route 3.119ns (31.870%))
  Logic Levels:           4  (DSP48E1=1 LUT5=2 LUT6=1)
  Clock Path Skew:        -0.082ns (DCD - SCD + CPR)
    Destination Clock Delay (DCD):    4.789ns = ( 14.789 - 10.000 ) 
    Source Clock Delay      (SCD):    5.132ns
    Clock Pessimism Removal (CPR):    0.260ns
  Clock Uncertainty:      0.035ns  ((TSJ^2 + TIJ^2)^1/2 + DJ) / 2 + PE
    Total System Jitter     (TSJ):    0.071ns
    Total Input Jitter      (TIJ):    0.000ns
    Discrete Jitter          (DJ):    0.000ns
    Phase Error              (PE):    0.000ns

    Location             Delay type                Incr(ns)  Path(ns)    Netlist Resource(s)
  -------------------------------------------------------------------    -------------------
                         (clock sys_clk_pin rise edge)
                                                      0.000     0.000 r  <hidden>
    W5                                                0.000     0.000 r  clk
                         net (fo=0)                   0.000     0.000    clk
    W5                                                                r  clk_IBUF_inst/I
    W5                   IBUF (Prop_ibuf_I_O)         1.458     1.458 r  clk_IBUF_inst/O
                         net (fo=1, routed)           1.967     3.425    clk_IBUF
    BUFGCTRL_X0Y0                                                     r  clk_IBUF_BUFG_inst/I
    BUFGCTRL_X0Y0        BUFG (Prop_bufg_I_O)         0.096     3.521 r  clk_IBUF_BUFG_inst/O
                         net (fo=1714, routed)        1.611     5.132    cpu_inst/data_mem_inst/clk_IBUF_BUFG
    RAMB18_X0Y2          RAMB18E1                                     r  cpu_inst/data_mem_inst/mem_reg/CLKARDCLK
  -------------------------------------------------------------------    -------------------
    RAMB18_X0Y2          RAMB18E1 (Prop_ramb18e1_CLKARDCLK_DOADO[7])
                                                      2.454     7.586 r  cpu_inst/data_mem_inst/mem_reg/DOADO[7]
                         net (fo=4, routed)           0.950     8.536    cpu_inst/data_mem_inst/read_data[7]
    SLICE_X11Y7                                                       r  cpu_inst/data_mem_inst/product0_reg_reg_i_27/I2
    SLICE_X11Y7          LUT5 (Prop_lut5_I2_O)        0.124     8.660 r  cpu_inst/data_mem_inst/product0_reg_reg_i_27/O
                         net (fo=1, routed)           0.403     9.063    cpu_inst/dot4acc_pipeline_inst/product0_reg_reg_3
    SLICE_X11Y7                                                       r  cpu_inst/dot4acc_pipeline_inst/product0_reg_reg_i_9/I2
    SLICE_X11Y7          LUT5 (Prop_lut5_I2_O)        0.124     9.187 r  cpu_inst/dot4acc_pipeline_inst/product0_reg_reg_i_9/O
                         net (fo=53, routed)          0.917    10.103    cpu_inst/ex_operand_a[7]
    DSP48_X0Y4                                                        r  cpu_inst/ex_alu_result0/A[28]
    DSP48_X0Y4           DSP48E1 (Prop_dsp48e1_A[28]_P[21])
                                                      3.841    13.944 r  cpu_inst/ex_alu_result0/P[21]
                         net (fo=1, routed)           0.849    14.793    cpu_inst/dot4acc_pipeline_inst/P[18]
    SLICE_X13Y10                                                      r  cpu_inst/dot4acc_pipeline_inst/ex_mem_reg[alu_result][21]_i_1/I4
    SLICE_X13Y10         LUT6 (Prop_lut6_I4_O)        0.124    14.917 r  cpu_inst/dot4acc_pipeline_inst/ex_mem_reg[alu_result][21]_i_1/O
                         net (fo=1, routed)           0.000    14.917    cpu_inst/ex_alu_result[21]
    SLICE_X13Y10         FDRE                                         r  cpu_inst/ex_mem_reg_reg[alu_result][21]/D
  -------------------------------------------------------------------    -------------------

                         (clock sys_clk_pin rise edge)
                                                     10.000    10.000 r  <hidden>
    W5                                                0.000    10.000 r  clk
                         net (fo=0)                   0.000    10.000    clk
    W5                                                                r  clk_IBUF_inst/I
    W5                   IBUF (Prop_ibuf_I_O)         1.388    11.388 r  clk_IBUF_inst/O
                         net (fo=1, routed)           1.862    13.250    clk_IBUF
    BUFGCTRL_X0Y0                                                     r  clk_IBUF_BUFG_inst/I
    BUFGCTRL_X0Y0        BUFG (Prop_bufg_I_O)         0.091    13.341 r  clk_IBUF_BUFG_inst/O
                         net (fo=1714, routed)        1.448    14.789    cpu_inst/clk_IBUF_BUFG
    SLICE_X13Y10         FDRE                                         r  cpu_inst/ex_mem_reg_reg[alu_result][21]/C
                         clock pessimism              0.260    15.049    <hidden>
                         clock uncertainty           -0.035    15.014    <hidden>
    SLICE_X13Y10         FDRE (Setup_fdre_C_D)        0.031    15.045    cpu_inst/ex_mem_reg_reg[alu_result][21]
  -------------------------------------------------------------------
                         required time                         15.045    <hidden>
                         arrival time                         -14.917    <hidden>
  -------------------------------------------------------------------
                         slack                                  0.127    <hidden>

Slack (MET) :             0.130ns  (required time - arrival time)
  Source:                 cpu_inst/ex_mem_reg_reg[rd][2]/C
                            (rising edge-triggered cell FDRE clocked by sys_clk_pin  {rise@0.000ns fall@5.000ns period=10.000ns})
  Destination:            cpu_inst/dot_issue_reg_reg[accumulator][10]/R
                            (rising edge-triggered cell FDRE clocked by sys_clk_pin  {rise@0.000ns fall@5.000ns period=10.000ns})
  Path Group:             sys_clk_pin
  Path Type:              Setup (Max at Slow Process Corner)
  Requirement:            10.000ns  (sys_clk_pin rise@10.000ns - sys_clk_pin rise@0.000ns)
  Data Path Delay:        9.197ns  (logic 2.573ns (27.978%)  route 6.624ns (72.022%))
  Logic Levels:           11  (CARRY4=3 LUT4=2 LUT5=3 LUT6=3)
  Clock Path Skew:        -0.114ns (DCD - SCD + CPR)
    Destination Clock Delay (DCD):    4.784ns = ( 14.784 - 10.000 ) 
    Source Clock Delay      (SCD):    5.158ns
    Clock Pessimism Removal (CPR):    0.260ns
  Clock Uncertainty:      0.035ns  ((TSJ^2 + TIJ^2)^1/2 + DJ) / 2 + PE
    Total System Jitter     (TSJ):    0.071ns
    Total Input Jitter      (TIJ):    0.000ns
    Discrete Jitter          (DJ):    0.000ns
    Phase Error              (PE):    0.000ns

    Location             Delay type                Incr(ns)  Path(ns)    Netlist Resource(s)
  -------------------------------------------------------------------    -------------------
                         (clock sys_clk_pin rise edge)
                                                      0.000     0.000 r  <hidden>
    W5                                                0.000     0.000 r  clk
                         net (fo=0)                   0.000     0.000    clk
    W5                                                                r  clk_IBUF_inst/I
    W5                   IBUF (Prop_ibuf_I_O)         1.458     1.458 r  clk_IBUF_inst/O
                         net (fo=1, routed)           1.967     3.425    clk_IBUF
    BUFGCTRL_X0Y0                                                     r  clk_IBUF_BUFG_inst/I
    BUFGCTRL_X0Y0        BUFG (Prop_bufg_I_O)         0.096     3.521 r  clk_IBUF_BUFG_inst/O
                         net (fo=1714, routed)        1.637     5.158    cpu_inst/clk_IBUF_BUFG
    SLICE_X2Y7           FDRE                                         r  cpu_inst/ex_mem_reg_reg[rd][2]/C
  -------------------------------------------------------------------    -------------------
    SLICE_X2Y7           FDRE (Prop_fdre_C_Q)         0.518     5.676 r  cpu_inst/ex_mem_reg_reg[rd][2]/Q
                         net (fo=6, routed)           0.915     6.591    cpu_inst/dot4acc_pipeline_inst/pair1_reg_reg_15[2]
    SLICE_X2Y7                                                        r  cpu_inst/dot4acc_pipeline_inst/product2_reg_reg_i_57/I0
    SLICE_X2Y7           LUT5 (Prop_lut5_I0_O)        0.124     6.715 f  cpu_inst/dot4acc_pipeline_inst/product2_reg_reg_i_57/O
                         net (fo=2, routed)           0.507     7.222    cpu_inst/dot4acc_pipeline_inst/product2_reg_reg_i_57_n_0
    SLICE_X3Y7                                                        f  cpu_inst/dot4acc_pipeline_inst/product2_reg_reg_i_66/I0
    SLICE_X3Y7           LUT4 (Prop_lut4_I0_O)        0.124     7.346 f  cpu_inst/dot4acc_pipeline_inst/product2_reg_reg_i_66/O
                         net (fo=3, routed)           0.748     8.095    cpu_inst/dot4acc_pipeline_inst/ex_mem_reg_reg[valid]_0
    SLICE_X8Y7                                                        f  cpu_inst/dot4acc_pipeline_inst/product2_reg_reg_i_36/I0
    SLICE_X8Y7           LUT6 (Prop_lut6_I0_O)        0.124     8.219 r  cpu_inst/dot4acc_pipeline_inst/product2_reg_reg_i_36/O
                         net (fo=41, routed)          0.984     9.202    cpu_inst/data_mem_inst/product0_reg_reg
    SLICE_X7Y5                                                        r  cpu_inst/data_mem_inst/ex_mem_reg[alu_result][0]_i_5/I0
    SLICE_X7Y5           LUT5 (Prop_lut5_I0_O)        0.124     9.326 r  cpu_inst/data_mem_inst/ex_mem_reg[alu_result][0]_i_5/O
                         net (fo=4, routed)           1.108    10.435    cpu_inst/dot4acc_pipeline_inst/ex_mem_reg_reg[alu_result][0]_1
    SLICE_X7Y8                                                        r  cpu_inst/dot4acc_pipeline_inst/led_OBUF[12]_inst_i_18/I0
    SLICE_X7Y8           LUT6 (Prop_lut6_I0_O)        0.124    10.559 r  cpu_inst/dot4acc_pipeline_inst/led_OBUF[12]_inst_i_18/O
                         net (fo=1, routed)           0.000    10.559    cpu_inst/dot4acc_pipeline_inst/led_OBUF[12]_inst_i_18_n_0
    SLICE_X7Y8                                                        r  cpu_inst/dot4acc_pipeline_inst/led_OBUF[12]_inst_i_10/S[0]
    SLICE_X7Y8           CARRY4 (Prop_carry4_S[0]_CO[3])
                                                      0.532    11.091 r  cpu_inst/dot4acc_pipeline_inst/led_OBUF[12]_inst_i_10/CO[3]
                         net (fo=1, routed)           0.000    11.091    cpu_inst/dot4acc_pipeline_inst/led_OBUF[12]_inst_i_10_n_0
    SLICE_X7Y9                                                        r  cpu_inst/dot4acc_pipeline_inst/led_OBUF[12]_inst_i_6/CI
    SLICE_X7Y9           CARRY4 (Prop_carry4_CI_CO[3])
                                                      0.114    11.205 r  cpu_inst/dot4acc_pipeline_inst/led_OBUF[12]_inst_i_6/CO[3]
                         net (fo=1, routed)           0.000    11.205    cpu_inst/dot4acc_pipeline_inst/led_OBUF[12]_inst_i_6_n_0
    SLICE_X7Y10                                                       r  cpu_inst/dot4acc_pipeline_inst/led_OBUF[12]_inst_i_3/CI
    SLICE_X7Y10          CARRY4 (Prop_carry4_CI_CO[2])
                                                      0.228    11.433 f  cpu_inst/dot4acc_pipeline_inst/led_OBUF[12]_inst_i_3/CO[2]
                         net (fo=17, routed)          0.629    12.062    cpu_inst/dot4acc_pipeline_inst/ex_branch_taken073_in
    SLICE_X7Y12                                                       f  cpu_inst/dot4acc_pipeline_inst/product2_reg_reg_i_19/I2
    SLICE_X7Y12          LUT4 (Prop_lut4_I2_O)        0.313    12.375 f  cpu_inst/dot4acc_pipeline_inst/product2_reg_reg_i_19/O
                         net (fo=40, routed)          0.733    13.109    cpu_inst/dot4acc_pipeline_inst/product2_reg_reg_i_19_n_0
    SLICE_X9Y17                                                       f  cpu_inst/dot4acc_pipeline_inst/product2_reg_reg_i_1/I1
    SLICE_X9Y17          LUT6 (Prop_lut6_I1_O)        0.124    13.233 r  cpu_inst/dot4acc_pipeline_inst/product2_reg_reg_i_1/O
                         net (fo=56, routed)          0.273    13.505    cpu_inst/dot4acc_pipeline_inst/redirect_pending_valid_reg
    SLICE_X9Y17                                                       r  cpu_inst/dot4acc_pipeline_inst/dot_issue_reg[accumulator][31]_i_1/I4
    SLICE_X9Y17          LUT5 (Prop_lut5_I4_O)        0.124    13.629 r  cpu_inst/dot4acc_pipeline_inst/dot_issue_reg[accumulator][31]_i_1/O
                         net (fo=32, routed)          0.725    14.355    cpu_inst/dot4acc_pipeline_inst_n_44
    SLICE_X12Y16         FDRE                                         r  cpu_inst/dot_issue_reg_reg[accumulator][10]/R
  -------------------------------------------------------------------    -------------------

                         (clock sys_clk_pin rise edge)
                                                     10.000    10.000 r  <hidden>
    W5                                                0.000    10.000 r  clk
                         net (fo=0)                   0.000    10.000    clk
    W5                                                                r  clk_IBUF_inst/I
    W5                   IBUF (Prop_ibuf_I_O)         1.388    11.388 r  clk_IBUF_inst/O
                         net (fo=1, routed)           1.862    13.250    clk_IBUF
    BUFGCTRL_X0Y0                                                     r  clk_IBUF_BUFG_inst/I
    BUFGCTRL_X0Y0        BUFG (Prop_bufg_I_O)         0.091    13.341 r  clk_IBUF_BUFG_inst/O
                         net (fo=1714, routed)        1.443    14.784    cpu_inst/clk_IBUF_BUFG
    SLICE_X12Y16         FDRE                                         r  cpu_inst/dot_issue_reg_reg[accumulator][10]/C
                         clock pessimism              0.260    15.044    <hidden>
                         clock uncertainty           -0.035    15.009    <hidden>
    SLICE_X12Y16         FDRE (Setup_fdre_C_R)       -0.524    14.485    cpu_inst/dot_issue_reg_reg[accumulator][10]
  -------------------------------------------------------------------
                         required time                         14.485    <hidden>
                         arrival time                         -14.355    <hidden>
  -------------------------------------------------------------------
                         slack                                  0.130    <hidden>

Slack (MET) :             0.130ns  (required time - arrival time)
  Source:                 cpu_inst/ex_mem_reg_reg[rd][2]/C
                            (rising edge-triggered cell FDRE clocked by sys_clk_pin  {rise@0.000ns fall@5.000ns period=10.000ns})
  Destination:            cpu_inst/dot_issue_reg_reg[accumulator][28]/R
                            (rising edge-triggered cell FDRE clocked by sys_clk_pin  {rise@0.000ns fall@5.000ns period=10.000ns})
  Path Group:             sys_clk_pin
  Path Type:              Setup (Max at Slow Process Corner)
  Requirement:            10.000ns  (sys_clk_pin rise@10.000ns - sys_clk_pin rise@0.000ns)
  Data Path Delay:        9.197ns  (logic 2.573ns (27.978%)  route 6.624ns (72.022%))
  Logic Levels:           11  (CARRY4=3 LUT4=2 LUT5=3 LUT6=3)
  Clock Path Skew:        -0.114ns (DCD - SCD + CPR)
    Destination Clock Delay (DCD):    4.784ns = ( 14.784 - 10.000 ) 
    Source Clock Delay      (SCD):    5.158ns
    Clock Pessimism Removal (CPR):    0.260ns
  Clock Uncertainty:      0.035ns  ((TSJ^2 + TIJ^2)^1/2 + DJ) / 2 + PE
    Total System Jitter     (TSJ):    0.071ns
    Total Input Jitter      (TIJ):    0.000ns
    Discrete Jitter          (DJ):    0.000ns
    Phase Error              (PE):    0.000ns

    Location             Delay type                Incr(ns)  Path(ns)    Netlist Resource(s)
  -------------------------------------------------------------------    -------------------
                         (clock sys_clk_pin rise edge)
                                                      0.000     0.000 r  <hidden>
    W5                                                0.000     0.000 r  clk
                         net (fo=0)                   0.000     0.000    clk
    W5                                                                r  clk_IBUF_inst/I
    W5                   IBUF (Prop_ibuf_I_O)         1.458     1.458 r  clk_IBUF_inst/O
                         net (fo=1, routed)           1.967     3.425    clk_IBUF
    BUFGCTRL_X0Y0                                                     r  clk_IBUF_BUFG_inst/I
    BUFGCTRL_X0Y0        BUFG (Prop_bufg_I_O)         0.096     3.521 r  clk_IBUF_BUFG_inst/O
                         net (fo=1714, routed)        1.637     5.158    cpu_inst/clk_IBUF_BUFG
    SLICE_X2Y7           FDRE                                         r  cpu_inst/ex_mem_reg_reg[rd][2]/C
  -------------------------------------------------------------------    -------------------
    SLICE_X2Y7           FDRE (Prop_fdre_C_Q)         0.518     5.676 r  cpu_inst/ex_mem_reg_reg[rd][2]/Q
                         net (fo=6, routed)           0.915     6.591    cpu_inst/dot4acc_pipeline_inst/pair1_reg_reg_15[2]
    SLICE_X2Y7                                                        r  cpu_inst/dot4acc_pipeline_inst/product2_reg_reg_i_57/I0
    SLICE_X2Y7           LUT5 (Prop_lut5_I0_O)        0.124     6.715 f  cpu_inst/dot4acc_pipeline_inst/product2_reg_reg_i_57/O
                         net (fo=2, routed)           0.507     7.222    cpu_inst/dot4acc_pipeline_inst/product2_reg_reg_i_57_n_0
    SLICE_X3Y7                                                        f  cpu_inst/dot4acc_pipeline_inst/product2_reg_reg_i_66/I0
    SLICE_X3Y7           LUT4 (Prop_lut4_I0_O)        0.124     7.346 f  cpu_inst/dot4acc_pipeline_inst/product2_reg_reg_i_66/O
                         net (fo=3, routed)           0.748     8.095    cpu_inst/dot4acc_pipeline_inst/ex_mem_reg_reg[valid]_0
    SLICE_X8Y7                                                        f  cpu_inst/dot4acc_pipeline_inst/product2_reg_reg_i_36/I0
    SLICE_X8Y7           LUT6 (Prop_lut6_I0_O)        0.124     8.219 r  cpu_inst/dot4acc_pipeline_inst/product2_reg_reg_i_36/O
                         net (fo=41, routed)          0.984     9.202    cpu_inst/data_mem_inst/product0_reg_reg
    SLICE_X7Y5                                                        r  cpu_inst/data_mem_inst/ex_mem_reg[alu_result][0]_i_5/I0
    SLICE_X7Y5           LUT5 (Prop_lut5_I0_O)        0.124     9.326 r  cpu_inst/data_mem_inst/ex_mem_reg[alu_result][0]_i_5/O
                         net (fo=4, routed)           1.108    10.435    cpu_inst/dot4acc_pipeline_inst/ex_mem_reg_reg[alu_result][0]_1
    SLICE_X7Y8                                                        r  cpu_inst/dot4acc_pipeline_inst/led_OBUF[12]_inst_i_18/I0
    SLICE_X7Y8           LUT6 (Prop_lut6_I0_O)        0.124    10.559 r  cpu_inst/dot4acc_pipeline_inst/led_OBUF[12]_inst_i_18/O
                         net (fo=1, routed)           0.000    10.559    cpu_inst/dot4acc_pipeline_inst/led_OBUF[12]_inst_i_18_n_0
    SLICE_X7Y8                                                        r  cpu_inst/dot4acc_pipeline_inst/led_OBUF[12]_inst_i_10/S[0]
    SLICE_X7Y8           CARRY4 (Prop_carry4_S[0]_CO[3])
                                                      0.532    11.091 r  cpu_inst/dot4acc_pipeline_inst/led_OBUF[12]_inst_i_10/CO[3]
                         net (fo=1, routed)           0.000    11.091    cpu_inst/dot4acc_pipeline_inst/led_OBUF[12]_inst_i_10_n_0
    SLICE_X7Y9                                                        r  cpu_inst/dot4acc_pipeline_inst/led_OBUF[12]_inst_i_6/CI
    SLICE_X7Y9           CARRY4 (Prop_carry4_CI_CO[3])
                                                      0.114    11.205 r  cpu_inst/dot4acc_pipeline_inst/led_OBUF[12]_inst_i_6/CO[3]
                         net (fo=1, routed)           0.000    11.205    cpu_inst/dot4acc_pipeline_inst/led_OBUF[12]_inst_i_6_n_0
    SLICE_X7Y10                                                       r  cpu_inst/dot4acc_pipeline_inst/led_OBUF[12]_inst_i_3/CI
    SLICE_X7Y10          CARRY4 (Prop_carry4_CI_CO[2])
                                                      0.228    11.433 f  cpu_inst/dot4acc_pipeline_inst/led_OBUF[12]_inst_i_3/CO[2]
                         net (fo=17, routed)          0.629    12.062    cpu_inst/dot4acc_pipeline_inst/ex_branch_taken073_in
    SLICE_X7Y12                                                       f  cpu_inst/dot4acc_pipeline_inst/product2_reg_reg_i_19/I2
    SLICE_X7Y12          LUT4 (Prop_lut4_I2_O)        0.313    12.375 f  cpu_inst/dot4acc_pipeline_inst/product2_reg_reg_i_19/O
                         net (fo=40, routed)          0.733    13.109    cpu_inst/dot4acc_pipeline_inst/product2_reg_reg_i_19_n_0
    SLICE_X9Y17                                                       f  cpu_inst/dot4acc_pipeline_inst/product2_reg_reg_i_1/I1
    SLICE_X9Y17          LUT6 (Prop_lut6_I1_O)        0.124    13.233 r  cpu_inst/dot4acc_pipeline_inst/product2_reg_reg_i_1/O
                         net (fo=56, routed)          0.273    13.505    cpu_inst/dot4acc_pipeline_inst/redirect_pending_valid_reg
    SLICE_X9Y17                                                       r  cpu_inst/dot4acc_pipeline_inst/dot_issue_reg[accumulator][31]_i_1/I4
    SLICE_X9Y17          LUT5 (Prop_lut5_I4_O)        0.124    13.629 r  cpu_inst/dot4acc_pipeline_inst/dot_issue_reg[accumulator][31]_i_1/O
                         net (fo=32, routed)          0.725    14.355    cpu_inst/dot4acc_pipeline_inst_n_44
    SLICE_X12Y16         FDRE                                         r  cpu_inst/dot_issue_reg_reg[accumulator][28]/R
  -------------------------------------------------------------------    -------------------

                         (clock sys_clk_pin rise edge)
                                                     10.000    10.000 r  <hidden>
    W5                                                0.000    10.000 r  clk
                         net (fo=0)                   0.000    10.000    clk
    W5                                                                r  clk_IBUF_inst/I
    W5                   IBUF (Prop_ibuf_I_O)         1.388    11.388 r  clk_IBUF_inst/O
                         net (fo=1, routed)           1.862    13.250    clk_IBUF
    BUFGCTRL_X0Y0                                                     r  clk_IBUF_BUFG_inst/I
    BUFGCTRL_X0Y0        BUFG (Prop_bufg_I_O)         0.091    13.341 r  clk_IBUF_BUFG_inst/O
                         net (fo=1714, routed)        1.443    14.784    cpu_inst/clk_IBUF_BUFG
    SLICE_X12Y16         FDRE                                         r  cpu_inst/dot_issue_reg_reg[accumulator][28]/C
                         clock pessimism              0.260    15.044    <hidden>
                         clock uncertainty           -0.035    15.009    <hidden>
    SLICE_X12Y16         FDRE (Setup_fdre_C_R)       -0.524    14.485    cpu_inst/dot_issue_reg_reg[accumulator][28]
  -------------------------------------------------------------------
                         required time                         14.485    <hidden>
                         arrival time                         -14.355    <hidden>
  -------------------------------------------------------------------
                         slack                                  0.130    <hidden>

Slack (MET) :             0.130ns  (required time - arrival time)
  Source:                 cpu_inst/ex_mem_reg_reg[rd][2]/C
                            (rising edge-triggered cell FDRE clocked by sys_clk_pin  {rise@0.000ns fall@5.000ns period=10.000ns})
  Destination:            cpu_inst/dot_issue_reg_reg[accumulator][5]/R
                            (rising edge-triggered cell FDRE clocked by sys_clk_pin  {rise@0.000ns fall@5.000ns period=10.000ns})
  Path Group:             sys_clk_pin
  Path Type:              Setup (Max at Slow Process Corner)
  Requirement:            10.000ns  (sys_clk_pin rise@10.000ns - sys_clk_pin rise@0.000ns)
  Data Path Delay:        9.197ns  (logic 2.573ns (27.978%)  route 6.624ns (72.022%))
  Logic Levels:           11  (CARRY4=3 LUT4=2 LUT5=3 LUT6=3)
  Clock Path Skew:        -0.114ns (DCD - SCD + CPR)
    Destination Clock Delay (DCD):    4.784ns = ( 14.784 - 10.000 ) 
    Source Clock Delay      (SCD):    5.158ns
    Clock Pessimism Removal (CPR):    0.260ns
  Clock Uncertainty:      0.035ns  ((TSJ^2 + TIJ^2)^1/2 + DJ) / 2 + PE
    Total System Jitter     (TSJ):    0.071ns
    Total Input Jitter      (TIJ):    0.000ns
    Discrete Jitter          (DJ):    0.000ns
    Phase Error              (PE):    0.000ns

    Location             Delay type                Incr(ns)  Path(ns)    Netlist Resource(s)
  -------------------------------------------------------------------    -------------------
                         (clock sys_clk_pin rise edge)
                                                      0.000     0.000 r  <hidden>
    W5                                                0.000     0.000 r  clk
                         net (fo=0)                   0.000     0.000    clk
    W5                                                                r  clk_IBUF_inst/I
    W5                   IBUF (Prop_ibuf_I_O)         1.458     1.458 r  clk_IBUF_inst/O
                         net (fo=1, routed)           1.967     3.425    clk_IBUF
    BUFGCTRL_X0Y0                                                     r  clk_IBUF_BUFG_inst/I
    BUFGCTRL_X0Y0        BUFG (Prop_bufg_I_O)         0.096     3.521 r  clk_IBUF_BUFG_inst/O
                         net (fo=1714, routed)        1.637     5.158    cpu_inst/clk_IBUF_BUFG
    SLICE_X2Y7           FDRE                                         r  cpu_inst/ex_mem_reg_reg[rd][2]/C
  -------------------------------------------------------------------    -------------------
    SLICE_X2Y7           FDRE (Prop_fdre_C_Q)         0.518     5.676 r  cpu_inst/ex_mem_reg_reg[rd][2]/Q
                         net (fo=6, routed)           0.915     6.591    cpu_inst/dot4acc_pipeline_inst/pair1_reg_reg_15[2]
    SLICE_X2Y7                                                        r  cpu_inst/dot4acc_pipeline_inst/product2_reg_reg_i_57/I0
    SLICE_X2Y7           LUT5 (Prop_lut5_I0_O)        0.124     6.715 f  cpu_inst/dot4acc_pipeline_inst/product2_reg_reg_i_57/O
                         net (fo=2, routed)           0.507     7.222    cpu_inst/dot4acc_pipeline_inst/product2_reg_reg_i_57_n_0
    SLICE_X3Y7                                                        f  cpu_inst/dot4acc_pipeline_inst/product2_reg_reg_i_66/I0
    SLICE_X3Y7           LUT4 (Prop_lut4_I0_O)        0.124     7.346 f  cpu_inst/dot4acc_pipeline_inst/product2_reg_reg_i_66/O
                         net (fo=3, routed)           0.748     8.095    cpu_inst/dot4acc_pipeline_inst/ex_mem_reg_reg[valid]_0
    SLICE_X8Y7                                                        f  cpu_inst/dot4acc_pipeline_inst/product2_reg_reg_i_36/I0
    SLICE_X8Y7           LUT6 (Prop_lut6_I0_O)        0.124     8.219 r  cpu_inst/dot4acc_pipeline_inst/product2_reg_reg_i_36/O
                         net (fo=41, routed)          0.984     9.202    cpu_inst/data_mem_inst/product0_reg_reg
    SLICE_X7Y5                                                        r  cpu_inst/data_mem_inst/ex_mem_reg[alu_result][0]_i_5/I0
    SLICE_X7Y5           LUT5 (Prop_lut5_I0_O)        0.124     9.326 r  cpu_inst/data_mem_inst/ex_mem_reg[alu_result][0]_i_5/O
                         net (fo=4, routed)           1.108    10.435    cpu_inst/dot4acc_pipeline_inst/ex_mem_reg_reg[alu_result][0]_1
    SLICE_X7Y8                                                        r  cpu_inst/dot4acc_pipeline_inst/led_OBUF[12]_inst_i_18/I0
    SLICE_X7Y8           LUT6 (Prop_lut6_I0_O)        0.124    10.559 r  cpu_inst/dot4acc_pipeline_inst/led_OBUF[12]_inst_i_18/O
                         net (fo=1, routed)           0.000    10.559    cpu_inst/dot4acc_pipeline_inst/led_OBUF[12]_inst_i_18_n_0
    SLICE_X7Y8                                                        r  cpu_inst/dot4acc_pipeline_inst/led_OBUF[12]_inst_i_10/S[0]
    SLICE_X7Y8           CARRY4 (Prop_carry4_S[0]_CO[3])
                                                      0.532    11.091 r  cpu_inst/dot4acc_pipeline_inst/led_OBUF[12]_inst_i_10/CO[3]
                         net (fo=1, routed)           0.000    11.091    cpu_inst/dot4acc_pipeline_inst/led_OBUF[12]_inst_i_10_n_0
    SLICE_X7Y9                                                        r  cpu_inst/dot4acc_pipeline_inst/led_OBUF[12]_inst_i_6/CI
    SLICE_X7Y9           CARRY4 (Prop_carry4_CI_CO[3])
                                                      0.114    11.205 r  cpu_inst/dot4acc_pipeline_inst/led_OBUF[12]_inst_i_6/CO[3]
                         net (fo=1, routed)           0.000    11.205    cpu_inst/dot4acc_pipeline_inst/led_OBUF[12]_inst_i_6_n_0
    SLICE_X7Y10                                                       r  cpu_inst/dot4acc_pipeline_inst/led_OBUF[12]_inst_i_3/CI
    SLICE_X7Y10          CARRY4 (Prop_carry4_CI_CO[2])
                                                      0.228    11.433 f  cpu_inst/dot4acc_pipeline_inst/led_OBUF[12]_inst_i_3/CO[2]
                         net (fo=17, routed)          0.629    12.062    cpu_inst/dot4acc_pipeline_inst/ex_branch_taken073_in
    SLICE_X7Y12                                                       f  cpu_inst/dot4acc_pipeline_inst/product2_reg_reg_i_19/I2
    SLICE_X7Y12          LUT4 (Prop_lut4_I2_O)        0.313    12.375 f  cpu_inst/dot4acc_pipeline_inst/product2_reg_reg_i_19/O
                         net (fo=40, routed)          0.733    13.109    cpu_inst/dot4acc_pipeline_inst/product2_reg_reg_i_19_n_0
    SLICE_X9Y17                                                       f  cpu_inst/dot4acc_pipeline_inst/product2_reg_reg_i_1/I1
    SLICE_X9Y17          LUT6 (Prop_lut6_I1_O)        0.124    13.233 r  cpu_inst/dot4acc_pipeline_inst/product2_reg_reg_i_1/O
                         net (fo=56, routed)          0.273    13.505    cpu_inst/dot4acc_pipeline_inst/redirect_pending_valid_reg
    SLICE_X9Y17                                                       r  cpu_inst/dot4acc_pipeline_inst/dot_issue_reg[accumulator][31]_i_1/I4
    SLICE_X9Y17          LUT5 (Prop_lut5_I4_O)        0.124    13.629 r  cpu_inst/dot4acc_pipeline_inst/dot_issue_reg[accumulator][31]_i_1/O
                         net (fo=32, routed)          0.725    14.355    cpu_inst/dot4acc_pipeline_inst_n_44
    SLICE_X12Y16         FDRE                                         r  cpu_inst/dot_issue_reg_reg[accumulator][5]/R
  -------------------------------------------------------------------    -------------------

                         (clock sys_clk_pin rise edge)
                                                     10.000    10.000 r  <hidden>
    W5                                                0.000    10.000 r  clk
                         net (fo=0)                   0.000    10.000    clk
    W5                                                                r  clk_IBUF_inst/I
    W5                   IBUF (Prop_ibuf_I_O)         1.388    11.388 r  clk_IBUF_inst/O
                         net (fo=1, routed)           1.862    13.250    clk_IBUF
    BUFGCTRL_X0Y0                                                     r  clk_IBUF_BUFG_inst/I
    BUFGCTRL_X0Y0        BUFG (Prop_bufg_I_O)         0.091    13.341 r  clk_IBUF_BUFG_inst/O
                         net (fo=1714, routed)        1.443    14.784    cpu_inst/clk_IBUF_BUFG
    SLICE_X12Y16         FDRE                                         r  cpu_inst/dot_issue_reg_reg[accumulator][5]/C
                         clock pessimism              0.260    15.044    <hidden>
                         clock uncertainty           -0.035    15.009    <hidden>
    SLICE_X12Y16         FDRE (Setup_fdre_C_R)       -0.524    14.485    cpu_inst/dot_issue_reg_reg[accumulator][5]
  -------------------------------------------------------------------
                         required time                         14.485    <hidden>
                         arrival time                         -14.355    <hidden>
  -------------------------------------------------------------------
                         slack                                  0.130    <hidden>

Slack (MET) :             0.130ns  (required time - arrival time)
  Source:                 cpu_inst/ex_mem_reg_reg[rd][2]/C
                            (rising edge-triggered cell FDRE clocked by sys_clk_pin  {rise@0.000ns fall@5.000ns period=10.000ns})
  Destination:            cpu_inst/dot_issue_reg_reg[accumulator][7]/R
                            (rising edge-triggered cell FDRE clocked by sys_clk_pin  {rise@0.000ns fall@5.000ns period=10.000ns})
  Path Group:             sys_clk_pin
  Path Type:              Setup (Max at Slow Process Corner)
  Requirement:            10.000ns  (sys_clk_pin rise@10.000ns - sys_clk_pin rise@0.000ns)
  Data Path Delay:        9.197ns  (logic 2.573ns (27.978%)  route 6.624ns (72.022%))
  Logic Levels:           11  (CARRY4=3 LUT4=2 LUT5=3 LUT6=3)
  Clock Path Skew:        -0.114ns (DCD - SCD + CPR)
    Destination Clock Delay (DCD):    4.784ns = ( 14.784 - 10.000 ) 
    Source Clock Delay      (SCD):    5.158ns
    Clock Pessimism Removal (CPR):    0.260ns
  Clock Uncertainty:      0.035ns  ((TSJ^2 + TIJ^2)^1/2 + DJ) / 2 + PE
    Total System Jitter     (TSJ):    0.071ns
    Total Input Jitter      (TIJ):    0.000ns
    Discrete Jitter          (DJ):    0.000ns
    Phase Error              (PE):    0.000ns

    Location             Delay type                Incr(ns)  Path(ns)    Netlist Resource(s)
  -------------------------------------------------------------------    -------------------
                         (clock sys_clk_pin rise edge)
                                                      0.000     0.000 r  <hidden>
    W5                                                0.000     0.000 r  clk
                         net (fo=0)                   0.000     0.000    clk
    W5                                                                r  clk_IBUF_inst/I
    W5                   IBUF (Prop_ibuf_I_O)         1.458     1.458 r  clk_IBUF_inst/O
                         net (fo=1, routed)           1.967     3.425    clk_IBUF
    BUFGCTRL_X0Y0                                                     r  clk_IBUF_BUFG_inst/I
    BUFGCTRL_X0Y0        BUFG (Prop_bufg_I_O)         0.096     3.521 r  clk_IBUF_BUFG_inst/O
                         net (fo=1714, routed)        1.637     5.158    cpu_inst/clk_IBUF_BUFG
    SLICE_X2Y7           FDRE                                         r  cpu_inst/ex_mem_reg_reg[rd][2]/C
  -------------------------------------------------------------------    -------------------
    SLICE_X2Y7           FDRE (Prop_fdre_C_Q)         0.518     5.676 r  cpu_inst/ex_mem_reg_reg[rd][2]/Q
                         net (fo=6, routed)           0.915     6.591    cpu_inst/dot4acc_pipeline_inst/pair1_reg_reg_15[2]
    SLICE_X2Y7                                                        r  cpu_inst/dot4acc_pipeline_inst/product2_reg_reg_i_57/I0
    SLICE_X2Y7           LUT5 (Prop_lut5_I0_O)        0.124     6.715 f  cpu_inst/dot4acc_pipeline_inst/product2_reg_reg_i_57/O
                         net (fo=2, routed)           0.507     7.222    cpu_inst/dot4acc_pipeline_inst/product2_reg_reg_i_57_n_0
    SLICE_X3Y7                                                        f  cpu_inst/dot4acc_pipeline_inst/product2_reg_reg_i_66/I0
    SLICE_X3Y7           LUT4 (Prop_lut4_I0_O)        0.124     7.346 f  cpu_inst/dot4acc_pipeline_inst/product2_reg_reg_i_66/O
                         net (fo=3, routed)           0.748     8.095    cpu_inst/dot4acc_pipeline_inst/ex_mem_reg_reg[valid]_0
    SLICE_X8Y7                                                        f  cpu_inst/dot4acc_pipeline_inst/product2_reg_reg_i_36/I0
    SLICE_X8Y7           LUT6 (Prop_lut6_I0_O)        0.124     8.219 r  cpu_inst/dot4acc_pipeline_inst/product2_reg_reg_i_36/O
                         net (fo=41, routed)          0.984     9.202    cpu_inst/data_mem_inst/product0_reg_reg
    SLICE_X7Y5                                                        r  cpu_inst/data_mem_inst/ex_mem_reg[alu_result][0]_i_5/I0
    SLICE_X7Y5           LUT5 (Prop_lut5_I0_O)        0.124     9.326 r  cpu_inst/data_mem_inst/ex_mem_reg[alu_result][0]_i_5/O
                         net (fo=4, routed)           1.108    10.435    cpu_inst/dot4acc_pipeline_inst/ex_mem_reg_reg[alu_result][0]_1
    SLICE_X7Y8                                                        r  cpu_inst/dot4acc_pipeline_inst/led_OBUF[12]_inst_i_18/I0
    SLICE_X7Y8           LUT6 (Prop_lut6_I0_O)        0.124    10.559 r  cpu_inst/dot4acc_pipeline_inst/led_OBUF[12]_inst_i_18/O
                         net (fo=1, routed)           0.000    10.559    cpu_inst/dot4acc_pipeline_inst/led_OBUF[12]_inst_i_18_n_0
    SLICE_X7Y8                                                        r  cpu_inst/dot4acc_pipeline_inst/led_OBUF[12]_inst_i_10/S[0]
    SLICE_X7Y8           CARRY4 (Prop_carry4_S[0]_CO[3])
                                                      0.532    11.091 r  cpu_inst/dot4acc_pipeline_inst/led_OBUF[12]_inst_i_10/CO[3]
                         net (fo=1, routed)           0.000    11.091    cpu_inst/dot4acc_pipeline_inst/led_OBUF[12]_inst_i_10_n_0
    SLICE_X7Y9                                                        r  cpu_inst/dot4acc_pipeline_inst/led_OBUF[12]_inst_i_6/CI
    SLICE_X7Y9           CARRY4 (Prop_carry4_CI_CO[3])
                                                      0.114    11.205 r  cpu_inst/dot4acc_pipeline_inst/led_OBUF[12]_inst_i_6/CO[3]
                         net (fo=1, routed)           0.000    11.205    cpu_inst/dot4acc_pipeline_inst/led_OBUF[12]_inst_i_6_n_0
    SLICE_X7Y10                                                       r  cpu_inst/dot4acc_pipeline_inst/led_OBUF[12]_inst_i_3/CI
    SLICE_X7Y10          CARRY4 (Prop_carry4_CI_CO[2])
                                                      0.228    11.433 f  cpu_inst/dot4acc_pipeline_inst/led_OBUF[12]_inst_i_3/CO[2]
                         net (fo=17, routed)          0.629    12.062    cpu_inst/dot4acc_pipeline_inst/ex_branch_taken073_in
    SLICE_X7Y12                                                       f  cpu_inst/dot4acc_pipeline_inst/product2_reg_reg_i_19/I2
    SLICE_X7Y12          LUT4 (Prop_lut4_I2_O)        0.313    12.375 f  cpu_inst/dot4acc_pipeline_inst/product2_reg_reg_i_19/O
                         net (fo=40, routed)          0.733    13.109    cpu_inst/dot4acc_pipeline_inst/product2_reg_reg_i_19_n_0
    SLICE_X9Y17                                                       f  cpu_inst/dot4acc_pipeline_inst/product2_reg_reg_i_1/I1
    SLICE_X9Y17          LUT6 (Prop_lut6_I1_O)        0.124    13.233 r  cpu_inst/dot4acc_pipeline_inst/product2_reg_reg_i_1/O
                         net (fo=56, routed)          0.273    13.505    cpu_inst/dot4acc_pipeline_inst/redirect_pending_valid_reg
    SLICE_X9Y17                                                       r  cpu_inst/dot4acc_pipeline_inst/dot_issue_reg[accumulator][31]_i_1/I4
    SLICE_X9Y17          LUT5 (Prop_lut5_I4_O)        0.124    13.629 r  cpu_inst/dot4acc_pipeline_inst/dot_issue_reg[accumulator][31]_i_1/O
                         net (fo=32, routed)          0.725    14.355    cpu_inst/dot4acc_pipeline_inst_n_44
    SLICE_X12Y16         FDRE                                         r  cpu_inst/dot_issue_reg_reg[accumulator][7]/R
  -------------------------------------------------------------------    -------------------

                         (clock sys_clk_pin rise edge)
                                                     10.000    10.000 r  <hidden>
    W5                                                0.000    10.000 r  clk
                         net (fo=0)                   0.000    10.000    clk
    W5                                                                r  clk_IBUF_inst/I
    W5                   IBUF (Prop_ibuf_I_O)         1.388    11.388 r  clk_IBUF_inst/O
                         net (fo=1, routed)           1.862    13.250    clk_IBUF
    BUFGCTRL_X0Y0                                                     r  clk_IBUF_BUFG_inst/I
    BUFGCTRL_X0Y0        BUFG (Prop_bufg_I_O)         0.091    13.341 r  clk_IBUF_BUFG_inst/O
                         net (fo=1714, routed)        1.443    14.784    cpu_inst/clk_IBUF_BUFG
    SLICE_X12Y16         FDRE                                         r  cpu_inst/dot_issue_reg_reg[accumulator][7]/C
                         clock pessimism              0.260    15.044    <hidden>
                         clock uncertainty           -0.035    15.009    <hidden>
    SLICE_X12Y16         FDRE (Setup_fdre_C_R)       -0.524    14.485    cpu_inst/dot_issue_reg_reg[accumulator][7]
  -------------------------------------------------------------------
                         required time                         14.485    <hidden>
                         arrival time                         -14.355    <hidden>
  -------------------------------------------------------------------
                         slack                                  0.130    <hidden>

Slack (MET) :             0.146ns  (required time - arrival time)
  Source:                 cpu_inst/ex_mem_reg_reg[rd][2]/C
                            (rising edge-triggered cell FDRE clocked by sys_clk_pin  {rise@0.000ns fall@5.000ns period=10.000ns})
  Destination:            cpu_inst/dot_issue_reg_reg[accumulator][12]/R
                            (rising edge-triggered cell FDRE clocked by sys_clk_pin  {rise@0.000ns fall@5.000ns period=10.000ns})
  Path Group:             sys_clk_pin
  Path Type:              Setup (Max at Slow Process Corner)
  Requirement:            10.000ns  (sys_clk_pin rise@10.000ns - sys_clk_pin rise@0.000ns)
  Data Path Delay:        9.275ns  (logic 2.573ns (27.742%)  route 6.702ns (72.258%))
  Logic Levels:           11  (CARRY4=3 LUT4=2 LUT5=3 LUT6=3)
  Clock Path Skew:        -0.115ns (DCD - SCD + CPR)
    Destination Clock Delay (DCD):    4.783ns = ( 14.783 - 10.000 ) 
    Source Clock Delay      (SCD):    5.158ns
    Clock Pessimism Removal (CPR):    0.260ns
  Clock Uncertainty:      0.035ns  ((TSJ^2 + TIJ^2)^1/2 + DJ) / 2 + PE
    Total System Jitter     (TSJ):    0.071ns
    Total Input Jitter      (TIJ):    0.000ns
    Discrete Jitter          (DJ):    0.000ns
    Phase Error              (PE):    0.000ns

    Location             Delay type                Incr(ns)  Path(ns)    Netlist Resource(s)
  -------------------------------------------------------------------    -------------------
                         (clock sys_clk_pin rise edge)
                                                      0.000     0.000 r  <hidden>
    W5                                                0.000     0.000 r  clk
                         net (fo=0)                   0.000     0.000    clk
    W5                                                                r  clk_IBUF_inst/I
    W5                   IBUF (Prop_ibuf_I_O)         1.458     1.458 r  clk_IBUF_inst/O
                         net (fo=1, routed)           1.967     3.425    clk_IBUF
    BUFGCTRL_X0Y0                                                     r  clk_IBUF_BUFG_inst/I
    BUFGCTRL_X0Y0        BUFG (Prop_bufg_I_O)         0.096     3.521 r  clk_IBUF_BUFG_inst/O
                         net (fo=1714, routed)        1.637     5.158    cpu_inst/clk_IBUF_BUFG
    SLICE_X2Y7           FDRE                                         r  cpu_inst/ex_mem_reg_reg[rd][2]/C
  -------------------------------------------------------------------    -------------------
    SLICE_X2Y7           FDRE (Prop_fdre_C_Q)         0.518     5.676 r  cpu_inst/ex_mem_reg_reg[rd][2]/Q
                         net (fo=6, routed)           0.915     6.591    cpu_inst/dot4acc_pipeline_inst/pair1_reg_reg_15[2]
    SLICE_X2Y7                                                        r  cpu_inst/dot4acc_pipeline_inst/product2_reg_reg_i_57/I0
    SLICE_X2Y7           LUT5 (Prop_lut5_I0_O)        0.124     6.715 f  cpu_inst/dot4acc_pipeline_inst/product2_reg_reg_i_57/O
                         net (fo=2, routed)           0.507     7.222    cpu_inst/dot4acc_pipeline_inst/product2_reg_reg_i_57_n_0
    SLICE_X3Y7                                                        f  cpu_inst/dot4acc_pipeline_inst/product2_reg_reg_i_66/I0
    SLICE_X3Y7           LUT4 (Prop_lut4_I0_O)        0.124     7.346 f  cpu_inst/dot4acc_pipeline_inst/product2_reg_reg_i_66/O
                         net (fo=3, routed)           0.748     8.095    cpu_inst/dot4acc_pipeline_inst/ex_mem_reg_reg[valid]_0
    SLICE_X8Y7                                                        f  cpu_inst/dot4acc_pipeline_inst/product2_reg_reg_i_36/I0
    SLICE_X8Y7           LUT6 (Prop_lut6_I0_O)        0.124     8.219 r  cpu_inst/dot4acc_pipeline_inst/product2_reg_reg_i_36/O
                         net (fo=41, routed)          0.984     9.202    cpu_inst/data_mem_inst/product0_reg_reg
    SLICE_X7Y5                                                        r  cpu_inst/data_mem_inst/ex_mem_reg[alu_result][0]_i_5/I0
    SLICE_X7Y5           LUT5 (Prop_lut5_I0_O)        0.124     9.326 r  cpu_inst/data_mem_inst/ex_mem_reg[alu_result][0]_i_5/O
                         net (fo=4, routed)           1.108    10.435    cpu_inst/dot4acc_pipeline_inst/ex_mem_reg_reg[alu_result][0]_1
    SLICE_X7Y8                                                        r  cpu_inst/dot4acc_pipeline_inst/led_OBUF[12]_inst_i_18/I0
    SLICE_X7Y8           LUT6 (Prop_lut6_I0_O)        0.124    10.559 r  cpu_inst/dot4acc_pipeline_inst/led_OBUF[12]_inst_i_18/O
                         net (fo=1, routed)           0.000    10.559    cpu_inst/dot4acc_pipeline_inst/led_OBUF[12]_inst_i_18_n_0
    SLICE_X7Y8                                                        r  cpu_inst/dot4acc_pipeline_inst/led_OBUF[12]_inst_i_10/S[0]
    SLICE_X7Y8           CARRY4 (Prop_carry4_S[0]_CO[3])
                                                      0.532    11.091 r  cpu_inst/dot4acc_pipeline_inst/led_OBUF[12]_inst_i_10/CO[3]
                         net (fo=1, routed)           0.000    11.091    cpu_inst/dot4acc_pipeline_inst/led_OBUF[12]_inst_i_10_n_0
    SLICE_X7Y9                                                        r  cpu_inst/dot4acc_pipeline_inst/led_OBUF[12]_inst_i_6/CI
    SLICE_X7Y9           CARRY4 (Prop_carry4_CI_CO[3])
                                                      0.114    11.205 r  cpu_inst/dot4acc_pipeline_inst/led_OBUF[12]_inst_i_6/CO[3]
                         net (fo=1, routed)           0.000    11.205    cpu_inst/dot4acc_pipeline_inst/led_OBUF[12]_inst_i_6_n_0
    SLICE_X7Y10                                                       r  cpu_inst/dot4acc_pipeline_inst/led_OBUF[12]_inst_i_3/CI
    SLICE_X7Y10          CARRY4 (Prop_carry4_CI_CO[2])
                                                      0.228    11.433 f  cpu_inst/dot4acc_pipeline_inst/led_OBUF[12]_inst_i_3/CO[2]
                         net (fo=17, routed)          0.629    12.062    cpu_inst/dot4acc_pipeline_inst/ex_branch_taken073_in
    SLICE_X7Y12                                                       f  cpu_inst/dot4acc_pipeline_inst/product2_reg_reg_i_19/I2
    SLICE_X7Y12          LUT4 (Prop_lut4_I2_O)        0.313    12.375 f  cpu_inst/dot4acc_pipeline_inst/product2_reg_reg_i_19/O
                         net (fo=40, routed)          0.733    13.109    cpu_inst/dot4acc_pipeline_inst/product2_reg_reg_i_19_n_0
    SLICE_X9Y17                                                       f  cpu_inst/dot4acc_pipeline_inst/product2_reg_reg_i_1/I1
    SLICE_X9Y17          LUT6 (Prop_lut6_I1_O)        0.124    13.233 r  cpu_inst/dot4acc_pipeline_inst/product2_reg_reg_i_1/O
                         net (fo=56, routed)          0.273    13.505    cpu_inst/dot4acc_pipeline_inst/redirect_pending_valid_reg
    SLICE_X9Y17                                                       r  cpu_inst/dot4acc_pipeline_inst/dot_issue_reg[accumulator][31]_i_1/I4
    SLICE_X9Y17          LUT5 (Prop_lut5_I4_O)        0.124    13.629 r  cpu_inst/dot4acc_pipeline_inst/dot_issue_reg[accumulator][31]_i_1/O
                         net (fo=32, routed)          0.803    14.433    cpu_inst/dot4acc_pipeline_inst_n_44
    SLICE_X9Y17          FDRE                                         r  cpu_inst/dot_issue_reg_reg[accumulator][12]/R
  -------------------------------------------------------------------    -------------------

                         (clock sys_clk_pin rise edge)
                                                     10.000    10.000 r  <hidden>
    W5                                                0.000    10.000 r  clk
                         net (fo=0)                   0.000    10.000    clk
    W5                                                                r  clk_IBUF_inst/I
    W5                   IBUF (Prop_ibuf_I_O)         1.388    11.388 r  clk_IBUF_inst/O
                         net (fo=1, routed)           1.862    13.250    clk_IBUF
    BUFGCTRL_X0Y0                                                     r  clk_IBUF_BUFG_inst/I
    BUFGCTRL_X0Y0        BUFG (Prop_bufg_I_O)         0.091    13.341 r  clk_IBUF_BUFG_inst/O
                         net (fo=1714, routed)        1.442    14.783    cpu_inst/clk_IBUF_BUFG
    SLICE_X9Y17          FDRE                                         r  cpu_inst/dot_issue_reg_reg[accumulator][12]/C
                         clock pessimism              0.260    15.043    <hidden>
                         clock uncertainty           -0.035    15.008    <hidden>
    SLICE_X9Y17          FDRE (Setup_fdre_C_R)       -0.429    14.579    cpu_inst/dot_issue_reg_reg[accumulator][12]
  -------------------------------------------------------------------
                         required time                         14.579    <hidden>
                         arrival time                         -14.433    <hidden>
  -------------------------------------------------------------------
                         slack                                  0.146    <hidden>

Slack (MET) :             0.146ns  (required time - arrival time)
  Source:                 cpu_inst/ex_mem_reg_reg[rd][2]/C
                            (rising edge-triggered cell FDRE clocked by sys_clk_pin  {rise@0.000ns fall@5.000ns period=10.000ns})
  Destination:            cpu_inst/dot_issue_reg_reg[accumulator][15]/R
                            (rising edge-triggered cell FDRE clocked by sys_clk_pin  {rise@0.000ns fall@5.000ns period=10.000ns})
  Path Group:             sys_clk_pin
  Path Type:              Setup (Max at Slow Process Corner)
  Requirement:            10.000ns  (sys_clk_pin rise@10.000ns - sys_clk_pin rise@0.000ns)
  Data Path Delay:        9.275ns  (logic 2.573ns (27.742%)  route 6.702ns (72.258%))
  Logic Levels:           11  (CARRY4=3 LUT4=2 LUT5=3 LUT6=3)
  Clock Path Skew:        -0.115ns (DCD - SCD + CPR)
    Destination Clock Delay (DCD):    4.783ns = ( 14.783 - 10.000 ) 
    Source Clock Delay      (SCD):    5.158ns
    Clock Pessimism Removal (CPR):    0.260ns
  Clock Uncertainty:      0.035ns  ((TSJ^2 + TIJ^2)^1/2 + DJ) / 2 + PE
    Total System Jitter     (TSJ):    0.071ns
    Total Input Jitter      (TIJ):    0.000ns
    Discrete Jitter          (DJ):    0.000ns
    Phase Error              (PE):    0.000ns

    Location             Delay type                Incr(ns)  Path(ns)    Netlist Resource(s)
  -------------------------------------------------------------------    -------------------
                         (clock sys_clk_pin rise edge)
                                                      0.000     0.000 r  <hidden>
    W5                                                0.000     0.000 r  clk
                         net (fo=0)                   0.000     0.000    clk
    W5                                                                r  clk_IBUF_inst/I
    W5                   IBUF (Prop_ibuf_I_O)         1.458     1.458 r  clk_IBUF_inst/O
                         net (fo=1, routed)           1.967     3.425    clk_IBUF
    BUFGCTRL_X0Y0                                                     r  clk_IBUF_BUFG_inst/I
    BUFGCTRL_X0Y0        BUFG (Prop_bufg_I_O)         0.096     3.521 r  clk_IBUF_BUFG_inst/O
                         net (fo=1714, routed)        1.637     5.158    cpu_inst/clk_IBUF_BUFG
    SLICE_X2Y7           FDRE                                         r  cpu_inst/ex_mem_reg_reg[rd][2]/C
  -------------------------------------------------------------------    -------------------
    SLICE_X2Y7           FDRE (Prop_fdre_C_Q)         0.518     5.676 r  cpu_inst/ex_mem_reg_reg[rd][2]/Q
                         net (fo=6, routed)           0.915     6.591    cpu_inst/dot4acc_pipeline_inst/pair1_reg_reg_15[2]
    SLICE_X2Y7                                                        r  cpu_inst/dot4acc_pipeline_inst/product2_reg_reg_i_57/I0
    SLICE_X2Y7           LUT5 (Prop_lut5_I0_O)        0.124     6.715 f  cpu_inst/dot4acc_pipeline_inst/product2_reg_reg_i_57/O
                         net (fo=2, routed)           0.507     7.222    cpu_inst/dot4acc_pipeline_inst/product2_reg_reg_i_57_n_0
    SLICE_X3Y7                                                        f  cpu_inst/dot4acc_pipeline_inst/product2_reg_reg_i_66/I0
    SLICE_X3Y7           LUT4 (Prop_lut4_I0_O)        0.124     7.346 f  cpu_inst/dot4acc_pipeline_inst/product2_reg_reg_i_66/O
                         net (fo=3, routed)           0.748     8.095    cpu_inst/dot4acc_pipeline_inst/ex_mem_reg_reg[valid]_0
    SLICE_X8Y7                                                        f  cpu_inst/dot4acc_pipeline_inst/product2_reg_reg_i_36/I0
    SLICE_X8Y7           LUT6 (Prop_lut6_I0_O)        0.124     8.219 r  cpu_inst/dot4acc_pipeline_inst/product2_reg_reg_i_36/O
                         net (fo=41, routed)          0.984     9.202    cpu_inst/data_mem_inst/product0_reg_reg
    SLICE_X7Y5                                                        r  cpu_inst/data_mem_inst/ex_mem_reg[alu_result][0]_i_5/I0
    SLICE_X7Y5           LUT5 (Prop_lut5_I0_O)        0.124     9.326 r  cpu_inst/data_mem_inst/ex_mem_reg[alu_result][0]_i_5/O
                         net (fo=4, routed)           1.108    10.435    cpu_inst/dot4acc_pipeline_inst/ex_mem_reg_reg[alu_result][0]_1
    SLICE_X7Y8                                                        r  cpu_inst/dot4acc_pipeline_inst/led_OBUF[12]_inst_i_18/I0
    SLICE_X7Y8           LUT6 (Prop_lut6_I0_O)        0.124    10.559 r  cpu_inst/dot4acc_pipeline_inst/led_OBUF[12]_inst_i_18/O
                         net (fo=1, routed)           0.000    10.559    cpu_inst/dot4acc_pipeline_inst/led_OBUF[12]_inst_i_18_n_0
    SLICE_X7Y8                                                        r  cpu_inst/dot4acc_pipeline_inst/led_OBUF[12]_inst_i_10/S[0]
    SLICE_X7Y8           CARRY4 (Prop_carry4_S[0]_CO[3])
                                                      0.532    11.091 r  cpu_inst/dot4acc_pipeline_inst/led_OBUF[12]_inst_i_10/CO[3]
                         net (fo=1, routed)           0.000    11.091    cpu_inst/dot4acc_pipeline_inst/led_OBUF[12]_inst_i_10_n_0
    SLICE_X7Y9                                                        r  cpu_inst/dot4acc_pipeline_inst/led_OBUF[12]_inst_i_6/CI
    SLICE_X7Y9           CARRY4 (Prop_carry4_CI_CO[3])
                                                      0.114    11.205 r  cpu_inst/dot4acc_pipeline_inst/led_OBUF[12]_inst_i_6/CO[3]
                         net (fo=1, routed)           0.000    11.205    cpu_inst/dot4acc_pipeline_inst/led_OBUF[12]_inst_i_6_n_0
    SLICE_X7Y10                                                       r  cpu_inst/dot4acc_pipeline_inst/led_OBUF[12]_inst_i_3/CI
    SLICE_X7Y10          CARRY4 (Prop_carry4_CI_CO[2])
                                                      0.228    11.433 f  cpu_inst/dot4acc_pipeline_inst/led_OBUF[12]_inst_i_3/CO[2]
                         net (fo=17, routed)          0.629    12.062    cpu_inst/dot4acc_pipeline_inst/ex_branch_taken073_in
    SLICE_X7Y12                                                       f  cpu_inst/dot4acc_pipeline_inst/product2_reg_reg_i_19/I2
    SLICE_X7Y12          LUT4 (Prop_lut4_I2_O)        0.313    12.375 f  cpu_inst/dot4acc_pipeline_inst/product2_reg_reg_i_19/O
                         net (fo=40, routed)          0.733    13.109    cpu_inst/dot4acc_pipeline_inst/product2_reg_reg_i_19_n_0
    SLICE_X9Y17                                                       f  cpu_inst/dot4acc_pipeline_inst/product2_reg_reg_i_1/I1
    SLICE_X9Y17          LUT6 (Prop_lut6_I1_O)        0.124    13.233 r  cpu_inst/dot4acc_pipeline_inst/product2_reg_reg_i_1/O
                         net (fo=56, routed)          0.273    13.505    cpu_inst/dot4acc_pipeline_inst/redirect_pending_valid_reg
    SLICE_X9Y17                                                       r  cpu_inst/dot4acc_pipeline_inst/dot_issue_reg[accumulator][31]_i_1/I4
    SLICE_X9Y17          LUT5 (Prop_lut5_I4_O)        0.124    13.629 r  cpu_inst/dot4acc_pipeline_inst/dot_issue_reg[accumulator][31]_i_1/O
                         net (fo=32, routed)          0.803    14.433    cpu_inst/dot4acc_pipeline_inst_n_44
    SLICE_X9Y17          FDRE                                         r  cpu_inst/dot_issue_reg_reg[accumulator][15]/R
  -------------------------------------------------------------------    -------------------

                         (clock sys_clk_pin rise edge)
                                                     10.000    10.000 r  <hidden>
    W5                                                0.000    10.000 r  clk
                         net (fo=0)                   0.000    10.000    clk
    W5                                                                r  clk_IBUF_inst/I
    W5                   IBUF (Prop_ibuf_I_O)         1.388    11.388 r  clk_IBUF_inst/O
                         net (fo=1, routed)           1.862    13.250    clk_IBUF
    BUFGCTRL_X0Y0                                                     r  clk_IBUF_BUFG_inst/I
    BUFGCTRL_X0Y0        BUFG (Prop_bufg_I_O)         0.091    13.341 r  clk_IBUF_BUFG_inst/O
                         net (fo=1714, routed)        1.442    14.783    cpu_inst/clk_IBUF_BUFG
    SLICE_X9Y17          FDRE                                         r  cpu_inst/dot_issue_reg_reg[accumulator][15]/C
                         clock pessimism              0.260    15.043    <hidden>
                         clock uncertainty           -0.035    15.008    <hidden>
    SLICE_X9Y17          FDRE (Setup_fdre_C_R)       -0.429    14.579    cpu_inst/dot_issue_reg_reg[accumulator][15]
  -------------------------------------------------------------------
                         required time                         14.579    <hidden>
                         arrival time                         -14.433    <hidden>
  -------------------------------------------------------------------
                         slack                                  0.146    <hidden>

Slack (MET) :             0.146ns  (required time - arrival time)
  Source:                 cpu_inst/ex_mem_reg_reg[rd][2]/C
                            (rising edge-triggered cell FDRE clocked by sys_clk_pin  {rise@0.000ns fall@5.000ns period=10.000ns})
  Destination:            cpu_inst/dot_issue_reg_reg[accumulator][19]/R
                            (rising edge-triggered cell FDRE clocked by sys_clk_pin  {rise@0.000ns fall@5.000ns period=10.000ns})
  Path Group:             sys_clk_pin
  Path Type:              Setup (Max at Slow Process Corner)
  Requirement:            10.000ns  (sys_clk_pin rise@10.000ns - sys_clk_pin rise@0.000ns)
  Data Path Delay:        9.275ns  (logic 2.573ns (27.742%)  route 6.702ns (72.258%))
  Logic Levels:           11  (CARRY4=3 LUT4=2 LUT5=3 LUT6=3)
  Clock Path Skew:        -0.115ns (DCD - SCD + CPR)
    Destination Clock Delay (DCD):    4.783ns = ( 14.783 - 10.000 ) 
    Source Clock Delay      (SCD):    5.158ns
    Clock Pessimism Removal (CPR):    0.260ns
  Clock Uncertainty:      0.035ns  ((TSJ^2 + TIJ^2)^1/2 + DJ) / 2 + PE
    Total System Jitter     (TSJ):    0.071ns
    Total Input Jitter      (TIJ):    0.000ns
    Discrete Jitter          (DJ):    0.000ns
    Phase Error              (PE):    0.000ns

    Location             Delay type                Incr(ns)  Path(ns)    Netlist Resource(s)
  -------------------------------------------------------------------    -------------------
                         (clock sys_clk_pin rise edge)
                                                      0.000     0.000 r  <hidden>
    W5                                                0.000     0.000 r  clk
                         net (fo=0)                   0.000     0.000    clk
    W5                                                                r  clk_IBUF_inst/I
    W5                   IBUF (Prop_ibuf_I_O)         1.458     1.458 r  clk_IBUF_inst/O
                         net (fo=1, routed)           1.967     3.425    clk_IBUF
    BUFGCTRL_X0Y0                                                     r  clk_IBUF_BUFG_inst/I
    BUFGCTRL_X0Y0        BUFG (Prop_bufg_I_O)         0.096     3.521 r  clk_IBUF_BUFG_inst/O
                         net (fo=1714, routed)        1.637     5.158    cpu_inst/clk_IBUF_BUFG
    SLICE_X2Y7           FDRE                                         r  cpu_inst/ex_mem_reg_reg[rd][2]/C
  -------------------------------------------------------------------    -------------------
    SLICE_X2Y7           FDRE (Prop_fdre_C_Q)         0.518     5.676 r  cpu_inst/ex_mem_reg_reg[rd][2]/Q
                         net (fo=6, routed)           0.915     6.591    cpu_inst/dot4acc_pipeline_inst/pair1_reg_reg_15[2]
    SLICE_X2Y7                                                        r  cpu_inst/dot4acc_pipeline_inst/product2_reg_reg_i_57/I0
    SLICE_X2Y7           LUT5 (Prop_lut5_I0_O)        0.124     6.715 f  cpu_inst/dot4acc_pipeline_inst/product2_reg_reg_i_57/O
                         net (fo=2, routed)           0.507     7.222    cpu_inst/dot4acc_pipeline_inst/product2_reg_reg_i_57_n_0
    SLICE_X3Y7                                                        f  cpu_inst/dot4acc_pipeline_inst/product2_reg_reg_i_66/I0
    SLICE_X3Y7           LUT4 (Prop_lut4_I0_O)        0.124     7.346 f  cpu_inst/dot4acc_pipeline_inst/product2_reg_reg_i_66/O
                         net (fo=3, routed)           0.748     8.095    cpu_inst/dot4acc_pipeline_inst/ex_mem_reg_reg[valid]_0
    SLICE_X8Y7                                                        f  cpu_inst/dot4acc_pipeline_inst/product2_reg_reg_i_36/I0
    SLICE_X8Y7           LUT6 (Prop_lut6_I0_O)        0.124     8.219 r  cpu_inst/dot4acc_pipeline_inst/product2_reg_reg_i_36/O
                         net (fo=41, routed)          0.984     9.202    cpu_inst/data_mem_inst/product0_reg_reg
    SLICE_X7Y5                                                        r  cpu_inst/data_mem_inst/ex_mem_reg[alu_result][0]_i_5/I0
    SLICE_X7Y5           LUT5 (Prop_lut5_I0_O)        0.124     9.326 r  cpu_inst/data_mem_inst/ex_mem_reg[alu_result][0]_i_5/O
                         net (fo=4, routed)           1.108    10.435    cpu_inst/dot4acc_pipeline_inst/ex_mem_reg_reg[alu_result][0]_1
    SLICE_X7Y8                                                        r  cpu_inst/dot4acc_pipeline_inst/led_OBUF[12]_inst_i_18/I0
    SLICE_X7Y8           LUT6 (Prop_lut6_I0_O)        0.124    10.559 r  cpu_inst/dot4acc_pipeline_inst/led_OBUF[12]_inst_i_18/O
                         net (fo=1, routed)           0.000    10.559    cpu_inst/dot4acc_pipeline_inst/led_OBUF[12]_inst_i_18_n_0
    SLICE_X7Y8                                                        r  cpu_inst/dot4acc_pipeline_inst/led_OBUF[12]_inst_i_10/S[0]
    SLICE_X7Y8           CARRY4 (Prop_carry4_S[0]_CO[3])
                                                      0.532    11.091 r  cpu_inst/dot4acc_pipeline_inst/led_OBUF[12]_inst_i_10/CO[3]
                         net (fo=1, routed)           0.000    11.091    cpu_inst/dot4acc_pipeline_inst/led_OBUF[12]_inst_i_10_n_0
    SLICE_X7Y9                                                        r  cpu_inst/dot4acc_pipeline_inst/led_OBUF[12]_inst_i_6/CI
    SLICE_X7Y9           CARRY4 (Prop_carry4_CI_CO[3])
                                                      0.114    11.205 r  cpu_inst/dot4acc_pipeline_inst/led_OBUF[12]_inst_i_6/CO[3]
                         net (fo=1, routed)           0.000    11.205    cpu_inst/dot4acc_pipeline_inst/led_OBUF[12]_inst_i_6_n_0
    SLICE_X7Y10                                                       r  cpu_inst/dot4acc_pipeline_inst/led_OBUF[12]_inst_i_3/CI
    SLICE_X7Y10          CARRY4 (Prop_carry4_CI_CO[2])
                                                      0.228    11.433 f  cpu_inst/dot4acc_pipeline_inst/led_OBUF[12]_inst_i_3/CO[2]
                         net (fo=17, routed)          0.629    12.062    cpu_inst/dot4acc_pipeline_inst/ex_branch_taken073_in
    SLICE_X7Y12                                                       f  cpu_inst/dot4acc_pipeline_inst/product2_reg_reg_i_19/I2
    SLICE_X7Y12          LUT4 (Prop_lut4_I2_O)        0.313    12.375 f  cpu_inst/dot4acc_pipeline_inst/product2_reg_reg_i_19/O
                         net (fo=40, routed)          0.733    13.109    cpu_inst/dot4acc_pipeline_inst/product2_reg_reg_i_19_n_0
    SLICE_X9Y17                                                       f  cpu_inst/dot4acc_pipeline_inst/product2_reg_reg_i_1/I1
    SLICE_X9Y17          LUT6 (Prop_lut6_I1_O)        0.124    13.233 r  cpu_inst/dot4acc_pipeline_inst/product2_reg_reg_i_1/O
                         net (fo=56, routed)          0.273    13.505    cpu_inst/dot4acc_pipeline_inst/redirect_pending_valid_reg
    SLICE_X9Y17                                                       r  cpu_inst/dot4acc_pipeline_inst/dot_issue_reg[accumulator][31]_i_1/I4
    SLICE_X9Y17          LUT5 (Prop_lut5_I4_O)        0.124    13.629 r  cpu_inst/dot4acc_pipeline_inst/dot_issue_reg[accumulator][31]_i_1/O
                         net (fo=32, routed)          0.803    14.433    cpu_inst/dot4acc_pipeline_inst_n_44
    SLICE_X9Y17          FDRE                                         r  cpu_inst/dot_issue_reg_reg[accumulator][19]/R
  -------------------------------------------------------------------    -------------------

                         (clock sys_clk_pin rise edge)
                                                     10.000    10.000 r  <hidden>
    W5                                                0.000    10.000 r  clk
                         net (fo=0)                   0.000    10.000    clk
    W5                                                                r  clk_IBUF_inst/I
    W5                   IBUF (Prop_ibuf_I_O)         1.388    11.388 r  clk_IBUF_inst/O
                         net (fo=1, routed)           1.862    13.250    clk_IBUF
    BUFGCTRL_X0Y0                                                     r  clk_IBUF_BUFG_inst/I
    BUFGCTRL_X0Y0        BUFG (Prop_bufg_I_O)         0.091    13.341 r  clk_IBUF_BUFG_inst/O
                         net (fo=1714, routed)        1.442    14.783    cpu_inst/clk_IBUF_BUFG
    SLICE_X9Y17          FDRE                                         r  cpu_inst/dot_issue_reg_reg[accumulator][19]/C
                         clock pessimism              0.260    15.043    <hidden>
                         clock uncertainty           -0.035    15.008    <hidden>
    SLICE_X9Y17          FDRE (Setup_fdre_C_R)       -0.429    14.579    cpu_inst/dot_issue_reg_reg[accumulator][19]
  -------------------------------------------------------------------
                         required time                         14.579    <hidden>
                         arrival time                         -14.433    <hidden>
  -------------------------------------------------------------------
                         slack                                  0.146    <hidden>

Slack (MET) :             0.146ns  (required time - arrival time)
  Source:                 cpu_inst/ex_mem_reg_reg[rd][2]/C
                            (rising edge-triggered cell FDRE clocked by sys_clk_pin  {rise@0.000ns fall@5.000ns period=10.000ns})
  Destination:            cpu_inst/dot_issue_reg_reg[accumulator][27]/R
                            (rising edge-triggered cell FDRE clocked by sys_clk_pin  {rise@0.000ns fall@5.000ns period=10.000ns})
  Path Group:             sys_clk_pin
  Path Type:              Setup (Max at Slow Process Corner)
  Requirement:            10.000ns  (sys_clk_pin rise@10.000ns - sys_clk_pin rise@0.000ns)
  Data Path Delay:        9.275ns  (logic 2.573ns (27.742%)  route 6.702ns (72.258%))
  Logic Levels:           11  (CARRY4=3 LUT4=2 LUT5=3 LUT6=3)
  Clock Path Skew:        -0.115ns (DCD - SCD + CPR)
    Destination Clock Delay (DCD):    4.783ns = ( 14.783 - 10.000 ) 
    Source Clock Delay      (SCD):    5.158ns
    Clock Pessimism Removal (CPR):    0.260ns
  Clock Uncertainty:      0.035ns  ((TSJ^2 + TIJ^2)^1/2 + DJ) / 2 + PE
    Total System Jitter     (TSJ):    0.071ns
    Total Input Jitter      (TIJ):    0.000ns
    Discrete Jitter          (DJ):    0.000ns
    Phase Error              (PE):    0.000ns

    Location             Delay type                Incr(ns)  Path(ns)    Netlist Resource(s)
  -------------------------------------------------------------------    -------------------
                         (clock sys_clk_pin rise edge)
                                                      0.000     0.000 r  <hidden>
    W5                                                0.000     0.000 r  clk
                         net (fo=0)                   0.000     0.000    clk
    W5                                                                r  clk_IBUF_inst/I
    W5                   IBUF (Prop_ibuf_I_O)         1.458     1.458 r  clk_IBUF_inst/O
                         net (fo=1, routed)           1.967     3.425    clk_IBUF
    BUFGCTRL_X0Y0                                                     r  clk_IBUF_BUFG_inst/I
    BUFGCTRL_X0Y0        BUFG (Prop_bufg_I_O)         0.096     3.521 r  clk_IBUF_BUFG_inst/O
                         net (fo=1714, routed)        1.637     5.158    cpu_inst/clk_IBUF_BUFG
    SLICE_X2Y7           FDRE                                         r  cpu_inst/ex_mem_reg_reg[rd][2]/C
  -------------------------------------------------------------------    -------------------
    SLICE_X2Y7           FDRE (Prop_fdre_C_Q)         0.518     5.676 r  cpu_inst/ex_mem_reg_reg[rd][2]/Q
                         net (fo=6, routed)           0.915     6.591    cpu_inst/dot4acc_pipeline_inst/pair1_reg_reg_15[2]
    SLICE_X2Y7                                                        r  cpu_inst/dot4acc_pipeline_inst/product2_reg_reg_i_57/I0
    SLICE_X2Y7           LUT5 (Prop_lut5_I0_O)        0.124     6.715 f  cpu_inst/dot4acc_pipeline_inst/product2_reg_reg_i_57/O
                         net (fo=2, routed)           0.507     7.222    cpu_inst/dot4acc_pipeline_inst/product2_reg_reg_i_57_n_0
    SLICE_X3Y7                                                        f  cpu_inst/dot4acc_pipeline_inst/product2_reg_reg_i_66/I0
    SLICE_X3Y7           LUT4 (Prop_lut4_I0_O)        0.124     7.346 f  cpu_inst/dot4acc_pipeline_inst/product2_reg_reg_i_66/O
                         net (fo=3, routed)           0.748     8.095    cpu_inst/dot4acc_pipeline_inst/ex_mem_reg_reg[valid]_0
    SLICE_X8Y7                                                        f  cpu_inst/dot4acc_pipeline_inst/product2_reg_reg_i_36/I0
    SLICE_X8Y7           LUT6 (Prop_lut6_I0_O)        0.124     8.219 r  cpu_inst/dot4acc_pipeline_inst/product2_reg_reg_i_36/O
                         net (fo=41, routed)          0.984     9.202    cpu_inst/data_mem_inst/product0_reg_reg
    SLICE_X7Y5                                                        r  cpu_inst/data_mem_inst/ex_mem_reg[alu_result][0]_i_5/I0
    SLICE_X7Y5           LUT5 (Prop_lut5_I0_O)        0.124     9.326 r  cpu_inst/data_mem_inst/ex_mem_reg[alu_result][0]_i_5/O
                         net (fo=4, routed)           1.108    10.435    cpu_inst/dot4acc_pipeline_inst/ex_mem_reg_reg[alu_result][0]_1
    SLICE_X7Y8                                                        r  cpu_inst/dot4acc_pipeline_inst/led_OBUF[12]_inst_i_18/I0
    SLICE_X7Y8           LUT6 (Prop_lut6_I0_O)        0.124    10.559 r  cpu_inst/dot4acc_pipeline_inst/led_OBUF[12]_inst_i_18/O
                         net (fo=1, routed)           0.000    10.559    cpu_inst/dot4acc_pipeline_inst/led_OBUF[12]_inst_i_18_n_0
    SLICE_X7Y8                                                        r  cpu_inst/dot4acc_pipeline_inst/led_OBUF[12]_inst_i_10/S[0]
    SLICE_X7Y8           CARRY4 (Prop_carry4_S[0]_CO[3])
                                                      0.532    11.091 r  cpu_inst/dot4acc_pipeline_inst/led_OBUF[12]_inst_i_10/CO[3]
                         net (fo=1, routed)           0.000    11.091    cpu_inst/dot4acc_pipeline_inst/led_OBUF[12]_inst_i_10_n_0
    SLICE_X7Y9                                                        r  cpu_inst/dot4acc_pipeline_inst/led_OBUF[12]_inst_i_6/CI
    SLICE_X7Y9           CARRY4 (Prop_carry4_CI_CO[3])
                                                      0.114    11.205 r  cpu_inst/dot4acc_pipeline_inst/led_OBUF[12]_inst_i_6/CO[3]
                         net (fo=1, routed)           0.000    11.205    cpu_inst/dot4acc_pipeline_inst/led_OBUF[12]_inst_i_6_n_0
    SLICE_X7Y10                                                       r  cpu_inst/dot4acc_pipeline_inst/led_OBUF[12]_inst_i_3/CI
    SLICE_X7Y10          CARRY4 (Prop_carry4_CI_CO[2])
                                                      0.228    11.433 f  cpu_inst/dot4acc_pipeline_inst/led_OBUF[12]_inst_i_3/CO[2]
                         net (fo=17, routed)          0.629    12.062    cpu_inst/dot4acc_pipeline_inst/ex_branch_taken073_in
    SLICE_X7Y12                                                       f  cpu_inst/dot4acc_pipeline_inst/product2_reg_reg_i_19/I2
    SLICE_X7Y12          LUT4 (Prop_lut4_I2_O)        0.313    12.375 f  cpu_inst/dot4acc_pipeline_inst/product2_reg_reg_i_19/O
                         net (fo=40, routed)          0.733    13.109    cpu_inst/dot4acc_pipeline_inst/product2_reg_reg_i_19_n_0
    SLICE_X9Y17                                                       f  cpu_inst/dot4acc_pipeline_inst/product2_reg_reg_i_1/I1
    SLICE_X9Y17          LUT6 (Prop_lut6_I1_O)        0.124    13.233 r  cpu_inst/dot4acc_pipeline_inst/product2_reg_reg_i_1/O
                         net (fo=56, routed)          0.273    13.505    cpu_inst/dot4acc_pipeline_inst/redirect_pending_valid_reg
    SLICE_X9Y17                                                       r  cpu_inst/dot4acc_pipeline_inst/dot_issue_reg[accumulator][31]_i_1/I4
    SLICE_X9Y17          LUT5 (Prop_lut5_I4_O)        0.124    13.629 r  cpu_inst/dot4acc_pipeline_inst/dot_issue_reg[accumulator][31]_i_1/O
                         net (fo=32, routed)          0.803    14.433    cpu_inst/dot4acc_pipeline_inst_n_44
    SLICE_X9Y17          FDRE                                         r  cpu_inst/dot_issue_reg_reg[accumulator][27]/R
  -------------------------------------------------------------------    -------------------

                         (clock sys_clk_pin rise edge)
                                                     10.000    10.000 r  <hidden>
    W5                                                0.000    10.000 r  clk
                         net (fo=0)                   0.000    10.000    clk
    W5                                                                r  clk_IBUF_inst/I
    W5                   IBUF (Prop_ibuf_I_O)         1.388    11.388 r  clk_IBUF_inst/O
                         net (fo=1, routed)           1.862    13.250    clk_IBUF
    BUFGCTRL_X0Y0                                                     r  clk_IBUF_BUFG_inst/I
    BUFGCTRL_X0Y0        BUFG (Prop_bufg_I_O)         0.091    13.341 r  clk_IBUF_BUFG_inst/O
                         net (fo=1714, routed)        1.442    14.783    cpu_inst/clk_IBUF_BUFG
    SLICE_X9Y17          FDRE                                         r  cpu_inst/dot_issue_reg_reg[accumulator][27]/C
                         clock pessimism              0.260    15.043    <hidden>
                         clock uncertainty           -0.035    15.008    <hidden>
    SLICE_X9Y17          FDRE (Setup_fdre_C_R)       -0.429    14.579    cpu_inst/dot_issue_reg_reg[accumulator][27]
  -------------------------------------------------------------------
                         required time                         14.579    <hidden>
                         arrival time                         -14.433    <hidden>
  -------------------------------------------------------------------
                         slack                                  0.146    <hidden>

Slack (MET) :             0.147ns  (required time - arrival time)
  Source:                 cpu_inst/ex_mem_reg_reg[rd][2]/C
                            (rising edge-triggered cell FDRE clocked by sys_clk_pin  {rise@0.000ns fall@5.000ns period=10.000ns})
  Destination:            cpu_inst/dot_issue_reg_reg[accumulator][16]/R
                            (rising edge-triggered cell FDRE clocked by sys_clk_pin  {rise@0.000ns fall@5.000ns period=10.000ns})
  Path Group:             sys_clk_pin
  Path Type:              Setup (Max at Slow Process Corner)
  Requirement:            10.000ns  (sys_clk_pin rise@10.000ns - sys_clk_pin rise@0.000ns)
  Data Path Delay:        9.177ns  (logic 2.573ns (28.036%)  route 6.604ns (71.964%))
  Logic Levels:           11  (CARRY4=3 LUT4=2 LUT5=3 LUT6=3)
  Clock Path Skew:        -0.116ns (DCD - SCD + CPR)
    Destination Clock Delay (DCD):    4.782ns = ( 14.782 - 10.000 ) 
    Source Clock Delay      (SCD):    5.158ns
    Clock Pessimism Removal (CPR):    0.260ns
  Clock Uncertainty:      0.035ns  ((TSJ^2 + TIJ^2)^1/2 + DJ) / 2 + PE
    Total System Jitter     (TSJ):    0.071ns
    Total Input Jitter      (TIJ):    0.000ns
    Discrete Jitter          (DJ):    0.000ns
    Phase Error              (PE):    0.000ns

    Location             Delay type                Incr(ns)  Path(ns)    Netlist Resource(s)
  -------------------------------------------------------------------    -------------------
                         (clock sys_clk_pin rise edge)
                                                      0.000     0.000 r  <hidden>
    W5                                                0.000     0.000 r  clk
                         net (fo=0)                   0.000     0.000    clk
    W5                                                                r  clk_IBUF_inst/I
    W5                   IBUF (Prop_ibuf_I_O)         1.458     1.458 r  clk_IBUF_inst/O
                         net (fo=1, routed)           1.967     3.425    clk_IBUF
    BUFGCTRL_X0Y0                                                     r  clk_IBUF_BUFG_inst/I
    BUFGCTRL_X0Y0        BUFG (Prop_bufg_I_O)         0.096     3.521 r  clk_IBUF_BUFG_inst/O
                         net (fo=1714, routed)        1.637     5.158    cpu_inst/clk_IBUF_BUFG
    SLICE_X2Y7           FDRE                                         r  cpu_inst/ex_mem_reg_reg[rd][2]/C
  -------------------------------------------------------------------    -------------------
    SLICE_X2Y7           FDRE (Prop_fdre_C_Q)         0.518     5.676 r  cpu_inst/ex_mem_reg_reg[rd][2]/Q
                         net (fo=6, routed)           0.915     6.591    cpu_inst/dot4acc_pipeline_inst/pair1_reg_reg_15[2]
    SLICE_X2Y7                                                        r  cpu_inst/dot4acc_pipeline_inst/product2_reg_reg_i_57/I0
    SLICE_X2Y7           LUT5 (Prop_lut5_I0_O)        0.124     6.715 f  cpu_inst/dot4acc_pipeline_inst/product2_reg_reg_i_57/O
                         net (fo=2, routed)           0.507     7.222    cpu_inst/dot4acc_pipeline_inst/product2_reg_reg_i_57_n_0
    SLICE_X3Y7                                                        f  cpu_inst/dot4acc_pipeline_inst/product2_reg_reg_i_66/I0
    SLICE_X3Y7           LUT4 (Prop_lut4_I0_O)        0.124     7.346 f  cpu_inst/dot4acc_pipeline_inst/product2_reg_reg_i_66/O
                         net (fo=3, routed)           0.748     8.095    cpu_inst/dot4acc_pipeline_inst/ex_mem_reg_reg[valid]_0
    SLICE_X8Y7                                                        f  cpu_inst/dot4acc_pipeline_inst/product2_reg_reg_i_36/I0
    SLICE_X8Y7           LUT6 (Prop_lut6_I0_O)        0.124     8.219 r  cpu_inst/dot4acc_pipeline_inst/product2_reg_reg_i_36/O
                         net (fo=41, routed)          0.984     9.202    cpu_inst/data_mem_inst/product0_reg_reg
    SLICE_X7Y5                                                        r  cpu_inst/data_mem_inst/ex_mem_reg[alu_result][0]_i_5/I0
    SLICE_X7Y5           LUT5 (Prop_lut5_I0_O)        0.124     9.326 r  cpu_inst/data_mem_inst/ex_mem_reg[alu_result][0]_i_5/O
                         net (fo=4, routed)           1.108    10.435    cpu_inst/dot4acc_pipeline_inst/ex_mem_reg_reg[alu_result][0]_1
    SLICE_X7Y8                                                        r  cpu_inst/dot4acc_pipeline_inst/led_OBUF[12]_inst_i_18/I0
    SLICE_X7Y8           LUT6 (Prop_lut6_I0_O)        0.124    10.559 r  cpu_inst/dot4acc_pipeline_inst/led_OBUF[12]_inst_i_18/O
                         net (fo=1, routed)           0.000    10.559    cpu_inst/dot4acc_pipeline_inst/led_OBUF[12]_inst_i_18_n_0
    SLICE_X7Y8                                                        r  cpu_inst/dot4acc_pipeline_inst/led_OBUF[12]_inst_i_10/S[0]
    SLICE_X7Y8           CARRY4 (Prop_carry4_S[0]_CO[3])
                                                      0.532    11.091 r  cpu_inst/dot4acc_pipeline_inst/led_OBUF[12]_inst_i_10/CO[3]
                         net (fo=1, routed)           0.000    11.091    cpu_inst/dot4acc_pipeline_inst/led_OBUF[12]_inst_i_10_n_0
    SLICE_X7Y9                                                        r  cpu_inst/dot4acc_pipeline_inst/led_OBUF[12]_inst_i_6/CI
    SLICE_X7Y9           CARRY4 (Prop_carry4_CI_CO[3])
                                                      0.114    11.205 r  cpu_inst/dot4acc_pipeline_inst/led_OBUF[12]_inst_i_6/CO[3]
                         net (fo=1, routed)           0.000    11.205    cpu_inst/dot4acc_pipeline_inst/led_OBUF[12]_inst_i_6_n_0
    SLICE_X7Y10                                                       r  cpu_inst/dot4acc_pipeline_inst/led_OBUF[12]_inst_i_3/CI
    SLICE_X7Y10          CARRY4 (Prop_carry4_CI_CO[2])
                                                      0.228    11.433 f  cpu_inst/dot4acc_pipeline_inst/led_OBUF[12]_inst_i_3/CO[2]
                         net (fo=17, routed)          0.629    12.062    cpu_inst/dot4acc_pipeline_inst/ex_branch_taken073_in
    SLICE_X7Y12                                                       f  cpu_inst/dot4acc_pipeline_inst/product2_reg_reg_i_19/I2
    SLICE_X7Y12          LUT4 (Prop_lut4_I2_O)        0.313    12.375 f  cpu_inst/dot4acc_pipeline_inst/product2_reg_reg_i_19/O
                         net (fo=40, routed)          0.733    13.109    cpu_inst/dot4acc_pipeline_inst/product2_reg_reg_i_19_n_0
    SLICE_X9Y17                                                       f  cpu_inst/dot4acc_pipeline_inst/product2_reg_reg_i_1/I1
    SLICE_X9Y17          LUT6 (Prop_lut6_I1_O)        0.124    13.233 r  cpu_inst/dot4acc_pipeline_inst/product2_reg_reg_i_1/O
                         net (fo=56, routed)          0.273    13.505    cpu_inst/dot4acc_pipeline_inst/redirect_pending_valid_reg
    SLICE_X9Y17                                                       r  cpu_inst/dot4acc_pipeline_inst/dot_issue_reg[accumulator][31]_i_1/I4
    SLICE_X9Y17          LUT5 (Prop_lut5_I4_O)        0.124    13.629 r  cpu_inst/dot4acc_pipeline_inst/dot_issue_reg[accumulator][31]_i_1/O
                         net (fo=32, routed)          0.706    14.336    cpu_inst/dot4acc_pipeline_inst_n_44
    SLICE_X10Y18         FDRE                                         r  cpu_inst/dot_issue_reg_reg[accumulator][16]/R
  -------------------------------------------------------------------    -------------------

                         (clock sys_clk_pin rise edge)
                                                     10.000    10.000 r  <hidden>
    W5                                                0.000    10.000 r  clk
                         net (fo=0)                   0.000    10.000    clk
    W5                                                                r  clk_IBUF_inst/I
    W5                   IBUF (Prop_ibuf_I_O)         1.388    11.388 r  clk_IBUF_inst/O
                         net (fo=1, routed)           1.862    13.250    clk_IBUF
    BUFGCTRL_X0Y0                                                     r  clk_IBUF_BUFG_inst/I
    BUFGCTRL_X0Y0        BUFG (Prop_bufg_I_O)         0.091    13.341 r  clk_IBUF_BUFG_inst/O
                         net (fo=1714, routed)        1.441    14.782    cpu_inst/clk_IBUF_BUFG
    SLICE_X10Y18         FDRE                                         r  cpu_inst/dot_issue_reg_reg[accumulator][16]/C
                         clock pessimism              0.260    15.042    <hidden>
                         clock uncertainty           -0.035    15.007    <hidden>
    SLICE_X10Y18         FDRE (Setup_fdre_C_R)       -0.524    14.483    cpu_inst/dot_issue_reg_reg[accumulator][16]
  -------------------------------------------------------------------
                         required time                         14.483    <hidden>
                         arrival time                         -14.336    <hidden>
  -------------------------------------------------------------------
                         slack                                  0.147    <hidden>

Slack (MET) :             0.147ns  (required time - arrival time)
  Source:                 cpu_inst/ex_mem_reg_reg[rd][2]/C
                            (rising edge-triggered cell FDRE clocked by sys_clk_pin  {rise@0.000ns fall@5.000ns period=10.000ns})
  Destination:            cpu_inst/dot_issue_reg_reg[accumulator][18]/R
                            (rising edge-triggered cell FDRE clocked by sys_clk_pin  {rise@0.000ns fall@5.000ns period=10.000ns})
  Path Group:             sys_clk_pin
  Path Type:              Setup (Max at Slow Process Corner)
  Requirement:            10.000ns  (sys_clk_pin rise@10.000ns - sys_clk_pin rise@0.000ns)
  Data Path Delay:        9.177ns  (logic 2.573ns (28.036%)  route 6.604ns (71.964%))
  Logic Levels:           11  (CARRY4=3 LUT4=2 LUT5=3 LUT6=3)
  Clock Path Skew:        -0.116ns (DCD - SCD + CPR)
    Destination Clock Delay (DCD):    4.782ns = ( 14.782 - 10.000 ) 
    Source Clock Delay      (SCD):    5.158ns
    Clock Pessimism Removal (CPR):    0.260ns
  Clock Uncertainty:      0.035ns  ((TSJ^2 + TIJ^2)^1/2 + DJ) / 2 + PE
    Total System Jitter     (TSJ):    0.071ns
    Total Input Jitter      (TIJ):    0.000ns
    Discrete Jitter          (DJ):    0.000ns
    Phase Error              (PE):    0.000ns

    Location             Delay type                Incr(ns)  Path(ns)    Netlist Resource(s)
  -------------------------------------------------------------------    -------------------
                         (clock sys_clk_pin rise edge)
                                                      0.000     0.000 r  <hidden>
    W5                                                0.000     0.000 r  clk
                         net (fo=0)                   0.000     0.000    clk
    W5                                                                r  clk_IBUF_inst/I
    W5                   IBUF (Prop_ibuf_I_O)         1.458     1.458 r  clk_IBUF_inst/O
                         net (fo=1, routed)           1.967     3.425    clk_IBUF
    BUFGCTRL_X0Y0                                                     r  clk_IBUF_BUFG_inst/I
    BUFGCTRL_X0Y0        BUFG (Prop_bufg_I_O)         0.096     3.521 r  clk_IBUF_BUFG_inst/O
                         net (fo=1714, routed)        1.637     5.158    cpu_inst/clk_IBUF_BUFG
    SLICE_X2Y7           FDRE                                         r  cpu_inst/ex_mem_reg_reg[rd][2]/C
  -------------------------------------------------------------------    -------------------
    SLICE_X2Y7           FDRE (Prop_fdre_C_Q)         0.518     5.676 r  cpu_inst/ex_mem_reg_reg[rd][2]/Q
                         net (fo=6, routed)           0.915     6.591    cpu_inst/dot4acc_pipeline_inst/pair1_reg_reg_15[2]
    SLICE_X2Y7                                                        r  cpu_inst/dot4acc_pipeline_inst/product2_reg_reg_i_57/I0
    SLICE_X2Y7           LUT5 (Prop_lut5_I0_O)        0.124     6.715 f  cpu_inst/dot4acc_pipeline_inst/product2_reg_reg_i_57/O
                         net (fo=2, routed)           0.507     7.222    cpu_inst/dot4acc_pipeline_inst/product2_reg_reg_i_57_n_0
    SLICE_X3Y7                                                        f  cpu_inst/dot4acc_pipeline_inst/product2_reg_reg_i_66/I0
    SLICE_X3Y7           LUT4 (Prop_lut4_I0_O)        0.124     7.346 f  cpu_inst/dot4acc_pipeline_inst/product2_reg_reg_i_66/O
                         net (fo=3, routed)           0.748     8.095    cpu_inst/dot4acc_pipeline_inst/ex_mem_reg_reg[valid]_0
    SLICE_X8Y7                                                        f  cpu_inst/dot4acc_pipeline_inst/product2_reg_reg_i_36/I0
    SLICE_X8Y7           LUT6 (Prop_lut6_I0_O)        0.124     8.219 r  cpu_inst/dot4acc_pipeline_inst/product2_reg_reg_i_36/O
                         net (fo=41, routed)          0.984     9.202    cpu_inst/data_mem_inst/product0_reg_reg
    SLICE_X7Y5                                                        r  cpu_inst/data_mem_inst/ex_mem_reg[alu_result][0]_i_5/I0
    SLICE_X7Y5           LUT5 (Prop_lut5_I0_O)        0.124     9.326 r  cpu_inst/data_mem_inst/ex_mem_reg[alu_result][0]_i_5/O
                         net (fo=4, routed)           1.108    10.435    cpu_inst/dot4acc_pipeline_inst/ex_mem_reg_reg[alu_result][0]_1
    SLICE_X7Y8                                                        r  cpu_inst/dot4acc_pipeline_inst/led_OBUF[12]_inst_i_18/I0
    SLICE_X7Y8           LUT6 (Prop_lut6_I0_O)        0.124    10.559 r  cpu_inst/dot4acc_pipeline_inst/led_OBUF[12]_inst_i_18/O
                         net (fo=1, routed)           0.000    10.559    cpu_inst/dot4acc_pipeline_inst/led_OBUF[12]_inst_i_18_n_0
    SLICE_X7Y8                                                        r  cpu_inst/dot4acc_pipeline_inst/led_OBUF[12]_inst_i_10/S[0]
    SLICE_X7Y8           CARRY4 (Prop_carry4_S[0]_CO[3])
                                                      0.532    11.091 r  cpu_inst/dot4acc_pipeline_inst/led_OBUF[12]_inst_i_10/CO[3]
                         net (fo=1, routed)           0.000    11.091    cpu_inst/dot4acc_pipeline_inst/led_OBUF[12]_inst_i_10_n_0
    SLICE_X7Y9                                                        r  cpu_inst/dot4acc_pipeline_inst/led_OBUF[12]_inst_i_6/CI
    SLICE_X7Y9           CARRY4 (Prop_carry4_CI_CO[3])
                                                      0.114    11.205 r  cpu_inst/dot4acc_pipeline_inst/led_OBUF[12]_inst_i_6/CO[3]
                         net (fo=1, routed)           0.000    11.205    cpu_inst/dot4acc_pipeline_inst/led_OBUF[12]_inst_i_6_n_0
    SLICE_X7Y10                                                       r  cpu_inst/dot4acc_pipeline_inst/led_OBUF[12]_inst_i_3/CI
    SLICE_X7Y10          CARRY4 (Prop_carry4_CI_CO[2])
                                                      0.228    11.433 f  cpu_inst/dot4acc_pipeline_inst/led_OBUF[12]_inst_i_3/CO[2]
                         net (fo=17, routed)          0.629    12.062    cpu_inst/dot4acc_pipeline_inst/ex_branch_taken073_in
    SLICE_X7Y12                                                       f  cpu_inst/dot4acc_pipeline_inst/product2_reg_reg_i_19/I2
    SLICE_X7Y12          LUT4 (Prop_lut4_I2_O)        0.313    12.375 f  cpu_inst/dot4acc_pipeline_inst/product2_reg_reg_i_19/O
                         net (fo=40, routed)          0.733    13.109    cpu_inst/dot4acc_pipeline_inst/product2_reg_reg_i_19_n_0
    SLICE_X9Y17                                                       f  cpu_inst/dot4acc_pipeline_inst/product2_reg_reg_i_1/I1
    SLICE_X9Y17          LUT6 (Prop_lut6_I1_O)        0.124    13.233 r  cpu_inst/dot4acc_pipeline_inst/product2_reg_reg_i_1/O
                         net (fo=56, routed)          0.273    13.505    cpu_inst/dot4acc_pipeline_inst/redirect_pending_valid_reg
    SLICE_X9Y17                                                       r  cpu_inst/dot4acc_pipeline_inst/dot_issue_reg[accumulator][31]_i_1/I4
    SLICE_X9Y17          LUT5 (Prop_lut5_I4_O)        0.124    13.629 r  cpu_inst/dot4acc_pipeline_inst/dot_issue_reg[accumulator][31]_i_1/O
                         net (fo=32, routed)          0.706    14.336    cpu_inst/dot4acc_pipeline_inst_n_44
    SLICE_X10Y18         FDRE                                         r  cpu_inst/dot_issue_reg_reg[accumulator][18]/R
  -------------------------------------------------------------------    -------------------

                         (clock sys_clk_pin rise edge)
                                                     10.000    10.000 r  <hidden>
    W5                                                0.000    10.000 r  clk
                         net (fo=0)                   0.000    10.000    clk
    W5                                                                r  clk_IBUF_inst/I
    W5                   IBUF (Prop_ibuf_I_O)         1.388    11.388 r  clk_IBUF_inst/O
                         net (fo=1, routed)           1.862    13.250    clk_IBUF
    BUFGCTRL_X0Y0                                                     r  clk_IBUF_BUFG_inst/I
    BUFGCTRL_X0Y0        BUFG (Prop_bufg_I_O)         0.091    13.341 r  clk_IBUF_BUFG_inst/O
                         net (fo=1714, routed)        1.441    14.782    cpu_inst/clk_IBUF_BUFG
    SLICE_X10Y18         FDRE                                         r  cpu_inst/dot_issue_reg_reg[accumulator][18]/C
                         clock pessimism              0.260    15.042    <hidden>
                         clock uncertainty           -0.035    15.007    <hidden>
    SLICE_X10Y18         FDRE (Setup_fdre_C_R)       -0.524    14.483    cpu_inst/dot_issue_reg_reg[accumulator][18]
  -------------------------------------------------------------------
                         required time                         14.483    <hidden>
                         arrival time                         -14.336    <hidden>
  -------------------------------------------------------------------
                         slack                                  0.147    <hidden>

Slack (MET) :             0.147ns  (required time - arrival time)
  Source:                 cpu_inst/ex_mem_reg_reg[rd][2]/C
                            (rising edge-triggered cell FDRE clocked by sys_clk_pin  {rise@0.000ns fall@5.000ns period=10.000ns})
  Destination:            cpu_inst/dot_issue_reg_reg[accumulator][26]/R
                            (rising edge-triggered cell FDRE clocked by sys_clk_pin  {rise@0.000ns fall@5.000ns period=10.000ns})
  Path Group:             sys_clk_pin
  Path Type:              Setup (Max at Slow Process Corner)
  Requirement:            10.000ns  (sys_clk_pin rise@10.000ns - sys_clk_pin rise@0.000ns)
  Data Path Delay:        9.177ns  (logic 2.573ns (28.036%)  route 6.604ns (71.964%))
  Logic Levels:           11  (CARRY4=3 LUT4=2 LUT5=3 LUT6=3)
  Clock Path Skew:        -0.116ns (DCD - SCD + CPR)
    Destination Clock Delay (DCD):    4.782ns = ( 14.782 - 10.000 ) 
    Source Clock Delay      (SCD):    5.158ns
    Clock Pessimism Removal (CPR):    0.260ns
  Clock Uncertainty:      0.035ns  ((TSJ^2 + TIJ^2)^1/2 + DJ) / 2 + PE
    Total System Jitter     (TSJ):    0.071ns
    Total Input Jitter      (TIJ):    0.000ns
    Discrete Jitter          (DJ):    0.000ns
    Phase Error              (PE):    0.000ns

    Location             Delay type                Incr(ns)  Path(ns)    Netlist Resource(s)
  -------------------------------------------------------------------    -------------------
                         (clock sys_clk_pin rise edge)
                                                      0.000     0.000 r  <hidden>
    W5                                                0.000     0.000 r  clk
                         net (fo=0)                   0.000     0.000    clk
    W5                                                                r  clk_IBUF_inst/I
    W5                   IBUF (Prop_ibuf_I_O)         1.458     1.458 r  clk_IBUF_inst/O
                         net (fo=1, routed)           1.967     3.425    clk_IBUF
    BUFGCTRL_X0Y0                                                     r  clk_IBUF_BUFG_inst/I
    BUFGCTRL_X0Y0        BUFG (Prop_bufg_I_O)         0.096     3.521 r  clk_IBUF_BUFG_inst/O
                         net (fo=1714, routed)        1.637     5.158    cpu_inst/clk_IBUF_BUFG
    SLICE_X2Y7           FDRE                                         r  cpu_inst/ex_mem_reg_reg[rd][2]/C
  -------------------------------------------------------------------    -------------------
    SLICE_X2Y7           FDRE (Prop_fdre_C_Q)         0.518     5.676 r  cpu_inst/ex_mem_reg_reg[rd][2]/Q
                         net (fo=6, routed)           0.915     6.591    cpu_inst/dot4acc_pipeline_inst/pair1_reg_reg_15[2]
    SLICE_X2Y7                                                        r  cpu_inst/dot4acc_pipeline_inst/product2_reg_reg_i_57/I0
    SLICE_X2Y7           LUT5 (Prop_lut5_I0_O)        0.124     6.715 f  cpu_inst/dot4acc_pipeline_inst/product2_reg_reg_i_57/O
                         net (fo=2, routed)           0.507     7.222    cpu_inst/dot4acc_pipeline_inst/product2_reg_reg_i_57_n_0
    SLICE_X3Y7                                                        f  cpu_inst/dot4acc_pipeline_inst/product2_reg_reg_i_66/I0
    SLICE_X3Y7           LUT4 (Prop_lut4_I0_O)        0.124     7.346 f  cpu_inst/dot4acc_pipeline_inst/product2_reg_reg_i_66/O
                         net (fo=3, routed)           0.748     8.095    cpu_inst/dot4acc_pipeline_inst/ex_mem_reg_reg[valid]_0
    SLICE_X8Y7                                                        f  cpu_inst/dot4acc_pipeline_inst/product2_reg_reg_i_36/I0
    SLICE_X8Y7           LUT6 (Prop_lut6_I0_O)        0.124     8.219 r  cpu_inst/dot4acc_pipeline_inst/product2_reg_reg_i_36/O
                         net (fo=41, routed)          0.984     9.202    cpu_inst/data_mem_inst/product0_reg_reg
    SLICE_X7Y5                                                        r  cpu_inst/data_mem_inst/ex_mem_reg[alu_result][0]_i_5/I0
    SLICE_X7Y5           LUT5 (Prop_lut5_I0_O)        0.124     9.326 r  cpu_inst/data_mem_inst/ex_mem_reg[alu_result][0]_i_5/O
                         net (fo=4, routed)           1.108    10.435    cpu_inst/dot4acc_pipeline_inst/ex_mem_reg_reg[alu_result][0]_1
    SLICE_X7Y8                                                        r  cpu_inst/dot4acc_pipeline_inst/led_OBUF[12]_inst_i_18/I0
    SLICE_X7Y8           LUT6 (Prop_lut6_I0_O)        0.124    10.559 r  cpu_inst/dot4acc_pipeline_inst/led_OBUF[12]_inst_i_18/O
                         net (fo=1, routed)           0.000    10.559    cpu_inst/dot4acc_pipeline_inst/led_OBUF[12]_inst_i_18_n_0
    SLICE_X7Y8                                                        r  cpu_inst/dot4acc_pipeline_inst/led_OBUF[12]_inst_i_10/S[0]
    SLICE_X7Y8           CARRY4 (Prop_carry4_S[0]_CO[3])
                                                      0.532    11.091 r  cpu_inst/dot4acc_pipeline_inst/led_OBUF[12]_inst_i_10/CO[3]
                         net (fo=1, routed)           0.000    11.091    cpu_inst/dot4acc_pipeline_inst/led_OBUF[12]_inst_i_10_n_0
    SLICE_X7Y9                                                        r  cpu_inst/dot4acc_pipeline_inst/led_OBUF[12]_inst_i_6/CI
    SLICE_X7Y9           CARRY4 (Prop_carry4_CI_CO[3])
                                                      0.114    11.205 r  cpu_inst/dot4acc_pipeline_inst/led_OBUF[12]_inst_i_6/CO[3]
                         net (fo=1, routed)           0.000    11.205    cpu_inst/dot4acc_pipeline_inst/led_OBUF[12]_inst_i_6_n_0
    SLICE_X7Y10                                                       r  cpu_inst/dot4acc_pipeline_inst/led_OBUF[12]_inst_i_3/CI
    SLICE_X7Y10          CARRY4 (Prop_carry4_CI_CO[2])
                                                      0.228    11.433 f  cpu_inst/dot4acc_pipeline_inst/led_OBUF[12]_inst_i_3/CO[2]
                         net (fo=17, routed)          0.629    12.062    cpu_inst/dot4acc_pipeline_inst/ex_branch_taken073_in
    SLICE_X7Y12                                                       f  cpu_inst/dot4acc_pipeline_inst/product2_reg_reg_i_19/I2
    SLICE_X7Y12          LUT4 (Prop_lut4_I2_O)        0.313    12.375 f  cpu_inst/dot4acc_pipeline_inst/product2_reg_reg_i_19/O
                         net (fo=40, routed)          0.733    13.109    cpu_inst/dot4acc_pipeline_inst/product2_reg_reg_i_19_n_0
    SLICE_X9Y17                                                       f  cpu_inst/dot4acc_pipeline_inst/product2_reg_reg_i_1/I1
    SLICE_X9Y17          LUT6 (Prop_lut6_I1_O)        0.124    13.233 r  cpu_inst/dot4acc_pipeline_inst/product2_reg_reg_i_1/O
                         net (fo=56, routed)          0.273    13.505    cpu_inst/dot4acc_pipeline_inst/redirect_pending_valid_reg
    SLICE_X9Y17                                                       r  cpu_inst/dot4acc_pipeline_inst/dot_issue_reg[accumulator][31]_i_1/I4
    SLICE_X9Y17          LUT5 (Prop_lut5_I4_O)        0.124    13.629 r  cpu_inst/dot4acc_pipeline_inst/dot_issue_reg[accumulator][31]_i_1/O
                         net (fo=32, routed)          0.706    14.336    cpu_inst/dot4acc_pipeline_inst_n_44
    SLICE_X10Y18         FDRE                                         r  cpu_inst/dot_issue_reg_reg[accumulator][26]/R
  -------------------------------------------------------------------    -------------------

                         (clock sys_clk_pin rise edge)
                                                     10.000    10.000 r  <hidden>
    W5                                                0.000    10.000 r  clk
                         net (fo=0)                   0.000    10.000    clk
    W5                                                                r  clk_IBUF_inst/I
    W5                   IBUF (Prop_ibuf_I_O)         1.388    11.388 r  clk_IBUF_inst/O
                         net (fo=1, routed)           1.862    13.250    clk_IBUF
    BUFGCTRL_X0Y0                                                     r  clk_IBUF_BUFG_inst/I
    BUFGCTRL_X0Y0        BUFG (Prop_bufg_I_O)         0.091    13.341 r  clk_IBUF_BUFG_inst/O
                         net (fo=1714, routed)        1.441    14.782    cpu_inst/clk_IBUF_BUFG
    SLICE_X10Y18         FDRE                                         r  cpu_inst/dot_issue_reg_reg[accumulator][26]/C
                         clock pessimism              0.260    15.042    <hidden>
                         clock uncertainty           -0.035    15.007    <hidden>
    SLICE_X10Y18         FDRE (Setup_fdre_C_R)       -0.524    14.483    cpu_inst/dot_issue_reg_reg[accumulator][26]
  -------------------------------------------------------------------
                         required time                         14.483    <hidden>
                         arrival time                         -14.336    <hidden>
  -------------------------------------------------------------------
                         slack                                  0.147    <hidden>

Slack (MET) :             0.147ns  (required time - arrival time)
  Source:                 cpu_inst/ex_mem_reg_reg[rd][2]/C
                            (rising edge-triggered cell FDRE clocked by sys_clk_pin  {rise@0.000ns fall@5.000ns period=10.000ns})
  Destination:            cpu_inst/dot_issue_reg_reg[accumulator][29]/R
                            (rising edge-triggered cell FDRE clocked by sys_clk_pin  {rise@0.000ns fall@5.000ns period=10.000ns})
  Path Group:             sys_clk_pin
  Path Type:              Setup (Max at Slow Process Corner)
  Requirement:            10.000ns  (sys_clk_pin rise@10.000ns - sys_clk_pin rise@0.000ns)
  Data Path Delay:        9.177ns  (logic 2.573ns (28.036%)  route 6.604ns (71.964%))
  Logic Levels:           11  (CARRY4=3 LUT4=2 LUT5=3 LUT6=3)
  Clock Path Skew:        -0.116ns (DCD - SCD + CPR)
    Destination Clock Delay (DCD):    4.782ns = ( 14.782 - 10.000 ) 
    Source Clock Delay      (SCD):    5.158ns
    Clock Pessimism Removal (CPR):    0.260ns
  Clock Uncertainty:      0.035ns  ((TSJ^2 + TIJ^2)^1/2 + DJ) / 2 + PE
    Total System Jitter     (TSJ):    0.071ns
    Total Input Jitter      (TIJ):    0.000ns
    Discrete Jitter          (DJ):    0.000ns
    Phase Error              (PE):    0.000ns

    Location             Delay type                Incr(ns)  Path(ns)    Netlist Resource(s)
  -------------------------------------------------------------------    -------------------
                         (clock sys_clk_pin rise edge)
                                                      0.000     0.000 r  <hidden>
    W5                                                0.000     0.000 r  clk
                         net (fo=0)                   0.000     0.000    clk
    W5                                                                r  clk_IBUF_inst/I
    W5                   IBUF (Prop_ibuf_I_O)         1.458     1.458 r  clk_IBUF_inst/O
                         net (fo=1, routed)           1.967     3.425    clk_IBUF
    BUFGCTRL_X0Y0                                                     r  clk_IBUF_BUFG_inst/I
    BUFGCTRL_X0Y0        BUFG (Prop_bufg_I_O)         0.096     3.521 r  clk_IBUF_BUFG_inst/O
                         net (fo=1714, routed)        1.637     5.158    cpu_inst/clk_IBUF_BUFG
    SLICE_X2Y7           FDRE                                         r  cpu_inst/ex_mem_reg_reg[rd][2]/C
  -------------------------------------------------------------------    -------------------
    SLICE_X2Y7           FDRE (Prop_fdre_C_Q)         0.518     5.676 r  cpu_inst/ex_mem_reg_reg[rd][2]/Q
                         net (fo=6, routed)           0.915     6.591    cpu_inst/dot4acc_pipeline_inst/pair1_reg_reg_15[2]
    SLICE_X2Y7                                                        r  cpu_inst/dot4acc_pipeline_inst/product2_reg_reg_i_57/I0
    SLICE_X2Y7           LUT5 (Prop_lut5_I0_O)        0.124     6.715 f  cpu_inst/dot4acc_pipeline_inst/product2_reg_reg_i_57/O
                         net (fo=2, routed)           0.507     7.222    cpu_inst/dot4acc_pipeline_inst/product2_reg_reg_i_57_n_0
    SLICE_X3Y7                                                        f  cpu_inst/dot4acc_pipeline_inst/product2_reg_reg_i_66/I0
    SLICE_X3Y7           LUT4 (Prop_lut4_I0_O)        0.124     7.346 f  cpu_inst/dot4acc_pipeline_inst/product2_reg_reg_i_66/O
                         net (fo=3, routed)           0.748     8.095    cpu_inst/dot4acc_pipeline_inst/ex_mem_reg_reg[valid]_0
    SLICE_X8Y7                                                        f  cpu_inst/dot4acc_pipeline_inst/product2_reg_reg_i_36/I0
    SLICE_X8Y7           LUT6 (Prop_lut6_I0_O)        0.124     8.219 r  cpu_inst/dot4acc_pipeline_inst/product2_reg_reg_i_36/O
                         net (fo=41, routed)          0.984     9.202    cpu_inst/data_mem_inst/product0_reg_reg
    SLICE_X7Y5                                                        r  cpu_inst/data_mem_inst/ex_mem_reg[alu_result][0]_i_5/I0
    SLICE_X7Y5           LUT5 (Prop_lut5_I0_O)        0.124     9.326 r  cpu_inst/data_mem_inst/ex_mem_reg[alu_result][0]_i_5/O
                         net (fo=4, routed)           1.108    10.435    cpu_inst/dot4acc_pipeline_inst/ex_mem_reg_reg[alu_result][0]_1
    SLICE_X7Y8                                                        r  cpu_inst/dot4acc_pipeline_inst/led_OBUF[12]_inst_i_18/I0
    SLICE_X7Y8           LUT6 (Prop_lut6_I0_O)        0.124    10.559 r  cpu_inst/dot4acc_pipeline_inst/led_OBUF[12]_inst_i_18/O
                         net (fo=1, routed)           0.000    10.559    cpu_inst/dot4acc_pipeline_inst/led_OBUF[12]_inst_i_18_n_0
    SLICE_X7Y8                                                        r  cpu_inst/dot4acc_pipeline_inst/led_OBUF[12]_inst_i_10/S[0]
    SLICE_X7Y8           CARRY4 (Prop_carry4_S[0]_CO[3])
                                                      0.532    11.091 r  cpu_inst/dot4acc_pipeline_inst/led_OBUF[12]_inst_i_10/CO[3]
                         net (fo=1, routed)           0.000    11.091    cpu_inst/dot4acc_pipeline_inst/led_OBUF[12]_inst_i_10_n_0
    SLICE_X7Y9                                                        r  cpu_inst/dot4acc_pipeline_inst/led_OBUF[12]_inst_i_6/CI
    SLICE_X7Y9           CARRY4 (Prop_carry4_CI_CO[3])
                                                      0.114    11.205 r  cpu_inst/dot4acc_pipeline_inst/led_OBUF[12]_inst_i_6/CO[3]
                         net (fo=1, routed)           0.000    11.205    cpu_inst/dot4acc_pipeline_inst/led_OBUF[12]_inst_i_6_n_0
    SLICE_X7Y10                                                       r  cpu_inst/dot4acc_pipeline_inst/led_OBUF[12]_inst_i_3/CI
    SLICE_X7Y10          CARRY4 (Prop_carry4_CI_CO[2])
                                                      0.228    11.433 f  cpu_inst/dot4acc_pipeline_inst/led_OBUF[12]_inst_i_3/CO[2]
                         net (fo=17, routed)          0.629    12.062    cpu_inst/dot4acc_pipeline_inst/ex_branch_taken073_in
    SLICE_X7Y12                                                       f  cpu_inst/dot4acc_pipeline_inst/product2_reg_reg_i_19/I2
    SLICE_X7Y12          LUT4 (Prop_lut4_I2_O)        0.313    12.375 f  cpu_inst/dot4acc_pipeline_inst/product2_reg_reg_i_19/O
                         net (fo=40, routed)          0.733    13.109    cpu_inst/dot4acc_pipeline_inst/product2_reg_reg_i_19_n_0
    SLICE_X9Y17                                                       f  cpu_inst/dot4acc_pipeline_inst/product2_reg_reg_i_1/I1
    SLICE_X9Y17          LUT6 (Prop_lut6_I1_O)        0.124    13.233 r  cpu_inst/dot4acc_pipeline_inst/product2_reg_reg_i_1/O
                         net (fo=56, routed)          0.273    13.505    cpu_inst/dot4acc_pipeline_inst/redirect_pending_valid_reg
    SLICE_X9Y17                                                       r  cpu_inst/dot4acc_pipeline_inst/dot_issue_reg[accumulator][31]_i_1/I4
    SLICE_X9Y17          LUT5 (Prop_lut5_I4_O)        0.124    13.629 r  cpu_inst/dot4acc_pipeline_inst/dot_issue_reg[accumulator][31]_i_1/O
                         net (fo=32, routed)          0.706    14.336    cpu_inst/dot4acc_pipeline_inst_n_44
    SLICE_X10Y18         FDRE                                         r  cpu_inst/dot_issue_reg_reg[accumulator][29]/R
  -------------------------------------------------------------------    -------------------

                         (clock sys_clk_pin rise edge)
                                                     10.000    10.000 r  <hidden>
    W5                                                0.000    10.000 r  clk
                         net (fo=0)                   0.000    10.000    clk
    W5                                                                r  clk_IBUF_inst/I
    W5                   IBUF (Prop_ibuf_I_O)         1.388    11.388 r  clk_IBUF_inst/O
                         net (fo=1, routed)           1.862    13.250    clk_IBUF
    BUFGCTRL_X0Y0                                                     r  clk_IBUF_BUFG_inst/I
    BUFGCTRL_X0Y0        BUFG (Prop_bufg_I_O)         0.091    13.341 r  clk_IBUF_BUFG_inst/O
                         net (fo=1714, routed)        1.441    14.782    cpu_inst/clk_IBUF_BUFG
    SLICE_X10Y18         FDRE                                         r  cpu_inst/dot_issue_reg_reg[accumulator][29]/C
                         clock pessimism              0.260    15.042    <hidden>
                         clock uncertainty           -0.035    15.007    <hidden>
    SLICE_X10Y18         FDRE (Setup_fdre_C_R)       -0.524    14.483    cpu_inst/dot_issue_reg_reg[accumulator][29]
  -------------------------------------------------------------------
                         required time                         14.483    <hidden>
                         arrival time                         -14.336    <hidden>
  -------------------------------------------------------------------
                         slack                                  0.147    <hidden>

Slack (MET) :             0.153ns  (required time - arrival time)
  Source:                 cpu_inst/ex_mem_reg_reg[rd][2]/C
                            (rising edge-triggered cell FDRE clocked by sys_clk_pin  {rise@0.000ns fall@5.000ns period=10.000ns})
  Destination:            cpu_inst/dot_chain_open_reg_reg/R
                            (rising edge-triggered cell FDRE clocked by sys_clk_pin  {rise@0.000ns fall@5.000ns period=10.000ns})
  Path Group:             sys_clk_pin
  Path Type:              Setup (Max at Slow Process Corner)
  Requirement:            10.000ns  (sys_clk_pin rise@10.000ns - sys_clk_pin rise@0.000ns)
  Data Path Delay:        9.335ns  (logic 2.573ns (27.563%)  route 6.762ns (72.437%))
  Logic Levels:           11  (CARRY4=3 LUT4=2 LUT5=2 LUT6=4)
  Clock Path Skew:        -0.048ns (DCD - SCD + CPR)
    Destination Clock Delay (DCD):    4.850ns = ( 14.850 - 10.000 ) 
    Source Clock Delay      (SCD):    5.158ns
    Clock Pessimism Removal (CPR):    0.260ns
  Clock Uncertainty:      0.035ns  ((TSJ^2 + TIJ^2)^1/2 + DJ) / 2 + PE
    Total System Jitter     (TSJ):    0.071ns
    Total Input Jitter      (TIJ):    0.000ns
    Discrete Jitter          (DJ):    0.000ns
    Phase Error              (PE):    0.000ns

    Location             Delay type                Incr(ns)  Path(ns)    Netlist Resource(s)
  -------------------------------------------------------------------    -------------------
                         (clock sys_clk_pin rise edge)
                                                      0.000     0.000 r  <hidden>
    W5                                                0.000     0.000 r  clk
                         net (fo=0)                   0.000     0.000    clk
    W5                                                                r  clk_IBUF_inst/I
    W5                   IBUF (Prop_ibuf_I_O)         1.458     1.458 r  clk_IBUF_inst/O
                         net (fo=1, routed)           1.967     3.425    clk_IBUF
    BUFGCTRL_X0Y0                                                     r  clk_IBUF_BUFG_inst/I
    BUFGCTRL_X0Y0        BUFG (Prop_bufg_I_O)         0.096     3.521 r  clk_IBUF_BUFG_inst/O
                         net (fo=1714, routed)        1.637     5.158    cpu_inst/clk_IBUF_BUFG
    SLICE_X2Y7           FDRE                                         r  cpu_inst/ex_mem_reg_reg[rd][2]/C
  -------------------------------------------------------------------    -------------------
    SLICE_X2Y7           FDRE (Prop_fdre_C_Q)         0.518     5.676 r  cpu_inst/ex_mem_reg_reg[rd][2]/Q
                         net (fo=6, routed)           0.915     6.591    cpu_inst/dot4acc_pipeline_inst/pair1_reg_reg_15[2]
    SLICE_X2Y7                                                        r  cpu_inst/dot4acc_pipeline_inst/product2_reg_reg_i_57/I0
    SLICE_X2Y7           LUT5 (Prop_lut5_I0_O)        0.124     6.715 f  cpu_inst/dot4acc_pipeline_inst/product2_reg_reg_i_57/O
                         net (fo=2, routed)           0.507     7.222    cpu_inst/dot4acc_pipeline_inst/product2_reg_reg_i_57_n_0
    SLICE_X3Y7                                                        f  cpu_inst/dot4acc_pipeline_inst/product2_reg_reg_i_66/I0
    SLICE_X3Y7           LUT4 (Prop_lut4_I0_O)        0.124     7.346 f  cpu_inst/dot4acc_pipeline_inst/product2_reg_reg_i_66/O
                         net (fo=3, routed)           0.748     8.095    cpu_inst/dot4acc_pipeline_inst/ex_mem_reg_reg[valid]_0
    SLICE_X8Y7                                                        f  cpu_inst/dot4acc_pipeline_inst/product2_reg_reg_i_36/I0
    SLICE_X8Y7           LUT6 (Prop_lut6_I0_O)        0.124     8.219 r  cpu_inst/dot4acc_pipeline_inst/product2_reg_reg_i_36/O
                         net (fo=41, routed)          0.984     9.202    cpu_inst/data_mem_inst/product0_reg_reg
    SLICE_X7Y5                                                        r  cpu_inst/data_mem_inst/ex_mem_reg[alu_result][0]_i_5/I0
    SLICE_X7Y5           LUT5 (Prop_lut5_I0_O)        0.124     9.326 r  cpu_inst/data_mem_inst/ex_mem_reg[alu_result][0]_i_5/O
                         net (fo=4, routed)           1.108    10.435    cpu_inst/dot4acc_pipeline_inst/ex_mem_reg_reg[alu_result][0]_1
    SLICE_X7Y8                                                        r  cpu_inst/dot4acc_pipeline_inst/led_OBUF[12]_inst_i_18/I0
    SLICE_X7Y8           LUT6 (Prop_lut6_I0_O)        0.124    10.559 r  cpu_inst/dot4acc_pipeline_inst/led_OBUF[12]_inst_i_18/O
                         net (fo=1, routed)           0.000    10.559    cpu_inst/dot4acc_pipeline_inst/led_OBUF[12]_inst_i_18_n_0
    SLICE_X7Y8                                                        r  cpu_inst/dot4acc_pipeline_inst/led_OBUF[12]_inst_i_10/S[0]
    SLICE_X7Y8           CARRY4 (Prop_carry4_S[0]_CO[3])
                                                      0.532    11.091 r  cpu_inst/dot4acc_pipeline_inst/led_OBUF[12]_inst_i_10/CO[3]
                         net (fo=1, routed)           0.000    11.091    cpu_inst/dot4acc_pipeline_inst/led_OBUF[12]_inst_i_10_n_0
    SLICE_X7Y9                                                        r  cpu_inst/dot4acc_pipeline_inst/led_OBUF[12]_inst_i_6/CI
    SLICE_X7Y9           CARRY4 (Prop_carry4_CI_CO[3])
                                                      0.114    11.205 r  cpu_inst/dot4acc_pipeline_inst/led_OBUF[12]_inst_i_6/CO[3]
                         net (fo=1, routed)           0.000    11.205    cpu_inst/dot4acc_pipeline_inst/led_OBUF[12]_inst_i_6_n_0
    SLICE_X7Y10                                                       r  cpu_inst/dot4acc_pipeline_inst/led_OBUF[12]_inst_i_3/CI
    SLICE_X7Y10          CARRY4 (Prop_carry4_CI_CO[2])
                                                      0.228    11.433 f  cpu_inst/dot4acc_pipeline_inst/led_OBUF[12]_inst_i_3/CO[2]
                         net (fo=17, routed)          0.629    12.062    cpu_inst/dot4acc_pipeline_inst/ex_branch_taken073_in
    SLICE_X7Y12                                                       f  cpu_inst/dot4acc_pipeline_inst/product2_reg_reg_i_19/I2
    SLICE_X7Y12          LUT4 (Prop_lut4_I2_O)        0.313    12.375 f  cpu_inst/dot4acc_pipeline_inst/product2_reg_reg_i_19/O
                         net (fo=40, routed)          0.733    13.109    cpu_inst/dot4acc_pipeline_inst/product2_reg_reg_i_19_n_0
    SLICE_X9Y17                                                       f  cpu_inst/dot4acc_pipeline_inst/product2_reg_reg_i_1/I1
    SLICE_X9Y17          LUT6 (Prop_lut6_I1_O)        0.124    13.233 r  cpu_inst/dot4acc_pipeline_inst/product2_reg_reg_i_1/O
                         net (fo=56, routed)          0.414    13.647    cpu_inst/dot4acc_pipeline_inst/redirect_pending_valid_reg
    SLICE_X9Y18                                                       r  cpu_inst/dot4acc_pipeline_inst/dot_chain_rd_reg[4]_i_1/I2
    SLICE_X9Y18          LUT6 (Prop_lut6_I2_O)        0.124    13.771 r  cpu_inst/dot4acc_pipeline_inst/dot_chain_rd_reg[4]_i_1/O
                         net (fo=6, routed)           0.723    14.493    cpu_inst/dot4acc_pipeline_inst_n_82
    SLICE_X7Y17          FDRE                                         r  cpu_inst/dot_chain_open_reg_reg/R
  -------------------------------------------------------------------    -------------------

                         (clock sys_clk_pin rise edge)
                                                     10.000    10.000 r  <hidden>
    W5                                                0.000    10.000 r  clk
                         net (fo=0)                   0.000    10.000    clk
    W5                                                                r  clk_IBUF_inst/I
    W5                   IBUF (Prop_ibuf_I_O)         1.388    11.388 r  clk_IBUF_inst/O
                         net (fo=1, routed)           1.862    13.250    clk_IBUF
    BUFGCTRL_X0Y0                                                     r  clk_IBUF_BUFG_inst/I
    BUFGCTRL_X0Y0        BUFG (Prop_bufg_I_O)         0.091    13.341 r  clk_IBUF_BUFG_inst/O
                         net (fo=1714, routed)        1.509    14.850    cpu_inst/clk_IBUF_BUFG
    SLICE_X7Y17          FDRE                                         r  cpu_inst/dot_chain_open_reg_reg/C
                         clock pessimism              0.260    15.110    <hidden>
                         clock uncertainty           -0.035    15.075    <hidden>
    SLICE_X7Y17          FDRE (Setup_fdre_C_R)       -0.429    14.646    cpu_inst/dot_chain_open_reg_reg
  -------------------------------------------------------------------
                         required time                         14.646    <hidden>
                         arrival time                         -14.493    <hidden>
  -------------------------------------------------------------------
                         slack                                  0.153    <hidden>

Slack (MET) :             0.153ns  (required time - arrival time)
  Source:                 cpu_inst/ex_mem_reg_reg[rd][2]/C
                            (rising edge-triggered cell FDRE clocked by sys_clk_pin  {rise@0.000ns fall@5.000ns period=10.000ns})
  Destination:            cpu_inst/dot_chain_rd_reg_reg[1]/R
                            (rising edge-triggered cell FDRE clocked by sys_clk_pin  {rise@0.000ns fall@5.000ns period=10.000ns})
  Path Group:             sys_clk_pin
  Path Type:              Setup (Max at Slow Process Corner)
  Requirement:            10.000ns  (sys_clk_pin rise@10.000ns - sys_clk_pin rise@0.000ns)
  Data Path Delay:        9.335ns  (logic 2.573ns (27.563%)  route 6.762ns (72.437%))
  Logic Levels:           11  (CARRY4=3 LUT4=2 LUT5=2 LUT6=4)
  Clock Path Skew:        -0.048ns (DCD - SCD + CPR)
    Destination Clock Delay (DCD):    4.850ns = ( 14.850 - 10.000 ) 
    Source Clock Delay      (SCD):    5.158ns
    Clock Pessimism Removal (CPR):    0.260ns
  Clock Uncertainty:      0.035ns  ((TSJ^2 + TIJ^2)^1/2 + DJ) / 2 + PE
    Total System Jitter     (TSJ):    0.071ns
    Total Input Jitter      (TIJ):    0.000ns
    Discrete Jitter          (DJ):    0.000ns
    Phase Error              (PE):    0.000ns

    Location             Delay type                Incr(ns)  Path(ns)    Netlist Resource(s)
  -------------------------------------------------------------------    -------------------
                         (clock sys_clk_pin rise edge)
                                                      0.000     0.000 r  <hidden>
    W5                                                0.000     0.000 r  clk
                         net (fo=0)                   0.000     0.000    clk
    W5                                                                r  clk_IBUF_inst/I
    W5                   IBUF (Prop_ibuf_I_O)         1.458     1.458 r  clk_IBUF_inst/O
                         net (fo=1, routed)           1.967     3.425    clk_IBUF
    BUFGCTRL_X0Y0                                                     r  clk_IBUF_BUFG_inst/I
    BUFGCTRL_X0Y0        BUFG (Prop_bufg_I_O)         0.096     3.521 r  clk_IBUF_BUFG_inst/O
                         net (fo=1714, routed)        1.637     5.158    cpu_inst/clk_IBUF_BUFG
    SLICE_X2Y7           FDRE                                         r  cpu_inst/ex_mem_reg_reg[rd][2]/C
  -------------------------------------------------------------------    -------------------
    SLICE_X2Y7           FDRE (Prop_fdre_C_Q)         0.518     5.676 r  cpu_inst/ex_mem_reg_reg[rd][2]/Q
                         net (fo=6, routed)           0.915     6.591    cpu_inst/dot4acc_pipeline_inst/pair1_reg_reg_15[2]
    SLICE_X2Y7                                                        r  cpu_inst/dot4acc_pipeline_inst/product2_reg_reg_i_57/I0
    SLICE_X2Y7           LUT5 (Prop_lut5_I0_O)        0.124     6.715 f  cpu_inst/dot4acc_pipeline_inst/product2_reg_reg_i_57/O
                         net (fo=2, routed)           0.507     7.222    cpu_inst/dot4acc_pipeline_inst/product2_reg_reg_i_57_n_0
    SLICE_X3Y7                                                        f  cpu_inst/dot4acc_pipeline_inst/product2_reg_reg_i_66/I0
    SLICE_X3Y7           LUT4 (Prop_lut4_I0_O)        0.124     7.346 f  cpu_inst/dot4acc_pipeline_inst/product2_reg_reg_i_66/O
                         net (fo=3, routed)           0.748     8.095    cpu_inst/dot4acc_pipeline_inst/ex_mem_reg_reg[valid]_0
    SLICE_X8Y7                                                        f  cpu_inst/dot4acc_pipeline_inst/product2_reg_reg_i_36/I0
    SLICE_X8Y7           LUT6 (Prop_lut6_I0_O)        0.124     8.219 r  cpu_inst/dot4acc_pipeline_inst/product2_reg_reg_i_36/O
                         net (fo=41, routed)          0.984     9.202    cpu_inst/data_mem_inst/product0_reg_reg
    SLICE_X7Y5                                                        r  cpu_inst/data_mem_inst/ex_mem_reg[alu_result][0]_i_5/I0
    SLICE_X7Y5           LUT5 (Prop_lut5_I0_O)        0.124     9.326 r  cpu_inst/data_mem_inst/ex_mem_reg[alu_result][0]_i_5/O
                         net (fo=4, routed)           1.108    10.435    cpu_inst/dot4acc_pipeline_inst/ex_mem_reg_reg[alu_result][0]_1
    SLICE_X7Y8                                                        r  cpu_inst/dot4acc_pipeline_inst/led_OBUF[12]_inst_i_18/I0
    SLICE_X7Y8           LUT6 (Prop_lut6_I0_O)        0.124    10.559 r  cpu_inst/dot4acc_pipeline_inst/led_OBUF[12]_inst_i_18/O
                         net (fo=1, routed)           0.000    10.559    cpu_inst/dot4acc_pipeline_inst/led_OBUF[12]_inst_i_18_n_0
    SLICE_X7Y8                                                        r  cpu_inst/dot4acc_pipeline_inst/led_OBUF[12]_inst_i_10/S[0]
    SLICE_X7Y8           CARRY4 (Prop_carry4_S[0]_CO[3])
                                                      0.532    11.091 r  cpu_inst/dot4acc_pipeline_inst/led_OBUF[12]_inst_i_10/CO[3]
                         net (fo=1, routed)           0.000    11.091    cpu_inst/dot4acc_pipeline_inst/led_OBUF[12]_inst_i_10_n_0
    SLICE_X7Y9                                                        r  cpu_inst/dot4acc_pipeline_inst/led_OBUF[12]_inst_i_6/CI
    SLICE_X7Y9           CARRY4 (Prop_carry4_CI_CO[3])
                                                      0.114    11.205 r  cpu_inst/dot4acc_pipeline_inst/led_OBUF[12]_inst_i_6/CO[3]
                         net (fo=1, routed)           0.000    11.205    cpu_inst/dot4acc_pipeline_inst/led_OBUF[12]_inst_i_6_n_0
    SLICE_X7Y10                                                       r  cpu_inst/dot4acc_pipeline_inst/led_OBUF[12]_inst_i_3/CI
    SLICE_X7Y10          CARRY4 (Prop_carry4_CI_CO[2])
                                                      0.228    11.433 f  cpu_inst/dot4acc_pipeline_inst/led_OBUF[12]_inst_i_3/CO[2]
                         net (fo=17, routed)          0.629    12.062    cpu_inst/dot4acc_pipeline_inst/ex_branch_taken073_in
    SLICE_X7Y12                                                       f  cpu_inst/dot4acc_pipeline_inst/product2_reg_reg_i_19/I2
    SLICE_X7Y12          LUT4 (Prop_lut4_I2_O)        0.313    12.375 f  cpu_inst/dot4acc_pipeline_inst/product2_reg_reg_i_19/O
                         net (fo=40, routed)          0.733    13.109    cpu_inst/dot4acc_pipeline_inst/product2_reg_reg_i_19_n_0
    SLICE_X9Y17                                                       f  cpu_inst/dot4acc_pipeline_inst/product2_reg_reg_i_1/I1
    SLICE_X9Y17          LUT6 (Prop_lut6_I1_O)        0.124    13.233 r  cpu_inst/dot4acc_pipeline_inst/product2_reg_reg_i_1/O
                         net (fo=56, routed)          0.414    13.647    cpu_inst/dot4acc_pipeline_inst/redirect_pending_valid_reg
    SLICE_X9Y18                                                       r  cpu_inst/dot4acc_pipeline_inst/dot_chain_rd_reg[4]_i_1/I2
    SLICE_X9Y18          LUT6 (Prop_lut6_I2_O)        0.124    13.771 r  cpu_inst/dot4acc_pipeline_inst/dot_chain_rd_reg[4]_i_1/O
                         net (fo=6, routed)           0.723    14.493    cpu_inst/dot4acc_pipeline_inst_n_82
    SLICE_X7Y17          FDRE                                         r  cpu_inst/dot_chain_rd_reg_reg[1]/R
  -------------------------------------------------------------------    -------------------

                         (clock sys_clk_pin rise edge)
                                                     10.000    10.000 r  <hidden>
    W5                                                0.000    10.000 r  clk
                         net (fo=0)                   0.000    10.000    clk
    W5                                                                r  clk_IBUF_inst/I
    W5                   IBUF (Prop_ibuf_I_O)         1.388    11.388 r  clk_IBUF_inst/O
                         net (fo=1, routed)           1.862    13.250    clk_IBUF
    BUFGCTRL_X0Y0                                                     r  clk_IBUF_BUFG_inst/I
    BUFGCTRL_X0Y0        BUFG (Prop_bufg_I_O)         0.091    13.341 r  clk_IBUF_BUFG_inst/O
                         net (fo=1714, routed)        1.509    14.850    cpu_inst/clk_IBUF_BUFG
    SLICE_X7Y17          FDRE                                         r  cpu_inst/dot_chain_rd_reg_reg[1]/C
                         clock pessimism              0.260    15.110    <hidden>
                         clock uncertainty           -0.035    15.075    <hidden>
    SLICE_X7Y17          FDRE (Setup_fdre_C_R)       -0.429    14.646    cpu_inst/dot_chain_rd_reg_reg[1]
  -------------------------------------------------------------------
                         required time                         14.646    <hidden>
                         arrival time                         -14.493    <hidden>
  -------------------------------------------------------------------
                         slack                                  0.153    <hidden>

Slack (MET) :             0.153ns  (required time - arrival time)
  Source:                 cpu_inst/ex_mem_reg_reg[rd][2]/C
                            (rising edge-triggered cell FDRE clocked by sys_clk_pin  {rise@0.000ns fall@5.000ns period=10.000ns})
  Destination:            cpu_inst/dot_chain_rd_reg_reg[3]/R
                            (rising edge-triggered cell FDRE clocked by sys_clk_pin  {rise@0.000ns fall@5.000ns period=10.000ns})
  Path Group:             sys_clk_pin
  Path Type:              Setup (Max at Slow Process Corner)
  Requirement:            10.000ns  (sys_clk_pin rise@10.000ns - sys_clk_pin rise@0.000ns)
  Data Path Delay:        9.335ns  (logic 2.573ns (27.563%)  route 6.762ns (72.437%))
  Logic Levels:           11  (CARRY4=3 LUT4=2 LUT5=2 LUT6=4)
  Clock Path Skew:        -0.048ns (DCD - SCD + CPR)
    Destination Clock Delay (DCD):    4.850ns = ( 14.850 - 10.000 ) 
    Source Clock Delay      (SCD):    5.158ns
    Clock Pessimism Removal (CPR):    0.260ns
  Clock Uncertainty:      0.035ns  ((TSJ^2 + TIJ^2)^1/2 + DJ) / 2 + PE
    Total System Jitter     (TSJ):    0.071ns
    Total Input Jitter      (TIJ):    0.000ns
    Discrete Jitter          (DJ):    0.000ns
    Phase Error              (PE):    0.000ns

    Location             Delay type                Incr(ns)  Path(ns)    Netlist Resource(s)
  -------------------------------------------------------------------    -------------------
                         (clock sys_clk_pin rise edge)
                                                      0.000     0.000 r  <hidden>
    W5                                                0.000     0.000 r  clk
                         net (fo=0)                   0.000     0.000    clk
    W5                                                                r  clk_IBUF_inst/I
    W5                   IBUF (Prop_ibuf_I_O)         1.458     1.458 r  clk_IBUF_inst/O
                         net (fo=1, routed)           1.967     3.425    clk_IBUF
    BUFGCTRL_X0Y0                                                     r  clk_IBUF_BUFG_inst/I
    BUFGCTRL_X0Y0        BUFG (Prop_bufg_I_O)         0.096     3.521 r  clk_IBUF_BUFG_inst/O
                         net (fo=1714, routed)        1.637     5.158    cpu_inst/clk_IBUF_BUFG
    SLICE_X2Y7           FDRE                                         r  cpu_inst/ex_mem_reg_reg[rd][2]/C
  -------------------------------------------------------------------    -------------------
    SLICE_X2Y7           FDRE (Prop_fdre_C_Q)         0.518     5.676 r  cpu_inst/ex_mem_reg_reg[rd][2]/Q
                         net (fo=6, routed)           0.915     6.591    cpu_inst/dot4acc_pipeline_inst/pair1_reg_reg_15[2]
    SLICE_X2Y7                                                        r  cpu_inst/dot4acc_pipeline_inst/product2_reg_reg_i_57/I0
    SLICE_X2Y7           LUT5 (Prop_lut5_I0_O)        0.124     6.715 f  cpu_inst/dot4acc_pipeline_inst/product2_reg_reg_i_57/O
                         net (fo=2, routed)           0.507     7.222    cpu_inst/dot4acc_pipeline_inst/product2_reg_reg_i_57_n_0
    SLICE_X3Y7                                                        f  cpu_inst/dot4acc_pipeline_inst/product2_reg_reg_i_66/I0
    SLICE_X3Y7           LUT4 (Prop_lut4_I0_O)        0.124     7.346 f  cpu_inst/dot4acc_pipeline_inst/product2_reg_reg_i_66/O
                         net (fo=3, routed)           0.748     8.095    cpu_inst/dot4acc_pipeline_inst/ex_mem_reg_reg[valid]_0
    SLICE_X8Y7                                                        f  cpu_inst/dot4acc_pipeline_inst/product2_reg_reg_i_36/I0
    SLICE_X8Y7           LUT6 (Prop_lut6_I0_O)        0.124     8.219 r  cpu_inst/dot4acc_pipeline_inst/product2_reg_reg_i_36/O
                         net (fo=41, routed)          0.984     9.202    cpu_inst/data_mem_inst/product0_reg_reg
    SLICE_X7Y5                                                        r  cpu_inst/data_mem_inst/ex_mem_reg[alu_result][0]_i_5/I0
    SLICE_X7Y5           LUT5 (Prop_lut5_I0_O)        0.124     9.326 r  cpu_inst/data_mem_inst/ex_mem_reg[alu_result][0]_i_5/O
                         net (fo=4, routed)           1.108    10.435    cpu_inst/dot4acc_pipeline_inst/ex_mem_reg_reg[alu_result][0]_1
    SLICE_X7Y8                                                        r  cpu_inst/dot4acc_pipeline_inst/led_OBUF[12]_inst_i_18/I0
    SLICE_X7Y8           LUT6 (Prop_lut6_I0_O)        0.124    10.559 r  cpu_inst/dot4acc_pipeline_inst/led_OBUF[12]_inst_i_18/O
                         net (fo=1, routed)           0.000    10.559    cpu_inst/dot4acc_pipeline_inst/led_OBUF[12]_inst_i_18_n_0
    SLICE_X7Y8                                                        r  cpu_inst/dot4acc_pipeline_inst/led_OBUF[12]_inst_i_10/S[0]
    SLICE_X7Y8           CARRY4 (Prop_carry4_S[0]_CO[3])
                                                      0.532    11.091 r  cpu_inst/dot4acc_pipeline_inst/led_OBUF[12]_inst_i_10/CO[3]
                         net (fo=1, routed)           0.000    11.091    cpu_inst/dot4acc_pipeline_inst/led_OBUF[12]_inst_i_10_n_0
    SLICE_X7Y9                                                        r  cpu_inst/dot4acc_pipeline_inst/led_OBUF[12]_inst_i_6/CI
    SLICE_X7Y9           CARRY4 (Prop_carry4_CI_CO[3])
                                                      0.114    11.205 r  cpu_inst/dot4acc_pipeline_inst/led_OBUF[12]_inst_i_6/CO[3]
                         net (fo=1, routed)           0.000    11.205    cpu_inst/dot4acc_pipeline_inst/led_OBUF[12]_inst_i_6_n_0
    SLICE_X7Y10                                                       r  cpu_inst/dot4acc_pipeline_inst/led_OBUF[12]_inst_i_3/CI
    SLICE_X7Y10          CARRY4 (Prop_carry4_CI_CO[2])
                                                      0.228    11.433 f  cpu_inst/dot4acc_pipeline_inst/led_OBUF[12]_inst_i_3/CO[2]
                         net (fo=17, routed)          0.629    12.062    cpu_inst/dot4acc_pipeline_inst/ex_branch_taken073_in
    SLICE_X7Y12                                                       f  cpu_inst/dot4acc_pipeline_inst/product2_reg_reg_i_19/I2
    SLICE_X7Y12          LUT4 (Prop_lut4_I2_O)        0.313    12.375 f  cpu_inst/dot4acc_pipeline_inst/product2_reg_reg_i_19/O
                         net (fo=40, routed)          0.733    13.109    cpu_inst/dot4acc_pipeline_inst/product2_reg_reg_i_19_n_0
    SLICE_X9Y17                                                       f  cpu_inst/dot4acc_pipeline_inst/product2_reg_reg_i_1/I1
    SLICE_X9Y17          LUT6 (Prop_lut6_I1_O)        0.124    13.233 r  cpu_inst/dot4acc_pipeline_inst/product2_reg_reg_i_1/O
                         net (fo=56, routed)          0.414    13.647    cpu_inst/dot4acc_pipeline_inst/redirect_pending_valid_reg
    SLICE_X9Y18                                                       r  cpu_inst/dot4acc_pipeline_inst/dot_chain_rd_reg[4]_i_1/I2
    SLICE_X9Y18          LUT6 (Prop_lut6_I2_O)        0.124    13.771 r  cpu_inst/dot4acc_pipeline_inst/dot_chain_rd_reg[4]_i_1/O
                         net (fo=6, routed)           0.723    14.493    cpu_inst/dot4acc_pipeline_inst_n_82
    SLICE_X7Y17          FDRE                                         r  cpu_inst/dot_chain_rd_reg_reg[3]/R
  -------------------------------------------------------------------    -------------------

                         (clock sys_clk_pin rise edge)
                                                     10.000    10.000 r  <hidden>
    W5                                                0.000    10.000 r  clk
                         net (fo=0)                   0.000    10.000    clk
    W5                                                                r  clk_IBUF_inst/I
    W5                   IBUF (Prop_ibuf_I_O)         1.388    11.388 r  clk_IBUF_inst/O
                         net (fo=1, routed)           1.862    13.250    clk_IBUF
    BUFGCTRL_X0Y0                                                     r  clk_IBUF_BUFG_inst/I
    BUFGCTRL_X0Y0        BUFG (Prop_bufg_I_O)         0.091    13.341 r  clk_IBUF_BUFG_inst/O
                         net (fo=1714, routed)        1.509    14.850    cpu_inst/clk_IBUF_BUFG
    SLICE_X7Y17          FDRE                                         r  cpu_inst/dot_chain_rd_reg_reg[3]/C
                         clock pessimism              0.260    15.110    <hidden>
                         clock uncertainty           -0.035    15.075    <hidden>
    SLICE_X7Y17          FDRE (Setup_fdre_C_R)       -0.429    14.646    cpu_inst/dot_chain_rd_reg_reg[3]
  -------------------------------------------------------------------
                         required time                         14.646    <hidden>
                         arrival time                         -14.493    <hidden>
  -------------------------------------------------------------------
                         slack                                  0.153    <hidden>

Slack (MET) :             0.159ns  (required time - arrival time)
  Source:                 cpu_inst/ex_mem_reg_reg[rd][2]/C
                            (rising edge-triggered cell FDRE clocked by sys_clk_pin  {rise@0.000ns fall@5.000ns period=10.000ns})
  Destination:            cpu_inst/dot_issue_reg_reg[accumulator][13]/R
                            (rising edge-triggered cell FDRE clocked by sys_clk_pin  {rise@0.000ns fall@5.000ns period=10.000ns})
  Path Group:             sys_clk_pin
  Path Type:              Setup (Max at Slow Process Corner)
  Requirement:            10.000ns  (sys_clk_pin rise@10.000ns - sys_clk_pin rise@0.000ns)
  Data Path Delay:        9.328ns  (logic 2.573ns (27.582%)  route 6.755ns (72.418%))
  Logic Levels:           11  (CARRY4=3 LUT4=2 LUT5=3 LUT6=3)
  Clock Path Skew:        -0.048ns (DCD - SCD + CPR)
    Destination Clock Delay (DCD):    4.850ns = ( 14.850 - 10.000 ) 
    Source Clock Delay      (SCD):    5.158ns
    Clock Pessimism Removal (CPR):    0.260ns
  Clock Uncertainty:      0.035ns  ((TSJ^2 + TIJ^2)^1/2 + DJ) / 2 + PE
    Total System Jitter     (TSJ):    0.071ns
    Total Input Jitter      (TIJ):    0.000ns
    Discrete Jitter          (DJ):    0.000ns
    Phase Error              (PE):    0.000ns

    Location             Delay type                Incr(ns)  Path(ns)    Netlist Resource(s)
  -------------------------------------------------------------------    -------------------
                         (clock sys_clk_pin rise edge)
                                                      0.000     0.000 r  <hidden>
    W5                                                0.000     0.000 r  clk
                         net (fo=0)                   0.000     0.000    clk
    W5                                                                r  clk_IBUF_inst/I
    W5                   IBUF (Prop_ibuf_I_O)         1.458     1.458 r  clk_IBUF_inst/O
                         net (fo=1, routed)           1.967     3.425    clk_IBUF
    BUFGCTRL_X0Y0                                                     r  clk_IBUF_BUFG_inst/I
    BUFGCTRL_X0Y0        BUFG (Prop_bufg_I_O)         0.096     3.521 r  clk_IBUF_BUFG_inst/O
                         net (fo=1714, routed)        1.637     5.158    cpu_inst/clk_IBUF_BUFG
    SLICE_X2Y7           FDRE                                         r  cpu_inst/ex_mem_reg_reg[rd][2]/C
  -------------------------------------------------------------------    -------------------
    SLICE_X2Y7           FDRE (Prop_fdre_C_Q)         0.518     5.676 r  cpu_inst/ex_mem_reg_reg[rd][2]/Q
                         net (fo=6, routed)           0.915     6.591    cpu_inst/dot4acc_pipeline_inst/pair1_reg_reg_15[2]
    SLICE_X2Y7                                                        r  cpu_inst/dot4acc_pipeline_inst/product2_reg_reg_i_57/I0
    SLICE_X2Y7           LUT5 (Prop_lut5_I0_O)        0.124     6.715 f  cpu_inst/dot4acc_pipeline_inst/product2_reg_reg_i_57/O
                         net (fo=2, routed)           0.507     7.222    cpu_inst/dot4acc_pipeline_inst/product2_reg_reg_i_57_n_0
    SLICE_X3Y7                                                        f  cpu_inst/dot4acc_pipeline_inst/product2_reg_reg_i_66/I0
    SLICE_X3Y7           LUT4 (Prop_lut4_I0_O)        0.124     7.346 f  cpu_inst/dot4acc_pipeline_inst/product2_reg_reg_i_66/O
                         net (fo=3, routed)           0.748     8.095    cpu_inst/dot4acc_pipeline_inst/ex_mem_reg_reg[valid]_0
    SLICE_X8Y7                                                        f  cpu_inst/dot4acc_pipeline_inst/product2_reg_reg_i_36/I0
    SLICE_X8Y7           LUT6 (Prop_lut6_I0_O)        0.124     8.219 r  cpu_inst/dot4acc_pipeline_inst/product2_reg_reg_i_36/O
                         net (fo=41, routed)          0.984     9.202    cpu_inst/data_mem_inst/product0_reg_reg
    SLICE_X7Y5                                                        r  cpu_inst/data_mem_inst/ex_mem_reg[alu_result][0]_i_5/I0
    SLICE_X7Y5           LUT5 (Prop_lut5_I0_O)        0.124     9.326 r  cpu_inst/data_mem_inst/ex_mem_reg[alu_result][0]_i_5/O
                         net (fo=4, routed)           1.108    10.435    cpu_inst/dot4acc_pipeline_inst/ex_mem_reg_reg[alu_result][0]_1
    SLICE_X7Y8                                                        r  cpu_inst/dot4acc_pipeline_inst/led_OBUF[12]_inst_i_18/I0
    SLICE_X7Y8           LUT6 (Prop_lut6_I0_O)        0.124    10.559 r  cpu_inst/dot4acc_pipeline_inst/led_OBUF[12]_inst_i_18/O
                         net (fo=1, routed)           0.000    10.559    cpu_inst/dot4acc_pipeline_inst/led_OBUF[12]_inst_i_18_n_0
    SLICE_X7Y8                                                        r  cpu_inst/dot4acc_pipeline_inst/led_OBUF[12]_inst_i_10/S[0]
    SLICE_X7Y8           CARRY4 (Prop_carry4_S[0]_CO[3])
                                                      0.532    11.091 r  cpu_inst/dot4acc_pipeline_inst/led_OBUF[12]_inst_i_10/CO[3]
                         net (fo=1, routed)           0.000    11.091    cpu_inst/dot4acc_pipeline_inst/led_OBUF[12]_inst_i_10_n_0
    SLICE_X7Y9                                                        r  cpu_inst/dot4acc_pipeline_inst/led_OBUF[12]_inst_i_6/CI
    SLICE_X7Y9           CARRY4 (Prop_carry4_CI_CO[3])
                                                      0.114    11.205 r  cpu_inst/dot4acc_pipeline_inst/led_OBUF[12]_inst_i_6/CO[3]
                         net (fo=1, routed)           0.000    11.205    cpu_inst/dot4acc_pipeline_inst/led_OBUF[12]_inst_i_6_n_0
    SLICE_X7Y10                                                       r  cpu_inst/dot4acc_pipeline_inst/led_OBUF[12]_inst_i_3/CI
    SLICE_X7Y10          CARRY4 (Prop_carry4_CI_CO[2])
                                                      0.228    11.433 f  cpu_inst/dot4acc_pipeline_inst/led_OBUF[12]_inst_i_3/CO[2]
                         net (fo=17, routed)          0.629    12.062    cpu_inst/dot4acc_pipeline_inst/ex_branch_taken073_in
    SLICE_X7Y12                                                       f  cpu_inst/dot4acc_pipeline_inst/product2_reg_reg_i_19/I2
    SLICE_X7Y12          LUT4 (Prop_lut4_I2_O)        0.313    12.375 f  cpu_inst/dot4acc_pipeline_inst/product2_reg_reg_i_19/O
                         net (fo=40, routed)          0.733    13.109    cpu_inst/dot4acc_pipeline_inst/product2_reg_reg_i_19_n_0
    SLICE_X9Y17                                                       f  cpu_inst/dot4acc_pipeline_inst/product2_reg_reg_i_1/I1
    SLICE_X9Y17          LUT6 (Prop_lut6_I1_O)        0.124    13.233 r  cpu_inst/dot4acc_pipeline_inst/product2_reg_reg_i_1/O
                         net (fo=56, routed)          0.273    13.505    cpu_inst/dot4acc_pipeline_inst/redirect_pending_valid_reg
    SLICE_X9Y17                                                       r  cpu_inst/dot4acc_pipeline_inst/dot_issue_reg[accumulator][31]_i_1/I4
    SLICE_X9Y17          LUT5 (Prop_lut5_I4_O)        0.124    13.629 r  cpu_inst/dot4acc_pipeline_inst/dot_issue_reg[accumulator][31]_i_1/O
                         net (fo=32, routed)          0.857    14.487    cpu_inst/dot4acc_pipeline_inst_n_44
    SLICE_X5Y17          FDRE                                         r  cpu_inst/dot_issue_reg_reg[accumulator][13]/R
  -------------------------------------------------------------------    -------------------

                         (clock sys_clk_pin rise edge)
                                                     10.000    10.000 r  <hidden>
    W5                                                0.000    10.000 r  clk
                         net (fo=0)                   0.000    10.000    clk
    W5                                                                r  clk_IBUF_inst/I
    W5                   IBUF (Prop_ibuf_I_O)         1.388    11.388 r  clk_IBUF_inst/O
                         net (fo=1, routed)           1.862    13.250    clk_IBUF
    BUFGCTRL_X0Y0                                                     r  clk_IBUF_BUFG_inst/I
    BUFGCTRL_X0Y0        BUFG (Prop_bufg_I_O)         0.091    13.341 r  clk_IBUF_BUFG_inst/O
                         net (fo=1714, routed)        1.509    14.850    cpu_inst/clk_IBUF_BUFG
    SLICE_X5Y17          FDRE                                         r  cpu_inst/dot_issue_reg_reg[accumulator][13]/C
                         clock pessimism              0.260    15.110    <hidden>
                         clock uncertainty           -0.035    15.075    <hidden>
    SLICE_X5Y17          FDRE (Setup_fdre_C_R)       -0.429    14.646    cpu_inst/dot_issue_reg_reg[accumulator][13]
  -------------------------------------------------------------------
                         required time                         14.646    <hidden>
                         arrival time                         -14.487    <hidden>
  -------------------------------------------------------------------
                         slack                                  0.159    <hidden>




