Copyright 1986-2022 Xilinx, Inc. All Rights Reserved. Copyright 2022-2026 Advanced Micro Devices, Inc. All Rights Reserved.
---------------------------------------------------------------------------------------------------------------------------------------------
| Tool Version : Vivado v.2026.1 (win64) Build 6511674 Tue Jun 16 11:02:23 MDT 2026
| Date         : Tue Aug 11 20:55:07 2026
| Host         : DESKTOP-4GB7DVJ running 64-bit major release  (build 9200)
| Command      : report_timing -max_paths 20 -path_type full -file reports/vector_stage5a/stage5a_worst_paths.rpt
| Design       : vector_program_core_synth_top
| Device       : 7a35t-cpg236
| Speed File   : -1  PRODUCTION 1.23 2018-06-13
| Design State : Routed
---------------------------------------------------------------------------------------------------------------------------------------------

Timing Report

Slack (VIOLATED) :        -0.629ns  (required time - arrival time)
  Source:                 core_inst/current_pc_reg[1]/C
                            (rising edge-triggered cell FDRE clocked by vector_core_clk  {rise@0.000ns fall@5.000ns period=10.000ns})
  Destination:            core_inst/execution_unit_inst/execution_unit_inst/vector_register_file_inst/regs_reg[6][0]/D
                            (rising edge-triggered cell FDRE clocked by vector_core_clk  {rise@0.000ns fall@5.000ns period=10.000ns})
  Path Group:             vector_core_clk
  Path Type:              Setup (Max at Slow Process Corner)
  Requirement:            10.000ns  (vector_core_clk rise@10.000ns - vector_core_clk rise@0.000ns)
  Data Path Delay:        10.480ns  (logic 3.153ns (30.085%)  route 7.327ns (69.915%))
  Logic Levels:           11  (CARRY4=2 LUT2=1 LUT3=1 LUT4=2 LUT6=3 MUXF7=1 RAMD32=1)
  Clock Path Skew:        -0.032ns (DCD - SCD + CPR)
    Destination Clock Delay (DCD):    4.784ns = ( 14.784 - 10.000 ) 
    Source Clock Delay      (SCD):    5.090ns
    Clock Pessimism Removal (CPR):    0.274ns
  Clock Uncertainty:      0.035ns  ((TSJ^2 + TIJ^2)^1/2 + DJ) / 2 + PE
    Total System Jitter     (TSJ):    0.071ns
    Total Input Jitter      (TIJ):    0.000ns
    Discrete Jitter          (DJ):    0.000ns
    Phase Error              (PE):    0.000ns

    Location             Delay type                Incr(ns)  Path(ns)    Netlist Resource(s)
  -------------------------------------------------------------------    -------------------
                         (clock vector_core_clk rise edge)
                                                      0.000     0.000 r  <hidden>
                         propagated clock network latency
                                                      5.090     5.090    <hidden>
    SLICE_X15Y46         FDRE                         0.000     5.090 r  core_inst/current_pc_reg[1]/C
    SLICE_X15Y46         FDRE (Prop_fdre_C_Q)         0.419     5.509 r  core_inst/current_pc_reg[1]/Q
                         net (fo=23, routed)          0.882     6.391    core_inst/instruction_memory_inst/memory_reg_0_15_12_15/ADDRB1
    SLICE_X14Y45         RAMD32 (Prop_ramd32_RADR1_O)
                                                      0.327     6.718 f  core_inst/instruction_memory_inst/memory_reg_0_15_12_15/RAMB/O
                         net (fo=26, routed)          0.978     7.696    core_inst/instruction_memory_inst/memory_reg_0_15_12_15_n_3
    SLICE_X13Y43         LUT4 (Prop_lut4_I1_O)        0.348     8.044 r  core_inst/instruction_memory_inst/regs[0][31]_i_45/O
                         net (fo=64, routed)          1.338     9.382    core_inst/execution_unit_inst/execution_unit_inst/vector_register_file_inst/regs_reg[0][0]_i_8_0
    SLICE_X14Y31         LUT6 (Prop_lut6_I2_O)        0.124     9.506 r  core_inst/execution_unit_inst/execution_unit_inst/vector_register_file_inst/regs[0][12]_i_14/O
                         net (fo=1, routed)           0.000     9.506    core_inst/execution_unit_inst/execution_unit_inst/vector_register_file_inst/regs[0][12]_i_14_n_0
    SLICE_X14Y31         MUXF7 (Prop_muxf7_I1_O)      0.214     9.720 r  core_inst/execution_unit_inst/execution_unit_inst/vector_register_file_inst/regs_reg[0][12]_i_10/O
                         net (fo=4, routed)           1.018    10.738    core_inst/execution_unit_inst/execution_unit_inst/vector_register_file_inst/rf_vector_b[12]
    SLICE_X9Y35          LUT2 (Prop_lut2_I1_O)        0.297    11.035 r  core_inst/execution_unit_inst/execution_unit_inst/vector_register_file_inst/regs[0][12]_i_12/O
                         net (fo=4, routed)           1.010    12.045    core_inst/execution_unit_inst/execution_unit_inst/vector_register_file_inst/regs[0][15]_i_12_0[0]
    SLICE_X12Y35         LUT3 (Prop_lut3_I0_O)        0.124    12.169 r  core_inst/execution_unit_inst/execution_unit_inst/vector_register_file_inst/regs[0][0]_i_48/O
                         net (fo=1, routed)           0.000    12.169    core_inst/execution_unit_inst/execution_unit_inst/vector_alu_inst/regs_reg[0][0]_i_19_0[0]
    SLICE_X12Y35         CARRY4 (Prop_carry4_S[0]_CO[3])
                                                      0.513    12.682 r  core_inst/execution_unit_inst/execution_unit_inst/vector_alu_inst/regs_reg[0][0]_i_31/CO[3]
                         net (fo=1, routed)           0.000    12.682    core_inst/execution_unit_inst/execution_unit_inst/vector_alu_inst/regs_reg[0][0]_i_31_n_0
    SLICE_X12Y36         CARRY4 (Prop_carry4_CI_CO[2])
                                                      0.229    12.911 r  core_inst/execution_unit_inst/execution_unit_inst/vector_alu_inst/regs_reg[0][0]_i_19/CO[2]
                         net (fo=1, routed)           0.623    13.534    core_inst/execution_unit_inst/execution_unit_inst/vector_register_file_inst/CO[0]
    SLICE_X14Y34         LUT4 (Prop_lut4_I0_O)        0.310    13.844 r  core_inst/execution_unit_inst/execution_unit_inst/vector_register_file_inst/regs[0][0]_i_7/O
                         net (fo=1, routed)           0.303    14.147    core_inst/execution_unit_inst/execution_unit_inst/vector_register_file_inst/regs[0][0]_i_7_n_0
    SLICE_X14Y33         LUT6 (Prop_lut6_I5_O)        0.124    14.271 r  core_inst/execution_unit_inst/execution_unit_inst/vector_register_file_inst/regs[0][0]_i_3/O
                         net (fo=1, routed)           0.412    14.683    core_inst/execution_unit_inst/execution_unit_inst/vector_register_file_inst/regs[0][0]_i_3_n_0
    SLICE_X15Y32         LUT6 (Prop_lut6_I2_O)        0.124    14.807 r  core_inst/execution_unit_inst/execution_unit_inst/vector_register_file_inst/regs[0][0]_i_1/O
                         net (fo=8, routed)           0.764    15.571    core_inst/execution_unit_inst/execution_unit_inst/vector_register_file_inst/regs[0][0]_i_1_n_0
    SLICE_X13Y33         FDRE                                         r  core_inst/execution_unit_inst/execution_unit_inst/vector_register_file_inst/regs_reg[6][0]/D
  -------------------------------------------------------------------    -------------------

                         (clock vector_core_clk rise edge)
                                                     10.000    10.000 r  <hidden>
                         propagated clock network latency
                                                      4.784    14.784    <hidden>
                         clock pessimism              0.274    15.058    <hidden>
                         clock uncertainty           -0.035    15.023    <hidden>
    SLICE_X13Y33         FDRE (Setup_fdre_C_D)       -0.081    14.942    core_inst/execution_unit_inst/execution_unit_inst/vector_register_file_inst/regs_reg[6][0]
  -------------------------------------------------------------------
                         required time                         14.942    <hidden>
                         arrival time                         -15.571    <hidden>
  -------------------------------------------------------------------
                         slack                                 -0.629    <hidden>

Slack (VIOLATED) :        -0.526ns  (required time - arrival time)
  Source:                 core_inst/current_pc_reg[1]/C
                            (rising edge-triggered cell FDRE clocked by vector_core_clk  {rise@0.000ns fall@5.000ns period=10.000ns})
  Destination:            core_inst/execution_unit_inst/execution_unit_inst/vector_register_file_inst/regs_reg[1][121]/D
                            (rising edge-triggered cell FDRE clocked by vector_core_clk  {rise@0.000ns fall@5.000ns period=10.000ns})
  Path Group:             vector_core_clk
  Path Type:              Setup (Max at Slow Process Corner)
  Requirement:            10.000ns  (vector_core_clk rise@10.000ns - vector_core_clk rise@0.000ns)
  Data Path Delay:        10.297ns  (logic 3.716ns (36.089%)  route 6.581ns (63.911%))
  Logic Levels:           15  (CARRY4=7 LUT2=1 LUT3=1 LUT6=4 MUXF7=1 RAMD32=1)
  Clock Path Skew:        -0.136ns (DCD - SCD + CPR)
    Destination Clock Delay (DCD):    4.775ns = ( 14.775 - 10.000 ) 
    Source Clock Delay      (SCD):    5.090ns
    Clock Pessimism Removal (CPR):    0.180ns
  Clock Uncertainty:      0.035ns  ((TSJ^2 + TIJ^2)^1/2 + DJ) / 2 + PE
    Total System Jitter     (TSJ):    0.071ns
    Total Input Jitter      (TIJ):    0.000ns
    Discrete Jitter          (DJ):    0.000ns
    Phase Error              (PE):    0.000ns

    Location             Delay type                Incr(ns)  Path(ns)    Netlist Resource(s)
  -------------------------------------------------------------------    -------------------
                         (clock vector_core_clk rise edge)
                                                      0.000     0.000 r  <hidden>
                         propagated clock network latency
                                                      5.090     5.090    <hidden>
    SLICE_X15Y46         FDRE                         0.000     5.090 r  core_inst/current_pc_reg[1]/C
    SLICE_X15Y46         FDRE (Prop_fdre_C_Q)         0.419     5.509 r  core_inst/current_pc_reg[1]/Q
                         net (fo=23, routed)          0.882     6.391    core_inst/instruction_memory_inst/memory_reg_0_15_12_15/ADDRB1
    SLICE_X14Y45         RAMD32 (Prop_ramd32_RADR1_O)
                                                      0.327     6.718 f  core_inst/instruction_memory_inst/memory_reg_0_15_12_15/RAMB/O
                         net (fo=26, routed)          0.652     7.370    core_inst/instruction_memory_inst/memory_reg_0_15_12_15_n_3
    SLICE_X15Y45         LUT6 (Prop_lut6_I3_O)        0.348     7.718 r  core_inst/instruction_memory_inst/regs[0][127]_i_56/O
                         net (fo=96, routed)          0.985     8.703    core_inst/execution_unit_inst/execution_unit_inst/vector_register_file_inst/regs[0][58]_i_18_0
    SLICE_X15Y41         LUT6 (Prop_lut6_I2_O)        0.124     8.827 r  core_inst/execution_unit_inst/execution_unit_inst/vector_register_file_inst/regs[0][96]_i_11/O
                         net (fo=3, routed)           0.967     9.795    core_inst/execution_unit_inst/execution_unit_inst/vector_register_file_inst/regs[0][96]_i_11_n_0
    SLICE_X29Y43         LUT3 (Prop_lut3_I2_O)        0.124     9.919 r  core_inst/execution_unit_inst/execution_unit_inst/vector_register_file_inst/regs[0][96]_i_5/O
                         net (fo=16, routed)          0.893    10.811    core_inst/execution_unit_inst/execution_unit_inst/vector_register_file_inst/regs_reg[7][96]_0[3]
    SLICE_X28Y44         LUT2 (Prop_lut2_I0_O)        0.124    10.935 r  core_inst/execution_unit_inst/execution_unit_inst/vector_register_file_inst/regs[0][98]_i_25/O
                         net (fo=1, routed)           0.000    10.935    core_inst/execution_unit_inst/execution_unit_inst/vector_alu_inst/regs[0][96]_i_2_2[0]
    SLICE_X28Y44         CARRY4 (Prop_carry4_S[0]_CO[3])
                                                      0.532    11.467 r  core_inst/execution_unit_inst/execution_unit_inst/vector_alu_inst/regs_reg[0][98]_i_11/CO[3]
                         net (fo=1, routed)           0.000    11.467    core_inst/execution_unit_inst/execution_unit_inst/vector_alu_inst/regs_reg[0][98]_i_11_n_0
    SLICE_X28Y45         CARRY4 (Prop_carry4_CI_CO[3])
                                                      0.114    11.581 r  core_inst/execution_unit_inst/execution_unit_inst/vector_alu_inst/regs_reg[0][103]_i_9/CO[3]
                         net (fo=1, routed)           0.000    11.581    core_inst/execution_unit_inst/execution_unit_inst/vector_alu_inst/regs_reg[0][103]_i_9_n_0
    SLICE_X28Y46         CARRY4 (Prop_carry4_CI_CO[3])
                                                      0.114    11.695 r  core_inst/execution_unit_inst/execution_unit_inst/vector_alu_inst/regs_reg[0][107]_i_9/CO[3]
                         net (fo=1, routed)           0.000    11.695    core_inst/execution_unit_inst/execution_unit_inst/vector_alu_inst/regs_reg[0][107]_i_9_n_0
    SLICE_X28Y47         CARRY4 (Prop_carry4_CI_CO[3])
                                                      0.114    11.809 r  core_inst/execution_unit_inst/execution_unit_inst/vector_alu_inst/regs_reg[0][111]_i_9/CO[3]
                         net (fo=1, routed)           0.000    11.809    core_inst/execution_unit_inst/execution_unit_inst/vector_alu_inst/regs_reg[0][111]_i_9_n_0
    SLICE_X28Y48         CARRY4 (Prop_carry4_CI_CO[3])
                                                      0.114    11.923 r  core_inst/execution_unit_inst/execution_unit_inst/vector_alu_inst/regs_reg[0][115]_i_9/CO[3]
                         net (fo=1, routed)           0.000    11.923    core_inst/execution_unit_inst/execution_unit_inst/vector_alu_inst/regs_reg[0][115]_i_9_n_0
    SLICE_X28Y49         CARRY4 (Prop_carry4_CI_CO[3])
                                                      0.114    12.037 r  core_inst/execution_unit_inst/execution_unit_inst/vector_alu_inst/regs_reg[0][119]_i_9/CO[3]
                         net (fo=1, routed)           0.001    12.038    core_inst/execution_unit_inst/execution_unit_inst/vector_alu_inst/regs_reg[0][119]_i_9_n_0
    SLICE_X28Y50         CARRY4 (Prop_carry4_CI_O[1])
                                                      0.334    12.372 r  core_inst/execution_unit_inst/execution_unit_inst/vector_alu_inst/regs_reg[0][127]_i_27/O[1]
                         net (fo=1, routed)           0.826    13.199    core_inst/execution_unit_inst/execution_unit_inst/vector_register_file_inst/data1[25]
    SLICE_X33Y52         LUT6 (Prop_lut6_I3_O)        0.303    13.502 r  core_inst/execution_unit_inst/execution_unit_inst/vector_register_file_inst/regs[0][121]_i_4/O
                         net (fo=1, routed)           0.000    13.502    core_inst/execution_unit_inst/execution_unit_inst/vector_register_file_inst/regs[0][121]_i_4_n_0
    SLICE_X33Y52         MUXF7 (Prop_muxf7_I0_O)      0.212    13.714 r  core_inst/execution_unit_inst/execution_unit_inst/vector_register_file_inst/regs_reg[0][121]_i_2/O
                         net (fo=1, routed)           0.650    14.364    core_inst/instruction_memory_inst/regs_reg[7][121]
    SLICE_X33Y55         LUT6 (Prop_lut6_I0_O)        0.299    14.663 r  core_inst/instruction_memory_inst/regs[0][121]_i_1/O
                         net (fo=8, routed)           0.724    15.387    core_inst/execution_unit_inst/execution_unit_inst/vector_register_file_inst/D[103]
    SLICE_X33Y57         FDRE                                         r  core_inst/execution_unit_inst/execution_unit_inst/vector_register_file_inst/regs_reg[1][121]/D
  -------------------------------------------------------------------    -------------------

                         (clock vector_core_clk rise edge)
                                                     10.000    10.000 r  <hidden>
                         propagated clock network latency
                                                      4.775    14.775    <hidden>
                         clock pessimism              0.180    14.955    <hidden>
                         clock uncertainty           -0.035    14.919    <hidden>
    SLICE_X33Y57         FDRE (Setup_fdre_C_D)       -0.058    14.861    core_inst/execution_unit_inst/execution_unit_inst/vector_register_file_inst/regs_reg[1][121]
  -------------------------------------------------------------------
                         required time                         14.861    <hidden>
                         arrival time                         -15.387    <hidden>
  -------------------------------------------------------------------
                         slack                                 -0.526    <hidden>

Slack (VIOLATED) :        -0.470ns  (required time - arrival time)
  Source:                 core_inst/current_pc_reg[1]/C
                            (rising edge-triggered cell FDRE clocked by vector_core_clk  {rise@0.000ns fall@5.000ns period=10.000ns})
  Destination:            core_inst/execution_unit_inst/execution_unit_inst/vector_register_file_inst/regs_reg[1][125]/D
                            (rising edge-triggered cell FDRE clocked by vector_core_clk  {rise@0.000ns fall@5.000ns period=10.000ns})
  Path Group:             vector_core_clk
  Path Type:              Setup (Max at Slow Process Corner)
  Requirement:            10.000ns  (vector_core_clk rise@10.000ns - vector_core_clk rise@0.000ns)
  Data Path Delay:        10.259ns  (logic 3.830ns (37.334%)  route 6.429ns (62.666%))
  Logic Levels:           16  (CARRY4=8 LUT2=1 LUT3=1 LUT6=4 MUXF7=1 RAMD32=1)
  Clock Path Skew:        -0.136ns (DCD - SCD + CPR)
    Destination Clock Delay (DCD):    4.775ns = ( 14.775 - 10.000 ) 
    Source Clock Delay      (SCD):    5.090ns
    Clock Pessimism Removal (CPR):    0.180ns
  Clock Uncertainty:      0.035ns  ((TSJ^2 + TIJ^2)^1/2 + DJ) / 2 + PE
    Total System Jitter     (TSJ):    0.071ns
    Total Input Jitter      (TIJ):    0.000ns
    Discrete Jitter          (DJ):    0.000ns
    Phase Error              (PE):    0.000ns

    Location             Delay type                Incr(ns)  Path(ns)    Netlist Resource(s)
  -------------------------------------------------------------------    -------------------
                         (clock vector_core_clk rise edge)
                                                      0.000     0.000 r  <hidden>
                         propagated clock network latency
                                                      5.090     5.090    <hidden>
    SLICE_X15Y46         FDRE                         0.000     5.090 r  core_inst/current_pc_reg[1]/C
    SLICE_X15Y46         FDRE (Prop_fdre_C_Q)         0.419     5.509 r  core_inst/current_pc_reg[1]/Q
                         net (fo=23, routed)          0.882     6.391    core_inst/instruction_memory_inst/memory_reg_0_15_12_15/ADDRB1
    SLICE_X14Y45         RAMD32 (Prop_ramd32_RADR1_O)
                                                      0.327     6.718 f  core_inst/instruction_memory_inst/memory_reg_0_15_12_15/RAMB/O
                         net (fo=26, routed)          0.652     7.370    core_inst/instruction_memory_inst/memory_reg_0_15_12_15_n_3
    SLICE_X15Y45         LUT6 (Prop_lut6_I3_O)        0.348     7.718 r  core_inst/instruction_memory_inst/regs[0][127]_i_56/O
                         net (fo=96, routed)          0.985     8.703    core_inst/execution_unit_inst/execution_unit_inst/vector_register_file_inst/regs[0][58]_i_18_0
    SLICE_X15Y41         LUT6 (Prop_lut6_I2_O)        0.124     8.827 r  core_inst/execution_unit_inst/execution_unit_inst/vector_register_file_inst/regs[0][96]_i_11/O
                         net (fo=3, routed)           0.967     9.795    core_inst/execution_unit_inst/execution_unit_inst/vector_register_file_inst/regs[0][96]_i_11_n_0
    SLICE_X29Y43         LUT3 (Prop_lut3_I2_O)        0.124     9.919 r  core_inst/execution_unit_inst/execution_unit_inst/vector_register_file_inst/regs[0][96]_i_5/O
                         net (fo=16, routed)          0.893    10.811    core_inst/execution_unit_inst/execution_unit_inst/vector_register_file_inst/regs_reg[7][96]_0[3]
    SLICE_X28Y44         LUT2 (Prop_lut2_I0_O)        0.124    10.935 r  core_inst/execution_unit_inst/execution_unit_inst/vector_register_file_inst/regs[0][98]_i_25/O
                         net (fo=1, routed)           0.000    10.935    core_inst/execution_unit_inst/execution_unit_inst/vector_alu_inst/regs[0][96]_i_2_2[0]
    SLICE_X28Y44         CARRY4 (Prop_carry4_S[0]_CO[3])
                                                      0.532    11.467 r  core_inst/execution_unit_inst/execution_unit_inst/vector_alu_inst/regs_reg[0][98]_i_11/CO[3]
                         net (fo=1, routed)           0.000    11.467    core_inst/execution_unit_inst/execution_unit_inst/vector_alu_inst/regs_reg[0][98]_i_11_n_0
    SLICE_X28Y45         CARRY4 (Prop_carry4_CI_CO[3])
                                                      0.114    11.581 r  core_inst/execution_unit_inst/execution_unit_inst/vector_alu_inst/regs_reg[0][103]_i_9/CO[3]
                         net (fo=1, routed)           0.000    11.581    core_inst/execution_unit_inst/execution_unit_inst/vector_alu_inst/regs_reg[0][103]_i_9_n_0
    SLICE_X28Y46         CARRY4 (Prop_carry4_CI_CO[3])
                                                      0.114    11.695 r  core_inst/execution_unit_inst/execution_unit_inst/vector_alu_inst/regs_reg[0][107]_i_9/CO[3]
                         net (fo=1, routed)           0.000    11.695    core_inst/execution_unit_inst/execution_unit_inst/vector_alu_inst/regs_reg[0][107]_i_9_n_0
    SLICE_X28Y47         CARRY4 (Prop_carry4_CI_CO[3])
                                                      0.114    11.809 r  core_inst/execution_unit_inst/execution_unit_inst/vector_alu_inst/regs_reg[0][111]_i_9/CO[3]
                         net (fo=1, routed)           0.000    11.809    core_inst/execution_unit_inst/execution_unit_inst/vector_alu_inst/regs_reg[0][111]_i_9_n_0
    SLICE_X28Y48         CARRY4 (Prop_carry4_CI_CO[3])
                                                      0.114    11.923 r  core_inst/execution_unit_inst/execution_unit_inst/vector_alu_inst/regs_reg[0][115]_i_9/CO[3]
                         net (fo=1, routed)           0.000    11.923    core_inst/execution_unit_inst/execution_unit_inst/vector_alu_inst/regs_reg[0][115]_i_9_n_0
    SLICE_X28Y49         CARRY4 (Prop_carry4_CI_CO[3])
                                                      0.114    12.037 r  core_inst/execution_unit_inst/execution_unit_inst/vector_alu_inst/regs_reg[0][119]_i_9/CO[3]
                         net (fo=1, routed)           0.001    12.038    core_inst/execution_unit_inst/execution_unit_inst/vector_alu_inst/regs_reg[0][119]_i_9_n_0
    SLICE_X28Y50         CARRY4 (Prop_carry4_CI_CO[3])
                                                      0.114    12.152 r  core_inst/execution_unit_inst/execution_unit_inst/vector_alu_inst/regs_reg[0][127]_i_27/CO[3]
                         net (fo=1, routed)           0.000    12.152    core_inst/execution_unit_inst/execution_unit_inst/vector_alu_inst/regs_reg[0][127]_i_27_n_0
    SLICE_X28Y51         CARRY4 (Prop_carry4_CI_O[1])
                                                      0.334    12.486 r  core_inst/execution_unit_inst/execution_unit_inst/vector_alu_inst/regs_reg[0][127]_i_13/O[1]
                         net (fo=1, routed)           0.688    13.175    core_inst/execution_unit_inst/execution_unit_inst/vector_register_file_inst/data1[29]
    SLICE_X35Y53         LUT6 (Prop_lut6_I3_O)        0.303    13.478 r  core_inst/execution_unit_inst/execution_unit_inst/vector_register_file_inst/regs[0][125]_i_5/O
                         net (fo=1, routed)           0.000    13.478    core_inst/execution_unit_inst/execution_unit_inst/vector_register_file_inst/regs[0][125]_i_5_n_0
    SLICE_X35Y53         MUXF7 (Prop_muxf7_I0_O)      0.212    13.690 r  core_inst/execution_unit_inst/execution_unit_inst/vector_register_file_inst/regs_reg[0][125]_i_2/O
                         net (fo=1, routed)           0.688    14.377    core_inst/instruction_memory_inst/regs_reg[7][125]
    SLICE_X35Y53         LUT6 (Prop_lut6_I0_O)        0.299    14.676 r  core_inst/instruction_memory_inst/regs[0][125]_i_1/O
                         net (fo=8, routed)           0.673    15.349    core_inst/execution_unit_inst/execution_unit_inst/vector_register_file_inst/D[107]
    SLICE_X35Y55         FDRE                                         r  core_inst/execution_unit_inst/execution_unit_inst/vector_register_file_inst/regs_reg[1][125]/D
  -------------------------------------------------------------------    -------------------

                         (clock vector_core_clk rise edge)
                                                     10.000    10.000 r  <hidden>
                         propagated clock network latency
                                                      4.775    14.775    <hidden>
                         clock pessimism              0.180    14.955    <hidden>
                         clock uncertainty           -0.035    14.919    <hidden>
    SLICE_X35Y55         FDRE (Setup_fdre_C_D)       -0.040    14.879    core_inst/execution_unit_inst/execution_unit_inst/vector_register_file_inst/regs_reg[1][125]
  -------------------------------------------------------------------
                         required time                         14.879    <hidden>
                         arrival time                         -15.349    <hidden>
  -------------------------------------------------------------------
                         slack                                 -0.470    <hidden>

Slack (VIOLATED) :        -0.454ns  (required time - arrival time)
  Source:                 core_inst/current_pc_reg[1]/C
                            (rising edge-triggered cell FDRE clocked by vector_core_clk  {rise@0.000ns fall@5.000ns period=10.000ns})
  Destination:            core_inst/execution_unit_inst/execution_unit_inst/vector_register_file_inst/regs_reg[7][121]/D
                            (rising edge-triggered cell FDRE clocked by vector_core_clk  {rise@0.000ns fall@5.000ns period=10.000ns})
  Path Group:             vector_core_clk
  Path Type:              Setup (Max at Slow Process Corner)
  Requirement:            10.000ns  (vector_core_clk rise@10.000ns - vector_core_clk rise@0.000ns)
  Data Path Delay:        10.256ns  (logic 3.716ns (36.231%)  route 6.540ns (63.769%))
  Logic Levels:           15  (CARRY4=7 LUT2=1 LUT3=1 LUT6=4 MUXF7=1 RAMD32=1)
  Clock Path Skew:        -0.135ns (DCD - SCD + CPR)
    Destination Clock Delay (DCD):    4.776ns = ( 14.776 - 10.000 ) 
    Source Clock Delay      (SCD):    5.090ns
    Clock Pessimism Removal (CPR):    0.180ns
  Clock Uncertainty:      0.035ns  ((TSJ^2 + TIJ^2)^1/2 + DJ) / 2 + PE
    Total System Jitter     (TSJ):    0.071ns
    Total Input Jitter      (TIJ):    0.000ns
    Discrete Jitter          (DJ):    0.000ns
    Phase Error              (PE):    0.000ns

    Location             Delay type                Incr(ns)  Path(ns)    Netlist Resource(s)
  -------------------------------------------------------------------    -------------------
                         (clock vector_core_clk rise edge)
                                                      0.000     0.000 r  <hidden>
                         propagated clock network latency
                                                      5.090     5.090    <hidden>
    SLICE_X15Y46         FDRE                         0.000     5.090 r  core_inst/current_pc_reg[1]/C
    SLICE_X15Y46         FDRE (Prop_fdre_C_Q)         0.419     5.509 r  core_inst/current_pc_reg[1]/Q
                         net (fo=23, routed)          0.882     6.391    core_inst/instruction_memory_inst/memory_reg_0_15_12_15/ADDRB1
    SLICE_X14Y45         RAMD32 (Prop_ramd32_RADR1_O)
                                                      0.327     6.718 f  core_inst/instruction_memory_inst/memory_reg_0_15_12_15/RAMB/O
                         net (fo=26, routed)          0.652     7.370    core_inst/instruction_memory_inst/memory_reg_0_15_12_15_n_3
    SLICE_X15Y45         LUT6 (Prop_lut6_I3_O)        0.348     7.718 r  core_inst/instruction_memory_inst/regs[0][127]_i_56/O
                         net (fo=96, routed)          0.985     8.703    core_inst/execution_unit_inst/execution_unit_inst/vector_register_file_inst/regs[0][58]_i_18_0
    SLICE_X15Y41         LUT6 (Prop_lut6_I2_O)        0.124     8.827 r  core_inst/execution_unit_inst/execution_unit_inst/vector_register_file_inst/regs[0][96]_i_11/O
                         net (fo=3, routed)           0.967     9.795    core_inst/execution_unit_inst/execution_unit_inst/vector_register_file_inst/regs[0][96]_i_11_n_0
    SLICE_X29Y43         LUT3 (Prop_lut3_I2_O)        0.124     9.919 r  core_inst/execution_unit_inst/execution_unit_inst/vector_register_file_inst/regs[0][96]_i_5/O
                         net (fo=16, routed)          0.893    10.811    core_inst/execution_unit_inst/execution_unit_inst/vector_register_file_inst/regs_reg[7][96]_0[3]
    SLICE_X28Y44         LUT2 (Prop_lut2_I0_O)        0.124    10.935 r  core_inst/execution_unit_inst/execution_unit_inst/vector_register_file_inst/regs[0][98]_i_25/O
                         net (fo=1, routed)           0.000    10.935    core_inst/execution_unit_inst/execution_unit_inst/vector_alu_inst/regs[0][96]_i_2_2[0]
    SLICE_X28Y44         CARRY4 (Prop_carry4_S[0]_CO[3])
                                                      0.532    11.467 r  core_inst/execution_unit_inst/execution_unit_inst/vector_alu_inst/regs_reg[0][98]_i_11/CO[3]
                         net (fo=1, routed)           0.000    11.467    core_inst/execution_unit_inst/execution_unit_inst/vector_alu_inst/regs_reg[0][98]_i_11_n_0
    SLICE_X28Y45         CARRY4 (Prop_carry4_CI_CO[3])
                                                      0.114    11.581 r  core_inst/execution_unit_inst/execution_unit_inst/vector_alu_inst/regs_reg[0][103]_i_9/CO[3]
                         net (fo=1, routed)           0.000    11.581    core_inst/execution_unit_inst/execution_unit_inst/vector_alu_inst/regs_reg[0][103]_i_9_n_0
    SLICE_X28Y46         CARRY4 (Prop_carry4_CI_CO[3])
                                                      0.114    11.695 r  core_inst/execution_unit_inst/execution_unit_inst/vector_alu_inst/regs_reg[0][107]_i_9/CO[3]
                         net (fo=1, routed)           0.000    11.695    core_inst/execution_unit_inst/execution_unit_inst/vector_alu_inst/regs_reg[0][107]_i_9_n_0
    SLICE_X28Y47         CARRY4 (Prop_carry4_CI_CO[3])
                                                      0.114    11.809 r  core_inst/execution_unit_inst/execution_unit_inst/vector_alu_inst/regs_reg[0][111]_i_9/CO[3]
                         net (fo=1, routed)           0.000    11.809    core_inst/execution_unit_inst/execution_unit_inst/vector_alu_inst/regs_reg[0][111]_i_9_n_0
    SLICE_X28Y48         CARRY4 (Prop_carry4_CI_CO[3])
                                                      0.114    11.923 r  core_inst/execution_unit_inst/execution_unit_inst/vector_alu_inst/regs_reg[0][115]_i_9/CO[3]
                         net (fo=1, routed)           0.000    11.923    core_inst/execution_unit_inst/execution_unit_inst/vector_alu_inst/regs_reg[0][115]_i_9_n_0
    SLICE_X28Y49         CARRY4 (Prop_carry4_CI_CO[3])
                                                      0.114    12.037 r  core_inst/execution_unit_inst/execution_unit_inst/vector_alu_inst/regs_reg[0][119]_i_9/CO[3]
                         net (fo=1, routed)           0.001    12.038    core_inst/execution_unit_inst/execution_unit_inst/vector_alu_inst/regs_reg[0][119]_i_9_n_0
    SLICE_X28Y50         CARRY4 (Prop_carry4_CI_O[1])
                                                      0.334    12.372 r  core_inst/execution_unit_inst/execution_unit_inst/vector_alu_inst/regs_reg[0][127]_i_27/O[1]
                         net (fo=1, routed)           0.826    13.199    core_inst/execution_unit_inst/execution_unit_inst/vector_register_file_inst/data1[25]
    SLICE_X33Y52         LUT6 (Prop_lut6_I3_O)        0.303    13.502 r  core_inst/execution_unit_inst/execution_unit_inst/vector_register_file_inst/regs[0][121]_i_4/O
                         net (fo=1, routed)           0.000    13.502    core_inst/execution_unit_inst/execution_unit_inst/vector_register_file_inst/regs[0][121]_i_4_n_0
    SLICE_X33Y52         MUXF7 (Prop_muxf7_I0_O)      0.212    13.714 r  core_inst/execution_unit_inst/execution_unit_inst/vector_register_file_inst/regs_reg[0][121]_i_2/O
                         net (fo=1, routed)           0.650    14.364    core_inst/instruction_memory_inst/regs_reg[7][121]
    SLICE_X33Y55         LUT6 (Prop_lut6_I0_O)        0.299    14.663 r  core_inst/instruction_memory_inst/regs[0][121]_i_1/O
                         net (fo=8, routed)           0.684    15.347    core_inst/execution_unit_inst/execution_unit_inst/vector_register_file_inst/D[103]
    SLICE_X30Y55         FDRE                                         r  core_inst/execution_unit_inst/execution_unit_inst/vector_register_file_inst/regs_reg[7][121]/D
  -------------------------------------------------------------------    -------------------

                         (clock vector_core_clk rise edge)
                                                     10.000    10.000 r  <hidden>
                         propagated clock network latency
                                                      4.776    14.776    <hidden>
                         clock pessimism              0.180    14.956    <hidden>
                         clock uncertainty           -0.035    14.920    <hidden>
    SLICE_X30Y55         FDRE (Setup_fdre_C_D)       -0.028    14.892    core_inst/execution_unit_inst/execution_unit_inst/vector_register_file_inst/regs_reg[7][121]
  -------------------------------------------------------------------
                         required time                         14.892    <hidden>
                         arrival time                         -15.347    <hidden>
  -------------------------------------------------------------------
                         slack                                 -0.454    <hidden>

Slack (VIOLATED) :        -0.444ns  (required time - arrival time)
  Source:                 core_inst/current_pc_reg[1]/C
                            (rising edge-triggered cell FDRE clocked by vector_core_clk  {rise@0.000ns fall@5.000ns period=10.000ns})
  Destination:            core_inst/execution_unit_inst/execution_unit_inst/vector_register_file_inst/regs_reg[0][0]/D
                            (rising edge-triggered cell FDRE clocked by vector_core_clk  {rise@0.000ns fall@5.000ns period=10.000ns})
  Path Group:             vector_core_clk
  Path Type:              Setup (Max at Slow Process Corner)
  Requirement:            10.000ns  (vector_core_clk rise@10.000ns - vector_core_clk rise@0.000ns)
  Data Path Delay:        10.295ns  (logic 3.153ns (30.626%)  route 7.142ns (69.374%))
  Logic Levels:           11  (CARRY4=2 LUT2=1 LUT3=1 LUT4=2 LUT6=3 MUXF7=1 RAMD32=1)
  Clock Path Skew:        -0.032ns (DCD - SCD + CPR)
    Destination Clock Delay (DCD):    4.784ns = ( 14.784 - 10.000 ) 
    Source Clock Delay      (SCD):    5.090ns
    Clock Pessimism Removal (CPR):    0.274ns
  Clock Uncertainty:      0.035ns  ((TSJ^2 + TIJ^2)^1/2 + DJ) / 2 + PE
    Total System Jitter     (TSJ):    0.071ns
    Total Input Jitter      (TIJ):    0.000ns
    Discrete Jitter          (DJ):    0.000ns
    Phase Error              (PE):    0.000ns

    Location             Delay type                Incr(ns)  Path(ns)    Netlist Resource(s)
  -------------------------------------------------------------------    -------------------
                         (clock vector_core_clk rise edge)
                                                      0.000     0.000 r  <hidden>
                         propagated clock network latency
                                                      5.090     5.090    <hidden>
    SLICE_X15Y46         FDRE                         0.000     5.090 r  core_inst/current_pc_reg[1]/C
    SLICE_X15Y46         FDRE (Prop_fdre_C_Q)         0.419     5.509 r  core_inst/current_pc_reg[1]/Q
                         net (fo=23, routed)          0.882     6.391    core_inst/instruction_memory_inst/memory_reg_0_15_12_15/ADDRB1
    SLICE_X14Y45         RAMD32 (Prop_ramd32_RADR1_O)
                                                      0.327     6.718 f  core_inst/instruction_memory_inst/memory_reg_0_15_12_15/RAMB/O
                         net (fo=26, routed)          0.978     7.696    core_inst/instruction_memory_inst/memory_reg_0_15_12_15_n_3
    SLICE_X13Y43         LUT4 (Prop_lut4_I1_O)        0.348     8.044 r  core_inst/instruction_memory_inst/regs[0][31]_i_45/O
                         net (fo=64, routed)          1.338     9.382    core_inst/execution_unit_inst/execution_unit_inst/vector_register_file_inst/regs_reg[0][0]_i_8_0
    SLICE_X14Y31         LUT6 (Prop_lut6_I2_O)        0.124     9.506 r  core_inst/execution_unit_inst/execution_unit_inst/vector_register_file_inst/regs[0][12]_i_14/O
                         net (fo=1, routed)           0.000     9.506    core_inst/execution_unit_inst/execution_unit_inst/vector_register_file_inst/regs[0][12]_i_14_n_0
    SLICE_X14Y31         MUXF7 (Prop_muxf7_I1_O)      0.214     9.720 r  core_inst/execution_unit_inst/execution_unit_inst/vector_register_file_inst/regs_reg[0][12]_i_10/O
                         net (fo=4, routed)           1.018    10.738    core_inst/execution_unit_inst/execution_unit_inst/vector_register_file_inst/rf_vector_b[12]
    SLICE_X9Y35          LUT2 (Prop_lut2_I1_O)        0.297    11.035 r  core_inst/execution_unit_inst/execution_unit_inst/vector_register_file_inst/regs[0][12]_i_12/O
                         net (fo=4, routed)           1.010    12.045    core_inst/execution_unit_inst/execution_unit_inst/vector_register_file_inst/regs[0][15]_i_12_0[0]
    SLICE_X12Y35         LUT3 (Prop_lut3_I0_O)        0.124    12.169 r  core_inst/execution_unit_inst/execution_unit_inst/vector_register_file_inst/regs[0][0]_i_48/O
                         net (fo=1, routed)           0.000    12.169    core_inst/execution_unit_inst/execution_unit_inst/vector_alu_inst/regs_reg[0][0]_i_19_0[0]
    SLICE_X12Y35         CARRY4 (Prop_carry4_S[0]_CO[3])
                                                      0.513    12.682 r  core_inst/execution_unit_inst/execution_unit_inst/vector_alu_inst/regs_reg[0][0]_i_31/CO[3]
                         net (fo=1, routed)           0.000    12.682    core_inst/execution_unit_inst/execution_unit_inst/vector_alu_inst/regs_reg[0][0]_i_31_n_0
    SLICE_X12Y36         CARRY4 (Prop_carry4_CI_CO[2])
                                                      0.229    12.911 r  core_inst/execution_unit_inst/execution_unit_inst/vector_alu_inst/regs_reg[0][0]_i_19/CO[2]
                         net (fo=1, routed)           0.623    13.534    core_inst/execution_unit_inst/execution_unit_inst/vector_register_file_inst/CO[0]
    SLICE_X14Y34         LUT4 (Prop_lut4_I0_O)        0.310    13.844 r  core_inst/execution_unit_inst/execution_unit_inst/vector_register_file_inst/regs[0][0]_i_7/O
                         net (fo=1, routed)           0.303    14.147    core_inst/execution_unit_inst/execution_unit_inst/vector_register_file_inst/regs[0][0]_i_7_n_0
    SLICE_X14Y33         LUT6 (Prop_lut6_I5_O)        0.124    14.271 r  core_inst/execution_unit_inst/execution_unit_inst/vector_register_file_inst/regs[0][0]_i_3/O
                         net (fo=1, routed)           0.412    14.683    core_inst/execution_unit_inst/execution_unit_inst/vector_register_file_inst/regs[0][0]_i_3_n_0
    SLICE_X15Y32         LUT6 (Prop_lut6_I2_O)        0.124    14.807 r  core_inst/execution_unit_inst/execution_unit_inst/vector_register_file_inst/regs[0][0]_i_1/O
                         net (fo=8, routed)           0.579    15.386    core_inst/execution_unit_inst/execution_unit_inst/vector_register_file_inst/regs[0][0]_i_1_n_0
    SLICE_X15Y33         FDRE                                         r  core_inst/execution_unit_inst/execution_unit_inst/vector_register_file_inst/regs_reg[0][0]/D
  -------------------------------------------------------------------    -------------------

                         (clock vector_core_clk rise edge)
                                                     10.000    10.000 r  <hidden>
                         propagated clock network latency
                                                      4.784    14.784    <hidden>
                         clock pessimism              0.274    15.058    <hidden>
                         clock uncertainty           -0.035    15.023    <hidden>
    SLICE_X15Y33         FDRE (Setup_fdre_C_D)       -0.081    14.942    core_inst/execution_unit_inst/execution_unit_inst/vector_register_file_inst/regs_reg[0][0]
  -------------------------------------------------------------------
                         required time                         14.942    <hidden>
                         arrival time                         -15.386    <hidden>
  -------------------------------------------------------------------
                         slack                                 -0.444    <hidden>

Slack (VIOLATED) :        -0.426ns  (required time - arrival time)
  Source:                 core_inst/current_pc_reg[1]/C
                            (rising edge-triggered cell FDRE clocked by vector_core_clk  {rise@0.000ns fall@5.000ns period=10.000ns})
  Destination:            core_inst/execution_unit_inst/execution_unit_inst/vector_register_file_inst/regs_reg[6][125]/D
                            (rising edge-triggered cell FDRE clocked by vector_core_clk  {rise@0.000ns fall@5.000ns period=10.000ns})
  Path Group:             vector_core_clk
  Path Type:              Setup (Max at Slow Process Corner)
  Requirement:            10.000ns  (vector_core_clk rise@10.000ns - vector_core_clk rise@0.000ns)
  Data Path Delay:        10.242ns  (logic 3.830ns (37.394%)  route 6.412ns (62.606%))
  Logic Levels:           16  (CARRY4=8 LUT2=1 LUT3=1 LUT6=4 MUXF7=1 RAMD32=1)
  Clock Path Skew:        -0.136ns (DCD - SCD + CPR)
    Destination Clock Delay (DCD):    4.775ns = ( 14.775 - 10.000 ) 
    Source Clock Delay      (SCD):    5.090ns
    Clock Pessimism Removal (CPR):    0.180ns
  Clock Uncertainty:      0.035ns  ((TSJ^2 + TIJ^2)^1/2 + DJ) / 2 + PE
    Total System Jitter     (TSJ):    0.071ns
    Total Input Jitter      (TIJ):    0.000ns
    Discrete Jitter          (DJ):    0.000ns
    Phase Error              (PE):    0.000ns

    Location             Delay type                Incr(ns)  Path(ns)    Netlist Resource(s)
  -------------------------------------------------------------------    -------------------
                         (clock vector_core_clk rise edge)
                                                      0.000     0.000 r  <hidden>
                         propagated clock network latency
                                                      5.090     5.090    <hidden>
    SLICE_X15Y46         FDRE                         0.000     5.090 r  core_inst/current_pc_reg[1]/C
    SLICE_X15Y46         FDRE (Prop_fdre_C_Q)         0.419     5.509 r  core_inst/current_pc_reg[1]/Q
                         net (fo=23, routed)          0.882     6.391    core_inst/instruction_memory_inst/memory_reg_0_15_12_15/ADDRB1
    SLICE_X14Y45         RAMD32 (Prop_ramd32_RADR1_O)
                                                      0.327     6.718 f  core_inst/instruction_memory_inst/memory_reg_0_15_12_15/RAMB/O
                         net (fo=26, routed)          0.652     7.370    core_inst/instruction_memory_inst/memory_reg_0_15_12_15_n_3
    SLICE_X15Y45         LUT6 (Prop_lut6_I3_O)        0.348     7.718 r  core_inst/instruction_memory_inst/regs[0][127]_i_56/O
                         net (fo=96, routed)          0.985     8.703    core_inst/execution_unit_inst/execution_unit_inst/vector_register_file_inst/regs[0][58]_i_18_0
    SLICE_X15Y41         LUT6 (Prop_lut6_I2_O)        0.124     8.827 r  core_inst/execution_unit_inst/execution_unit_inst/vector_register_file_inst/regs[0][96]_i_11/O
                         net (fo=3, routed)           0.967     9.795    core_inst/execution_unit_inst/execution_unit_inst/vector_register_file_inst/regs[0][96]_i_11_n_0
    SLICE_X29Y43         LUT3 (Prop_lut3_I2_O)        0.124     9.919 r  core_inst/execution_unit_inst/execution_unit_inst/vector_register_file_inst/regs[0][96]_i_5/O
                         net (fo=16, routed)          0.893    10.811    core_inst/execution_unit_inst/execution_unit_inst/vector_register_file_inst/regs_reg[7][96]_0[3]
    SLICE_X28Y44         LUT2 (Prop_lut2_I0_O)        0.124    10.935 r  core_inst/execution_unit_inst/execution_unit_inst/vector_register_file_inst/regs[0][98]_i_25/O
                         net (fo=1, routed)           0.000    10.935    core_inst/execution_unit_inst/execution_unit_inst/vector_alu_inst/regs[0][96]_i_2_2[0]
    SLICE_X28Y44         CARRY4 (Prop_carry4_S[0]_CO[3])
                                                      0.532    11.467 r  core_inst/execution_unit_inst/execution_unit_inst/vector_alu_inst/regs_reg[0][98]_i_11/CO[3]
                         net (fo=1, routed)           0.000    11.467    core_inst/execution_unit_inst/execution_unit_inst/vector_alu_inst/regs_reg[0][98]_i_11_n_0
    SLICE_X28Y45         CARRY4 (Prop_carry4_CI_CO[3])
                                                      0.114    11.581 r  core_inst/execution_unit_inst/execution_unit_inst/vector_alu_inst/regs_reg[0][103]_i_9/CO[3]
                         net (fo=1, routed)           0.000    11.581    core_inst/execution_unit_inst/execution_unit_inst/vector_alu_inst/regs_reg[0][103]_i_9_n_0
    SLICE_X28Y46         CARRY4 (Prop_carry4_CI_CO[3])
                                                      0.114    11.695 r  core_inst/execution_unit_inst/execution_unit_inst/vector_alu_inst/regs_reg[0][107]_i_9/CO[3]
                         net (fo=1, routed)           0.000    11.695    core_inst/execution_unit_inst/execution_unit_inst/vector_alu_inst/regs_reg[0][107]_i_9_n_0
    SLICE_X28Y47         CARRY4 (Prop_carry4_CI_CO[3])
                                                      0.114    11.809 r  core_inst/execution_unit_inst/execution_unit_inst/vector_alu_inst/regs_reg[0][111]_i_9/CO[3]
                         net (fo=1, routed)           0.000    11.809    core_inst/execution_unit_inst/execution_unit_inst/vector_alu_inst/regs_reg[0][111]_i_9_n_0
    SLICE_X28Y48         CARRY4 (Prop_carry4_CI_CO[3])
                                                      0.114    11.923 r  core_inst/execution_unit_inst/execution_unit_inst/vector_alu_inst/regs_reg[0][115]_i_9/CO[3]
                         net (fo=1, routed)           0.000    11.923    core_inst/execution_unit_inst/execution_unit_inst/vector_alu_inst/regs_reg[0][115]_i_9_n_0
    SLICE_X28Y49         CARRY4 (Prop_carry4_CI_CO[3])
                                                      0.114    12.037 r  core_inst/execution_unit_inst/execution_unit_inst/vector_alu_inst/regs_reg[0][119]_i_9/CO[3]
                         net (fo=1, routed)           0.001    12.038    core_inst/execution_unit_inst/execution_unit_inst/vector_alu_inst/regs_reg[0][119]_i_9_n_0
    SLICE_X28Y50         CARRY4 (Prop_carry4_CI_CO[3])
                                                      0.114    12.152 r  core_inst/execution_unit_inst/execution_unit_inst/vector_alu_inst/regs_reg[0][127]_i_27/CO[3]
                         net (fo=1, routed)           0.000    12.152    core_inst/execution_unit_inst/execution_unit_inst/vector_alu_inst/regs_reg[0][127]_i_27_n_0
    SLICE_X28Y51         CARRY4 (Prop_carry4_CI_O[1])
                                                      0.334    12.486 r  core_inst/execution_unit_inst/execution_unit_inst/vector_alu_inst/regs_reg[0][127]_i_13/O[1]
                         net (fo=1, routed)           0.688    13.175    core_inst/execution_unit_inst/execution_unit_inst/vector_register_file_inst/data1[29]
    SLICE_X35Y53         LUT6 (Prop_lut6_I3_O)        0.303    13.478 r  core_inst/execution_unit_inst/execution_unit_inst/vector_register_file_inst/regs[0][125]_i_5/O
                         net (fo=1, routed)           0.000    13.478    core_inst/execution_unit_inst/execution_unit_inst/vector_register_file_inst/regs[0][125]_i_5_n_0
    SLICE_X35Y53         MUXF7 (Prop_muxf7_I0_O)      0.212    13.690 r  core_inst/execution_unit_inst/execution_unit_inst/vector_register_file_inst/regs_reg[0][125]_i_2/O
                         net (fo=1, routed)           0.688    14.377    core_inst/instruction_memory_inst/regs_reg[7][125]
    SLICE_X35Y53         LUT6 (Prop_lut6_I0_O)        0.299    14.676 r  core_inst/instruction_memory_inst/regs[0][125]_i_1/O
                         net (fo=8, routed)           0.657    15.333    core_inst/execution_unit_inst/execution_unit_inst/vector_register_file_inst/D[107]
    SLICE_X34Y54         FDRE                                         r  core_inst/execution_unit_inst/execution_unit_inst/vector_register_file_inst/regs_reg[6][125]/D
  -------------------------------------------------------------------    -------------------

                         (clock vector_core_clk rise edge)
                                                     10.000    10.000 r  <hidden>
                         propagated clock network latency
                                                      4.775    14.775    <hidden>
                         clock pessimism              0.180    14.955    <hidden>
                         clock uncertainty           -0.035    14.919    <hidden>
    SLICE_X34Y54         FDRE (Setup_fdre_C_D)       -0.013    14.906    core_inst/execution_unit_inst/execution_unit_inst/vector_register_file_inst/regs_reg[6][125]
  -------------------------------------------------------------------
                         required time                         14.906    <hidden>
                         arrival time                         -15.333    <hidden>
  -------------------------------------------------------------------
                         slack                                 -0.426    <hidden>

Slack (VIOLATED) :        -0.425ns  (required time - arrival time)
  Source:                 core_inst/current_pc_reg[1]/C
                            (rising edge-triggered cell FDRE clocked by vector_core_clk  {rise@0.000ns fall@5.000ns period=10.000ns})
  Destination:            core_inst/execution_unit_inst/execution_unit_inst/vector_register_file_inst/regs_reg[0][53]/D
                            (rising edge-triggered cell FDRE clocked by vector_core_clk  {rise@0.000ns fall@5.000ns period=10.000ns})
  Path Group:             vector_core_clk
  Path Type:              Setup (Max at Slow Process Corner)
  Requirement:            10.000ns  (vector_core_clk rise@10.000ns - vector_core_clk rise@0.000ns)
  Data Path Delay:        10.248ns  (logic 3.231ns (31.530%)  route 7.017ns (68.470%))
  Logic Levels:           11  (CARRY4=3 LUT2=1 LUT3=1 LUT6=4 MUXF7=1 RAMD32=1)
  Clock Path Skew:        -0.061ns (DCD - SCD + CPR)
    Destination Clock Delay (DCD):    4.850ns = ( 14.850 - 10.000 ) 
    Source Clock Delay      (SCD):    5.090ns
    Clock Pessimism Removal (CPR):    0.180ns
  Clock Uncertainty:      0.035ns  ((TSJ^2 + TIJ^2)^1/2 + DJ) / 2 + PE
    Total System Jitter     (TSJ):    0.071ns
    Total Input Jitter      (TIJ):    0.000ns
    Discrete Jitter          (DJ):    0.000ns
    Phase Error              (PE):    0.000ns

    Location             Delay type                Incr(ns)  Path(ns)    Netlist Resource(s)
  -------------------------------------------------------------------    -------------------
                         (clock vector_core_clk rise edge)
                                                      0.000     0.000 r  <hidden>
                         propagated clock network latency
                                                      5.090     5.090    <hidden>
    SLICE_X15Y46         FDRE                         0.000     5.090 r  core_inst/current_pc_reg[1]/C
    SLICE_X15Y46         FDRE (Prop_fdre_C_Q)         0.419     5.509 r  core_inst/current_pc_reg[1]/Q
                         net (fo=23, routed)          0.882     6.391    core_inst/instruction_memory_inst/memory_reg_0_15_12_15/ADDRB1
    SLICE_X14Y45         RAMD32 (Prop_ramd32_RADR1_O)
                                                      0.327     6.718 f  core_inst/instruction_memory_inst/memory_reg_0_15_12_15/RAMB/O
                         net (fo=26, routed)          0.695     7.413    core_inst/instruction_memory_inst/memory_reg_0_15_12_15_n_3
    SLICE_X15Y47         LUT6 (Prop_lut6_I3_O)        0.348     7.761 r  core_inst/instruction_memory_inst/regs[0][66]_i_34/O
                         net (fo=96, routed)          1.383     9.144    core_inst/execution_unit_inst/execution_unit_inst/vector_register_file_inst/debug_read_data_parity_OBUF_inst_i_60_0
    SLICE_X5Y45          LUT6 (Prop_lut6_I2_O)        0.124     9.268 r  core_inst/execution_unit_inst/execution_unit_inst/vector_register_file_inst/debug_read_data_parity_OBUF_inst_i_264/O
                         net (fo=3, routed)           0.664     9.932    core_inst/execution_unit_inst/execution_unit_inst/vector_register_file_inst/debug_read_data_parity_OBUF_inst_i_264_n_0
    SLICE_X9Y46          LUT3 (Prop_lut3_I2_O)        0.124    10.056 r  core_inst/execution_unit_inst/execution_unit_inst/vector_register_file_inst/debug_read_data_parity_OBUF_inst_i_93/O
                         net (fo=13, routed)          1.143    11.199    core_inst/execution_unit_inst/execution_unit_inst/vector_register_file_inst/debug_read_data[44]
    SLICE_X6Y46          LUT2 (Prop_lut2_I0_O)        0.124    11.323 r  core_inst/execution_unit_inst/execution_unit_inst/vector_register_file_inst/regs[0][47]_i_32/O
                         net (fo=1, routed)           0.000    11.323    core_inst/execution_unit_inst/execution_unit_inst/vector_alu_inst/regs[0][44]_i_4_0[0]
    SLICE_X6Y46          CARRY4 (Prop_carry4_S[0]_CO[3])
                                                      0.513    11.836 r  core_inst/execution_unit_inst/execution_unit_inst/vector_alu_inst/regs_reg[0][47]_i_10/CO[3]
                         net (fo=1, routed)           0.000    11.836    core_inst/execution_unit_inst/execution_unit_inst/vector_alu_inst/regs_reg[0][47]_i_10_n_0
    SLICE_X6Y47          CARRY4 (Prop_carry4_CI_CO[3])
                                                      0.117    11.953 r  core_inst/execution_unit_inst/execution_unit_inst/vector_alu_inst/regs_reg[0][51]_i_10/CO[3]
                         net (fo=1, routed)           0.000    11.953    core_inst/execution_unit_inst/execution_unit_inst/vector_alu_inst/regs_reg[0][51]_i_10_n_0
    SLICE_X6Y48          CARRY4 (Prop_carry4_CI_O[1])
                                                      0.323    12.276 r  core_inst/execution_unit_inst/execution_unit_inst/vector_alu_inst/regs_reg[0][55]_i_10/O[1]
                         net (fo=1, routed)           0.909    13.185    core_inst/execution_unit_inst/execution_unit_inst/vector_register_file_inst/regs_reg[0][55]_i_2_1[1]
    SLICE_X2Y51          LUT6 (Prop_lut6_I5_O)        0.306    13.491 r  core_inst/execution_unit_inst/execution_unit_inst/vector_register_file_inst/regs[0][53]_i_6/O
                         net (fo=1, routed)           0.000    13.491    core_inst/execution_unit_inst/execution_unit_inst/vector_register_file_inst/regs[0][53]_i_6_n_0
    SLICE_X2Y51          MUXF7 (Prop_muxf7_I0_O)      0.209    13.700 r  core_inst/execution_unit_inst/execution_unit_inst/vector_register_file_inst/regs_reg[0][53]_i_3/O
                         net (fo=1, routed)           0.594    14.294    core_inst/instruction_memory_inst/regs_reg[7][53]_0
    SLICE_X2Y52          LUT6 (Prop_lut6_I4_O)        0.297    14.591 r  core_inst/instruction_memory_inst/regs[0][53]_i_1/O
                         net (fo=8, routed)           0.747    15.338    core_inst/execution_unit_inst/execution_unit_inst/vector_register_file_inst/D[45]
    SLICE_X3Y53          FDRE                                         r  core_inst/execution_unit_inst/execution_unit_inst/vector_register_file_inst/regs_reg[0][53]/D
  -------------------------------------------------------------------    -------------------

                         (clock vector_core_clk rise edge)
                                                     10.000    10.000 r  <hidden>
                         propagated clock network latency
                                                      4.850    14.850    <hidden>
                         clock pessimism              0.180    15.030    <hidden>
                         clock uncertainty           -0.035    14.994    <hidden>
    SLICE_X3Y53          FDRE (Setup_fdre_C_D)       -0.081    14.913    core_inst/execution_unit_inst/execution_unit_inst/vector_register_file_inst/regs_reg[0][53]
  -------------------------------------------------------------------
                         required time                         14.913    <hidden>
                         arrival time                         -15.338    <hidden>
  -------------------------------------------------------------------
                         slack                                 -0.425    <hidden>

Slack (VIOLATED) :        -0.418ns  (required time - arrival time)
  Source:                 core_inst/current_pc_reg[1]/C
                            (rising edge-triggered cell FDRE clocked by vector_core_clk  {rise@0.000ns fall@5.000ns period=10.000ns})
  Destination:            core_inst/execution_unit_inst/execution_unit_inst/vector_register_file_inst/regs_reg[6][64]/D
                            (rising edge-triggered cell FDRE clocked by vector_core_clk  {rise@0.000ns fall@5.000ns period=10.000ns})
  Path Group:             vector_core_clk
  Path Type:              Setup (Max at Slow Process Corner)
  Requirement:            10.000ns  (vector_core_clk rise@10.000ns - vector_core_clk rise@0.000ns)
  Data Path Delay:        10.297ns  (logic 2.911ns (28.269%)  route 7.386ns (71.731%))
  Logic Levels:           11  (CARRY4=2 LUT2=1 LUT3=2 LUT4=1 LUT6=4 RAMD32=1)
  Clock Path Skew:        -0.024ns (DCD - SCD + CPR)
    Destination Clock Delay (DCD):    4.792ns = ( 14.792 - 10.000 ) 
    Source Clock Delay      (SCD):    5.090ns
    Clock Pessimism Removal (CPR):    0.274ns
  Clock Uncertainty:      0.035ns  ((TSJ^2 + TIJ^2)^1/2 + DJ) / 2 + PE
    Total System Jitter     (TSJ):    0.071ns
    Total Input Jitter      (TIJ):    0.000ns
    Discrete Jitter          (DJ):    0.000ns
    Phase Error              (PE):    0.000ns

    Location             Delay type                Incr(ns)  Path(ns)    Netlist Resource(s)
  -------------------------------------------------------------------    -------------------
                         (clock vector_core_clk rise edge)
                                                      0.000     0.000 r  <hidden>
                         propagated clock network latency
                                                      5.090     5.090    <hidden>
    SLICE_X15Y46         FDRE                         0.000     5.090 r  core_inst/current_pc_reg[1]/C
    SLICE_X15Y46         FDRE (Prop_fdre_C_Q)         0.419     5.509 r  core_inst/current_pc_reg[1]/Q
                         net (fo=23, routed)          0.882     6.391    core_inst/instruction_memory_inst/memory_reg_0_15_12_15/ADDRB1
    SLICE_X14Y45         RAMD32 (Prop_ramd32_RADR1_O)
                                                      0.327     6.718 f  core_inst/instruction_memory_inst/memory_reg_0_15_12_15/RAMB/O
                         net (fo=26, routed)          0.695     7.413    core_inst/instruction_memory_inst/memory_reg_0_15_12_15_n_3
    SLICE_X15Y47         LUT6 (Prop_lut6_I3_O)        0.348     7.761 r  core_inst/instruction_memory_inst/regs[0][66]_i_34/O
                         net (fo=96, routed)          1.319     9.080    core_inst/execution_unit_inst/execution_unit_inst/vector_register_file_inst/debug_read_data_parity_OBUF_inst_i_60_0
    SLICE_X11Y53         LUT6 (Prop_lut6_I2_O)        0.124     9.204 r  core_inst/execution_unit_inst/execution_unit_inst/vector_register_file_inst/debug_read_data_parity_OBUF_inst_i_239/O
                         net (fo=3, routed)           0.575     9.779    core_inst/execution_unit_inst/execution_unit_inst/vector_register_file_inst/debug_read_data_parity_OBUF_inst_i_239_n_0
    SLICE_X10Y53         LUT3 (Prop_lut3_I0_O)        0.124     9.903 r  core_inst/execution_unit_inst/execution_unit_inst/vector_register_file_inst/debug_read_data_parity_OBUF_inst_i_81/O
                         net (fo=13, routed)          1.083    10.986    core_inst/execution_unit_inst/execution_unit_inst/vector_register_file_inst/debug_read_data[76]
    SLICE_X12Y52         LUT2 (Prop_lut2_I0_O)        0.124    11.110 r  core_inst/execution_unit_inst/execution_unit_inst/vector_register_file_inst/regs[0][76]_i_12/O
                         net (fo=4, routed)           0.749    11.859    core_inst/execution_unit_inst/execution_unit_inst/vector_register_file_inst/regs[0][79]_i_12_0[0]
    SLICE_X15Y53         LUT3 (Prop_lut3_I0_O)        0.124    11.983 r  core_inst/execution_unit_inst/execution_unit_inst/vector_register_file_inst/regs[0][64]_i_51/O
                         net (fo=1, routed)           0.000    11.983    core_inst/execution_unit_inst/execution_unit_inst/vector_alu_inst/regs_reg[0][64]_i_20_0[0]
    SLICE_X15Y53         CARRY4 (Prop_carry4_S[0]_CO[3])
                                                      0.532    12.515 r  core_inst/execution_unit_inst/execution_unit_inst/vector_alu_inst/regs_reg[0][64]_i_34/CO[3]
                         net (fo=1, routed)           0.000    12.515    core_inst/execution_unit_inst/execution_unit_inst/vector_alu_inst/regs_reg[0][64]_i_34_n_0
    SLICE_X15Y54         CARRY4 (Prop_carry4_CI_CO[2])
                                                      0.228    12.743 r  core_inst/execution_unit_inst/execution_unit_inst/vector_alu_inst/regs_reg[0][64]_i_20/CO[2]
                         net (fo=1, routed)           0.642    13.386    core_inst/execution_unit_inst/execution_unit_inst/vector_register_file_inst/regs[0][64]_i_3_0[0]
    SLICE_X15Y46         LUT4 (Prop_lut4_I0_O)        0.313    13.699 r  core_inst/execution_unit_inst/execution_unit_inst/vector_register_file_inst/regs[0][64]_i_7/O
                         net (fo=1, routed)           0.600    14.298    core_inst/execution_unit_inst/execution_unit_inst/vector_register_file_inst/regs[0][64]_i_7_n_0
    SLICE_X12Y47         LUT6 (Prop_lut6_I5_O)        0.124    14.422 r  core_inst/execution_unit_inst/execution_unit_inst/vector_register_file_inst/regs[0][64]_i_3/O
                         net (fo=1, routed)           0.310    14.733    core_inst/execution_unit_inst/execution_unit_inst/vector_register_file_inst/regs[0][64]_i_3_n_0
    SLICE_X14Y48         LUT6 (Prop_lut6_I2_O)        0.124    14.857 r  core_inst/execution_unit_inst/execution_unit_inst/vector_register_file_inst/regs[0][64]_i_1/O
                         net (fo=8, routed)           0.531    15.388    core_inst/execution_unit_inst/execution_unit_inst/vector_register_file_inst/regs[0][64]_i_1_n_0
    SLICE_X13Y49         FDRE                                         r  core_inst/execution_unit_inst/execution_unit_inst/vector_register_file_inst/regs_reg[6][64]/D
  -------------------------------------------------------------------    -------------------

                         (clock vector_core_clk rise edge)
                                                     10.000    10.000 r  <hidden>
                         propagated clock network latency
                                                      4.792    14.792    <hidden>
                         clock pessimism              0.274    15.066    <hidden>
                         clock uncertainty           -0.035    15.031    <hidden>
    SLICE_X13Y49         FDRE (Setup_fdre_C_D)       -0.061    14.970    core_inst/execution_unit_inst/execution_unit_inst/vector_register_file_inst/regs_reg[6][64]
  -------------------------------------------------------------------
                         required time                         14.970    <hidden>
                         arrival time                         -15.388    <hidden>
  -------------------------------------------------------------------
                         slack                                 -0.418    <hidden>

Slack (VIOLATED) :        -0.416ns  (required time - arrival time)
  Source:                 core_inst/current_pc_reg[1]/C
                            (rising edge-triggered cell FDRE clocked by vector_core_clk  {rise@0.000ns fall@5.000ns period=10.000ns})
  Destination:            core_inst/execution_unit_inst/execution_unit_inst/vector_register_file_inst/regs_reg[6][121]/D
                            (rising edge-triggered cell FDRE clocked by vector_core_clk  {rise@0.000ns fall@5.000ns period=10.000ns})
  Path Group:             vector_core_clk
  Path Type:              Setup (Max at Slow Process Corner)
  Requirement:            10.000ns  (vector_core_clk rise@10.000ns - vector_core_clk rise@0.000ns)
  Data Path Delay:        10.188ns  (logic 3.716ns (36.473%)  route 6.472ns (63.527%))
  Logic Levels:           15  (CARRY4=7 LUT2=1 LUT3=1 LUT6=4 MUXF7=1 RAMD32=1)
  Clock Path Skew:        -0.135ns (DCD - SCD + CPR)
    Destination Clock Delay (DCD):    4.776ns = ( 14.776 - 10.000 ) 
    Source Clock Delay      (SCD):    5.090ns
    Clock Pessimism Removal (CPR):    0.180ns
  Clock Uncertainty:      0.035ns  ((TSJ^2 + TIJ^2)^1/2 + DJ) / 2 + PE
    Total System Jitter     (TSJ):    0.071ns
    Total Input Jitter      (TIJ):    0.000ns
    Discrete Jitter          (DJ):    0.000ns
    Phase Error              (PE):    0.000ns

    Location             Delay type                Incr(ns)  Path(ns)    Netlist Resource(s)
  -------------------------------------------------------------------    -------------------
                         (clock vector_core_clk rise edge)
                                                      0.000     0.000 r  <hidden>
                         propagated clock network latency
                                                      5.090     5.090    <hidden>
    SLICE_X15Y46         FDRE                         0.000     5.090 r  core_inst/current_pc_reg[1]/C
    SLICE_X15Y46         FDRE (Prop_fdre_C_Q)         0.419     5.509 r  core_inst/current_pc_reg[1]/Q
                         net (fo=23, routed)          0.882     6.391    core_inst/instruction_memory_inst/memory_reg_0_15_12_15/ADDRB1
    SLICE_X14Y45         RAMD32 (Prop_ramd32_RADR1_O)
                                                      0.327     6.718 f  core_inst/instruction_memory_inst/memory_reg_0_15_12_15/RAMB/O
                         net (fo=26, routed)          0.652     7.370    core_inst/instruction_memory_inst/memory_reg_0_15_12_15_n_3
    SLICE_X15Y45         LUT6 (Prop_lut6_I3_O)        0.348     7.718 r  core_inst/instruction_memory_inst/regs[0][127]_i_56/O
                         net (fo=96, routed)          0.985     8.703    core_inst/execution_unit_inst/execution_unit_inst/vector_register_file_inst/regs[0][58]_i_18_0
    SLICE_X15Y41         LUT6 (Prop_lut6_I2_O)        0.124     8.827 r  core_inst/execution_unit_inst/execution_unit_inst/vector_register_file_inst/regs[0][96]_i_11/O
                         net (fo=3, routed)           0.967     9.795    core_inst/execution_unit_inst/execution_unit_inst/vector_register_file_inst/regs[0][96]_i_11_n_0
    SLICE_X29Y43         LUT3 (Prop_lut3_I2_O)        0.124     9.919 r  core_inst/execution_unit_inst/execution_unit_inst/vector_register_file_inst/regs[0][96]_i_5/O
                         net (fo=16, routed)          0.893    10.811    core_inst/execution_unit_inst/execution_unit_inst/vector_register_file_inst/regs_reg[7][96]_0[3]
    SLICE_X28Y44         LUT2 (Prop_lut2_I0_O)        0.124    10.935 r  core_inst/execution_unit_inst/execution_unit_inst/vector_register_file_inst/regs[0][98]_i_25/O
                         net (fo=1, routed)           0.000    10.935    core_inst/execution_unit_inst/execution_unit_inst/vector_alu_inst/regs[0][96]_i_2_2[0]
    SLICE_X28Y44         CARRY4 (Prop_carry4_S[0]_CO[3])
                                                      0.532    11.467 r  core_inst/execution_unit_inst/execution_unit_inst/vector_alu_inst/regs_reg[0][98]_i_11/CO[3]
                         net (fo=1, routed)           0.000    11.467    core_inst/execution_unit_inst/execution_unit_inst/vector_alu_inst/regs_reg[0][98]_i_11_n_0
    SLICE_X28Y45         CARRY4 (Prop_carry4_CI_CO[3])
                                                      0.114    11.581 r  core_inst/execution_unit_inst/execution_unit_inst/vector_alu_inst/regs_reg[0][103]_i_9/CO[3]
                         net (fo=1, routed)           0.000    11.581    core_inst/execution_unit_inst/execution_unit_inst/vector_alu_inst/regs_reg[0][103]_i_9_n_0
    SLICE_X28Y46         CARRY4 (Prop_carry4_CI_CO[3])
                                                      0.114    11.695 r  core_inst/execution_unit_inst/execution_unit_inst/vector_alu_inst/regs_reg[0][107]_i_9/CO[3]
                         net (fo=1, routed)           0.000    11.695    core_inst/execution_unit_inst/execution_unit_inst/vector_alu_inst/regs_reg[0][107]_i_9_n_0
    SLICE_X28Y47         CARRY4 (Prop_carry4_CI_CO[3])
                                                      0.114    11.809 r  core_inst/execution_unit_inst/execution_unit_inst/vector_alu_inst/regs_reg[0][111]_i_9/CO[3]
                         net (fo=1, routed)           0.000    11.809    core_inst/execution_unit_inst/execution_unit_inst/vector_alu_inst/regs_reg[0][111]_i_9_n_0
    SLICE_X28Y48         CARRY4 (Prop_carry4_CI_CO[3])
                                                      0.114    11.923 r  core_inst/execution_unit_inst/execution_unit_inst/vector_alu_inst/regs_reg[0][115]_i_9/CO[3]
                         net (fo=1, routed)           0.000    11.923    core_inst/execution_unit_inst/execution_unit_inst/vector_alu_inst/regs_reg[0][115]_i_9_n_0
    SLICE_X28Y49         CARRY4 (Prop_carry4_CI_CO[3])
                                                      0.114    12.037 r  core_inst/execution_unit_inst/execution_unit_inst/vector_alu_inst/regs_reg[0][119]_i_9/CO[3]
                         net (fo=1, routed)           0.001    12.038    core_inst/execution_unit_inst/execution_unit_inst/vector_alu_inst/regs_reg[0][119]_i_9_n_0
    SLICE_X28Y50         CARRY4 (Prop_carry4_CI_O[1])
                                                      0.334    12.372 r  core_inst/execution_unit_inst/execution_unit_inst/vector_alu_inst/regs_reg[0][127]_i_27/O[1]
                         net (fo=1, routed)           0.826    13.199    core_inst/execution_unit_inst/execution_unit_inst/vector_register_file_inst/data1[25]
    SLICE_X33Y52         LUT6 (Prop_lut6_I3_O)        0.303    13.502 r  core_inst/execution_unit_inst/execution_unit_inst/vector_register_file_inst/regs[0][121]_i_4/O
                         net (fo=1, routed)           0.000    13.502    core_inst/execution_unit_inst/execution_unit_inst/vector_register_file_inst/regs[0][121]_i_4_n_0
    SLICE_X33Y52         MUXF7 (Prop_muxf7_I0_O)      0.212    13.714 r  core_inst/execution_unit_inst/execution_unit_inst/vector_register_file_inst/regs_reg[0][121]_i_2/O
                         net (fo=1, routed)           0.650    14.364    core_inst/instruction_memory_inst/regs_reg[7][121]
    SLICE_X33Y55         LUT6 (Prop_lut6_I0_O)        0.299    14.663 r  core_inst/instruction_memory_inst/regs[0][121]_i_1/O
                         net (fo=8, routed)           0.616    15.279    core_inst/execution_unit_inst/execution_unit_inst/vector_register_file_inst/D[103]
    SLICE_X32Y54         FDRE                                         r  core_inst/execution_unit_inst/execution_unit_inst/vector_register_file_inst/regs_reg[6][121]/D
  -------------------------------------------------------------------    -------------------

                         (clock vector_core_clk rise edge)
                                                     10.000    10.000 r  <hidden>
                         propagated clock network latency
                                                      4.776    14.776    <hidden>
                         clock pessimism              0.180    14.956    <hidden>
                         clock uncertainty           -0.035    14.920    <hidden>
    SLICE_X32Y54         FDRE (Setup_fdre_C_D)       -0.058    14.862    core_inst/execution_unit_inst/execution_unit_inst/vector_register_file_inst/regs_reg[6][121]
  -------------------------------------------------------------------
                         required time                         14.862    <hidden>
                         arrival time                         -15.279    <hidden>
  -------------------------------------------------------------------
                         slack                                 -0.416    <hidden>

Slack (VIOLATED) :        -0.406ns  (required time - arrival time)
  Source:                 core_inst/current_pc_reg[1]/C
                            (rising edge-triggered cell FDRE clocked by vector_core_clk  {rise@0.000ns fall@5.000ns period=10.000ns})
  Destination:            core_inst/execution_unit_inst/execution_unit_inst/vector_register_file_inst/regs_reg[0][121]/D
                            (rising edge-triggered cell FDRE clocked by vector_core_clk  {rise@0.000ns fall@5.000ns period=10.000ns})
  Path Group:             vector_core_clk
  Path Type:              Setup (Max at Slow Process Corner)
  Requirement:            10.000ns  (vector_core_clk rise@10.000ns - vector_core_clk rise@0.000ns)
  Data Path Delay:        10.155ns  (logic 3.716ns (36.594%)  route 6.439ns (63.406%))
  Logic Levels:           15  (CARRY4=7 LUT2=1 LUT3=1 LUT6=4 MUXF7=1 RAMD32=1)
  Clock Path Skew:        -0.135ns (DCD - SCD + CPR)
    Destination Clock Delay (DCD):    4.776ns = ( 14.776 - 10.000 ) 
    Source Clock Delay      (SCD):    5.090ns
    Clock Pessimism Removal (CPR):    0.180ns
  Clock Uncertainty:      0.035ns  ((TSJ^2 + TIJ^2)^1/2 + DJ) / 2 + PE
    Total System Jitter     (TSJ):    0.071ns
    Total Input Jitter      (TIJ):    0.000ns
    Discrete Jitter          (DJ):    0.000ns
    Phase Error              (PE):    0.000ns

    Location             Delay type                Incr(ns)  Path(ns)    Netlist Resource(s)
  -------------------------------------------------------------------    -------------------
                         (clock vector_core_clk rise edge)
                                                      0.000     0.000 r  <hidden>
                         propagated clock network latency
                                                      5.090     5.090    <hidden>
    SLICE_X15Y46         FDRE                         0.000     5.090 r  core_inst/current_pc_reg[1]/C
    SLICE_X15Y46         FDRE (Prop_fdre_C_Q)         0.419     5.509 r  core_inst/current_pc_reg[1]/Q
                         net (fo=23, routed)          0.882     6.391    core_inst/instruction_memory_inst/memory_reg_0_15_12_15/ADDRB1
    SLICE_X14Y45         RAMD32 (Prop_ramd32_RADR1_O)
                                                      0.327     6.718 f  core_inst/instruction_memory_inst/memory_reg_0_15_12_15/RAMB/O
                         net (fo=26, routed)          0.652     7.370    core_inst/instruction_memory_inst/memory_reg_0_15_12_15_n_3
    SLICE_X15Y45         LUT6 (Prop_lut6_I3_O)        0.348     7.718 r  core_inst/instruction_memory_inst/regs[0][127]_i_56/O
                         net (fo=96, routed)          0.985     8.703    core_inst/execution_unit_inst/execution_unit_inst/vector_register_file_inst/regs[0][58]_i_18_0
    SLICE_X15Y41         LUT6 (Prop_lut6_I2_O)        0.124     8.827 r  core_inst/execution_unit_inst/execution_unit_inst/vector_register_file_inst/regs[0][96]_i_11/O
                         net (fo=3, routed)           0.967     9.795    core_inst/execution_unit_inst/execution_unit_inst/vector_register_file_inst/regs[0][96]_i_11_n_0
    SLICE_X29Y43         LUT3 (Prop_lut3_I2_O)        0.124     9.919 r  core_inst/execution_unit_inst/execution_unit_inst/vector_register_file_inst/regs[0][96]_i_5/O
                         net (fo=16, routed)          0.893    10.811    core_inst/execution_unit_inst/execution_unit_inst/vector_register_file_inst/regs_reg[7][96]_0[3]
    SLICE_X28Y44         LUT2 (Prop_lut2_I0_O)        0.124    10.935 r  core_inst/execution_unit_inst/execution_unit_inst/vector_register_file_inst/regs[0][98]_i_25/O
                         net (fo=1, routed)           0.000    10.935    core_inst/execution_unit_inst/execution_unit_inst/vector_alu_inst/regs[0][96]_i_2_2[0]
    SLICE_X28Y44         CARRY4 (Prop_carry4_S[0]_CO[3])
                                                      0.532    11.467 r  core_inst/execution_unit_inst/execution_unit_inst/vector_alu_inst/regs_reg[0][98]_i_11/CO[3]
                         net (fo=1, routed)           0.000    11.467    core_inst/execution_unit_inst/execution_unit_inst/vector_alu_inst/regs_reg[0][98]_i_11_n_0
    SLICE_X28Y45         CARRY4 (Prop_carry4_CI_CO[3])
                                                      0.114    11.581 r  core_inst/execution_unit_inst/execution_unit_inst/vector_alu_inst/regs_reg[0][103]_i_9/CO[3]
                         net (fo=1, routed)           0.000    11.581    core_inst/execution_unit_inst/execution_unit_inst/vector_alu_inst/regs_reg[0][103]_i_9_n_0
    SLICE_X28Y46         CARRY4 (Prop_carry4_CI_CO[3])
                                                      0.114    11.695 r  core_inst/execution_unit_inst/execution_unit_inst/vector_alu_inst/regs_reg[0][107]_i_9/CO[3]
                         net (fo=1, routed)           0.000    11.695    core_inst/execution_unit_inst/execution_unit_inst/vector_alu_inst/regs_reg[0][107]_i_9_n_0
    SLICE_X28Y47         CARRY4 (Prop_carry4_CI_CO[3])
                                                      0.114    11.809 r  core_inst/execution_unit_inst/execution_unit_inst/vector_alu_inst/regs_reg[0][111]_i_9/CO[3]
                         net (fo=1, routed)           0.000    11.809    core_inst/execution_unit_inst/execution_unit_inst/vector_alu_inst/regs_reg[0][111]_i_9_n_0
    SLICE_X28Y48         CARRY4 (Prop_carry4_CI_CO[3])
                                                      0.114    11.923 r  core_inst/execution_unit_inst/execution_unit_inst/vector_alu_inst/regs_reg[0][115]_i_9/CO[3]
                         net (fo=1, routed)           0.000    11.923    core_inst/execution_unit_inst/execution_unit_inst/vector_alu_inst/regs_reg[0][115]_i_9_n_0
    SLICE_X28Y49         CARRY4 (Prop_carry4_CI_CO[3])
                                                      0.114    12.037 r  core_inst/execution_unit_inst/execution_unit_inst/vector_alu_inst/regs_reg[0][119]_i_9/CO[3]
                         net (fo=1, routed)           0.001    12.038    core_inst/execution_unit_inst/execution_unit_inst/vector_alu_inst/regs_reg[0][119]_i_9_n_0
    SLICE_X28Y50         CARRY4 (Prop_carry4_CI_O[1])
                                                      0.334    12.372 r  core_inst/execution_unit_inst/execution_unit_inst/vector_alu_inst/regs_reg[0][127]_i_27/O[1]
                         net (fo=1, routed)           0.826    13.199    core_inst/execution_unit_inst/execution_unit_inst/vector_register_file_inst/data1[25]
    SLICE_X33Y52         LUT6 (Prop_lut6_I3_O)        0.303    13.502 r  core_inst/execution_unit_inst/execution_unit_inst/vector_register_file_inst/regs[0][121]_i_4/O
                         net (fo=1, routed)           0.000    13.502    core_inst/execution_unit_inst/execution_unit_inst/vector_register_file_inst/regs[0][121]_i_4_n_0
    SLICE_X33Y52         MUXF7 (Prop_muxf7_I0_O)      0.212    13.714 r  core_inst/execution_unit_inst/execution_unit_inst/vector_register_file_inst/regs_reg[0][121]_i_2/O
                         net (fo=1, routed)           0.650    14.364    core_inst/instruction_memory_inst/regs_reg[7][121]
    SLICE_X33Y55         LUT6 (Prop_lut6_I0_O)        0.299    14.663 r  core_inst/instruction_memory_inst/regs[0][121]_i_1/O
                         net (fo=8, routed)           0.582    15.245    core_inst/execution_unit_inst/execution_unit_inst/vector_register_file_inst/D[103]
    SLICE_X33Y55         FDRE                                         r  core_inst/execution_unit_inst/execution_unit_inst/vector_register_file_inst/regs_reg[0][121]/D
  -------------------------------------------------------------------    -------------------

                         (clock vector_core_clk rise edge)
                                                     10.000    10.000 r  <hidden>
                         propagated clock network latency
                                                      4.776    14.776    <hidden>
                         clock pessimism              0.180    14.956    <hidden>
                         clock uncertainty           -0.035    14.920    <hidden>
    SLICE_X33Y55         FDRE (Setup_fdre_C_D)       -0.081    14.839    core_inst/execution_unit_inst/execution_unit_inst/vector_register_file_inst/regs_reg[0][121]
  -------------------------------------------------------------------
                         required time                         14.839    <hidden>
                         arrival time                         -15.245    <hidden>
  -------------------------------------------------------------------
                         slack                                 -0.406    <hidden>

Slack (VIOLATED) :        -0.375ns  (required time - arrival time)
  Source:                 core_inst/current_pc_reg[1]/C
                            (rising edge-triggered cell FDRE clocked by vector_core_clk  {rise@0.000ns fall@5.000ns period=10.000ns})
  Destination:            core_inst/execution_unit_inst/execution_unit_inst/vector_register_file_inst/regs_reg[6][53]/D
                            (rising edge-triggered cell FDRE clocked by vector_core_clk  {rise@0.000ns fall@5.000ns period=10.000ns})
  Path Group:             vector_core_clk
  Path Type:              Setup (Max at Slow Process Corner)
  Requirement:            10.000ns  (vector_core_clk rise@10.000ns - vector_core_clk rise@0.000ns)
  Data Path Delay:        10.199ns  (logic 3.231ns (31.680%)  route 6.968ns (68.320%))
  Logic Levels:           11  (CARRY4=3 LUT2=1 LUT3=1 LUT6=4 MUXF7=1 RAMD32=1)
  Clock Path Skew:        -0.060ns (DCD - SCD + CPR)
    Destination Clock Delay (DCD):    4.851ns = ( 14.851 - 10.000 ) 
    Source Clock Delay      (SCD):    5.090ns
    Clock Pessimism Removal (CPR):    0.180ns
  Clock Uncertainty:      0.035ns  ((TSJ^2 + TIJ^2)^1/2 + DJ) / 2 + PE
    Total System Jitter     (TSJ):    0.071ns
    Total Input Jitter      (TIJ):    0.000ns
    Discrete Jitter          (DJ):    0.000ns
    Phase Error              (PE):    0.000ns

    Location             Delay type                Incr(ns)  Path(ns)    Netlist Resource(s)
  -------------------------------------------------------------------    -------------------
                         (clock vector_core_clk rise edge)
                                                      0.000     0.000 r  <hidden>
                         propagated clock network latency
                                                      5.090     5.090    <hidden>
    SLICE_X15Y46         FDRE                         0.000     5.090 r  core_inst/current_pc_reg[1]/C
    SLICE_X15Y46         FDRE (Prop_fdre_C_Q)         0.419     5.509 r  core_inst/current_pc_reg[1]/Q
                         net (fo=23, routed)          0.882     6.391    core_inst/instruction_memory_inst/memory_reg_0_15_12_15/ADDRB1
    SLICE_X14Y45         RAMD32 (Prop_ramd32_RADR1_O)
                                                      0.327     6.718 f  core_inst/instruction_memory_inst/memory_reg_0_15_12_15/RAMB/O
                         net (fo=26, routed)          0.695     7.413    core_inst/instruction_memory_inst/memory_reg_0_15_12_15_n_3
    SLICE_X15Y47         LUT6 (Prop_lut6_I3_O)        0.348     7.761 r  core_inst/instruction_memory_inst/regs[0][66]_i_34/O
                         net (fo=96, routed)          1.383     9.144    core_inst/execution_unit_inst/execution_unit_inst/vector_register_file_inst/debug_read_data_parity_OBUF_inst_i_60_0
    SLICE_X5Y45          LUT6 (Prop_lut6_I2_O)        0.124     9.268 r  core_inst/execution_unit_inst/execution_unit_inst/vector_register_file_inst/debug_read_data_parity_OBUF_inst_i_264/O
                         net (fo=3, routed)           0.664     9.932    core_inst/execution_unit_inst/execution_unit_inst/vector_register_file_inst/debug_read_data_parity_OBUF_inst_i_264_n_0
    SLICE_X9Y46          LUT3 (Prop_lut3_I2_O)        0.124    10.056 r  core_inst/execution_unit_inst/execution_unit_inst/vector_register_file_inst/debug_read_data_parity_OBUF_inst_i_93/O
                         net (fo=13, routed)          1.143    11.199    core_inst/execution_unit_inst/execution_unit_inst/vector_register_file_inst/debug_read_data[44]
    SLICE_X6Y46          LUT2 (Prop_lut2_I0_O)        0.124    11.323 r  core_inst/execution_unit_inst/execution_unit_inst/vector_register_file_inst/regs[0][47]_i_32/O
                         net (fo=1, routed)           0.000    11.323    core_inst/execution_unit_inst/execution_unit_inst/vector_alu_inst/regs[0][44]_i_4_0[0]
    SLICE_X6Y46          CARRY4 (Prop_carry4_S[0]_CO[3])
                                                      0.513    11.836 r  core_inst/execution_unit_inst/execution_unit_inst/vector_alu_inst/regs_reg[0][47]_i_10/CO[3]
                         net (fo=1, routed)           0.000    11.836    core_inst/execution_unit_inst/execution_unit_inst/vector_alu_inst/regs_reg[0][47]_i_10_n_0
    SLICE_X6Y47          CARRY4 (Prop_carry4_CI_CO[3])
                                                      0.117    11.953 r  core_inst/execution_unit_inst/execution_unit_inst/vector_alu_inst/regs_reg[0][51]_i_10/CO[3]
                         net (fo=1, routed)           0.000    11.953    core_inst/execution_unit_inst/execution_unit_inst/vector_alu_inst/regs_reg[0][51]_i_10_n_0
    SLICE_X6Y48          CARRY4 (Prop_carry4_CI_O[1])
                                                      0.323    12.276 r  core_inst/execution_unit_inst/execution_unit_inst/vector_alu_inst/regs_reg[0][55]_i_10/O[1]
                         net (fo=1, routed)           0.909    13.185    core_inst/execution_unit_inst/execution_unit_inst/vector_register_file_inst/regs_reg[0][55]_i_2_1[1]
    SLICE_X2Y51          LUT6 (Prop_lut6_I5_O)        0.306    13.491 r  core_inst/execution_unit_inst/execution_unit_inst/vector_register_file_inst/regs[0][53]_i_6/O
                         net (fo=1, routed)           0.000    13.491    core_inst/execution_unit_inst/execution_unit_inst/vector_register_file_inst/regs[0][53]_i_6_n_0
    SLICE_X2Y51          MUXF7 (Prop_muxf7_I0_O)      0.209    13.700 r  core_inst/execution_unit_inst/execution_unit_inst/vector_register_file_inst/regs_reg[0][53]_i_3/O
                         net (fo=1, routed)           0.594    14.294    core_inst/instruction_memory_inst/regs_reg[7][53]_0
    SLICE_X2Y52          LUT6 (Prop_lut6_I4_O)        0.297    14.591 r  core_inst/instruction_memory_inst/regs[0][53]_i_1/O
                         net (fo=8, routed)           0.699    15.289    core_inst/execution_unit_inst/execution_unit_inst/vector_register_file_inst/D[45]
    SLICE_X3Y52          FDRE                                         r  core_inst/execution_unit_inst/execution_unit_inst/vector_register_file_inst/regs_reg[6][53]/D
  -------------------------------------------------------------------    -------------------

                         (clock vector_core_clk rise edge)
                                                     10.000    10.000 r  <hidden>
                         propagated clock network latency
                                                      4.851    14.851    <hidden>
                         clock pessimism              0.180    15.031    <hidden>
                         clock uncertainty           -0.035    14.995    <hidden>
    SLICE_X3Y52          FDRE (Setup_fdre_C_D)       -0.081    14.914    core_inst/execution_unit_inst/execution_unit_inst/vector_register_file_inst/regs_reg[6][53]
  -------------------------------------------------------------------
                         required time                         14.914    <hidden>
                         arrival time                         -15.289    <hidden>
  -------------------------------------------------------------------
                         slack                                 -0.375    <hidden>

Slack (VIOLATED) :        -0.374ns  (required time - arrival time)
  Source:                 core_inst/current_pc_reg[1]/C
                            (rising edge-triggered cell FDRE clocked by vector_core_clk  {rise@0.000ns fall@5.000ns period=10.000ns})
  Destination:            core_inst/execution_unit_inst/execution_unit_inst/vector_register_file_inst/regs_reg[2][125]/D
                            (rising edge-triggered cell FDRE clocked by vector_core_clk  {rise@0.000ns fall@5.000ns period=10.000ns})
  Path Group:             vector_core_clk
  Path Type:              Setup (Max at Slow Process Corner)
  Requirement:            10.000ns  (vector_core_clk rise@10.000ns - vector_core_clk rise@0.000ns)
  Data Path Delay:        10.146ns  (logic 3.830ns (37.749%)  route 6.316ns (62.251%))
  Logic Levels:           16  (CARRY4=8 LUT2=1 LUT3=1 LUT6=4 MUXF7=1 RAMD32=1)
  Clock Path Skew:        -0.135ns (DCD - SCD + CPR)
    Destination Clock Delay (DCD):    4.776ns = ( 14.776 - 10.000 ) 
    Source Clock Delay      (SCD):    5.090ns
    Clock Pessimism Removal (CPR):    0.180ns
  Clock Uncertainty:      0.035ns  ((TSJ^2 + TIJ^2)^1/2 + DJ) / 2 + PE
    Total System Jitter     (TSJ):    0.071ns
    Total Input Jitter      (TIJ):    0.000ns
    Discrete Jitter          (DJ):    0.000ns
    Phase Error              (PE):    0.000ns

    Location             Delay type                Incr(ns)  Path(ns)    Netlist Resource(s)
  -------------------------------------------------------------------    -------------------
                         (clock vector_core_clk rise edge)
                                                      0.000     0.000 r  <hidden>
                         propagated clock network latency
                                                      5.090     5.090    <hidden>
    SLICE_X15Y46         FDRE                         0.000     5.090 r  core_inst/current_pc_reg[1]/C
    SLICE_X15Y46         FDRE (Prop_fdre_C_Q)         0.419     5.509 r  core_inst/current_pc_reg[1]/Q
                         net (fo=23, routed)          0.882     6.391    core_inst/instruction_memory_inst/memory_reg_0_15_12_15/ADDRB1
    SLICE_X14Y45         RAMD32 (Prop_ramd32_RADR1_O)
                                                      0.327     6.718 f  core_inst/instruction_memory_inst/memory_reg_0_15_12_15/RAMB/O
                         net (fo=26, routed)          0.652     7.370    core_inst/instruction_memory_inst/memory_reg_0_15_12_15_n_3
    SLICE_X15Y45         LUT6 (Prop_lut6_I3_O)        0.348     7.718 r  core_inst/instruction_memory_inst/regs[0][127]_i_56/O
                         net (fo=96, routed)          0.985     8.703    core_inst/execution_unit_inst/execution_unit_inst/vector_register_file_inst/regs[0][58]_i_18_0
    SLICE_X15Y41         LUT6 (Prop_lut6_I2_O)        0.124     8.827 r  core_inst/execution_unit_inst/execution_unit_inst/vector_register_file_inst/regs[0][96]_i_11/O
                         net (fo=3, routed)           0.967     9.795    core_inst/execution_unit_inst/execution_unit_inst/vector_register_file_inst/regs[0][96]_i_11_n_0
    SLICE_X29Y43         LUT3 (Prop_lut3_I2_O)        0.124     9.919 r  core_inst/execution_unit_inst/execution_unit_inst/vector_register_file_inst/regs[0][96]_i_5/O
                         net (fo=16, routed)          0.893    10.811    core_inst/execution_unit_inst/execution_unit_inst/vector_register_file_inst/regs_reg[7][96]_0[3]
    SLICE_X28Y44         LUT2 (Prop_lut2_I0_O)        0.124    10.935 r  core_inst/execution_unit_inst/execution_unit_inst/vector_register_file_inst/regs[0][98]_i_25/O
                         net (fo=1, routed)           0.000    10.935    core_inst/execution_unit_inst/execution_unit_inst/vector_alu_inst/regs[0][96]_i_2_2[0]
    SLICE_X28Y44         CARRY4 (Prop_carry4_S[0]_CO[3])
                                                      0.532    11.467 r  core_inst/execution_unit_inst/execution_unit_inst/vector_alu_inst/regs_reg[0][98]_i_11/CO[3]
                         net (fo=1, routed)           0.000    11.467    core_inst/execution_unit_inst/execution_unit_inst/vector_alu_inst/regs_reg[0][98]_i_11_n_0
    SLICE_X28Y45         CARRY4 (Prop_carry4_CI_CO[3])
                                                      0.114    11.581 r  core_inst/execution_unit_inst/execution_unit_inst/vector_alu_inst/regs_reg[0][103]_i_9/CO[3]
                         net (fo=1, routed)           0.000    11.581    core_inst/execution_unit_inst/execution_unit_inst/vector_alu_inst/regs_reg[0][103]_i_9_n_0
    SLICE_X28Y46         CARRY4 (Prop_carry4_CI_CO[3])
                                                      0.114    11.695 r  core_inst/execution_unit_inst/execution_unit_inst/vector_alu_inst/regs_reg[0][107]_i_9/CO[3]
                         net (fo=1, routed)           0.000    11.695    core_inst/execution_unit_inst/execution_unit_inst/vector_alu_inst/regs_reg[0][107]_i_9_n_0
    SLICE_X28Y47         CARRY4 (Prop_carry4_CI_CO[3])
                                                      0.114    11.809 r  core_inst/execution_unit_inst/execution_unit_inst/vector_alu_inst/regs_reg[0][111]_i_9/CO[3]
                         net (fo=1, routed)           0.000    11.809    core_inst/execution_unit_inst/execution_unit_inst/vector_alu_inst/regs_reg[0][111]_i_9_n_0
    SLICE_X28Y48         CARRY4 (Prop_carry4_CI_CO[3])
                                                      0.114    11.923 r  core_inst/execution_unit_inst/execution_unit_inst/vector_alu_inst/regs_reg[0][115]_i_9/CO[3]
                         net (fo=1, routed)           0.000    11.923    core_inst/execution_unit_inst/execution_unit_inst/vector_alu_inst/regs_reg[0][115]_i_9_n_0
    SLICE_X28Y49         CARRY4 (Prop_carry4_CI_CO[3])
                                                      0.114    12.037 r  core_inst/execution_unit_inst/execution_unit_inst/vector_alu_inst/regs_reg[0][119]_i_9/CO[3]
                         net (fo=1, routed)           0.001    12.038    core_inst/execution_unit_inst/execution_unit_inst/vector_alu_inst/regs_reg[0][119]_i_9_n_0
    SLICE_X28Y50         CARRY4 (Prop_carry4_CI_CO[3])
                                                      0.114    12.152 r  core_inst/execution_unit_inst/execution_unit_inst/vector_alu_inst/regs_reg[0][127]_i_27/CO[3]
                         net (fo=1, routed)           0.000    12.152    core_inst/execution_unit_inst/execution_unit_inst/vector_alu_inst/regs_reg[0][127]_i_27_n_0
    SLICE_X28Y51         CARRY4 (Prop_carry4_CI_O[1])
                                                      0.334    12.486 r  core_inst/execution_unit_inst/execution_unit_inst/vector_alu_inst/regs_reg[0][127]_i_13/O[1]
                         net (fo=1, routed)           0.688    13.175    core_inst/execution_unit_inst/execution_unit_inst/vector_register_file_inst/data1[29]
    SLICE_X35Y53         LUT6 (Prop_lut6_I3_O)        0.303    13.478 r  core_inst/execution_unit_inst/execution_unit_inst/vector_register_file_inst/regs[0][125]_i_5/O
                         net (fo=1, routed)           0.000    13.478    core_inst/execution_unit_inst/execution_unit_inst/vector_register_file_inst/regs[0][125]_i_5_n_0
    SLICE_X35Y53         MUXF7 (Prop_muxf7_I0_O)      0.212    13.690 r  core_inst/execution_unit_inst/execution_unit_inst/vector_register_file_inst/regs_reg[0][125]_i_2/O
                         net (fo=1, routed)           0.688    14.377    core_inst/instruction_memory_inst/regs_reg[7][125]
    SLICE_X35Y53         LUT6 (Prop_lut6_I0_O)        0.299    14.676 r  core_inst/instruction_memory_inst/regs[0][125]_i_1/O
                         net (fo=8, routed)           0.560    15.236    core_inst/execution_unit_inst/execution_unit_inst/vector_register_file_inst/D[107]
    SLICE_X31Y53         FDRE                                         r  core_inst/execution_unit_inst/execution_unit_inst/vector_register_file_inst/regs_reg[2][125]/D
  -------------------------------------------------------------------    -------------------

                         (clock vector_core_clk rise edge)
                                                     10.000    10.000 r  <hidden>
                         propagated clock network latency
                                                      4.776    14.776    <hidden>
                         clock pessimism              0.180    14.956    <hidden>
                         clock uncertainty           -0.035    14.920    <hidden>
    SLICE_X31Y53         FDRE (Setup_fdre_C_D)       -0.058    14.862    core_inst/execution_unit_inst/execution_unit_inst/vector_register_file_inst/regs_reg[2][125]
  -------------------------------------------------------------------
                         required time                         14.862    <hidden>
                         arrival time                         -15.236    <hidden>
  -------------------------------------------------------------------
                         slack                                 -0.374    <hidden>

Slack (VIOLATED) :        -0.373ns  (required time - arrival time)
  Source:                 core_inst/current_pc_reg[1]/C
                            (rising edge-triggered cell FDRE clocked by vector_core_clk  {rise@0.000ns fall@5.000ns period=10.000ns})
  Destination:            core_inst/execution_unit_inst/execution_unit_inst/vector_register_file_inst/regs_reg[5][122]/D
                            (rising edge-triggered cell FDRE clocked by vector_core_clk  {rise@0.000ns fall@5.000ns period=10.000ns})
  Path Group:             vector_core_clk
  Path Type:              Setup (Max at Slow Process Corner)
  Requirement:            10.000ns  (vector_core_clk rise@10.000ns - vector_core_clk rise@0.000ns)
  Data Path Delay:        10.138ns  (logic 3.410ns (33.636%)  route 6.728ns (66.364%))
  Logic Levels:           13  (CARRY4=5 LUT2=1 LUT3=1 LUT6=4 MUXF7=1 RAMD32=1)
  Clock Path Skew:        -0.133ns (DCD - SCD + CPR)
    Destination Clock Delay (DCD):    4.778ns = ( 14.778 - 10.000 ) 
    Source Clock Delay      (SCD):    5.090ns
    Clock Pessimism Removal (CPR):    0.180ns
  Clock Uncertainty:      0.035ns  ((TSJ^2 + TIJ^2)^1/2 + DJ) / 2 + PE
    Total System Jitter     (TSJ):    0.071ns
    Total Input Jitter      (TIJ):    0.000ns
    Discrete Jitter          (DJ):    0.000ns
    Phase Error              (PE):    0.000ns

    Location             Delay type                Incr(ns)  Path(ns)    Netlist Resource(s)
  -------------------------------------------------------------------    -------------------
                         (clock vector_core_clk rise edge)
                                                      0.000     0.000 r  <hidden>
                         propagated clock network latency
                                                      5.090     5.090    <hidden>
    SLICE_X15Y46         FDRE                         0.000     5.090 r  core_inst/current_pc_reg[1]/C
    SLICE_X15Y46         FDRE (Prop_fdre_C_Q)         0.419     5.509 r  core_inst/current_pc_reg[1]/Q
                         net (fo=23, routed)          0.882     6.391    core_inst/instruction_memory_inst/memory_reg_0_15_12_15/ADDRB1
    SLICE_X14Y45         RAMD32 (Prop_ramd32_RADR1_O)
                                                      0.327     6.718 f  core_inst/instruction_memory_inst/memory_reg_0_15_12_15/RAMB/O
                         net (fo=26, routed)          0.724     7.442    core_inst/instruction_memory_inst/memory_reg_0_15_12_15_n_3
    SLICE_X13Y45         LUT6 (Prop_lut6_I3_O)        0.348     7.790 r  core_inst/instruction_memory_inst/regs[0][127]_i_57/O
                         net (fo=96, routed)          1.202     8.992    core_inst/execution_unit_inst/execution_unit_inst/vector_register_file_inst/regs[0][58]_i_18_1
    SLICE_X33Y46         LUT6 (Prop_lut6_I4_O)        0.124     9.116 r  core_inst/execution_unit_inst/execution_unit_inst/vector_register_file_inst/debug_read_data_parity_OBUF_inst_i_340/O
                         net (fo=3, routed)           0.725     9.841    core_inst/execution_unit_inst/execution_unit_inst/vector_register_file_inst/debug_read_data_parity_OBUF_inst_i_340_n_0
    SLICE_X29Y43         LUT3 (Prop_lut3_I2_O)        0.124     9.965 r  core_inst/execution_unit_inst/execution_unit_inst/vector_register_file_inst/debug_read_data_parity_OBUF_inst_i_143/O
                         net (fo=14, routed)          0.966    10.930    core_inst/execution_unit_inst/execution_unit_inst/vector_register_file_inst/debug_read_data[105]
    SLICE_X29Y46         LUT2 (Prop_lut2_I0_O)        0.124    11.054 r  core_inst/execution_unit_inst/execution_unit_inst/vector_register_file_inst/regs[0][107]_i_30/O
                         net (fo=1, routed)           0.000    11.054    core_inst/execution_unit_inst/execution_unit_inst/vector_alu_inst/regs[0][104]_i_4_0[1]
    SLICE_X29Y46         CARRY4 (Prop_carry4_S[1]_CO[3])
                                                      0.550    11.604 r  core_inst/execution_unit_inst/execution_unit_inst/vector_alu_inst/regs_reg[0][107]_i_10/CO[3]
                         net (fo=1, routed)           0.000    11.604    core_inst/execution_unit_inst/execution_unit_inst/vector_alu_inst/regs_reg[0][107]_i_10_n_0
    SLICE_X29Y47         CARRY4 (Prop_carry4_CI_CO[3])
                                                      0.114    11.718 r  core_inst/execution_unit_inst/execution_unit_inst/vector_alu_inst/regs_reg[0][111]_i_10/CO[3]
                         net (fo=1, routed)           0.000    11.718    core_inst/execution_unit_inst/execution_unit_inst/vector_alu_inst/regs_reg[0][111]_i_10_n_0
    SLICE_X29Y48         CARRY4 (Prop_carry4_CI_CO[3])
                                                      0.114    11.832 r  core_inst/execution_unit_inst/execution_unit_inst/vector_alu_inst/regs_reg[0][115]_i_10/CO[3]
                         net (fo=1, routed)           0.000    11.832    core_inst/execution_unit_inst/execution_unit_inst/vector_alu_inst/regs_reg[0][115]_i_10_n_0
    SLICE_X29Y49         CARRY4 (Prop_carry4_CI_CO[3])
                                                      0.114    11.946 r  core_inst/execution_unit_inst/execution_unit_inst/vector_alu_inst/regs_reg[0][119]_i_10/CO[3]
                         net (fo=1, routed)           0.001    11.947    core_inst/execution_unit_inst/execution_unit_inst/vector_alu_inst/regs_reg[0][119]_i_10_n_0
    SLICE_X29Y50         CARRY4 (Prop_carry4_CI_O[2])
                                                      0.239    12.186 r  core_inst/execution_unit_inst/execution_unit_inst/vector_alu_inst/regs_reg[0][127]_i_35/O[2]
                         net (fo=1, routed)           0.940    13.126    core_inst/execution_unit_inst/execution_unit_inst/vector_register_file_inst/data0[26]
    SLICE_X31Y52         LUT6 (Prop_lut6_I5_O)        0.302    13.428 r  core_inst/execution_unit_inst/execution_unit_inst/vector_register_file_inst/regs[0][122]_i_6/O
                         net (fo=1, routed)           0.000    13.428    core_inst/execution_unit_inst/execution_unit_inst/vector_register_file_inst/regs[0][122]_i_6_n_0
    SLICE_X31Y52         MUXF7 (Prop_muxf7_I0_O)      0.212    13.640 r  core_inst/execution_unit_inst/execution_unit_inst/vector_register_file_inst/regs_reg[0][122]_i_3/O
                         net (fo=1, routed)           0.608    14.247    core_inst/instruction_memory_inst/regs_reg[7][122]_0
    SLICE_X33Y56         LUT6 (Prop_lut6_I4_O)        0.299    14.546 r  core_inst/instruction_memory_inst/regs[0][122]_i_1/O
                         net (fo=8, routed)           0.682    15.228    core_inst/execution_unit_inst/execution_unit_inst/vector_register_file_inst/D[104]
    SLICE_X29Y56         FDRE                                         r  core_inst/execution_unit_inst/execution_unit_inst/vector_register_file_inst/regs_reg[5][122]/D
  -------------------------------------------------------------------    -------------------

                         (clock vector_core_clk rise edge)
                                                     10.000    10.000 r  <hidden>
                         propagated clock network latency
                                                      4.778    14.778    <hidden>
                         clock pessimism              0.180    14.958    <hidden>
                         clock uncertainty           -0.035    14.922    <hidden>
    SLICE_X29Y56         FDRE (Setup_fdre_C_D)       -0.067    14.855    core_inst/execution_unit_inst/execution_unit_inst/vector_register_file_inst/regs_reg[5][122]
  -------------------------------------------------------------------
                         required time                         14.855    <hidden>
                         arrival time                         -15.228    <hidden>
  -------------------------------------------------------------------
                         slack                                 -0.373    <hidden>

Slack (VIOLATED) :        -0.365ns  (required time - arrival time)
  Source:                 core_inst/current_pc_reg[1]/C
                            (rising edge-triggered cell FDRE clocked by vector_core_clk  {rise@0.000ns fall@5.000ns period=10.000ns})
  Destination:            core_inst/execution_unit_inst/execution_unit_inst/vector_register_file_inst/regs_reg[4][0]/D
                            (rising edge-triggered cell FDRE clocked by vector_core_clk  {rise@0.000ns fall@5.000ns period=10.000ns})
  Path Group:             vector_core_clk
  Path Type:              Setup (Max at Slow Process Corner)
  Requirement:            10.000ns  (vector_core_clk rise@10.000ns - vector_core_clk rise@0.000ns)
  Data Path Delay:        10.253ns  (logic 3.153ns (30.752%)  route 7.100ns (69.248%))
  Logic Levels:           11  (CARRY4=2 LUT2=1 LUT3=1 LUT4=2 LUT6=3 MUXF7=1 RAMD32=1)
  Clock Path Skew:        -0.036ns (DCD - SCD + CPR)
    Destination Clock Delay (DCD):    4.780ns = ( 14.780 - 10.000 ) 
    Source Clock Delay      (SCD):    5.090ns
    Clock Pessimism Removal (CPR):    0.274ns
  Clock Uncertainty:      0.035ns  ((TSJ^2 + TIJ^2)^1/2 + DJ) / 2 + PE
    Total System Jitter     (TSJ):    0.071ns
    Total Input Jitter      (TIJ):    0.000ns
    Discrete Jitter          (DJ):    0.000ns
    Phase Error              (PE):    0.000ns

    Location             Delay type                Incr(ns)  Path(ns)    Netlist Resource(s)
  -------------------------------------------------------------------    -------------------
                         (clock vector_core_clk rise edge)
                                                      0.000     0.000 r  <hidden>
                         propagated clock network latency
                                                      5.090     5.090    <hidden>
    SLICE_X15Y46         FDRE                         0.000     5.090 r  core_inst/current_pc_reg[1]/C
    SLICE_X15Y46         FDRE (Prop_fdre_C_Q)         0.419     5.509 r  core_inst/current_pc_reg[1]/Q
                         net (fo=23, routed)          0.882     6.391    core_inst/instruction_memory_inst/memory_reg_0_15_12_15/ADDRB1
    SLICE_X14Y45         RAMD32 (Prop_ramd32_RADR1_O)
                                                      0.327     6.718 f  core_inst/instruction_memory_inst/memory_reg_0_15_12_15/RAMB/O
                         net (fo=26, routed)          0.978     7.696    core_inst/instruction_memory_inst/memory_reg_0_15_12_15_n_3
    SLICE_X13Y43         LUT4 (Prop_lut4_I1_O)        0.348     8.044 r  core_inst/instruction_memory_inst/regs[0][31]_i_45/O
                         net (fo=64, routed)          1.338     9.382    core_inst/execution_unit_inst/execution_unit_inst/vector_register_file_inst/regs_reg[0][0]_i_8_0
    SLICE_X14Y31         LUT6 (Prop_lut6_I2_O)        0.124     9.506 r  core_inst/execution_unit_inst/execution_unit_inst/vector_register_file_inst/regs[0][12]_i_14/O
                         net (fo=1, routed)           0.000     9.506    core_inst/execution_unit_inst/execution_unit_inst/vector_register_file_inst/regs[0][12]_i_14_n_0
    SLICE_X14Y31         MUXF7 (Prop_muxf7_I1_O)      0.214     9.720 r  core_inst/execution_unit_inst/execution_unit_inst/vector_register_file_inst/regs_reg[0][12]_i_10/O
                         net (fo=4, routed)           1.018    10.738    core_inst/execution_unit_inst/execution_unit_inst/vector_register_file_inst/rf_vector_b[12]
    SLICE_X9Y35          LUT2 (Prop_lut2_I1_O)        0.297    11.035 r  core_inst/execution_unit_inst/execution_unit_inst/vector_register_file_inst/regs[0][12]_i_12/O
                         net (fo=4, routed)           1.010    12.045    core_inst/execution_unit_inst/execution_unit_inst/vector_register_file_inst/regs[0][15]_i_12_0[0]
    SLICE_X12Y35         LUT3 (Prop_lut3_I0_O)        0.124    12.169 r  core_inst/execution_unit_inst/execution_unit_inst/vector_register_file_inst/regs[0][0]_i_48/O
                         net (fo=1, routed)           0.000    12.169    core_inst/execution_unit_inst/execution_unit_inst/vector_alu_inst/regs_reg[0][0]_i_19_0[0]
    SLICE_X12Y35         CARRY4 (Prop_carry4_S[0]_CO[3])
                                                      0.513    12.682 r  core_inst/execution_unit_inst/execution_unit_inst/vector_alu_inst/regs_reg[0][0]_i_31/CO[3]
                         net (fo=1, routed)           0.000    12.682    core_inst/execution_unit_inst/execution_unit_inst/vector_alu_inst/regs_reg[0][0]_i_31_n_0
    SLICE_X12Y36         CARRY4 (Prop_carry4_CI_CO[2])
                                                      0.229    12.911 r  core_inst/execution_unit_inst/execution_unit_inst/vector_alu_inst/regs_reg[0][0]_i_19/CO[2]
                         net (fo=1, routed)           0.623    13.534    core_inst/execution_unit_inst/execution_unit_inst/vector_register_file_inst/CO[0]
    SLICE_X14Y34         LUT4 (Prop_lut4_I0_O)        0.310    13.844 r  core_inst/execution_unit_inst/execution_unit_inst/vector_register_file_inst/regs[0][0]_i_7/O
                         net (fo=1, routed)           0.303    14.147    core_inst/execution_unit_inst/execution_unit_inst/vector_register_file_inst/regs[0][0]_i_7_n_0
    SLICE_X14Y33         LUT6 (Prop_lut6_I5_O)        0.124    14.271 r  core_inst/execution_unit_inst/execution_unit_inst/vector_register_file_inst/regs[0][0]_i_3/O
                         net (fo=1, routed)           0.412    14.683    core_inst/execution_unit_inst/execution_unit_inst/vector_register_file_inst/regs[0][0]_i_3_n_0
    SLICE_X15Y32         LUT6 (Prop_lut6_I2_O)        0.124    14.807 r  core_inst/execution_unit_inst/execution_unit_inst/vector_register_file_inst/regs[0][0]_i_1/O
                         net (fo=8, routed)           0.537    15.343    core_inst/execution_unit_inst/execution_unit_inst/vector_register_file_inst/regs[0][0]_i_1_n_0
    SLICE_X13Y30         FDRE                                         r  core_inst/execution_unit_inst/execution_unit_inst/vector_register_file_inst/regs_reg[4][0]/D
  -------------------------------------------------------------------    -------------------

                         (clock vector_core_clk rise edge)
                                                     10.000    10.000 r  <hidden>
                         propagated clock network latency
                                                      4.780    14.780    <hidden>
                         clock pessimism              0.274    15.054    <hidden>
                         clock uncertainty           -0.035    15.019    <hidden>
    SLICE_X13Y30         FDRE (Setup_fdre_C_D)       -0.040    14.979    core_inst/execution_unit_inst/execution_unit_inst/vector_register_file_inst/regs_reg[4][0]
  -------------------------------------------------------------------
                         required time                         14.979    <hidden>
                         arrival time                         -15.343    <hidden>
  -------------------------------------------------------------------
                         slack                                 -0.365    <hidden>

Slack (VIOLATED) :        -0.356ns  (required time - arrival time)
  Source:                 core_inst/current_pc_reg[1]/C
                            (rising edge-triggered cell FDRE clocked by vector_core_clk  {rise@0.000ns fall@5.000ns period=10.000ns})
  Destination:            core_inst/execution_unit_inst/execution_unit_inst/vector_register_file_inst/regs_reg[5][0]/D
                            (rising edge-triggered cell FDRE clocked by vector_core_clk  {rise@0.000ns fall@5.000ns period=10.000ns})
  Path Group:             vector_core_clk
  Path Type:              Setup (Max at Slow Process Corner)
  Requirement:            10.000ns  (vector_core_clk rise@10.000ns - vector_core_clk rise@0.000ns)
  Data Path Delay:        10.254ns  (logic 3.153ns (30.749%)  route 7.101ns (69.251%))
  Logic Levels:           11  (CARRY4=2 LUT2=1 LUT3=1 LUT4=2 LUT6=3 MUXF7=1 RAMD32=1)
  Clock Path Skew:        -0.035ns (DCD - SCD + CPR)
    Destination Clock Delay (DCD):    4.781ns = ( 14.781 - 10.000 ) 
    Source Clock Delay      (SCD):    5.090ns
    Clock Pessimism Removal (CPR):    0.274ns
  Clock Uncertainty:      0.035ns  ((TSJ^2 + TIJ^2)^1/2 + DJ) / 2 + PE
    Total System Jitter     (TSJ):    0.071ns
    Total Input Jitter      (TIJ):    0.000ns
    Discrete Jitter          (DJ):    0.000ns
    Phase Error              (PE):    0.000ns

    Location             Delay type                Incr(ns)  Path(ns)    Netlist Resource(s)
  -------------------------------------------------------------------    -------------------
                         (clock vector_core_clk rise edge)
                                                      0.000     0.000 r  <hidden>
                         propagated clock network latency
                                                      5.090     5.090    <hidden>
    SLICE_X15Y46         FDRE                         0.000     5.090 r  core_inst/current_pc_reg[1]/C
    SLICE_X15Y46         FDRE (Prop_fdre_C_Q)         0.419     5.509 r  core_inst/current_pc_reg[1]/Q
                         net (fo=23, routed)          0.882     6.391    core_inst/instruction_memory_inst/memory_reg_0_15_12_15/ADDRB1
    SLICE_X14Y45         RAMD32 (Prop_ramd32_RADR1_O)
                                                      0.327     6.718 f  core_inst/instruction_memory_inst/memory_reg_0_15_12_15/RAMB/O
                         net (fo=26, routed)          0.978     7.696    core_inst/instruction_memory_inst/memory_reg_0_15_12_15_n_3
    SLICE_X13Y43         LUT4 (Prop_lut4_I1_O)        0.348     8.044 r  core_inst/instruction_memory_inst/regs[0][31]_i_45/O
                         net (fo=64, routed)          1.338     9.382    core_inst/execution_unit_inst/execution_unit_inst/vector_register_file_inst/regs_reg[0][0]_i_8_0
    SLICE_X14Y31         LUT6 (Prop_lut6_I2_O)        0.124     9.506 r  core_inst/execution_unit_inst/execution_unit_inst/vector_register_file_inst/regs[0][12]_i_14/O
                         net (fo=1, routed)           0.000     9.506    core_inst/execution_unit_inst/execution_unit_inst/vector_register_file_inst/regs[0][12]_i_14_n_0
    SLICE_X14Y31         MUXF7 (Prop_muxf7_I1_O)      0.214     9.720 r  core_inst/execution_unit_inst/execution_unit_inst/vector_register_file_inst/regs_reg[0][12]_i_10/O
                         net (fo=4, routed)           1.018    10.738    core_inst/execution_unit_inst/execution_unit_inst/vector_register_file_inst/rf_vector_b[12]
    SLICE_X9Y35          LUT2 (Prop_lut2_I1_O)        0.297    11.035 r  core_inst/execution_unit_inst/execution_unit_inst/vector_register_file_inst/regs[0][12]_i_12/O
                         net (fo=4, routed)           1.010    12.045    core_inst/execution_unit_inst/execution_unit_inst/vector_register_file_inst/regs[0][15]_i_12_0[0]
    SLICE_X12Y35         LUT3 (Prop_lut3_I0_O)        0.124    12.169 r  core_inst/execution_unit_inst/execution_unit_inst/vector_register_file_inst/regs[0][0]_i_48/O
                         net (fo=1, routed)           0.000    12.169    core_inst/execution_unit_inst/execution_unit_inst/vector_alu_inst/regs_reg[0][0]_i_19_0[0]
    SLICE_X12Y35         CARRY4 (Prop_carry4_S[0]_CO[3])
                                                      0.513    12.682 r  core_inst/execution_unit_inst/execution_unit_inst/vector_alu_inst/regs_reg[0][0]_i_31/CO[3]
                         net (fo=1, routed)           0.000    12.682    core_inst/execution_unit_inst/execution_unit_inst/vector_alu_inst/regs_reg[0][0]_i_31_n_0
    SLICE_X12Y36         CARRY4 (Prop_carry4_CI_CO[2])
                                                      0.229    12.911 r  core_inst/execution_unit_inst/execution_unit_inst/vector_alu_inst/regs_reg[0][0]_i_19/CO[2]
                         net (fo=1, routed)           0.623    13.534    core_inst/execution_unit_inst/execution_unit_inst/vector_register_file_inst/CO[0]
    SLICE_X14Y34         LUT4 (Prop_lut4_I0_O)        0.310    13.844 r  core_inst/execution_unit_inst/execution_unit_inst/vector_register_file_inst/regs[0][0]_i_7/O
                         net (fo=1, routed)           0.303    14.147    core_inst/execution_unit_inst/execution_unit_inst/vector_register_file_inst/regs[0][0]_i_7_n_0
    SLICE_X14Y33         LUT6 (Prop_lut6_I5_O)        0.124    14.271 r  core_inst/execution_unit_inst/execution_unit_inst/vector_register_file_inst/regs[0][0]_i_3/O
                         net (fo=1, routed)           0.412    14.683    core_inst/execution_unit_inst/execution_unit_inst/vector_register_file_inst/regs[0][0]_i_3_n_0
    SLICE_X15Y32         LUT6 (Prop_lut6_I2_O)        0.124    14.807 r  core_inst/execution_unit_inst/execution_unit_inst/vector_register_file_inst/regs[0][0]_i_1/O
                         net (fo=8, routed)           0.538    15.344    core_inst/execution_unit_inst/execution_unit_inst/vector_register_file_inst/regs[0][0]_i_1_n_0
    SLICE_X12Y31         FDRE                                         r  core_inst/execution_unit_inst/execution_unit_inst/vector_register_file_inst/regs_reg[5][0]/D
  -------------------------------------------------------------------    -------------------

                         (clock vector_core_clk rise edge)
                                                     10.000    10.000 r  <hidden>
                         propagated clock network latency
                                                      4.781    14.781    <hidden>
                         clock pessimism              0.274    15.055    <hidden>
                         clock uncertainty           -0.035    15.020    <hidden>
    SLICE_X12Y31         FDRE (Setup_fdre_C_D)       -0.031    14.989    core_inst/execution_unit_inst/execution_unit_inst/vector_register_file_inst/regs_reg[5][0]
  -------------------------------------------------------------------
                         required time                         14.989    <hidden>
                         arrival time                         -15.344    <hidden>
  -------------------------------------------------------------------
                         slack                                 -0.356    <hidden>

Slack (VIOLATED) :        -0.347ns  (required time - arrival time)
  Source:                 core_inst/current_pc_reg[1]/C
                            (rising edge-triggered cell FDRE clocked by vector_core_clk  {rise@0.000ns fall@5.000ns period=10.000ns})
  Destination:            core_inst/execution_unit_inst/execution_unit_inst/vector_register_file_inst/regs_reg[3][24]/D
                            (rising edge-triggered cell FDRE clocked by vector_core_clk  {rise@0.000ns fall@5.000ns period=10.000ns})
  Path Group:             vector_core_clk
  Path Type:              Setup (Max at Slow Process Corner)
  Requirement:            10.000ns  (vector_core_clk rise@10.000ns - vector_core_clk rise@0.000ns)
  Data Path Delay:        10.274ns  (logic 3.241ns (31.546%)  route 7.033ns (68.454%))
  Logic Levels:           13  (CARRY4=5 LUT2=1 LUT3=1 LUT6=4 MUXF7=1 RAMD32=1)
  Clock Path Skew:        0.023ns (DCD - SCD + CPR)
    Destination Clock Delay (DCD):    4.853ns = ( 14.853 - 10.000 ) 
    Source Clock Delay      (SCD):    5.090ns
    Clock Pessimism Removal (CPR):    0.260ns
  Clock Uncertainty:      0.035ns  ((TSJ^2 + TIJ^2)^1/2 + DJ) / 2 + PE
    Total System Jitter     (TSJ):    0.071ns
    Total Input Jitter      (TIJ):    0.000ns
    Discrete Jitter          (DJ):    0.000ns
    Phase Error              (PE):    0.000ns

    Location             Delay type                Incr(ns)  Path(ns)    Netlist Resource(s)
  -------------------------------------------------------------------    -------------------
                         (clock vector_core_clk rise edge)
                                                      0.000     0.000 r  <hidden>
                         propagated clock network latency
                                                      5.090     5.090    <hidden>
    SLICE_X15Y46         FDRE                         0.000     5.090 r  core_inst/current_pc_reg[1]/C
    SLICE_X15Y46         FDRE (Prop_fdre_C_Q)         0.419     5.509 r  core_inst/current_pc_reg[1]/Q
                         net (fo=23, routed)          0.882     6.391    core_inst/instruction_memory_inst/memory_reg_0_15_12_15/ADDRB1
    SLICE_X14Y45         RAMD32 (Prop_ramd32_RADR1_O)
                                                      0.327     6.718 f  core_inst/instruction_memory_inst/memory_reg_0_15_12_15/RAMB/O
                         net (fo=26, routed)          0.735     7.453    core_inst/instruction_memory_inst/memory_reg_0_15_12_15_n_3
    SLICE_X15Y45         LUT6 (Prop_lut6_I3_O)        0.348     7.801 r  core_inst/instruction_memory_inst/debug_read_data_parity_OBUF_inst_i_167/O
                         net (fo=64, routed)          1.255     9.056    core_inst/execution_unit_inst/execution_unit_inst/vector_register_file_inst/rf_read_addr_a__2[1]
    SLICE_X12Y28         LUT6 (Prop_lut6_I2_O)        0.124     9.180 r  core_inst/execution_unit_inst/execution_unit_inst/vector_register_file_inst/debug_read_data_parity_OBUF_inst_i_178/O
                         net (fo=3, routed)           0.697     9.877    core_inst/execution_unit_inst/execution_unit_inst/vector_register_file_inst/debug_read_data_parity_OBUF_inst_i_178_n_0
    SLICE_X13Y30         LUT3 (Prop_lut3_I2_O)        0.124    10.001 r  core_inst/execution_unit_inst/execution_unit_inst/vector_register_file_inst/debug_read_data_parity_OBUF_inst_i_50/O
                         net (fo=14, routed)          1.135    11.136    core_inst/execution_unit_inst/execution_unit_inst/vector_register_file_inst/debug_read_data[11]
    SLICE_X9Y34          LUT2 (Prop_lut2_I0_O)        0.124    11.260 r  core_inst/execution_unit_inst/execution_unit_inst/vector_register_file_inst/regs[0][11]_i_12/O
                         net (fo=3, routed)           0.000    11.260    core_inst/execution_unit_inst/execution_unit_inst/vector_alu_inst/regs[0][8]_i_6_2[3]
    SLICE_X9Y34          CARRY4 (Prop_carry4_S[3]_CO[3])
                                                      0.401    11.661 r  core_inst/execution_unit_inst/execution_unit_inst/vector_alu_inst/regs_reg[0][11]_i_9/CO[3]
                         net (fo=1, routed)           0.000    11.661    core_inst/execution_unit_inst/execution_unit_inst/vector_alu_inst/regs_reg[0][11]_i_9_n_0
    SLICE_X9Y35          CARRY4 (Prop_carry4_CI_CO[3])
                                                      0.114    11.775 r  core_inst/execution_unit_inst/execution_unit_inst/vector_alu_inst/regs_reg[0][15]_i_9/CO[3]
                         net (fo=1, routed)           0.000    11.775    core_inst/execution_unit_inst/execution_unit_inst/vector_alu_inst/regs_reg[0][15]_i_9_n_0
    SLICE_X9Y36          CARRY4 (Prop_carry4_CI_CO[3])
                                                      0.114    11.889 r  core_inst/execution_unit_inst/execution_unit_inst/vector_alu_inst/regs_reg[0][19]_i_9/CO[3]
                         net (fo=1, routed)           0.000    11.889    core_inst/execution_unit_inst/execution_unit_inst/vector_alu_inst/regs_reg[0][19]_i_9_n_0
    SLICE_X9Y37          CARRY4 (Prop_carry4_CI_CO[3])
                                                      0.114    12.003 r  core_inst/execution_unit_inst/execution_unit_inst/vector_alu_inst/regs_reg[0][23]_i_9/CO[3]
                         net (fo=1, routed)           0.000    12.003    core_inst/execution_unit_inst/execution_unit_inst/vector_alu_inst/regs_reg[0][23]_i_9_n_0
    SLICE_X9Y38          CARRY4 (Prop_carry4_CI_O[0])
                                                      0.222    12.225 r  core_inst/execution_unit_inst/execution_unit_inst/vector_alu_inst/regs_reg[0][31]_i_18/O[0]
                         net (fo=1, routed)           0.845    13.070    core_inst/execution_unit_inst/execution_unit_inst/vector_register_file_inst/regs_reg[0][27]_i_2_0[0]
    SLICE_X7Y36          LUT6 (Prop_lut6_I3_O)        0.299    13.369 r  core_inst/execution_unit_inst/execution_unit_inst/vector_register_file_inst/regs[0][24]_i_6/O
                         net (fo=1, routed)           0.000    13.369    core_inst/execution_unit_inst/execution_unit_inst/vector_register_file_inst/regs[0][24]_i_6_n_0
    SLICE_X7Y36          MUXF7 (Prop_muxf7_I0_O)      0.212    13.581 r  core_inst/execution_unit_inst/execution_unit_inst/vector_register_file_inst/regs_reg[0][24]_i_3/O
                         net (fo=1, routed)           0.584    14.165    core_inst/instruction_memory_inst/regs_reg[7][24]_0
    SLICE_X5Y35          LUT6 (Prop_lut6_I4_O)        0.299    14.464 r  core_inst/instruction_memory_inst/regs[0][24]_i_1/O
                         net (fo=8, routed)           0.900    15.364    core_inst/execution_unit_inst/execution_unit_inst/vector_register_file_inst/D[21]
    SLICE_X4Y35          FDRE                                         r  core_inst/execution_unit_inst/execution_unit_inst/vector_register_file_inst/regs_reg[3][24]/D
  -------------------------------------------------------------------    -------------------

                         (clock vector_core_clk rise edge)
                                                     10.000    10.000 r  <hidden>
                         propagated clock network latency
                                                      4.853    14.853    <hidden>
                         clock pessimism              0.260    15.113    <hidden>
                         clock uncertainty           -0.035    15.078    <hidden>
    SLICE_X4Y35          FDRE (Setup_fdre_C_D)       -0.061    15.017    core_inst/execution_unit_inst/execution_unit_inst/vector_register_file_inst/regs_reg[3][24]
  -------------------------------------------------------------------
                         required time                         15.017    <hidden>
                         arrival time                         -15.364    <hidden>
  -------------------------------------------------------------------
                         slack                                 -0.347    <hidden>

Slack (VIOLATED) :        -0.340ns  (required time - arrival time)
  Source:                 core_inst/current_pc_reg[1]/C
                            (rising edge-triggered cell FDRE clocked by vector_core_clk  {rise@0.000ns fall@5.000ns period=10.000ns})
  Destination:            core_inst/execution_unit_inst/execution_unit_inst/vector_register_file_inst/regs_reg[6][122]/D
                            (rising edge-triggered cell FDRE clocked by vector_core_clk  {rise@0.000ns fall@5.000ns period=10.000ns})
  Path Group:             vector_core_clk
  Path Type:              Setup (Max at Slow Process Corner)
  Requirement:            10.000ns  (vector_core_clk rise@10.000ns - vector_core_clk rise@0.000ns)
  Data Path Delay:        10.141ns  (logic 3.410ns (33.625%)  route 6.731ns (66.375%))
  Logic Levels:           13  (CARRY4=5 LUT2=1 LUT3=1 LUT6=4 MUXF7=1 RAMD32=1)
  Clock Path Skew:        -0.136ns (DCD - SCD + CPR)
    Destination Clock Delay (DCD):    4.775ns = ( 14.775 - 10.000 ) 
    Source Clock Delay      (SCD):    5.090ns
    Clock Pessimism Removal (CPR):    0.180ns
  Clock Uncertainty:      0.035ns  ((TSJ^2 + TIJ^2)^1/2 + DJ) / 2 + PE
    Total System Jitter     (TSJ):    0.071ns
    Total Input Jitter      (TIJ):    0.000ns
    Discrete Jitter          (DJ):    0.000ns
    Phase Error              (PE):    0.000ns

    Location             Delay type                Incr(ns)  Path(ns)    Netlist Resource(s)
  -------------------------------------------------------------------    -------------------
                         (clock vector_core_clk rise edge)
                                                      0.000     0.000 r  <hidden>
                         propagated clock network latency
                                                      5.090     5.090    <hidden>
    SLICE_X15Y46         FDRE                         0.000     5.090 r  core_inst/current_pc_reg[1]/C
    SLICE_X15Y46         FDRE (Prop_fdre_C_Q)         0.419     5.509 r  core_inst/current_pc_reg[1]/Q
                         net (fo=23, routed)          0.882     6.391    core_inst/instruction_memory_inst/memory_reg_0_15_12_15/ADDRB1
    SLICE_X14Y45         RAMD32 (Prop_ramd32_RADR1_O)
                                                      0.327     6.718 f  core_inst/instruction_memory_inst/memory_reg_0_15_12_15/RAMB/O
                         net (fo=26, routed)          0.724     7.442    core_inst/instruction_memory_inst/memory_reg_0_15_12_15_n_3
    SLICE_X13Y45         LUT6 (Prop_lut6_I3_O)        0.348     7.790 r  core_inst/instruction_memory_inst/regs[0][127]_i_57/O
                         net (fo=96, routed)          1.202     8.992    core_inst/execution_unit_inst/execution_unit_inst/vector_register_file_inst/regs[0][58]_i_18_1
    SLICE_X33Y46         LUT6 (Prop_lut6_I4_O)        0.124     9.116 r  core_inst/execution_unit_inst/execution_unit_inst/vector_register_file_inst/debug_read_data_parity_OBUF_inst_i_340/O
                         net (fo=3, routed)           0.725     9.841    core_inst/execution_unit_inst/execution_unit_inst/vector_register_file_inst/debug_read_data_parity_OBUF_inst_i_340_n_0
    SLICE_X29Y43         LUT3 (Prop_lut3_I2_O)        0.124     9.965 r  core_inst/execution_unit_inst/execution_unit_inst/vector_register_file_inst/debug_read_data_parity_OBUF_inst_i_143/O
                         net (fo=14, routed)          0.966    10.930    core_inst/execution_unit_inst/execution_unit_inst/vector_register_file_inst/debug_read_data[105]
    SLICE_X29Y46         LUT2 (Prop_lut2_I0_O)        0.124    11.054 r  core_inst/execution_unit_inst/execution_unit_inst/vector_register_file_inst/regs[0][107]_i_30/O
                         net (fo=1, routed)           0.000    11.054    core_inst/execution_unit_inst/execution_unit_inst/vector_alu_inst/regs[0][104]_i_4_0[1]
    SLICE_X29Y46         CARRY4 (Prop_carry4_S[1]_CO[3])
                                                      0.550    11.604 r  core_inst/execution_unit_inst/execution_unit_inst/vector_alu_inst/regs_reg[0][107]_i_10/CO[3]
                         net (fo=1, routed)           0.000    11.604    core_inst/execution_unit_inst/execution_unit_inst/vector_alu_inst/regs_reg[0][107]_i_10_n_0
    SLICE_X29Y47         CARRY4 (Prop_carry4_CI_CO[3])
                                                      0.114    11.718 r  core_inst/execution_unit_inst/execution_unit_inst/vector_alu_inst/regs_reg[0][111]_i_10/CO[3]
                         net (fo=1, routed)           0.000    11.718    core_inst/execution_unit_inst/execution_unit_inst/vector_alu_inst/regs_reg[0][111]_i_10_n_0
    SLICE_X29Y48         CARRY4 (Prop_carry4_CI_CO[3])
                                                      0.114    11.832 r  core_inst/execution_unit_inst/execution_unit_inst/vector_alu_inst/regs_reg[0][115]_i_10/CO[3]
                         net (fo=1, routed)           0.000    11.832    core_inst/execution_unit_inst/execution_unit_inst/vector_alu_inst/regs_reg[0][115]_i_10_n_0
    SLICE_X29Y49         CARRY4 (Prop_carry4_CI_CO[3])
                                                      0.114    11.946 r  core_inst/execution_unit_inst/execution_unit_inst/vector_alu_inst/regs_reg[0][119]_i_10/CO[3]
                         net (fo=1, routed)           0.001    11.947    core_inst/execution_unit_inst/execution_unit_inst/vector_alu_inst/regs_reg[0][119]_i_10_n_0
    SLICE_X29Y50         CARRY4 (Prop_carry4_CI_O[2])
                                                      0.239    12.186 r  core_inst/execution_unit_inst/execution_unit_inst/vector_alu_inst/regs_reg[0][127]_i_35/O[2]
                         net (fo=1, routed)           0.940    13.126    core_inst/execution_unit_inst/execution_unit_inst/vector_register_file_inst/data0[26]
    SLICE_X31Y52         LUT6 (Prop_lut6_I5_O)        0.302    13.428 r  core_inst/execution_unit_inst/execution_unit_inst/vector_register_file_inst/regs[0][122]_i_6/O
                         net (fo=1, routed)           0.000    13.428    core_inst/execution_unit_inst/execution_unit_inst/vector_register_file_inst/regs[0][122]_i_6_n_0
    SLICE_X31Y52         MUXF7 (Prop_muxf7_I0_O)      0.212    13.640 r  core_inst/execution_unit_inst/execution_unit_inst/vector_register_file_inst/regs_reg[0][122]_i_3/O
                         net (fo=1, routed)           0.608    14.247    core_inst/instruction_memory_inst/regs_reg[7][122]_0
    SLICE_X33Y56         LUT6 (Prop_lut6_I4_O)        0.299    14.546 r  core_inst/instruction_memory_inst/regs[0][122]_i_1/O
                         net (fo=8, routed)           0.685    15.232    core_inst/execution_unit_inst/execution_unit_inst/vector_register_file_inst/D[104]
    SLICE_X34Y56         FDRE                                         r  core_inst/execution_unit_inst/execution_unit_inst/vector_register_file_inst/regs_reg[6][122]/D
  -------------------------------------------------------------------    -------------------

                         (clock vector_core_clk rise edge)
                                                     10.000    10.000 r  <hidden>
                         propagated clock network latency
                                                      4.775    14.775    <hidden>
                         clock pessimism              0.180    14.955    <hidden>
                         clock uncertainty           -0.035    14.919    <hidden>
    SLICE_X34Y56         FDRE (Setup_fdre_C_D)       -0.028    14.891    core_inst/execution_unit_inst/execution_unit_inst/vector_register_file_inst/regs_reg[6][122]
  -------------------------------------------------------------------
                         required time                         14.891    <hidden>
                         arrival time                         -15.232    <hidden>
  -------------------------------------------------------------------
                         slack                                 -0.340    <hidden>

Slack (VIOLATED) :        -0.339ns  (required time - arrival time)
  Source:                 core_inst/current_pc_reg[1]/C
                            (rising edge-triggered cell FDRE clocked by vector_core_clk  {rise@0.000ns fall@5.000ns period=10.000ns})
  Destination:            core_inst/execution_unit_inst/execution_unit_inst/vector_register_file_inst/regs_reg[1][53]/D
                            (rising edge-triggered cell FDRE clocked by vector_core_clk  {rise@0.000ns fall@5.000ns period=10.000ns})
  Path Group:             vector_core_clk
  Path Type:              Setup (Max at Slow Process Corner)
  Requirement:            10.000ns  (vector_core_clk rise@10.000ns - vector_core_clk rise@0.000ns)
  Data Path Delay:        10.199ns  (logic 3.231ns (31.680%)  route 6.968ns (68.320%))
  Logic Levels:           11  (CARRY4=3 LUT2=1 LUT3=1 LUT6=4 MUXF7=1 RAMD32=1)
  Clock Path Skew:        -0.060ns (DCD - SCD + CPR)
    Destination Clock Delay (DCD):    4.851ns = ( 14.851 - 10.000 ) 
    Source Clock Delay      (SCD):    5.090ns
    Clock Pessimism Removal (CPR):    0.180ns
  Clock Uncertainty:      0.035ns  ((TSJ^2 + TIJ^2)^1/2 + DJ) / 2 + PE
    Total System Jitter     (TSJ):    0.071ns
    Total Input Jitter      (TIJ):    0.000ns
    Discrete Jitter          (DJ):    0.000ns
    Phase Error              (PE):    0.000ns

    Location             Delay type                Incr(ns)  Path(ns)    Netlist Resource(s)
  -------------------------------------------------------------------    -------------------
                         (clock vector_core_clk rise edge)
                                                      0.000     0.000 r  <hidden>
                         propagated clock network latency
                                                      5.090     5.090    <hidden>
    SLICE_X15Y46         FDRE                         0.000     5.090 r  core_inst/current_pc_reg[1]/C
    SLICE_X15Y46         FDRE (Prop_fdre_C_Q)         0.419     5.509 r  core_inst/current_pc_reg[1]/Q
                         net (fo=23, routed)          0.882     6.391    core_inst/instruction_memory_inst/memory_reg_0_15_12_15/ADDRB1
    SLICE_X14Y45         RAMD32 (Prop_ramd32_RADR1_O)
                                                      0.327     6.718 f  core_inst/instruction_memory_inst/memory_reg_0_15_12_15/RAMB/O
                         net (fo=26, routed)          0.695     7.413    core_inst/instruction_memory_inst/memory_reg_0_15_12_15_n_3
    SLICE_X15Y47         LUT6 (Prop_lut6_I3_O)        0.348     7.761 r  core_inst/instruction_memory_inst/regs[0][66]_i_34/O
                         net (fo=96, routed)          1.383     9.144    core_inst/execution_unit_inst/execution_unit_inst/vector_register_file_inst/debug_read_data_parity_OBUF_inst_i_60_0
    SLICE_X5Y45          LUT6 (Prop_lut6_I2_O)        0.124     9.268 r  core_inst/execution_unit_inst/execution_unit_inst/vector_register_file_inst/debug_read_data_parity_OBUF_inst_i_264/O
                         net (fo=3, routed)           0.664     9.932    core_inst/execution_unit_inst/execution_unit_inst/vector_register_file_inst/debug_read_data_parity_OBUF_inst_i_264_n_0
    SLICE_X9Y46          LUT3 (Prop_lut3_I2_O)        0.124    10.056 r  core_inst/execution_unit_inst/execution_unit_inst/vector_register_file_inst/debug_read_data_parity_OBUF_inst_i_93/O
                         net (fo=13, routed)          1.143    11.199    core_inst/execution_unit_inst/execution_unit_inst/vector_register_file_inst/debug_read_data[44]
    SLICE_X6Y46          LUT2 (Prop_lut2_I0_O)        0.124    11.323 r  core_inst/execution_unit_inst/execution_unit_inst/vector_register_file_inst/regs[0][47]_i_32/O
                         net (fo=1, routed)           0.000    11.323    core_inst/execution_unit_inst/execution_unit_inst/vector_alu_inst/regs[0][44]_i_4_0[0]
    SLICE_X6Y46          CARRY4 (Prop_carry4_S[0]_CO[3])
                                                      0.513    11.836 r  core_inst/execution_unit_inst/execution_unit_inst/vector_alu_inst/regs_reg[0][47]_i_10/CO[3]
                         net (fo=1, routed)           0.000    11.836    core_inst/execution_unit_inst/execution_unit_inst/vector_alu_inst/regs_reg[0][47]_i_10_n_0
    SLICE_X6Y47          CARRY4 (Prop_carry4_CI_CO[3])
                                                      0.117    11.953 r  core_inst/execution_unit_inst/execution_unit_inst/vector_alu_inst/regs_reg[0][51]_i_10/CO[3]
                         net (fo=1, routed)           0.000    11.953    core_inst/execution_unit_inst/execution_unit_inst/vector_alu_inst/regs_reg[0][51]_i_10_n_0
    SLICE_X6Y48          CARRY4 (Prop_carry4_CI_O[1])
                                                      0.323    12.276 r  core_inst/execution_unit_inst/execution_unit_inst/vector_alu_inst/regs_reg[0][55]_i_10/O[1]
                         net (fo=1, routed)           0.909    13.185    core_inst/execution_unit_inst/execution_unit_inst/vector_register_file_inst/regs_reg[0][55]_i_2_1[1]
    SLICE_X2Y51          LUT6 (Prop_lut6_I5_O)        0.306    13.491 r  core_inst/execution_unit_inst/execution_unit_inst/vector_register_file_inst/regs[0][53]_i_6/O
                         net (fo=1, routed)           0.000    13.491    core_inst/execution_unit_inst/execution_unit_inst/vector_register_file_inst/regs[0][53]_i_6_n_0
    SLICE_X2Y51          MUXF7 (Prop_muxf7_I0_O)      0.209    13.700 r  core_inst/execution_unit_inst/execution_unit_inst/vector_register_file_inst/regs_reg[0][53]_i_3/O
                         net (fo=1, routed)           0.594    14.294    core_inst/instruction_memory_inst/regs_reg[7][53]_0
    SLICE_X2Y52          LUT6 (Prop_lut6_I4_O)        0.297    14.591 r  core_inst/instruction_memory_inst/regs[0][53]_i_1/O
                         net (fo=8, routed)           0.699    15.289    core_inst/execution_unit_inst/execution_unit_inst/vector_register_file_inst/D[45]
    SLICE_X2Y52          FDRE                                         r  core_inst/execution_unit_inst/execution_unit_inst/vector_register_file_inst/regs_reg[1][53]/D
  -------------------------------------------------------------------    -------------------

                         (clock vector_core_clk rise edge)
                                                     10.000    10.000 r  <hidden>
                         propagated clock network latency
                                                      4.851    14.851    <hidden>
                         clock pessimism              0.180    15.031    <hidden>
                         clock uncertainty           -0.035    14.995    <hidden>
    SLICE_X2Y52          FDRE (Setup_fdre_C_D)       -0.045    14.950    core_inst/execution_unit_inst/execution_unit_inst/vector_register_file_inst/regs_reg[1][53]
  -------------------------------------------------------------------
                         required time                         14.950    <hidden>
                         arrival time                         -15.289    <hidden>
  -------------------------------------------------------------------
                         slack                                 -0.339    <hidden>

Slack (VIOLATED) :        -0.337ns  (required time - arrival time)
  Source:                 core_inst/current_pc_reg[1]/C
                            (rising edge-triggered cell FDRE clocked by vector_core_clk  {rise@0.000ns fall@5.000ns period=10.000ns})
  Destination:            core_inst/execution_unit_inst/execution_unit_inst/vector_register_file_inst/regs_reg[5][120]/D
                            (rising edge-triggered cell FDRE clocked by vector_core_clk  {rise@0.000ns fall@5.000ns period=10.000ns})
  Path Group:             vector_core_clk
  Path Type:              Setup (Max at Slow Process Corner)
  Requirement:            10.000ns  (vector_core_clk rise@10.000ns - vector_core_clk rise@0.000ns)
  Data Path Delay:        10.109ns  (logic 3.600ns (35.611%)  route 6.509ns (64.389%))
  Logic Levels:           15  (CARRY4=7 LUT2=1 LUT3=1 LUT6=4 MUXF7=1 RAMD32=1)
  Clock Path Skew:        -0.135ns (DCD - SCD + CPR)
    Destination Clock Delay (DCD):    4.776ns = ( 14.776 - 10.000 ) 
    Source Clock Delay      (SCD):    5.090ns
    Clock Pessimism Removal (CPR):    0.180ns
  Clock Uncertainty:      0.035ns  ((TSJ^2 + TIJ^2)^1/2 + DJ) / 2 + PE
    Total System Jitter     (TSJ):    0.071ns
    Total Input Jitter      (TIJ):    0.000ns
    Discrete Jitter          (DJ):    0.000ns
    Phase Error              (PE):    0.000ns

    Location             Delay type                Incr(ns)  Path(ns)    Netlist Resource(s)
  -------------------------------------------------------------------    -------------------
                         (clock vector_core_clk rise edge)
                                                      0.000     0.000 r  <hidden>
                         propagated clock network latency
                                                      5.090     5.090    <hidden>
    SLICE_X15Y46         FDRE                         0.000     5.090 r  core_inst/current_pc_reg[1]/C
    SLICE_X15Y46         FDRE (Prop_fdre_C_Q)         0.419     5.509 r  core_inst/current_pc_reg[1]/Q
                         net (fo=23, routed)          0.882     6.391    core_inst/instruction_memory_inst/memory_reg_0_15_12_15/ADDRB1
    SLICE_X14Y45         RAMD32 (Prop_ramd32_RADR1_O)
                                                      0.327     6.718 f  core_inst/instruction_memory_inst/memory_reg_0_15_12_15/RAMB/O
                         net (fo=26, routed)          0.652     7.370    core_inst/instruction_memory_inst/memory_reg_0_15_12_15_n_3
    SLICE_X15Y45         LUT6 (Prop_lut6_I3_O)        0.348     7.718 r  core_inst/instruction_memory_inst/regs[0][127]_i_56/O
                         net (fo=96, routed)          0.985     8.703    core_inst/execution_unit_inst/execution_unit_inst/vector_register_file_inst/regs[0][58]_i_18_0
    SLICE_X15Y41         LUT6 (Prop_lut6_I2_O)        0.124     8.827 r  core_inst/execution_unit_inst/execution_unit_inst/vector_register_file_inst/regs[0][96]_i_11/O
                         net (fo=3, routed)           0.967     9.795    core_inst/execution_unit_inst/execution_unit_inst/vector_register_file_inst/regs[0][96]_i_11_n_0
    SLICE_X29Y43         LUT3 (Prop_lut3_I2_O)        0.124     9.919 r  core_inst/execution_unit_inst/execution_unit_inst/vector_register_file_inst/regs[0][96]_i_5/O
                         net (fo=16, routed)          0.893    10.811    core_inst/execution_unit_inst/execution_unit_inst/vector_register_file_inst/regs_reg[7][96]_0[3]
    SLICE_X28Y44         LUT2 (Prop_lut2_I0_O)        0.124    10.935 r  core_inst/execution_unit_inst/execution_unit_inst/vector_register_file_inst/regs[0][98]_i_25/O
                         net (fo=1, routed)           0.000    10.935    core_inst/execution_unit_inst/execution_unit_inst/vector_alu_inst/regs[0][96]_i_2_2[0]
    SLICE_X28Y44         CARRY4 (Prop_carry4_S[0]_CO[3])
                                                      0.532    11.467 r  core_inst/execution_unit_inst/execution_unit_inst/vector_alu_inst/regs_reg[0][98]_i_11/CO[3]
                         net (fo=1, routed)           0.000    11.467    core_inst/execution_unit_inst/execution_unit_inst/vector_alu_inst/regs_reg[0][98]_i_11_n_0
    SLICE_X28Y45         CARRY4 (Prop_carry4_CI_CO[3])
                                                      0.114    11.581 r  core_inst/execution_unit_inst/execution_unit_inst/vector_alu_inst/regs_reg[0][103]_i_9/CO[3]
                         net (fo=1, routed)           0.000    11.581    core_inst/execution_unit_inst/execution_unit_inst/vector_alu_inst/regs_reg[0][103]_i_9_n_0
    SLICE_X28Y46         CARRY4 (Prop_carry4_CI_CO[3])
                                                      0.114    11.695 r  core_inst/execution_unit_inst/execution_unit_inst/vector_alu_inst/regs_reg[0][107]_i_9/CO[3]
                         net (fo=1, routed)           0.000    11.695    core_inst/execution_unit_inst/execution_unit_inst/vector_alu_inst/regs_reg[0][107]_i_9_n_0
    SLICE_X28Y47         CARRY4 (Prop_carry4_CI_CO[3])
                                                      0.114    11.809 r  core_inst/execution_unit_inst/execution_unit_inst/vector_alu_inst/regs_reg[0][111]_i_9/CO[3]
                         net (fo=1, routed)           0.000    11.809    core_inst/execution_unit_inst/execution_unit_inst/vector_alu_inst/regs_reg[0][111]_i_9_n_0
    SLICE_X28Y48         CARRY4 (Prop_carry4_CI_CO[3])
                                                      0.114    11.923 r  core_inst/execution_unit_inst/execution_unit_inst/vector_alu_inst/regs_reg[0][115]_i_9/CO[3]
                         net (fo=1, routed)           0.000    11.923    core_inst/execution_unit_inst/execution_unit_inst/vector_alu_inst/regs_reg[0][115]_i_9_n_0
    SLICE_X28Y49         CARRY4 (Prop_carry4_CI_CO[3])
                                                      0.114    12.037 r  core_inst/execution_unit_inst/execution_unit_inst/vector_alu_inst/regs_reg[0][119]_i_9/CO[3]
                         net (fo=1, routed)           0.001    12.038    core_inst/execution_unit_inst/execution_unit_inst/vector_alu_inst/regs_reg[0][119]_i_9_n_0
    SLICE_X28Y50         CARRY4 (Prop_carry4_CI_O[0])
                                                      0.222    12.260 r  core_inst/execution_unit_inst/execution_unit_inst/vector_alu_inst/regs_reg[0][127]_i_27/O[0]
                         net (fo=1, routed)           1.002    13.263    core_inst/execution_unit_inst/execution_unit_inst/vector_register_file_inst/data1[24]
    SLICE_X31Y55         LUT6 (Prop_lut6_I3_O)        0.299    13.562 r  core_inst/execution_unit_inst/execution_unit_inst/vector_register_file_inst/regs[0][120]_i_4/O
                         net (fo=1, routed)           0.000    13.562    core_inst/execution_unit_inst/execution_unit_inst/vector_register_file_inst/regs[0][120]_i_4_n_0
    SLICE_X31Y55         MUXF7 (Prop_muxf7_I0_O)      0.212    13.774 r  core_inst/execution_unit_inst/execution_unit_inst/vector_register_file_inst/regs_reg[0][120]_i_2/O
                         net (fo=1, routed)           0.307    14.081    core_inst/instruction_memory_inst/regs_reg[7][120]
    SLICE_X33Y56         LUT6 (Prop_lut6_I0_O)        0.299    14.380 r  core_inst/instruction_memory_inst/regs[0][120]_i_1/O
                         net (fo=8, routed)           0.820    15.200    core_inst/execution_unit_inst/execution_unit_inst/vector_register_file_inst/D[102]
    SLICE_X33Y56         FDRE                                         r  core_inst/execution_unit_inst/execution_unit_inst/vector_register_file_inst/regs_reg[5][120]/D
  -------------------------------------------------------------------    -------------------

                         (clock vector_core_clk rise edge)
                                                     10.000    10.000 r  <hidden>
                         propagated clock network latency
                                                      4.776    14.776    <hidden>
                         clock pessimism              0.180    14.956    <hidden>
                         clock uncertainty           -0.035    14.920    <hidden>
    SLICE_X33Y56         FDRE (Setup_fdre_C_D)       -0.058    14.862    core_inst/execution_unit_inst/execution_unit_inst/vector_register_file_inst/regs_reg[5][120]
  -------------------------------------------------------------------
                         required time                         14.862    <hidden>
                         arrival time                         -15.200    <hidden>
  -------------------------------------------------------------------
                         slack                                 -0.337    <hidden>

Slack (VIOLATED) :        -0.334ns  (required time - arrival time)
  Source:                 core_inst/current_pc_reg[1]/C
                            (rising edge-triggered cell FDRE clocked by vector_core_clk  {rise@0.000ns fall@5.000ns period=10.000ns})
  Destination:            core_inst/execution_unit_inst/execution_unit_inst/vector_register_file_inst/regs_reg[7][52]/D
                            (rising edge-triggered cell FDRE clocked by vector_core_clk  {rise@0.000ns fall@5.000ns period=10.000ns})
  Path Group:             vector_core_clk
  Path Type:              Setup (Max at Slow Process Corner)
  Requirement:            10.000ns  (vector_core_clk rise@10.000ns - vector_core_clk rise@0.000ns)
  Data Path Delay:        10.194ns  (logic 2.331ns (22.866%)  route 7.863ns (77.134%))
  Logic Levels:           8  (LUT4=2 LUT6=4 MUXF7=1 RAMD32=1)
  Clock Path Skew:        -0.060ns (DCD - SCD + CPR)
    Destination Clock Delay (DCD):    4.851ns = ( 14.851 - 10.000 ) 
    Source Clock Delay      (SCD):    5.090ns
    Clock Pessimism Removal (CPR):    0.180ns
  Clock Uncertainty:      0.035ns  ((TSJ^2 + TIJ^2)^1/2 + DJ) / 2 + PE
    Total System Jitter     (TSJ):    0.071ns
    Total Input Jitter      (TIJ):    0.000ns
    Discrete Jitter          (DJ):    0.000ns
    Phase Error              (PE):    0.000ns

    Location             Delay type                Incr(ns)  Path(ns)    Netlist Resource(s)
  -------------------------------------------------------------------    -------------------
                         (clock vector_core_clk rise edge)
                                                      0.000     0.000 r  <hidden>
                         propagated clock network latency
                                                      5.090     5.090    <hidden>
    SLICE_X15Y46         FDRE                         0.000     5.090 r  core_inst/current_pc_reg[1]/C
    SLICE_X15Y46         FDRE (Prop_fdre_C_Q)         0.419     5.509 r  core_inst/current_pc_reg[1]/Q
                         net (fo=23, routed)          0.882     6.391    core_inst/instruction_memory_inst/memory_reg_0_15_12_15/ADDRB1
    SLICE_X14Y45         RAMD32 (Prop_ramd32_RADR1_O)
                                                      0.327     6.718 f  core_inst/instruction_memory_inst/memory_reg_0_15_12_15/RAMB/O
                         net (fo=26, routed)          1.062     7.780    core_inst/instruction_memory_inst/memory_reg_0_15_12_15_n_3
    SLICE_X11Y44         LUT4 (Prop_lut4_I1_O)        0.348     8.128 r  core_inst/instruction_memory_inst/regs[0][63]_i_45/O
                         net (fo=64, routed)          1.058     9.186    core_inst/execution_unit_inst/execution_unit_inst/vector_register_file_inst/regs_reg[0][32]_i_6_0
    SLICE_X9Y42          LUT6 (Prop_lut6_I2_O)        0.124     9.310 r  core_inst/execution_unit_inst/execution_unit_inst/vector_register_file_inst/regs[0][63]_i_63/O
                         net (fo=1, routed)           0.000     9.310    core_inst/execution_unit_inst/execution_unit_inst/vector_register_file_inst/regs[0][63]_i_63_n_0
    SLICE_X9Y42          MUXF7 (Prop_muxf7_I0_O)      0.212     9.522 r  core_inst/execution_unit_inst/execution_unit_inst/vector_register_file_inst/regs_reg[0][63]_i_44/O
                         net (fo=103, routed)         1.727    11.249    core_inst/execution_unit_inst/execution_unit_inst/vector_register_file_inst/rf_vector_b[35]
    SLICE_X2Y50          LUT6 (Prop_lut6_I2_O)        0.299    11.548 r  core_inst/execution_unit_inst/execution_unit_inst/vector_register_file_inst/regs[0][52]_i_11/O
                         net (fo=7, routed)           0.832    12.380    core_inst/execution_unit_inst/execution_unit_inst/vector_register_file_inst/regs[0][52]_i_11_n_0
    SLICE_X1Y49          LUT4 (Prop_lut4_I0_O)        0.152    12.532 r  core_inst/execution_unit_inst/execution_unit_inst/vector_register_file_inst/regs[0][52]_i_7/O
                         net (fo=2, routed)           0.813    13.345    core_inst/execution_unit_inst/execution_unit_inst/vector_register_file_inst/regs[0][52]_i_7_n_0
    SLICE_X2Y49          LUT6 (Prop_lut6_I5_O)        0.326    13.671 r  core_inst/execution_unit_inst/execution_unit_inst/vector_register_file_inst/regs[0][52]_i_3/O
                         net (fo=1, routed)           0.674    14.344    core_inst/instruction_memory_inst/regs_reg[7][52]_0
    SLICE_X3Y50          LUT6 (Prop_lut6_I3_O)        0.124    14.468 r  core_inst/instruction_memory_inst/regs[0][52]_i_1/O
                         net (fo=8, routed)           0.816    15.284    core_inst/execution_unit_inst/execution_unit_inst/vector_register_file_inst/D[44]
    SLICE_X2Y50          FDRE                                         r  core_inst/execution_unit_inst/execution_unit_inst/vector_register_file_inst/regs_reg[7][52]/D
  -------------------------------------------------------------------    -------------------

                         (clock vector_core_clk rise edge)
                                                     10.000    10.000 r  <hidden>
                         propagated clock network latency
                                                      4.851    14.851    <hidden>
                         clock pessimism              0.180    15.031    <hidden>
                         clock uncertainty           -0.035    14.995    <hidden>
    SLICE_X2Y50          FDRE (Setup_fdre_C_D)       -0.045    14.950    core_inst/execution_unit_inst/execution_unit_inst/vector_register_file_inst/regs_reg[7][52]
  -------------------------------------------------------------------
                         required time                         14.950    <hidden>
                         arrival time                         -15.284    <hidden>
  -------------------------------------------------------------------
                         slack                                 -0.334    <hidden>




