Copyright 1986-2022 Xilinx, Inc. All Rights Reserved. Copyright 2022-2026 Advanced Micro Devices, Inc. All Rights Reserved.
-----------------------------------------------------------------------------------------------------------------------------------------------------------------------------------------------------------------------------------------
| Tool Version : Vivado v.2026.1 (win64) Build 6511674 Tue Jun 16 11:02:23 MDT 2026
| Date         : Mon Aug 10 19:45:13 2026
| Host         : DESKTOP-4GB7DVJ running 64-bit major release  (build 9200)
| Command      : report_timing -delay_type max -path_type full_clock_expanded -input_pins -max_paths 25 -nworst 1 -file C:/FPGA/systemverilog-fpga-cpu/reports/dot4acc_stage_h13b_t3/100mhz_run1/timing/post_route_worst_setup_paths.rpt
| Design       : fpga_top_pipeline_dot4acc_memopt_h13b_timingopt_t3
| Device       : 7a35t-cpg236
| Speed File   : -1  PRODUCTION 1.23 2018-06-13
| Design State : Routed
-----------------------------------------------------------------------------------------------------------------------------------------------------------------------------------------------------------------------------------------

Timing Report

Slack (VIOLATED) :        -0.920ns  (required time - arrival time)
  Source:                 cpu_inst/data_mem_inst/mem_reg/CLKARDCLK
                            (rising edge-triggered cell RAMB18E1 clocked by sys_clk_pin  {rise@0.000ns fall@5.000ns period=10.000ns})
  Destination:            cpu_inst/id_ex_reg_reg[instruction][1]/R
                            (rising edge-triggered cell FDRE clocked by sys_clk_pin  {rise@0.000ns fall@5.000ns period=10.000ns})
  Path Group:             sys_clk_pin
  Path Type:              Setup (Max at Slow Process Corner)
  Requirement:            10.000ns  (sys_clk_pin rise@10.000ns - sys_clk_pin rise@0.000ns)
  Data Path Delay:        10.276ns  (logic 4.633ns (45.086%)  route 5.643ns (54.914%))
  Logic Levels:           12  (CARRY4=3 LUT2=1 LUT3=3 LUT4=1 LUT5=2 LUT6=2)
  Clock Path Skew:        -0.084ns (DCD - SCD + CPR)
    Destination Clock Delay (DCD):    4.787ns = ( 14.787 - 10.000 )
    Source Clock Delay      (SCD):    5.132ns
    Clock Pessimism Removal (CPR):    0.260ns
  Clock Uncertainty:      0.035ns  ((TSJ^2 + TIJ^2)^1/2 + DJ) / 2 + PE
    Total System Jitter     (TSJ):    0.071ns
    Total Input Jitter      (TIJ):    0.000ns
    Discrete Jitter          (DJ):    0.000ns
    Phase Error              (PE):    0.000ns

    Location             Delay type                Incr(ns)  Path(ns)    Netlist Resource(s)
  -------------------------------------------------------------------    -------------------
                         (clock sys_clk_pin rise edge)
                                                      0.000     0.000 r  <hidden>
    W5                                                0.000     0.000 r  clk
                         net (fo=0)                   0.000     0.000    clk
    W5                                                                r  clk_IBUF_inst/I
    W5                   IBUF (Prop_ibuf_I_O)         1.458     1.458 r  clk_IBUF_inst/O
                         net (fo=1, routed)           1.967     3.425    clk_IBUF
    BUFGCTRL_X0Y0                                                     r  clk_IBUF_BUFG_inst/I
    BUFGCTRL_X0Y0        BUFG (Prop_bufg_I_O)         0.096     3.521 r  clk_IBUF_BUFG_inst/O
                         net (fo=1822, routed)        1.611     5.132    cpu_inst/data_mem_inst/clk_IBUF_BUFG
    RAMB18_X0Y2          RAMB18E1                                     r  cpu_inst/data_mem_inst/mem_reg/CLKARDCLK
  -------------------------------------------------------------------    -------------------
    RAMB18_X0Y2          RAMB18E1 (Prop_ramb18e1_CLKARDCLK_DOADO[0])
                                                      2.454     7.586 r  cpu_inst/data_mem_inst/mem_reg/DOADO[0]
                         net (fo=5, routed)           0.673     8.258    cpu_inst/data_mem_inst/read_data[0]
    SLICE_X8Y5                                                        r  cpu_inst/data_mem_inst/deferred_load_data[0]_i_1/I0
    SLICE_X8Y5           LUT3 (Prop_lut3_I0_O)        0.124     8.382 r  cpu_inst/data_mem_inst/deferred_load_data[0]_i_1/O
                         net (fo=5, routed)           0.648     9.031    cpu_inst/data_mem_inst/data2[0]
    SLICE_X9Y5                                                        r  cpu_inst/data_mem_inst/ex_alu_result0_i_8/I4
    SLICE_X9Y5           LUT5 (Prop_lut5_I4_O)        0.124     9.155 r  cpu_inst/data_mem_inst/ex_alu_result0_i_8/O
                         net (fo=3, routed)           0.453     9.608    cpu_inst/dot4acc_pipeline_inst/A[0]
    SLICE_X8Y6                                                        r  cpu_inst/dot4acc_pipeline_inst/product2_reg_reg_i_154/I2
    SLICE_X8Y6           LUT3 (Prop_lut3_I2_O)        0.124     9.732 r  cpu_inst/dot4acc_pipeline_inst/product2_reg_reg_i_154/O
                         net (fo=1, routed)           0.827    10.559    cpu_inst/dot4acc_pipeline_inst/product2_reg_reg_i_154_n_0
    SLICE_X11Y5                                                       r  cpu_inst/dot4acc_pipeline_inst/product2_reg_reg_i_135/I4
    SLICE_X11Y5          LUT6 (Prop_lut6_I4_O)        0.124    10.683 r  cpu_inst/dot4acc_pipeline_inst/product2_reg_reg_i_135/O
                         net (fo=1, routed)           0.000    10.683    cpu_inst/dot4acc_pipeline_inst/product2_reg_reg_i_135_n_0
    SLICE_X11Y5                                                       r  cpu_inst/dot4acc_pipeline_inst/product2_reg_reg_i_127/S[0]
    SLICE_X11Y5          CARRY4 (Prop_carry4_S[0]_CO[3])
                                                      0.532    11.215 r  cpu_inst/dot4acc_pipeline_inst/product2_reg_reg_i_127/CO[3]
                         net (fo=1, routed)           0.000    11.215    cpu_inst/dot4acc_pipeline_inst/product2_reg_reg_i_127_n_0
    SLICE_X11Y6                                                       r  cpu_inst/dot4acc_pipeline_inst/product2_reg_reg_i_98/CI
    SLICE_X11Y6          CARRY4 (Prop_carry4_CI_CO[3])
                                                      0.114    11.329 r  cpu_inst/dot4acc_pipeline_inst/product2_reg_reg_i_98/CO[3]
                         net (fo=1, routed)           0.000    11.329    cpu_inst/dot4acc_pipeline_inst/product2_reg_reg_i_98_n_0
    SLICE_X11Y7                                                       r  cpu_inst/dot4acc_pipeline_inst/product2_reg_reg_i_53/CI
    SLICE_X11Y7          CARRY4 (Prop_carry4_CI_CO[2])
                                                      0.228    11.557 r  cpu_inst/dot4acc_pipeline_inst/product2_reg_reg_i_53/CO[2]
                         net (fo=18, routed)          0.581    12.138    cpu_inst/dot4acc_pipeline_inst/ex_branch_taken0
    SLICE_X10Y7                                                       r  cpu_inst/dot4acc_pipeline_inst/id_ex_reg[pc][31]_i_6/I3
    SLICE_X10Y7          LUT4 (Prop_lut4_I3_O)        0.313    12.451 r  cpu_inst/dot4acc_pipeline_inst/id_ex_reg[pc][31]_i_6/O
                         net (fo=38, routed)          0.509    12.960    cpu_inst/dot4acc_pipeline_inst/id_ex_reg[pc][31]_i_6_n_0
    SLICE_X10Y11                                                      r  cpu_inst/dot4acc_pipeline_inst/id_ex_reg[pc][31]_i_9/I4
    SLICE_X10Y11         LUT5 (Prop_lut5_I4_O)        0.124    13.084 r  cpu_inst/dot4acc_pipeline_inst/id_ex_reg[pc][31]_i_9/O
                         net (fo=3, routed)           0.187    13.271    cpu_inst/dot4acc_pipeline_inst/id_ex_reg[pc][31]_i_9_n_0
    SLICE_X10Y11                                                      r  cpu_inst/dot4acc_pipeline_inst/id_ex_reg[pc][31]_i_8/I5
    SLICE_X10Y11         LUT6 (Prop_lut6_I5_O)        0.124    13.395 r  cpu_inst/dot4acc_pipeline_inst/id_ex_reg[pc][31]_i_8/O
                         net (fo=3, routed)           0.196    13.591    cpu_inst/dot4acc_pipeline_inst/id_ex_reg[pc][31]_i_8_n_0
    SLICE_X10Y11                                                      r  cpu_inst/dot4acc_pipeline_inst/id_ex_reg[pc][31]_i_3/I1
    SLICE_X10Y11         LUT2 (Prop_lut2_I1_O)        0.124    13.715 f  cpu_inst/dot4acc_pipeline_inst/id_ex_reg[pc][31]_i_3/O
                         net (fo=8, routed)           0.825    14.540    cpu_inst/dot4acc_pipeline_inst/id_ex_reg[pc][31]_i_3_n_0
    SLICE_X9Y13                                                       f  cpu_inst/dot4acc_pipeline_inst/id_ex_reg[pc][31]_i_1/I1
    SLICE_X9Y13          LUT3 (Prop_lut3_I1_O)        0.124    14.664 r  cpu_inst/dot4acc_pipeline_inst/id_ex_reg[pc][31]_i_1/O
                         net (fo=64, routed)          0.744    15.408    cpu_inst/dot4acc_pipeline_inst_n_54
    SLICE_X10Y14         FDRE                                         r  cpu_inst/id_ex_reg_reg[instruction][1]/R
  -------------------------------------------------------------------    -------------------

                         (clock sys_clk_pin rise edge)
                                                     10.000    10.000 r  <hidden>
    W5                                                0.000    10.000 r  clk
                         net (fo=0)                   0.000    10.000    clk
    W5                                                                r  clk_IBUF_inst/I
    W5                   IBUF (Prop_ibuf_I_O)         1.388    11.388 r  clk_IBUF_inst/O
                         net (fo=1, routed)           1.862    13.250    clk_IBUF
    BUFGCTRL_X0Y0                                                     r  clk_IBUF_BUFG_inst/I
    BUFGCTRL_X0Y0        BUFG (Prop_bufg_I_O)         0.091    13.341 r  clk_IBUF_BUFG_inst/O
                         net (fo=1822, routed)        1.446    14.787    cpu_inst/clk_IBUF_BUFG
    SLICE_X10Y14         FDRE                                         r  cpu_inst/id_ex_reg_reg[instruction][1]/C
                         clock pessimism              0.260    15.047    <hidden>
                         clock uncertainty           -0.035    15.012    <hidden>
    SLICE_X10Y14         FDRE (Setup_fdre_C_R)       -0.524    14.488    cpu_inst/id_ex_reg_reg[instruction][1]
  -------------------------------------------------------------------
                         required time                         14.488    <hidden>
                         arrival time                         -15.408    <hidden>
  -------------------------------------------------------------------
                         slack                                 -0.920    <hidden>

Slack (VIOLATED) :        -0.920ns  (required time - arrival time)
  Source:                 cpu_inst/data_mem_inst/mem_reg/CLKARDCLK
                            (rising edge-triggered cell RAMB18E1 clocked by sys_clk_pin  {rise@0.000ns fall@5.000ns period=10.000ns})
  Destination:            cpu_inst/id_ex_reg_reg[instruction][27]/R
                            (rising edge-triggered cell FDRE clocked by sys_clk_pin  {rise@0.000ns fall@5.000ns period=10.000ns})
  Path Group:             sys_clk_pin
  Path Type:              Setup (Max at Slow Process Corner)
  Requirement:            10.000ns  (sys_clk_pin rise@10.000ns - sys_clk_pin rise@0.000ns)
  Data Path Delay:        10.276ns  (logic 4.633ns (45.086%)  route 5.643ns (54.914%))
  Logic Levels:           12  (CARRY4=3 LUT2=1 LUT3=3 LUT4=1 LUT5=2 LUT6=2)
  Clock Path Skew:        -0.084ns (DCD - SCD + CPR)
    Destination Clock Delay (DCD):    4.787ns = ( 14.787 - 10.000 )
    Source Clock Delay      (SCD):    5.132ns
    Clock Pessimism Removal (CPR):    0.260ns
  Clock Uncertainty:      0.035ns  ((TSJ^2 + TIJ^2)^1/2 + DJ) / 2 + PE
    Total System Jitter     (TSJ):    0.071ns
    Total Input Jitter      (TIJ):    0.000ns
    Discrete Jitter          (DJ):    0.000ns
    Phase Error              (PE):    0.000ns

    Location             Delay type                Incr(ns)  Path(ns)    Netlist Resource(s)
  -------------------------------------------------------------------    -------------------
                         (clock sys_clk_pin rise edge)
                                                      0.000     0.000 r  <hidden>
    W5                                                0.000     0.000 r  clk
                         net (fo=0)                   0.000     0.000    clk
    W5                                                                r  clk_IBUF_inst/I
    W5                   IBUF (Prop_ibuf_I_O)         1.458     1.458 r  clk_IBUF_inst/O
                         net (fo=1, routed)           1.967     3.425    clk_IBUF
    BUFGCTRL_X0Y0                                                     r  clk_IBUF_BUFG_inst/I
    BUFGCTRL_X0Y0        BUFG (Prop_bufg_I_O)         0.096     3.521 r  clk_IBUF_BUFG_inst/O
                         net (fo=1822, routed)        1.611     5.132    cpu_inst/data_mem_inst/clk_IBUF_BUFG
    RAMB18_X0Y2          RAMB18E1                                     r  cpu_inst/data_mem_inst/mem_reg/CLKARDCLK
  -------------------------------------------------------------------    -------------------
    RAMB18_X0Y2          RAMB18E1 (Prop_ramb18e1_CLKARDCLK_DOADO[0])
                                                      2.454     7.586 r  cpu_inst/data_mem_inst/mem_reg/DOADO[0]
                         net (fo=5, routed)           0.673     8.258    cpu_inst/data_mem_inst/read_data[0]
    SLICE_X8Y5                                                        r  cpu_inst/data_mem_inst/deferred_load_data[0]_i_1/I0
    SLICE_X8Y5           LUT3 (Prop_lut3_I0_O)        0.124     8.382 r  cpu_inst/data_mem_inst/deferred_load_data[0]_i_1/O
                         net (fo=5, routed)           0.648     9.031    cpu_inst/data_mem_inst/data2[0]
    SLICE_X9Y5                                                        r  cpu_inst/data_mem_inst/ex_alu_result0_i_8/I4
    SLICE_X9Y5           LUT5 (Prop_lut5_I4_O)        0.124     9.155 r  cpu_inst/data_mem_inst/ex_alu_result0_i_8/O
                         net (fo=3, routed)           0.453     9.608    cpu_inst/dot4acc_pipeline_inst/A[0]
    SLICE_X8Y6                                                        r  cpu_inst/dot4acc_pipeline_inst/product2_reg_reg_i_154/I2
    SLICE_X8Y6           LUT3 (Prop_lut3_I2_O)        0.124     9.732 r  cpu_inst/dot4acc_pipeline_inst/product2_reg_reg_i_154/O
                         net (fo=1, routed)           0.827    10.559    cpu_inst/dot4acc_pipeline_inst/product2_reg_reg_i_154_n_0
    SLICE_X11Y5                                                       r  cpu_inst/dot4acc_pipeline_inst/product2_reg_reg_i_135/I4
    SLICE_X11Y5          LUT6 (Prop_lut6_I4_O)        0.124    10.683 r  cpu_inst/dot4acc_pipeline_inst/product2_reg_reg_i_135/O
                         net (fo=1, routed)           0.000    10.683    cpu_inst/dot4acc_pipeline_inst/product2_reg_reg_i_135_n_0
    SLICE_X11Y5                                                       r  cpu_inst/dot4acc_pipeline_inst/product2_reg_reg_i_127/S[0]
    SLICE_X11Y5          CARRY4 (Prop_carry4_S[0]_CO[3])
                                                      0.532    11.215 r  cpu_inst/dot4acc_pipeline_inst/product2_reg_reg_i_127/CO[3]
                         net (fo=1, routed)           0.000    11.215    cpu_inst/dot4acc_pipeline_inst/product2_reg_reg_i_127_n_0
    SLICE_X11Y6                                                       r  cpu_inst/dot4acc_pipeline_inst/product2_reg_reg_i_98/CI
    SLICE_X11Y6          CARRY4 (Prop_carry4_CI_CO[3])
                                                      0.114    11.329 r  cpu_inst/dot4acc_pipeline_inst/product2_reg_reg_i_98/CO[3]
                         net (fo=1, routed)           0.000    11.329    cpu_inst/dot4acc_pipeline_inst/product2_reg_reg_i_98_n_0
    SLICE_X11Y7                                                       r  cpu_inst/dot4acc_pipeline_inst/product2_reg_reg_i_53/CI
    SLICE_X11Y7          CARRY4 (Prop_carry4_CI_CO[2])
                                                      0.228    11.557 r  cpu_inst/dot4acc_pipeline_inst/product2_reg_reg_i_53/CO[2]
                         net (fo=18, routed)          0.581    12.138    cpu_inst/dot4acc_pipeline_inst/ex_branch_taken0
    SLICE_X10Y7                                                       r  cpu_inst/dot4acc_pipeline_inst/id_ex_reg[pc][31]_i_6/I3
    SLICE_X10Y7          LUT4 (Prop_lut4_I3_O)        0.313    12.451 r  cpu_inst/dot4acc_pipeline_inst/id_ex_reg[pc][31]_i_6/O
                         net (fo=38, routed)          0.509    12.960    cpu_inst/dot4acc_pipeline_inst/id_ex_reg[pc][31]_i_6_n_0
    SLICE_X10Y11                                                      r  cpu_inst/dot4acc_pipeline_inst/id_ex_reg[pc][31]_i_9/I4
    SLICE_X10Y11         LUT5 (Prop_lut5_I4_O)        0.124    13.084 r  cpu_inst/dot4acc_pipeline_inst/id_ex_reg[pc][31]_i_9/O
                         net (fo=3, routed)           0.187    13.271    cpu_inst/dot4acc_pipeline_inst/id_ex_reg[pc][31]_i_9_n_0
    SLICE_X10Y11                                                      r  cpu_inst/dot4acc_pipeline_inst/id_ex_reg[pc][31]_i_8/I5
    SLICE_X10Y11         LUT6 (Prop_lut6_I5_O)        0.124    13.395 r  cpu_inst/dot4acc_pipeline_inst/id_ex_reg[pc][31]_i_8/O
                         net (fo=3, routed)           0.196    13.591    cpu_inst/dot4acc_pipeline_inst/id_ex_reg[pc][31]_i_8_n_0
    SLICE_X10Y11                                                      r  cpu_inst/dot4acc_pipeline_inst/id_ex_reg[pc][31]_i_3/I1
    SLICE_X10Y11         LUT2 (Prop_lut2_I1_O)        0.124    13.715 f  cpu_inst/dot4acc_pipeline_inst/id_ex_reg[pc][31]_i_3/O
                         net (fo=8, routed)           0.825    14.540    cpu_inst/dot4acc_pipeline_inst/id_ex_reg[pc][31]_i_3_n_0
    SLICE_X9Y13                                                       f  cpu_inst/dot4acc_pipeline_inst/id_ex_reg[pc][31]_i_1/I1
    SLICE_X9Y13          LUT3 (Prop_lut3_I1_O)        0.124    14.664 r  cpu_inst/dot4acc_pipeline_inst/id_ex_reg[pc][31]_i_1/O
                         net (fo=64, routed)          0.744    15.408    cpu_inst/dot4acc_pipeline_inst_n_54
    SLICE_X10Y14         FDRE                                         r  cpu_inst/id_ex_reg_reg[instruction][27]/R
  -------------------------------------------------------------------    -------------------

                         (clock sys_clk_pin rise edge)
                                                     10.000    10.000 r  <hidden>
    W5                                                0.000    10.000 r  clk
                         net (fo=0)                   0.000    10.000    clk
    W5                                                                r  clk_IBUF_inst/I
    W5                   IBUF (Prop_ibuf_I_O)         1.388    11.388 r  clk_IBUF_inst/O
                         net (fo=1, routed)           1.862    13.250    clk_IBUF
    BUFGCTRL_X0Y0                                                     r  clk_IBUF_BUFG_inst/I
    BUFGCTRL_X0Y0        BUFG (Prop_bufg_I_O)         0.091    13.341 r  clk_IBUF_BUFG_inst/O
                         net (fo=1822, routed)        1.446    14.787    cpu_inst/clk_IBUF_BUFG
    SLICE_X10Y14         FDRE                                         r  cpu_inst/id_ex_reg_reg[instruction][27]/C
                         clock pessimism              0.260    15.047    <hidden>
                         clock uncertainty           -0.035    15.012    <hidden>
    SLICE_X10Y14         FDRE (Setup_fdre_C_R)       -0.524    14.488    cpu_inst/id_ex_reg_reg[instruction][27]
  -------------------------------------------------------------------
                         required time                         14.488    <hidden>
                         arrival time                         -15.408    <hidden>
  -------------------------------------------------------------------
                         slack                                 -0.920    <hidden>

Slack (VIOLATED) :        -0.920ns  (required time - arrival time)
  Source:                 cpu_inst/data_mem_inst/mem_reg/CLKARDCLK
                            (rising edge-triggered cell RAMB18E1 clocked by sys_clk_pin  {rise@0.000ns fall@5.000ns period=10.000ns})
  Destination:            cpu_inst/id_ex_reg_reg[instruction][8]/R
                            (rising edge-triggered cell FDRE clocked by sys_clk_pin  {rise@0.000ns fall@5.000ns period=10.000ns})
  Path Group:             sys_clk_pin
  Path Type:              Setup (Max at Slow Process Corner)
  Requirement:            10.000ns  (sys_clk_pin rise@10.000ns - sys_clk_pin rise@0.000ns)
  Data Path Delay:        10.276ns  (logic 4.633ns (45.086%)  route 5.643ns (54.914%))
  Logic Levels:           12  (CARRY4=3 LUT2=1 LUT3=3 LUT4=1 LUT5=2 LUT6=2)
  Clock Path Skew:        -0.084ns (DCD - SCD + CPR)
    Destination Clock Delay (DCD):    4.787ns = ( 14.787 - 10.000 )
    Source Clock Delay      (SCD):    5.132ns
    Clock Pessimism Removal (CPR):    0.260ns
  Clock Uncertainty:      0.035ns  ((TSJ^2 + TIJ^2)^1/2 + DJ) / 2 + PE
    Total System Jitter     (TSJ):    0.071ns
    Total Input Jitter      (TIJ):    0.000ns
    Discrete Jitter          (DJ):    0.000ns
    Phase Error              (PE):    0.000ns

    Location             Delay type                Incr(ns)  Path(ns)    Netlist Resource(s)
  -------------------------------------------------------------------    -------------------
                         (clock sys_clk_pin rise edge)
                                                      0.000     0.000 r  <hidden>
    W5                                                0.000     0.000 r  clk
                         net (fo=0)                   0.000     0.000    clk
    W5                                                                r  clk_IBUF_inst/I
    W5                   IBUF (Prop_ibuf_I_O)         1.458     1.458 r  clk_IBUF_inst/O
                         net (fo=1, routed)           1.967     3.425    clk_IBUF
    BUFGCTRL_X0Y0                                                     r  clk_IBUF_BUFG_inst/I
    BUFGCTRL_X0Y0        BUFG (Prop_bufg_I_O)         0.096     3.521 r  clk_IBUF_BUFG_inst/O
                         net (fo=1822, routed)        1.611     5.132    cpu_inst/data_mem_inst/clk_IBUF_BUFG
    RAMB18_X0Y2          RAMB18E1                                     r  cpu_inst/data_mem_inst/mem_reg/CLKARDCLK
  -------------------------------------------------------------------    -------------------
    RAMB18_X0Y2          RAMB18E1 (Prop_ramb18e1_CLKARDCLK_DOADO[0])
                                                      2.454     7.586 r  cpu_inst/data_mem_inst/mem_reg/DOADO[0]
                         net (fo=5, routed)           0.673     8.258    cpu_inst/data_mem_inst/read_data[0]
    SLICE_X8Y5                                                        r  cpu_inst/data_mem_inst/deferred_load_data[0]_i_1/I0
    SLICE_X8Y5           LUT3 (Prop_lut3_I0_O)        0.124     8.382 r  cpu_inst/data_mem_inst/deferred_load_data[0]_i_1/O
                         net (fo=5, routed)           0.648     9.031    cpu_inst/data_mem_inst/data2[0]
    SLICE_X9Y5                                                        r  cpu_inst/data_mem_inst/ex_alu_result0_i_8/I4
    SLICE_X9Y5           LUT5 (Prop_lut5_I4_O)        0.124     9.155 r  cpu_inst/data_mem_inst/ex_alu_result0_i_8/O
                         net (fo=3, routed)           0.453     9.608    cpu_inst/dot4acc_pipeline_inst/A[0]
    SLICE_X8Y6                                                        r  cpu_inst/dot4acc_pipeline_inst/product2_reg_reg_i_154/I2
    SLICE_X8Y6           LUT3 (Prop_lut3_I2_O)        0.124     9.732 r  cpu_inst/dot4acc_pipeline_inst/product2_reg_reg_i_154/O
                         net (fo=1, routed)           0.827    10.559    cpu_inst/dot4acc_pipeline_inst/product2_reg_reg_i_154_n_0
    SLICE_X11Y5                                                       r  cpu_inst/dot4acc_pipeline_inst/product2_reg_reg_i_135/I4
    SLICE_X11Y5          LUT6 (Prop_lut6_I4_O)        0.124    10.683 r  cpu_inst/dot4acc_pipeline_inst/product2_reg_reg_i_135/O
                         net (fo=1, routed)           0.000    10.683    cpu_inst/dot4acc_pipeline_inst/product2_reg_reg_i_135_n_0
    SLICE_X11Y5                                                       r  cpu_inst/dot4acc_pipeline_inst/product2_reg_reg_i_127/S[0]
    SLICE_X11Y5          CARRY4 (Prop_carry4_S[0]_CO[3])
                                                      0.532    11.215 r  cpu_inst/dot4acc_pipeline_inst/product2_reg_reg_i_127/CO[3]
                         net (fo=1, routed)           0.000    11.215    cpu_inst/dot4acc_pipeline_inst/product2_reg_reg_i_127_n_0
    SLICE_X11Y6                                                       r  cpu_inst/dot4acc_pipeline_inst/product2_reg_reg_i_98/CI
    SLICE_X11Y6          CARRY4 (Prop_carry4_CI_CO[3])
                                                      0.114    11.329 r  cpu_inst/dot4acc_pipeline_inst/product2_reg_reg_i_98/CO[3]
                         net (fo=1, routed)           0.000    11.329    cpu_inst/dot4acc_pipeline_inst/product2_reg_reg_i_98_n_0
    SLICE_X11Y7                                                       r  cpu_inst/dot4acc_pipeline_inst/product2_reg_reg_i_53/CI
    SLICE_X11Y7          CARRY4 (Prop_carry4_CI_CO[2])
                                                      0.228    11.557 r  cpu_inst/dot4acc_pipeline_inst/product2_reg_reg_i_53/CO[2]
                         net (fo=18, routed)          0.581    12.138    cpu_inst/dot4acc_pipeline_inst/ex_branch_taken0
    SLICE_X10Y7                                                       r  cpu_inst/dot4acc_pipeline_inst/id_ex_reg[pc][31]_i_6/I3
    SLICE_X10Y7          LUT4 (Prop_lut4_I3_O)        0.313    12.451 r  cpu_inst/dot4acc_pipeline_inst/id_ex_reg[pc][31]_i_6/O
                         net (fo=38, routed)          0.509    12.960    cpu_inst/dot4acc_pipeline_inst/id_ex_reg[pc][31]_i_6_n_0
    SLICE_X10Y11                                                      r  cpu_inst/dot4acc_pipeline_inst/id_ex_reg[pc][31]_i_9/I4
    SLICE_X10Y11         LUT5 (Prop_lut5_I4_O)        0.124    13.084 r  cpu_inst/dot4acc_pipeline_inst/id_ex_reg[pc][31]_i_9/O
                         net (fo=3, routed)           0.187    13.271    cpu_inst/dot4acc_pipeline_inst/id_ex_reg[pc][31]_i_9_n_0
    SLICE_X10Y11                                                      r  cpu_inst/dot4acc_pipeline_inst/id_ex_reg[pc][31]_i_8/I5
    SLICE_X10Y11         LUT6 (Prop_lut6_I5_O)        0.124    13.395 r  cpu_inst/dot4acc_pipeline_inst/id_ex_reg[pc][31]_i_8/O
                         net (fo=3, routed)           0.196    13.591    cpu_inst/dot4acc_pipeline_inst/id_ex_reg[pc][31]_i_8_n_0
    SLICE_X10Y11                                                      r  cpu_inst/dot4acc_pipeline_inst/id_ex_reg[pc][31]_i_3/I1
    SLICE_X10Y11         LUT2 (Prop_lut2_I1_O)        0.124    13.715 f  cpu_inst/dot4acc_pipeline_inst/id_ex_reg[pc][31]_i_3/O
                         net (fo=8, routed)           0.825    14.540    cpu_inst/dot4acc_pipeline_inst/id_ex_reg[pc][31]_i_3_n_0
    SLICE_X9Y13                                                       f  cpu_inst/dot4acc_pipeline_inst/id_ex_reg[pc][31]_i_1/I1
    SLICE_X9Y13          LUT3 (Prop_lut3_I1_O)        0.124    14.664 r  cpu_inst/dot4acc_pipeline_inst/id_ex_reg[pc][31]_i_1/O
                         net (fo=64, routed)          0.744    15.408    cpu_inst/dot4acc_pipeline_inst_n_54
    SLICE_X10Y14         FDRE                                         r  cpu_inst/id_ex_reg_reg[instruction][8]/R
  -------------------------------------------------------------------    -------------------

                         (clock sys_clk_pin rise edge)
                                                     10.000    10.000 r  <hidden>
    W5                                                0.000    10.000 r  clk
                         net (fo=0)                   0.000    10.000    clk
    W5                                                                r  clk_IBUF_inst/I
    W5                   IBUF (Prop_ibuf_I_O)         1.388    11.388 r  clk_IBUF_inst/O
                         net (fo=1, routed)           1.862    13.250    clk_IBUF
    BUFGCTRL_X0Y0                                                     r  clk_IBUF_BUFG_inst/I
    BUFGCTRL_X0Y0        BUFG (Prop_bufg_I_O)         0.091    13.341 r  clk_IBUF_BUFG_inst/O
                         net (fo=1822, routed)        1.446    14.787    cpu_inst/clk_IBUF_BUFG
    SLICE_X10Y14         FDRE                                         r  cpu_inst/id_ex_reg_reg[instruction][8]/C
                         clock pessimism              0.260    15.047    <hidden>
                         clock uncertainty           -0.035    15.012    <hidden>
    SLICE_X10Y14         FDRE (Setup_fdre_C_R)       -0.524    14.488    cpu_inst/id_ex_reg_reg[instruction][8]
  -------------------------------------------------------------------
                         required time                         14.488    <hidden>
                         arrival time                         -15.408    <hidden>
  -------------------------------------------------------------------
                         slack                                 -0.920    <hidden>

Slack (VIOLATED) :        -0.920ns  (required time - arrival time)
  Source:                 cpu_inst/data_mem_inst/mem_reg/CLKARDCLK
                            (rising edge-triggered cell RAMB18E1 clocked by sys_clk_pin  {rise@0.000ns fall@5.000ns period=10.000ns})
  Destination:            cpu_inst/id_ex_reg_reg[instruction][9]/R
                            (rising edge-triggered cell FDRE clocked by sys_clk_pin  {rise@0.000ns fall@5.000ns period=10.000ns})
  Path Group:             sys_clk_pin
  Path Type:              Setup (Max at Slow Process Corner)
  Requirement:            10.000ns  (sys_clk_pin rise@10.000ns - sys_clk_pin rise@0.000ns)
  Data Path Delay:        10.276ns  (logic 4.633ns (45.086%)  route 5.643ns (54.914%))
  Logic Levels:           12  (CARRY4=3 LUT2=1 LUT3=3 LUT4=1 LUT5=2 LUT6=2)
  Clock Path Skew:        -0.084ns (DCD - SCD + CPR)
    Destination Clock Delay (DCD):    4.787ns = ( 14.787 - 10.000 )
    Source Clock Delay      (SCD):    5.132ns
    Clock Pessimism Removal (CPR):    0.260ns
  Clock Uncertainty:      0.035ns  ((TSJ^2 + TIJ^2)^1/2 + DJ) / 2 + PE
    Total System Jitter     (TSJ):    0.071ns
    Total Input Jitter      (TIJ):    0.000ns
    Discrete Jitter          (DJ):    0.000ns
    Phase Error              (PE):    0.000ns

    Location             Delay type                Incr(ns)  Path(ns)    Netlist Resource(s)
  -------------------------------------------------------------------    -------------------
                         (clock sys_clk_pin rise edge)
                                                      0.000     0.000 r  <hidden>
    W5                                                0.000     0.000 r  clk
                         net (fo=0)                   0.000     0.000    clk
    W5                                                                r  clk_IBUF_inst/I
    W5                   IBUF (Prop_ibuf_I_O)         1.458     1.458 r  clk_IBUF_inst/O
                         net (fo=1, routed)           1.967     3.425    clk_IBUF
    BUFGCTRL_X0Y0                                                     r  clk_IBUF_BUFG_inst/I
    BUFGCTRL_X0Y0        BUFG (Prop_bufg_I_O)         0.096     3.521 r  clk_IBUF_BUFG_inst/O
                         net (fo=1822, routed)        1.611     5.132    cpu_inst/data_mem_inst/clk_IBUF_BUFG
    RAMB18_X0Y2          RAMB18E1                                     r  cpu_inst/data_mem_inst/mem_reg/CLKARDCLK
  -------------------------------------------------------------------    -------------------
    RAMB18_X0Y2          RAMB18E1 (Prop_ramb18e1_CLKARDCLK_DOADO[0])
                                                      2.454     7.586 r  cpu_inst/data_mem_inst/mem_reg/DOADO[0]
                         net (fo=5, routed)           0.673     8.258    cpu_inst/data_mem_inst/read_data[0]
    SLICE_X8Y5                                                        r  cpu_inst/data_mem_inst/deferred_load_data[0]_i_1/I0
    SLICE_X8Y5           LUT3 (Prop_lut3_I0_O)        0.124     8.382 r  cpu_inst/data_mem_inst/deferred_load_data[0]_i_1/O
                         net (fo=5, routed)           0.648     9.031    cpu_inst/data_mem_inst/data2[0]
    SLICE_X9Y5                                                        r  cpu_inst/data_mem_inst/ex_alu_result0_i_8/I4
    SLICE_X9Y5           LUT5 (Prop_lut5_I4_O)        0.124     9.155 r  cpu_inst/data_mem_inst/ex_alu_result0_i_8/O
                         net (fo=3, routed)           0.453     9.608    cpu_inst/dot4acc_pipeline_inst/A[0]
    SLICE_X8Y6                                                        r  cpu_inst/dot4acc_pipeline_inst/product2_reg_reg_i_154/I2
    SLICE_X8Y6           LUT3 (Prop_lut3_I2_O)        0.124     9.732 r  cpu_inst/dot4acc_pipeline_inst/product2_reg_reg_i_154/O
                         net (fo=1, routed)           0.827    10.559    cpu_inst/dot4acc_pipeline_inst/product2_reg_reg_i_154_n_0
    SLICE_X11Y5                                                       r  cpu_inst/dot4acc_pipeline_inst/product2_reg_reg_i_135/I4
    SLICE_X11Y5          LUT6 (Prop_lut6_I4_O)        0.124    10.683 r  cpu_inst/dot4acc_pipeline_inst/product2_reg_reg_i_135/O
                         net (fo=1, routed)           0.000    10.683    cpu_inst/dot4acc_pipeline_inst/product2_reg_reg_i_135_n_0
    SLICE_X11Y5                                                       r  cpu_inst/dot4acc_pipeline_inst/product2_reg_reg_i_127/S[0]
    SLICE_X11Y5          CARRY4 (Prop_carry4_S[0]_CO[3])
                                                      0.532    11.215 r  cpu_inst/dot4acc_pipeline_inst/product2_reg_reg_i_127/CO[3]
                         net (fo=1, routed)           0.000    11.215    cpu_inst/dot4acc_pipeline_inst/product2_reg_reg_i_127_n_0
    SLICE_X11Y6                                                       r  cpu_inst/dot4acc_pipeline_inst/product2_reg_reg_i_98/CI
    SLICE_X11Y6          CARRY4 (Prop_carry4_CI_CO[3])
                                                      0.114    11.329 r  cpu_inst/dot4acc_pipeline_inst/product2_reg_reg_i_98/CO[3]
                         net (fo=1, routed)           0.000    11.329    cpu_inst/dot4acc_pipeline_inst/product2_reg_reg_i_98_n_0
    SLICE_X11Y7                                                       r  cpu_inst/dot4acc_pipeline_inst/product2_reg_reg_i_53/CI
    SLICE_X11Y7          CARRY4 (Prop_carry4_CI_CO[2])
                                                      0.228    11.557 r  cpu_inst/dot4acc_pipeline_inst/product2_reg_reg_i_53/CO[2]
                         net (fo=18, routed)          0.581    12.138    cpu_inst/dot4acc_pipeline_inst/ex_branch_taken0
    SLICE_X10Y7                                                       r  cpu_inst/dot4acc_pipeline_inst/id_ex_reg[pc][31]_i_6/I3
    SLICE_X10Y7          LUT4 (Prop_lut4_I3_O)        0.313    12.451 r  cpu_inst/dot4acc_pipeline_inst/id_ex_reg[pc][31]_i_6/O
                         net (fo=38, routed)          0.509    12.960    cpu_inst/dot4acc_pipeline_inst/id_ex_reg[pc][31]_i_6_n_0
    SLICE_X10Y11                                                      r  cpu_inst/dot4acc_pipeline_inst/id_ex_reg[pc][31]_i_9/I4
    SLICE_X10Y11         LUT5 (Prop_lut5_I4_O)        0.124    13.084 r  cpu_inst/dot4acc_pipeline_inst/id_ex_reg[pc][31]_i_9/O
                         net (fo=3, routed)           0.187    13.271    cpu_inst/dot4acc_pipeline_inst/id_ex_reg[pc][31]_i_9_n_0
    SLICE_X10Y11                                                      r  cpu_inst/dot4acc_pipeline_inst/id_ex_reg[pc][31]_i_8/I5
    SLICE_X10Y11         LUT6 (Prop_lut6_I5_O)        0.124    13.395 r  cpu_inst/dot4acc_pipeline_inst/id_ex_reg[pc][31]_i_8/O
                         net (fo=3, routed)           0.196    13.591    cpu_inst/dot4acc_pipeline_inst/id_ex_reg[pc][31]_i_8_n_0
    SLICE_X10Y11                                                      r  cpu_inst/dot4acc_pipeline_inst/id_ex_reg[pc][31]_i_3/I1
    SLICE_X10Y11         LUT2 (Prop_lut2_I1_O)        0.124    13.715 f  cpu_inst/dot4acc_pipeline_inst/id_ex_reg[pc][31]_i_3/O
                         net (fo=8, routed)           0.825    14.540    cpu_inst/dot4acc_pipeline_inst/id_ex_reg[pc][31]_i_3_n_0
    SLICE_X9Y13                                                       f  cpu_inst/dot4acc_pipeline_inst/id_ex_reg[pc][31]_i_1/I1
    SLICE_X9Y13          LUT3 (Prop_lut3_I1_O)        0.124    14.664 r  cpu_inst/dot4acc_pipeline_inst/id_ex_reg[pc][31]_i_1/O
                         net (fo=64, routed)          0.744    15.408    cpu_inst/dot4acc_pipeline_inst_n_54
    SLICE_X10Y14         FDRE                                         r  cpu_inst/id_ex_reg_reg[instruction][9]/R
  -------------------------------------------------------------------    -------------------

                         (clock sys_clk_pin rise edge)
                                                     10.000    10.000 r  <hidden>
    W5                                                0.000    10.000 r  clk
                         net (fo=0)                   0.000    10.000    clk
    W5                                                                r  clk_IBUF_inst/I
    W5                   IBUF (Prop_ibuf_I_O)         1.388    11.388 r  clk_IBUF_inst/O
                         net (fo=1, routed)           1.862    13.250    clk_IBUF
    BUFGCTRL_X0Y0                                                     r  clk_IBUF_BUFG_inst/I
    BUFGCTRL_X0Y0        BUFG (Prop_bufg_I_O)         0.091    13.341 r  clk_IBUF_BUFG_inst/O
                         net (fo=1822, routed)        1.446    14.787    cpu_inst/clk_IBUF_BUFG
    SLICE_X10Y14         FDRE                                         r  cpu_inst/id_ex_reg_reg[instruction][9]/C
                         clock pessimism              0.260    15.047    <hidden>
                         clock uncertainty           -0.035    15.012    <hidden>
    SLICE_X10Y14         FDRE (Setup_fdre_C_R)       -0.524    14.488    cpu_inst/id_ex_reg_reg[instruction][9]
  -------------------------------------------------------------------
                         required time                         14.488    <hidden>
                         arrival time                         -15.408    <hidden>
  -------------------------------------------------------------------
                         slack                                 -0.920    <hidden>

Slack (VIOLATED) :        -0.903ns  (required time - arrival time)
  Source:                 cpu_inst/data_mem_inst/mem_reg/CLKARDCLK
                            (rising edge-triggered cell RAMB18E1 clocked by sys_clk_pin  {rise@0.000ns fall@5.000ns period=10.000ns})
  Destination:            cpu_inst/id_ex_reg_reg[instruction][11]/R
                            (rising edge-triggered cell FDRE clocked by sys_clk_pin  {rise@0.000ns fall@5.000ns period=10.000ns})
  Path Group:             sys_clk_pin
  Path Type:              Setup (Max at Slow Process Corner)
  Requirement:            10.000ns  (sys_clk_pin rise@10.000ns - sys_clk_pin rise@0.000ns)
  Data Path Delay:        10.258ns  (logic 4.633ns (45.164%)  route 5.625ns (54.836%))
  Logic Levels:           12  (CARRY4=3 LUT2=1 LUT3=3 LUT4=1 LUT5=2 LUT6=2)
  Clock Path Skew:        -0.085ns (DCD - SCD + CPR)
    Destination Clock Delay (DCD):    4.786ns = ( 14.786 - 10.000 )
    Source Clock Delay      (SCD):    5.132ns
    Clock Pessimism Removal (CPR):    0.260ns
  Clock Uncertainty:      0.035ns  ((TSJ^2 + TIJ^2)^1/2 + DJ) / 2 + PE
    Total System Jitter     (TSJ):    0.071ns
    Total Input Jitter      (TIJ):    0.000ns
    Discrete Jitter          (DJ):    0.000ns
    Phase Error              (PE):    0.000ns

    Location             Delay type                Incr(ns)  Path(ns)    Netlist Resource(s)
  -------------------------------------------------------------------    -------------------
                         (clock sys_clk_pin rise edge)
                                                      0.000     0.000 r  <hidden>
    W5                                                0.000     0.000 r  clk
                         net (fo=0)                   0.000     0.000    clk
    W5                                                                r  clk_IBUF_inst/I
    W5                   IBUF (Prop_ibuf_I_O)         1.458     1.458 r  clk_IBUF_inst/O
                         net (fo=1, routed)           1.967     3.425    clk_IBUF
    BUFGCTRL_X0Y0                                                     r  clk_IBUF_BUFG_inst/I
    BUFGCTRL_X0Y0        BUFG (Prop_bufg_I_O)         0.096     3.521 r  clk_IBUF_BUFG_inst/O
                         net (fo=1822, routed)        1.611     5.132    cpu_inst/data_mem_inst/clk_IBUF_BUFG
    RAMB18_X0Y2          RAMB18E1                                     r  cpu_inst/data_mem_inst/mem_reg/CLKARDCLK
  -------------------------------------------------------------------    -------------------
    RAMB18_X0Y2          RAMB18E1 (Prop_ramb18e1_CLKARDCLK_DOADO[0])
                                                      2.454     7.586 r  cpu_inst/data_mem_inst/mem_reg/DOADO[0]
                         net (fo=5, routed)           0.673     8.258    cpu_inst/data_mem_inst/read_data[0]
    SLICE_X8Y5                                                        r  cpu_inst/data_mem_inst/deferred_load_data[0]_i_1/I0
    SLICE_X8Y5           LUT3 (Prop_lut3_I0_O)        0.124     8.382 r  cpu_inst/data_mem_inst/deferred_load_data[0]_i_1/O
                         net (fo=5, routed)           0.648     9.031    cpu_inst/data_mem_inst/data2[0]
    SLICE_X9Y5                                                        r  cpu_inst/data_mem_inst/ex_alu_result0_i_8/I4
    SLICE_X9Y5           LUT5 (Prop_lut5_I4_O)        0.124     9.155 r  cpu_inst/data_mem_inst/ex_alu_result0_i_8/O
                         net (fo=3, routed)           0.453     9.608    cpu_inst/dot4acc_pipeline_inst/A[0]
    SLICE_X8Y6                                                        r  cpu_inst/dot4acc_pipeline_inst/product2_reg_reg_i_154/I2
    SLICE_X8Y6           LUT3 (Prop_lut3_I2_O)        0.124     9.732 r  cpu_inst/dot4acc_pipeline_inst/product2_reg_reg_i_154/O
                         net (fo=1, routed)           0.827    10.559    cpu_inst/dot4acc_pipeline_inst/product2_reg_reg_i_154_n_0
    SLICE_X11Y5                                                       r  cpu_inst/dot4acc_pipeline_inst/product2_reg_reg_i_135/I4
    SLICE_X11Y5          LUT6 (Prop_lut6_I4_O)        0.124    10.683 r  cpu_inst/dot4acc_pipeline_inst/product2_reg_reg_i_135/O
                         net (fo=1, routed)           0.000    10.683    cpu_inst/dot4acc_pipeline_inst/product2_reg_reg_i_135_n_0
    SLICE_X11Y5                                                       r  cpu_inst/dot4acc_pipeline_inst/product2_reg_reg_i_127/S[0]
    SLICE_X11Y5          CARRY4 (Prop_carry4_S[0]_CO[3])
                                                      0.532    11.215 r  cpu_inst/dot4acc_pipeline_inst/product2_reg_reg_i_127/CO[3]
                         net (fo=1, routed)           0.000    11.215    cpu_inst/dot4acc_pipeline_inst/product2_reg_reg_i_127_n_0
    SLICE_X11Y6                                                       r  cpu_inst/dot4acc_pipeline_inst/product2_reg_reg_i_98/CI
    SLICE_X11Y6          CARRY4 (Prop_carry4_CI_CO[3])
                                                      0.114    11.329 r  cpu_inst/dot4acc_pipeline_inst/product2_reg_reg_i_98/CO[3]
                         net (fo=1, routed)           0.000    11.329    cpu_inst/dot4acc_pipeline_inst/product2_reg_reg_i_98_n_0
    SLICE_X11Y7                                                       r  cpu_inst/dot4acc_pipeline_inst/product2_reg_reg_i_53/CI
    SLICE_X11Y7          CARRY4 (Prop_carry4_CI_CO[2])
                                                      0.228    11.557 r  cpu_inst/dot4acc_pipeline_inst/product2_reg_reg_i_53/CO[2]
                         net (fo=18, routed)          0.581    12.138    cpu_inst/dot4acc_pipeline_inst/ex_branch_taken0
    SLICE_X10Y7                                                       r  cpu_inst/dot4acc_pipeline_inst/id_ex_reg[pc][31]_i_6/I3
    SLICE_X10Y7          LUT4 (Prop_lut4_I3_O)        0.313    12.451 r  cpu_inst/dot4acc_pipeline_inst/id_ex_reg[pc][31]_i_6/O
                         net (fo=38, routed)          0.509    12.960    cpu_inst/dot4acc_pipeline_inst/id_ex_reg[pc][31]_i_6_n_0
    SLICE_X10Y11                                                      r  cpu_inst/dot4acc_pipeline_inst/id_ex_reg[pc][31]_i_9/I4
    SLICE_X10Y11         LUT5 (Prop_lut5_I4_O)        0.124    13.084 r  cpu_inst/dot4acc_pipeline_inst/id_ex_reg[pc][31]_i_9/O
                         net (fo=3, routed)           0.187    13.271    cpu_inst/dot4acc_pipeline_inst/id_ex_reg[pc][31]_i_9_n_0
    SLICE_X10Y11                                                      r  cpu_inst/dot4acc_pipeline_inst/id_ex_reg[pc][31]_i_8/I5
    SLICE_X10Y11         LUT6 (Prop_lut6_I5_O)        0.124    13.395 r  cpu_inst/dot4acc_pipeline_inst/id_ex_reg[pc][31]_i_8/O
                         net (fo=3, routed)           0.196    13.591    cpu_inst/dot4acc_pipeline_inst/id_ex_reg[pc][31]_i_8_n_0
    SLICE_X10Y11                                                      r  cpu_inst/dot4acc_pipeline_inst/id_ex_reg[pc][31]_i_3/I1
    SLICE_X10Y11         LUT2 (Prop_lut2_I1_O)        0.124    13.715 f  cpu_inst/dot4acc_pipeline_inst/id_ex_reg[pc][31]_i_3/O
                         net (fo=8, routed)           0.825    14.540    cpu_inst/dot4acc_pipeline_inst/id_ex_reg[pc][31]_i_3_n_0
    SLICE_X9Y13                                                       f  cpu_inst/dot4acc_pipeline_inst/id_ex_reg[pc][31]_i_1/I1
    SLICE_X9Y13          LUT3 (Prop_lut3_I1_O)        0.124    14.664 r  cpu_inst/dot4acc_pipeline_inst/id_ex_reg[pc][31]_i_1/O
                         net (fo=64, routed)          0.726    15.390    cpu_inst/dot4acc_pipeline_inst_n_54
    SLICE_X12Y14         FDRE                                         r  cpu_inst/id_ex_reg_reg[instruction][11]/R
  -------------------------------------------------------------------    -------------------

                         (clock sys_clk_pin rise edge)
                                                     10.000    10.000 r  <hidden>
    W5                                                0.000    10.000 r  clk
                         net (fo=0)                   0.000    10.000    clk
    W5                                                                r  clk_IBUF_inst/I
    W5                   IBUF (Prop_ibuf_I_O)         1.388    11.388 r  clk_IBUF_inst/O
                         net (fo=1, routed)           1.862    13.250    clk_IBUF
    BUFGCTRL_X0Y0                                                     r  clk_IBUF_BUFG_inst/I
    BUFGCTRL_X0Y0        BUFG (Prop_bufg_I_O)         0.091    13.341 r  clk_IBUF_BUFG_inst/O
                         net (fo=1822, routed)        1.445    14.786    cpu_inst/clk_IBUF_BUFG
    SLICE_X12Y14         FDRE                                         r  cpu_inst/id_ex_reg_reg[instruction][11]/C
                         clock pessimism              0.260    15.046    <hidden>
                         clock uncertainty           -0.035    15.011    <hidden>
    SLICE_X12Y14         FDRE (Setup_fdre_C_R)       -0.524    14.487    cpu_inst/id_ex_reg_reg[instruction][11]
  -------------------------------------------------------------------
                         required time                         14.487    <hidden>
                         arrival time                         -15.390    <hidden>
  -------------------------------------------------------------------
                         slack                                 -0.903    <hidden>

Slack (VIOLATED) :        -0.903ns  (required time - arrival time)
  Source:                 cpu_inst/data_mem_inst/mem_reg/CLKARDCLK
                            (rising edge-triggered cell RAMB18E1 clocked by sys_clk_pin  {rise@0.000ns fall@5.000ns period=10.000ns})
  Destination:            cpu_inst/id_ex_reg_reg[instruction][28]/R
                            (rising edge-triggered cell FDRE clocked by sys_clk_pin  {rise@0.000ns fall@5.000ns period=10.000ns})
  Path Group:             sys_clk_pin
  Path Type:              Setup (Max at Slow Process Corner)
  Requirement:            10.000ns  (sys_clk_pin rise@10.000ns - sys_clk_pin rise@0.000ns)
  Data Path Delay:        10.258ns  (logic 4.633ns (45.164%)  route 5.625ns (54.836%))
  Logic Levels:           12  (CARRY4=3 LUT2=1 LUT3=3 LUT4=1 LUT5=2 LUT6=2)
  Clock Path Skew:        -0.085ns (DCD - SCD + CPR)
    Destination Clock Delay (DCD):    4.786ns = ( 14.786 - 10.000 )
    Source Clock Delay      (SCD):    5.132ns
    Clock Pessimism Removal (CPR):    0.260ns
  Clock Uncertainty:      0.035ns  ((TSJ^2 + TIJ^2)^1/2 + DJ) / 2 + PE
    Total System Jitter     (TSJ):    0.071ns
    Total Input Jitter      (TIJ):    0.000ns
    Discrete Jitter          (DJ):    0.000ns
    Phase Error              (PE):    0.000ns

    Location             Delay type                Incr(ns)  Path(ns)    Netlist Resource(s)
  -------------------------------------------------------------------    -------------------
                         (clock sys_clk_pin rise edge)
                                                      0.000     0.000 r  <hidden>
    W5                                                0.000     0.000 r  clk
                         net (fo=0)                   0.000     0.000    clk
    W5                                                                r  clk_IBUF_inst/I
    W5                   IBUF (Prop_ibuf_I_O)         1.458     1.458 r  clk_IBUF_inst/O
                         net (fo=1, routed)           1.967     3.425    clk_IBUF
    BUFGCTRL_X0Y0                                                     r  clk_IBUF_BUFG_inst/I
    BUFGCTRL_X0Y0        BUFG (Prop_bufg_I_O)         0.096     3.521 r  clk_IBUF_BUFG_inst/O
                         net (fo=1822, routed)        1.611     5.132    cpu_inst/data_mem_inst/clk_IBUF_BUFG
    RAMB18_X0Y2          RAMB18E1                                     r  cpu_inst/data_mem_inst/mem_reg/CLKARDCLK
  -------------------------------------------------------------------    -------------------
    RAMB18_X0Y2          RAMB18E1 (Prop_ramb18e1_CLKARDCLK_DOADO[0])
                                                      2.454     7.586 r  cpu_inst/data_mem_inst/mem_reg/DOADO[0]
                         net (fo=5, routed)           0.673     8.258    cpu_inst/data_mem_inst/read_data[0]
    SLICE_X8Y5                                                        r  cpu_inst/data_mem_inst/deferred_load_data[0]_i_1/I0
    SLICE_X8Y5           LUT3 (Prop_lut3_I0_O)        0.124     8.382 r  cpu_inst/data_mem_inst/deferred_load_data[0]_i_1/O
                         net (fo=5, routed)           0.648     9.031    cpu_inst/data_mem_inst/data2[0]
    SLICE_X9Y5                                                        r  cpu_inst/data_mem_inst/ex_alu_result0_i_8/I4
    SLICE_X9Y5           LUT5 (Prop_lut5_I4_O)        0.124     9.155 r  cpu_inst/data_mem_inst/ex_alu_result0_i_8/O
                         net (fo=3, routed)           0.453     9.608    cpu_inst/dot4acc_pipeline_inst/A[0]
    SLICE_X8Y6                                                        r  cpu_inst/dot4acc_pipeline_inst/product2_reg_reg_i_154/I2
    SLICE_X8Y6           LUT3 (Prop_lut3_I2_O)        0.124     9.732 r  cpu_inst/dot4acc_pipeline_inst/product2_reg_reg_i_154/O
                         net (fo=1, routed)           0.827    10.559    cpu_inst/dot4acc_pipeline_inst/product2_reg_reg_i_154_n_0
    SLICE_X11Y5                                                       r  cpu_inst/dot4acc_pipeline_inst/product2_reg_reg_i_135/I4
    SLICE_X11Y5          LUT6 (Prop_lut6_I4_O)        0.124    10.683 r  cpu_inst/dot4acc_pipeline_inst/product2_reg_reg_i_135/O
                         net (fo=1, routed)           0.000    10.683    cpu_inst/dot4acc_pipeline_inst/product2_reg_reg_i_135_n_0
    SLICE_X11Y5                                                       r  cpu_inst/dot4acc_pipeline_inst/product2_reg_reg_i_127/S[0]
    SLICE_X11Y5          CARRY4 (Prop_carry4_S[0]_CO[3])
                                                      0.532    11.215 r  cpu_inst/dot4acc_pipeline_inst/product2_reg_reg_i_127/CO[3]
                         net (fo=1, routed)           0.000    11.215    cpu_inst/dot4acc_pipeline_inst/product2_reg_reg_i_127_n_0
    SLICE_X11Y6                                                       r  cpu_inst/dot4acc_pipeline_inst/product2_reg_reg_i_98/CI
    SLICE_X11Y6          CARRY4 (Prop_carry4_CI_CO[3])
                                                      0.114    11.329 r  cpu_inst/dot4acc_pipeline_inst/product2_reg_reg_i_98/CO[3]
                         net (fo=1, routed)           0.000    11.329    cpu_inst/dot4acc_pipeline_inst/product2_reg_reg_i_98_n_0
    SLICE_X11Y7                                                       r  cpu_inst/dot4acc_pipeline_inst/product2_reg_reg_i_53/CI
    SLICE_X11Y7          CARRY4 (Prop_carry4_CI_CO[2])
                                                      0.228    11.557 r  cpu_inst/dot4acc_pipeline_inst/product2_reg_reg_i_53/CO[2]
                         net (fo=18, routed)          0.581    12.138    cpu_inst/dot4acc_pipeline_inst/ex_branch_taken0
    SLICE_X10Y7                                                       r  cpu_inst/dot4acc_pipeline_inst/id_ex_reg[pc][31]_i_6/I3
    SLICE_X10Y7          LUT4 (Prop_lut4_I3_O)        0.313    12.451 r  cpu_inst/dot4acc_pipeline_inst/id_ex_reg[pc][31]_i_6/O
                         net (fo=38, routed)          0.509    12.960    cpu_inst/dot4acc_pipeline_inst/id_ex_reg[pc][31]_i_6_n_0
    SLICE_X10Y11                                                      r  cpu_inst/dot4acc_pipeline_inst/id_ex_reg[pc][31]_i_9/I4
    SLICE_X10Y11         LUT5 (Prop_lut5_I4_O)        0.124    13.084 r  cpu_inst/dot4acc_pipeline_inst/id_ex_reg[pc][31]_i_9/O
                         net (fo=3, routed)           0.187    13.271    cpu_inst/dot4acc_pipeline_inst/id_ex_reg[pc][31]_i_9_n_0
    SLICE_X10Y11                                                      r  cpu_inst/dot4acc_pipeline_inst/id_ex_reg[pc][31]_i_8/I5
    SLICE_X10Y11         LUT6 (Prop_lut6_I5_O)        0.124    13.395 r  cpu_inst/dot4acc_pipeline_inst/id_ex_reg[pc][31]_i_8/O
                         net (fo=3, routed)           0.196    13.591    cpu_inst/dot4acc_pipeline_inst/id_ex_reg[pc][31]_i_8_n_0
    SLICE_X10Y11                                                      r  cpu_inst/dot4acc_pipeline_inst/id_ex_reg[pc][31]_i_3/I1
    SLICE_X10Y11         LUT2 (Prop_lut2_I1_O)        0.124    13.715 f  cpu_inst/dot4acc_pipeline_inst/id_ex_reg[pc][31]_i_3/O
                         net (fo=8, routed)           0.825    14.540    cpu_inst/dot4acc_pipeline_inst/id_ex_reg[pc][31]_i_3_n_0
    SLICE_X9Y13                                                       f  cpu_inst/dot4acc_pipeline_inst/id_ex_reg[pc][31]_i_1/I1
    SLICE_X9Y13          LUT3 (Prop_lut3_I1_O)        0.124    14.664 r  cpu_inst/dot4acc_pipeline_inst/id_ex_reg[pc][31]_i_1/O
                         net (fo=64, routed)          0.726    15.390    cpu_inst/dot4acc_pipeline_inst_n_54
    SLICE_X12Y14         FDRE                                         r  cpu_inst/id_ex_reg_reg[instruction][28]/R
  -------------------------------------------------------------------    -------------------

                         (clock sys_clk_pin rise edge)
                                                     10.000    10.000 r  <hidden>
    W5                                                0.000    10.000 r  clk
                         net (fo=0)                   0.000    10.000    clk
    W5                                                                r  clk_IBUF_inst/I
    W5                   IBUF (Prop_ibuf_I_O)         1.388    11.388 r  clk_IBUF_inst/O
                         net (fo=1, routed)           1.862    13.250    clk_IBUF
    BUFGCTRL_X0Y0                                                     r  clk_IBUF_BUFG_inst/I
    BUFGCTRL_X0Y0        BUFG (Prop_bufg_I_O)         0.091    13.341 r  clk_IBUF_BUFG_inst/O
                         net (fo=1822, routed)        1.445    14.786    cpu_inst/clk_IBUF_BUFG
    SLICE_X12Y14         FDRE                                         r  cpu_inst/id_ex_reg_reg[instruction][28]/C
                         clock pessimism              0.260    15.046    <hidden>
                         clock uncertainty           -0.035    15.011    <hidden>
    SLICE_X12Y14         FDRE (Setup_fdre_C_R)       -0.524    14.487    cpu_inst/id_ex_reg_reg[instruction][28]
  -------------------------------------------------------------------
                         required time                         14.487    <hidden>
                         arrival time                         -15.390    <hidden>
  -------------------------------------------------------------------
                         slack                                 -0.903    <hidden>

Slack (VIOLATED) :        -0.903ns  (required time - arrival time)
  Source:                 cpu_inst/data_mem_inst/mem_reg/CLKARDCLK
                            (rising edge-triggered cell RAMB18E1 clocked by sys_clk_pin  {rise@0.000ns fall@5.000ns period=10.000ns})
  Destination:            cpu_inst/id_ex_reg_reg[instruction][2]/R
                            (rising edge-triggered cell FDRE clocked by sys_clk_pin  {rise@0.000ns fall@5.000ns period=10.000ns})
  Path Group:             sys_clk_pin
  Path Type:              Setup (Max at Slow Process Corner)
  Requirement:            10.000ns  (sys_clk_pin rise@10.000ns - sys_clk_pin rise@0.000ns)
  Data Path Delay:        10.258ns  (logic 4.633ns (45.164%)  route 5.625ns (54.836%))
  Logic Levels:           12  (CARRY4=3 LUT2=1 LUT3=3 LUT4=1 LUT5=2 LUT6=2)
  Clock Path Skew:        -0.085ns (DCD - SCD + CPR)
    Destination Clock Delay (DCD):    4.786ns = ( 14.786 - 10.000 )
    Source Clock Delay      (SCD):    5.132ns
    Clock Pessimism Removal (CPR):    0.260ns
  Clock Uncertainty:      0.035ns  ((TSJ^2 + TIJ^2)^1/2 + DJ) / 2 + PE
    Total System Jitter     (TSJ):    0.071ns
    Total Input Jitter      (TIJ):    0.000ns
    Discrete Jitter          (DJ):    0.000ns
    Phase Error              (PE):    0.000ns

    Location             Delay type                Incr(ns)  Path(ns)    Netlist Resource(s)
  -------------------------------------------------------------------    -------------------
                         (clock sys_clk_pin rise edge)
                                                      0.000     0.000 r  <hidden>
    W5                                                0.000     0.000 r  clk
                         net (fo=0)                   0.000     0.000    clk
    W5                                                                r  clk_IBUF_inst/I
    W5                   IBUF (Prop_ibuf_I_O)         1.458     1.458 r  clk_IBUF_inst/O
                         net (fo=1, routed)           1.967     3.425    clk_IBUF
    BUFGCTRL_X0Y0                                                     r  clk_IBUF_BUFG_inst/I
    BUFGCTRL_X0Y0        BUFG (Prop_bufg_I_O)         0.096     3.521 r  clk_IBUF_BUFG_inst/O
                         net (fo=1822, routed)        1.611     5.132    cpu_inst/data_mem_inst/clk_IBUF_BUFG
    RAMB18_X0Y2          RAMB18E1                                     r  cpu_inst/data_mem_inst/mem_reg/CLKARDCLK
  -------------------------------------------------------------------    -------------------
    RAMB18_X0Y2          RAMB18E1 (Prop_ramb18e1_CLKARDCLK_DOADO[0])
                                                      2.454     7.586 r  cpu_inst/data_mem_inst/mem_reg/DOADO[0]
                         net (fo=5, routed)           0.673     8.258    cpu_inst/data_mem_inst/read_data[0]
    SLICE_X8Y5                                                        r  cpu_inst/data_mem_inst/deferred_load_data[0]_i_1/I0
    SLICE_X8Y5           LUT3 (Prop_lut3_I0_O)        0.124     8.382 r  cpu_inst/data_mem_inst/deferred_load_data[0]_i_1/O
                         net (fo=5, routed)           0.648     9.031    cpu_inst/data_mem_inst/data2[0]
    SLICE_X9Y5                                                        r  cpu_inst/data_mem_inst/ex_alu_result0_i_8/I4
    SLICE_X9Y5           LUT5 (Prop_lut5_I4_O)        0.124     9.155 r  cpu_inst/data_mem_inst/ex_alu_result0_i_8/O
                         net (fo=3, routed)           0.453     9.608    cpu_inst/dot4acc_pipeline_inst/A[0]
    SLICE_X8Y6                                                        r  cpu_inst/dot4acc_pipeline_inst/product2_reg_reg_i_154/I2
    SLICE_X8Y6           LUT3 (Prop_lut3_I2_O)        0.124     9.732 r  cpu_inst/dot4acc_pipeline_inst/product2_reg_reg_i_154/O
                         net (fo=1, routed)           0.827    10.559    cpu_inst/dot4acc_pipeline_inst/product2_reg_reg_i_154_n_0
    SLICE_X11Y5                                                       r  cpu_inst/dot4acc_pipeline_inst/product2_reg_reg_i_135/I4
    SLICE_X11Y5          LUT6 (Prop_lut6_I4_O)        0.124    10.683 r  cpu_inst/dot4acc_pipeline_inst/product2_reg_reg_i_135/O
                         net (fo=1, routed)           0.000    10.683    cpu_inst/dot4acc_pipeline_inst/product2_reg_reg_i_135_n_0
    SLICE_X11Y5                                                       r  cpu_inst/dot4acc_pipeline_inst/product2_reg_reg_i_127/S[0]
    SLICE_X11Y5          CARRY4 (Prop_carry4_S[0]_CO[3])
                                                      0.532    11.215 r  cpu_inst/dot4acc_pipeline_inst/product2_reg_reg_i_127/CO[3]
                         net (fo=1, routed)           0.000    11.215    cpu_inst/dot4acc_pipeline_inst/product2_reg_reg_i_127_n_0
    SLICE_X11Y6                                                       r  cpu_inst/dot4acc_pipeline_inst/product2_reg_reg_i_98/CI
    SLICE_X11Y6          CARRY4 (Prop_carry4_CI_CO[3])
                                                      0.114    11.329 r  cpu_inst/dot4acc_pipeline_inst/product2_reg_reg_i_98/CO[3]
                         net (fo=1, routed)           0.000    11.329    cpu_inst/dot4acc_pipeline_inst/product2_reg_reg_i_98_n_0
    SLICE_X11Y7                                                       r  cpu_inst/dot4acc_pipeline_inst/product2_reg_reg_i_53/CI
    SLICE_X11Y7          CARRY4 (Prop_carry4_CI_CO[2])
                                                      0.228    11.557 r  cpu_inst/dot4acc_pipeline_inst/product2_reg_reg_i_53/CO[2]
                         net (fo=18, routed)          0.581    12.138    cpu_inst/dot4acc_pipeline_inst/ex_branch_taken0
    SLICE_X10Y7                                                       r  cpu_inst/dot4acc_pipeline_inst/id_ex_reg[pc][31]_i_6/I3
    SLICE_X10Y7          LUT4 (Prop_lut4_I3_O)        0.313    12.451 r  cpu_inst/dot4acc_pipeline_inst/id_ex_reg[pc][31]_i_6/O
                         net (fo=38, routed)          0.509    12.960    cpu_inst/dot4acc_pipeline_inst/id_ex_reg[pc][31]_i_6_n_0
    SLICE_X10Y11                                                      r  cpu_inst/dot4acc_pipeline_inst/id_ex_reg[pc][31]_i_9/I4
    SLICE_X10Y11         LUT5 (Prop_lut5_I4_O)        0.124    13.084 r  cpu_inst/dot4acc_pipeline_inst/id_ex_reg[pc][31]_i_9/O
                         net (fo=3, routed)           0.187    13.271    cpu_inst/dot4acc_pipeline_inst/id_ex_reg[pc][31]_i_9_n_0
    SLICE_X10Y11                                                      r  cpu_inst/dot4acc_pipeline_inst/id_ex_reg[pc][31]_i_8/I5
    SLICE_X10Y11         LUT6 (Prop_lut6_I5_O)        0.124    13.395 r  cpu_inst/dot4acc_pipeline_inst/id_ex_reg[pc][31]_i_8/O
                         net (fo=3, routed)           0.196    13.591    cpu_inst/dot4acc_pipeline_inst/id_ex_reg[pc][31]_i_8_n_0
    SLICE_X10Y11                                                      r  cpu_inst/dot4acc_pipeline_inst/id_ex_reg[pc][31]_i_3/I1
    SLICE_X10Y11         LUT2 (Prop_lut2_I1_O)        0.124    13.715 f  cpu_inst/dot4acc_pipeline_inst/id_ex_reg[pc][31]_i_3/O
                         net (fo=8, routed)           0.825    14.540    cpu_inst/dot4acc_pipeline_inst/id_ex_reg[pc][31]_i_3_n_0
    SLICE_X9Y13                                                       f  cpu_inst/dot4acc_pipeline_inst/id_ex_reg[pc][31]_i_1/I1
    SLICE_X9Y13          LUT3 (Prop_lut3_I1_O)        0.124    14.664 r  cpu_inst/dot4acc_pipeline_inst/id_ex_reg[pc][31]_i_1/O
                         net (fo=64, routed)          0.726    15.390    cpu_inst/dot4acc_pipeline_inst_n_54
    SLICE_X12Y14         FDRE                                         r  cpu_inst/id_ex_reg_reg[instruction][2]/R
  -------------------------------------------------------------------    -------------------

                         (clock sys_clk_pin rise edge)
                                                     10.000    10.000 r  <hidden>
    W5                                                0.000    10.000 r  clk
                         net (fo=0)                   0.000    10.000    clk
    W5                                                                r  clk_IBUF_inst/I
    W5                   IBUF (Prop_ibuf_I_O)         1.388    11.388 r  clk_IBUF_inst/O
                         net (fo=1, routed)           1.862    13.250    clk_IBUF
    BUFGCTRL_X0Y0                                                     r  clk_IBUF_BUFG_inst/I
    BUFGCTRL_X0Y0        BUFG (Prop_bufg_I_O)         0.091    13.341 r  clk_IBUF_BUFG_inst/O
                         net (fo=1822, routed)        1.445    14.786    cpu_inst/clk_IBUF_BUFG
    SLICE_X12Y14         FDRE                                         r  cpu_inst/id_ex_reg_reg[instruction][2]/C
                         clock pessimism              0.260    15.046    <hidden>
                         clock uncertainty           -0.035    15.011    <hidden>
    SLICE_X12Y14         FDRE (Setup_fdre_C_R)       -0.524    14.487    cpu_inst/id_ex_reg_reg[instruction][2]
  -------------------------------------------------------------------
                         required time                         14.487    <hidden>
                         arrival time                         -15.390    <hidden>
  -------------------------------------------------------------------
                         slack                                 -0.903    <hidden>

Slack (VIOLATED) :        -0.903ns  (required time - arrival time)
  Source:                 cpu_inst/data_mem_inst/mem_reg/CLKARDCLK
                            (rising edge-triggered cell RAMB18E1 clocked by sys_clk_pin  {rise@0.000ns fall@5.000ns period=10.000ns})
  Destination:            cpu_inst/id_ex_reg_reg[pc][10]/R
                            (rising edge-triggered cell FDRE clocked by sys_clk_pin  {rise@0.000ns fall@5.000ns period=10.000ns})
  Path Group:             sys_clk_pin
  Path Type:              Setup (Max at Slow Process Corner)
  Requirement:            10.000ns  (sys_clk_pin rise@10.000ns - sys_clk_pin rise@0.000ns)
  Data Path Delay:        10.258ns  (logic 4.633ns (45.164%)  route 5.625ns (54.836%))
  Logic Levels:           12  (CARRY4=3 LUT2=1 LUT3=3 LUT4=1 LUT5=2 LUT6=2)
  Clock Path Skew:        -0.085ns (DCD - SCD + CPR)
    Destination Clock Delay (DCD):    4.786ns = ( 14.786 - 10.000 )
    Source Clock Delay      (SCD):    5.132ns
    Clock Pessimism Removal (CPR):    0.260ns
  Clock Uncertainty:      0.035ns  ((TSJ^2 + TIJ^2)^1/2 + DJ) / 2 + PE
    Total System Jitter     (TSJ):    0.071ns
    Total Input Jitter      (TIJ):    0.000ns
    Discrete Jitter          (DJ):    0.000ns
    Phase Error              (PE):    0.000ns

    Location             Delay type                Incr(ns)  Path(ns)    Netlist Resource(s)
  -------------------------------------------------------------------    -------------------
                         (clock sys_clk_pin rise edge)
                                                      0.000     0.000 r  <hidden>
    W5                                                0.000     0.000 r  clk
                         net (fo=0)                   0.000     0.000    clk
    W5                                                                r  clk_IBUF_inst/I
    W5                   IBUF (Prop_ibuf_I_O)         1.458     1.458 r  clk_IBUF_inst/O
                         net (fo=1, routed)           1.967     3.425    clk_IBUF
    BUFGCTRL_X0Y0                                                     r  clk_IBUF_BUFG_inst/I
    BUFGCTRL_X0Y0        BUFG (Prop_bufg_I_O)         0.096     3.521 r  clk_IBUF_BUFG_inst/O
                         net (fo=1822, routed)        1.611     5.132    cpu_inst/data_mem_inst/clk_IBUF_BUFG
    RAMB18_X0Y2          RAMB18E1                                     r  cpu_inst/data_mem_inst/mem_reg/CLKARDCLK
  -------------------------------------------------------------------    -------------------
    RAMB18_X0Y2          RAMB18E1 (Prop_ramb18e1_CLKARDCLK_DOADO[0])
                                                      2.454     7.586 r  cpu_inst/data_mem_inst/mem_reg/DOADO[0]
                         net (fo=5, routed)           0.673     8.258    cpu_inst/data_mem_inst/read_data[0]
    SLICE_X8Y5                                                        r  cpu_inst/data_mem_inst/deferred_load_data[0]_i_1/I0
    SLICE_X8Y5           LUT3 (Prop_lut3_I0_O)        0.124     8.382 r  cpu_inst/data_mem_inst/deferred_load_data[0]_i_1/O
                         net (fo=5, routed)           0.648     9.031    cpu_inst/data_mem_inst/data2[0]
    SLICE_X9Y5                                                        r  cpu_inst/data_mem_inst/ex_alu_result0_i_8/I4
    SLICE_X9Y5           LUT5 (Prop_lut5_I4_O)        0.124     9.155 r  cpu_inst/data_mem_inst/ex_alu_result0_i_8/O
                         net (fo=3, routed)           0.453     9.608    cpu_inst/dot4acc_pipeline_inst/A[0]
    SLICE_X8Y6                                                        r  cpu_inst/dot4acc_pipeline_inst/product2_reg_reg_i_154/I2
    SLICE_X8Y6           LUT3 (Prop_lut3_I2_O)        0.124     9.732 r  cpu_inst/dot4acc_pipeline_inst/product2_reg_reg_i_154/O
                         net (fo=1, routed)           0.827    10.559    cpu_inst/dot4acc_pipeline_inst/product2_reg_reg_i_154_n_0
    SLICE_X11Y5                                                       r  cpu_inst/dot4acc_pipeline_inst/product2_reg_reg_i_135/I4
    SLICE_X11Y5          LUT6 (Prop_lut6_I4_O)        0.124    10.683 r  cpu_inst/dot4acc_pipeline_inst/product2_reg_reg_i_135/O
                         net (fo=1, routed)           0.000    10.683    cpu_inst/dot4acc_pipeline_inst/product2_reg_reg_i_135_n_0
    SLICE_X11Y5                                                       r  cpu_inst/dot4acc_pipeline_inst/product2_reg_reg_i_127/S[0]
    SLICE_X11Y5          CARRY4 (Prop_carry4_S[0]_CO[3])
                                                      0.532    11.215 r  cpu_inst/dot4acc_pipeline_inst/product2_reg_reg_i_127/CO[3]
                         net (fo=1, routed)           0.000    11.215    cpu_inst/dot4acc_pipeline_inst/product2_reg_reg_i_127_n_0
    SLICE_X11Y6                                                       r  cpu_inst/dot4acc_pipeline_inst/product2_reg_reg_i_98/CI
    SLICE_X11Y6          CARRY4 (Prop_carry4_CI_CO[3])
                                                      0.114    11.329 r  cpu_inst/dot4acc_pipeline_inst/product2_reg_reg_i_98/CO[3]
                         net (fo=1, routed)           0.000    11.329    cpu_inst/dot4acc_pipeline_inst/product2_reg_reg_i_98_n_0
    SLICE_X11Y7                                                       r  cpu_inst/dot4acc_pipeline_inst/product2_reg_reg_i_53/CI
    SLICE_X11Y7          CARRY4 (Prop_carry4_CI_CO[2])
                                                      0.228    11.557 r  cpu_inst/dot4acc_pipeline_inst/product2_reg_reg_i_53/CO[2]
                         net (fo=18, routed)          0.581    12.138    cpu_inst/dot4acc_pipeline_inst/ex_branch_taken0
    SLICE_X10Y7                                                       r  cpu_inst/dot4acc_pipeline_inst/id_ex_reg[pc][31]_i_6/I3
    SLICE_X10Y7          LUT4 (Prop_lut4_I3_O)        0.313    12.451 r  cpu_inst/dot4acc_pipeline_inst/id_ex_reg[pc][31]_i_6/O
                         net (fo=38, routed)          0.509    12.960    cpu_inst/dot4acc_pipeline_inst/id_ex_reg[pc][31]_i_6_n_0
    SLICE_X10Y11                                                      r  cpu_inst/dot4acc_pipeline_inst/id_ex_reg[pc][31]_i_9/I4
    SLICE_X10Y11         LUT5 (Prop_lut5_I4_O)        0.124    13.084 r  cpu_inst/dot4acc_pipeline_inst/id_ex_reg[pc][31]_i_9/O
                         net (fo=3, routed)           0.187    13.271    cpu_inst/dot4acc_pipeline_inst/id_ex_reg[pc][31]_i_9_n_0
    SLICE_X10Y11                                                      r  cpu_inst/dot4acc_pipeline_inst/id_ex_reg[pc][31]_i_8/I5
    SLICE_X10Y11         LUT6 (Prop_lut6_I5_O)        0.124    13.395 r  cpu_inst/dot4acc_pipeline_inst/id_ex_reg[pc][31]_i_8/O
                         net (fo=3, routed)           0.196    13.591    cpu_inst/dot4acc_pipeline_inst/id_ex_reg[pc][31]_i_8_n_0
    SLICE_X10Y11                                                      r  cpu_inst/dot4acc_pipeline_inst/id_ex_reg[pc][31]_i_3/I1
    SLICE_X10Y11         LUT2 (Prop_lut2_I1_O)        0.124    13.715 f  cpu_inst/dot4acc_pipeline_inst/id_ex_reg[pc][31]_i_3/O
                         net (fo=8, routed)           0.825    14.540    cpu_inst/dot4acc_pipeline_inst/id_ex_reg[pc][31]_i_3_n_0
    SLICE_X9Y13                                                       f  cpu_inst/dot4acc_pipeline_inst/id_ex_reg[pc][31]_i_1/I1
    SLICE_X9Y13          LUT3 (Prop_lut3_I1_O)        0.124    14.664 r  cpu_inst/dot4acc_pipeline_inst/id_ex_reg[pc][31]_i_1/O
                         net (fo=64, routed)          0.726    15.390    cpu_inst/dot4acc_pipeline_inst_n_54
    SLICE_X12Y14         FDRE                                         r  cpu_inst/id_ex_reg_reg[pc][10]/R
  -------------------------------------------------------------------    -------------------

                         (clock sys_clk_pin rise edge)
                                                     10.000    10.000 r  <hidden>
    W5                                                0.000    10.000 r  clk
                         net (fo=0)                   0.000    10.000    clk
    W5                                                                r  clk_IBUF_inst/I
    W5                   IBUF (Prop_ibuf_I_O)         1.388    11.388 r  clk_IBUF_inst/O
                         net (fo=1, routed)           1.862    13.250    clk_IBUF
    BUFGCTRL_X0Y0                                                     r  clk_IBUF_BUFG_inst/I
    BUFGCTRL_X0Y0        BUFG (Prop_bufg_I_O)         0.091    13.341 r  clk_IBUF_BUFG_inst/O
                         net (fo=1822, routed)        1.445    14.786    cpu_inst/clk_IBUF_BUFG
    SLICE_X12Y14         FDRE                                         r  cpu_inst/id_ex_reg_reg[pc][10]/C
                         clock pessimism              0.260    15.046    <hidden>
                         clock uncertainty           -0.035    15.011    <hidden>
    SLICE_X12Y14         FDRE (Setup_fdre_C_R)       -0.524    14.487    cpu_inst/id_ex_reg_reg[pc][10]
  -------------------------------------------------------------------
                         required time                         14.487    <hidden>
                         arrival time                         -15.390    <hidden>
  -------------------------------------------------------------------
                         slack                                 -0.903    <hidden>

Slack (VIOLATED) :        -0.855ns  (required time - arrival time)
  Source:                 cpu_inst/data_mem_inst/mem_reg/CLKARDCLK
                            (rising edge-triggered cell RAMB18E1 clocked by sys_clk_pin  {rise@0.000ns fall@5.000ns period=10.000ns})
  Destination:            cpu_inst/id_ex_reg_reg[instruction][21]/R
                            (rising edge-triggered cell FDRE clocked by sys_clk_pin  {rise@0.000ns fall@5.000ns period=10.000ns})
  Path Group:             sys_clk_pin
  Path Type:              Setup (Max at Slow Process Corner)
  Requirement:            10.000ns  (sys_clk_pin rise@10.000ns - sys_clk_pin rise@0.000ns)
  Data Path Delay:        10.309ns  (logic 4.633ns (44.940%)  route 5.676ns (55.060%))
  Logic Levels:           12  (CARRY4=3 LUT2=1 LUT3=3 LUT4=1 LUT5=2 LUT6=2)
  Clock Path Skew:        -0.081ns (DCD - SCD + CPR)
    Destination Clock Delay (DCD):    4.790ns = ( 14.790 - 10.000 )
    Source Clock Delay      (SCD):    5.132ns
    Clock Pessimism Removal (CPR):    0.260ns
  Clock Uncertainty:      0.035ns  ((TSJ^2 + TIJ^2)^1/2 + DJ) / 2 + PE
    Total System Jitter     (TSJ):    0.071ns
    Total Input Jitter      (TIJ):    0.000ns
    Discrete Jitter          (DJ):    0.000ns
    Phase Error              (PE):    0.000ns

    Location             Delay type                Incr(ns)  Path(ns)    Netlist Resource(s)
  -------------------------------------------------------------------    -------------------
                         (clock sys_clk_pin rise edge)
                                                      0.000     0.000 r  <hidden>
    W5                                                0.000     0.000 r  clk
                         net (fo=0)                   0.000     0.000    clk
    W5                                                                r  clk_IBUF_inst/I
    W5                   IBUF (Prop_ibuf_I_O)         1.458     1.458 r  clk_IBUF_inst/O
                         net (fo=1, routed)           1.967     3.425    clk_IBUF
    BUFGCTRL_X0Y0                                                     r  clk_IBUF_BUFG_inst/I
    BUFGCTRL_X0Y0        BUFG (Prop_bufg_I_O)         0.096     3.521 r  clk_IBUF_BUFG_inst/O
                         net (fo=1822, routed)        1.611     5.132    cpu_inst/data_mem_inst/clk_IBUF_BUFG
    RAMB18_X0Y2          RAMB18E1                                     r  cpu_inst/data_mem_inst/mem_reg/CLKARDCLK
  -------------------------------------------------------------------    -------------------
    RAMB18_X0Y2          RAMB18E1 (Prop_ramb18e1_CLKARDCLK_DOADO[0])
                                                      2.454     7.586 r  cpu_inst/data_mem_inst/mem_reg/DOADO[0]
                         net (fo=5, routed)           0.673     8.258    cpu_inst/data_mem_inst/read_data[0]
    SLICE_X8Y5                                                        r  cpu_inst/data_mem_inst/deferred_load_data[0]_i_1/I0
    SLICE_X8Y5           LUT3 (Prop_lut3_I0_O)        0.124     8.382 r  cpu_inst/data_mem_inst/deferred_load_data[0]_i_1/O
                         net (fo=5, routed)           0.648     9.031    cpu_inst/data_mem_inst/data2[0]
    SLICE_X9Y5                                                        r  cpu_inst/data_mem_inst/ex_alu_result0_i_8/I4
    SLICE_X9Y5           LUT5 (Prop_lut5_I4_O)        0.124     9.155 r  cpu_inst/data_mem_inst/ex_alu_result0_i_8/O
                         net (fo=3, routed)           0.453     9.608    cpu_inst/dot4acc_pipeline_inst/A[0]
    SLICE_X8Y6                                                        r  cpu_inst/dot4acc_pipeline_inst/product2_reg_reg_i_154/I2
    SLICE_X8Y6           LUT3 (Prop_lut3_I2_O)        0.124     9.732 r  cpu_inst/dot4acc_pipeline_inst/product2_reg_reg_i_154/O
                         net (fo=1, routed)           0.827    10.559    cpu_inst/dot4acc_pipeline_inst/product2_reg_reg_i_154_n_0
    SLICE_X11Y5                                                       r  cpu_inst/dot4acc_pipeline_inst/product2_reg_reg_i_135/I4
    SLICE_X11Y5          LUT6 (Prop_lut6_I4_O)        0.124    10.683 r  cpu_inst/dot4acc_pipeline_inst/product2_reg_reg_i_135/O
                         net (fo=1, routed)           0.000    10.683    cpu_inst/dot4acc_pipeline_inst/product2_reg_reg_i_135_n_0
    SLICE_X11Y5                                                       r  cpu_inst/dot4acc_pipeline_inst/product2_reg_reg_i_127/S[0]
    SLICE_X11Y5          CARRY4 (Prop_carry4_S[0]_CO[3])
                                                      0.532    11.215 r  cpu_inst/dot4acc_pipeline_inst/product2_reg_reg_i_127/CO[3]
                         net (fo=1, routed)           0.000    11.215    cpu_inst/dot4acc_pipeline_inst/product2_reg_reg_i_127_n_0
    SLICE_X11Y6                                                       r  cpu_inst/dot4acc_pipeline_inst/product2_reg_reg_i_98/CI
    SLICE_X11Y6          CARRY4 (Prop_carry4_CI_CO[3])
                                                      0.114    11.329 r  cpu_inst/dot4acc_pipeline_inst/product2_reg_reg_i_98/CO[3]
                         net (fo=1, routed)           0.000    11.329    cpu_inst/dot4acc_pipeline_inst/product2_reg_reg_i_98_n_0
    SLICE_X11Y7                                                       r  cpu_inst/dot4acc_pipeline_inst/product2_reg_reg_i_53/CI
    SLICE_X11Y7          CARRY4 (Prop_carry4_CI_CO[2])
                                                      0.228    11.557 r  cpu_inst/dot4acc_pipeline_inst/product2_reg_reg_i_53/CO[2]
                         net (fo=18, routed)          0.581    12.138    cpu_inst/dot4acc_pipeline_inst/ex_branch_taken0
    SLICE_X10Y7                                                       r  cpu_inst/dot4acc_pipeline_inst/id_ex_reg[pc][31]_i_6/I3
    SLICE_X10Y7          LUT4 (Prop_lut4_I3_O)        0.313    12.451 r  cpu_inst/dot4acc_pipeline_inst/id_ex_reg[pc][31]_i_6/O
                         net (fo=38, routed)          0.509    12.960    cpu_inst/dot4acc_pipeline_inst/id_ex_reg[pc][31]_i_6_n_0
    SLICE_X10Y11                                                      r  cpu_inst/dot4acc_pipeline_inst/id_ex_reg[pc][31]_i_9/I4
    SLICE_X10Y11         LUT5 (Prop_lut5_I4_O)        0.124    13.084 r  cpu_inst/dot4acc_pipeline_inst/id_ex_reg[pc][31]_i_9/O
                         net (fo=3, routed)           0.187    13.271    cpu_inst/dot4acc_pipeline_inst/id_ex_reg[pc][31]_i_9_n_0
    SLICE_X10Y11                                                      r  cpu_inst/dot4acc_pipeline_inst/id_ex_reg[pc][31]_i_8/I5
    SLICE_X10Y11         LUT6 (Prop_lut6_I5_O)        0.124    13.395 r  cpu_inst/dot4acc_pipeline_inst/id_ex_reg[pc][31]_i_8/O
                         net (fo=3, routed)           0.196    13.591    cpu_inst/dot4acc_pipeline_inst/id_ex_reg[pc][31]_i_8_n_0
    SLICE_X10Y11                                                      r  cpu_inst/dot4acc_pipeline_inst/id_ex_reg[pc][31]_i_3/I1
    SLICE_X10Y11         LUT2 (Prop_lut2_I1_O)        0.124    13.715 f  cpu_inst/dot4acc_pipeline_inst/id_ex_reg[pc][31]_i_3/O
                         net (fo=8, routed)           0.825    14.540    cpu_inst/dot4acc_pipeline_inst/id_ex_reg[pc][31]_i_3_n_0
    SLICE_X9Y13                                                       f  cpu_inst/dot4acc_pipeline_inst/id_ex_reg[pc][31]_i_1/I1
    SLICE_X9Y13          LUT3 (Prop_lut3_I1_O)        0.124    14.664 r  cpu_inst/dot4acc_pipeline_inst/id_ex_reg[pc][31]_i_1/O
                         net (fo=64, routed)          0.777    15.441    cpu_inst/dot4acc_pipeline_inst_n_54
    SLICE_X11Y10         FDRE                                         r  cpu_inst/id_ex_reg_reg[instruction][21]/R
  -------------------------------------------------------------------    -------------------

                         (clock sys_clk_pin rise edge)
                                                     10.000    10.000 r  <hidden>
    W5                                                0.000    10.000 r  clk
                         net (fo=0)                   0.000    10.000    clk
    W5                                                                r  clk_IBUF_inst/I
    W5                   IBUF (Prop_ibuf_I_O)         1.388    11.388 r  clk_IBUF_inst/O
                         net (fo=1, routed)           1.862    13.250    clk_IBUF
    BUFGCTRL_X0Y0                                                     r  clk_IBUF_BUFG_inst/I
    BUFGCTRL_X0Y0        BUFG (Prop_bufg_I_O)         0.091    13.341 r  clk_IBUF_BUFG_inst/O
                         net (fo=1822, routed)        1.449    14.790    cpu_inst/clk_IBUF_BUFG
    SLICE_X11Y10         FDRE                                         r  cpu_inst/id_ex_reg_reg[instruction][21]/C
                         clock pessimism              0.260    15.050    <hidden>
                         clock uncertainty           -0.035    15.015    <hidden>
    SLICE_X11Y10         FDRE (Setup_fdre_C_R)       -0.429    14.586    cpu_inst/id_ex_reg_reg[instruction][21]
  -------------------------------------------------------------------
                         required time                         14.586    <hidden>
                         arrival time                         -15.441    <hidden>
  -------------------------------------------------------------------
                         slack                                 -0.855    <hidden>

Slack (VIOLATED) :        -0.855ns  (required time - arrival time)
  Source:                 cpu_inst/data_mem_inst/mem_reg/CLKARDCLK
                            (rising edge-triggered cell RAMB18E1 clocked by sys_clk_pin  {rise@0.000ns fall@5.000ns period=10.000ns})
  Destination:            cpu_inst/id_ex_reg_reg[instruction][24]/R
                            (rising edge-triggered cell FDRE clocked by sys_clk_pin  {rise@0.000ns fall@5.000ns period=10.000ns})
  Path Group:             sys_clk_pin
  Path Type:              Setup (Max at Slow Process Corner)
  Requirement:            10.000ns  (sys_clk_pin rise@10.000ns - sys_clk_pin rise@0.000ns)
  Data Path Delay:        10.309ns  (logic 4.633ns (44.940%)  route 5.676ns (55.060%))
  Logic Levels:           12  (CARRY4=3 LUT2=1 LUT3=3 LUT4=1 LUT5=2 LUT6=2)
  Clock Path Skew:        -0.081ns (DCD - SCD + CPR)
    Destination Clock Delay (DCD):    4.790ns = ( 14.790 - 10.000 )
    Source Clock Delay      (SCD):    5.132ns
    Clock Pessimism Removal (CPR):    0.260ns
  Clock Uncertainty:      0.035ns  ((TSJ^2 + TIJ^2)^1/2 + DJ) / 2 + PE
    Total System Jitter     (TSJ):    0.071ns
    Total Input Jitter      (TIJ):    0.000ns
    Discrete Jitter          (DJ):    0.000ns
    Phase Error              (PE):    0.000ns

    Location             Delay type                Incr(ns)  Path(ns)    Netlist Resource(s)
  -------------------------------------------------------------------    -------------------
                         (clock sys_clk_pin rise edge)
                                                      0.000     0.000 r  <hidden>
    W5                                                0.000     0.000 r  clk
                         net (fo=0)                   0.000     0.000    clk
    W5                                                                r  clk_IBUF_inst/I
    W5                   IBUF (Prop_ibuf_I_O)         1.458     1.458 r  clk_IBUF_inst/O
                         net (fo=1, routed)           1.967     3.425    clk_IBUF
    BUFGCTRL_X0Y0                                                     r  clk_IBUF_BUFG_inst/I
    BUFGCTRL_X0Y0        BUFG (Prop_bufg_I_O)         0.096     3.521 r  clk_IBUF_BUFG_inst/O
                         net (fo=1822, routed)        1.611     5.132    cpu_inst/data_mem_inst/clk_IBUF_BUFG
    RAMB18_X0Y2          RAMB18E1                                     r  cpu_inst/data_mem_inst/mem_reg/CLKARDCLK
  -------------------------------------------------------------------    -------------------
    RAMB18_X0Y2          RAMB18E1 (Prop_ramb18e1_CLKARDCLK_DOADO[0])
                                                      2.454     7.586 r  cpu_inst/data_mem_inst/mem_reg/DOADO[0]
                         net (fo=5, routed)           0.673     8.258    cpu_inst/data_mem_inst/read_data[0]
    SLICE_X8Y5                                                        r  cpu_inst/data_mem_inst/deferred_load_data[0]_i_1/I0
    SLICE_X8Y5           LUT3 (Prop_lut3_I0_O)        0.124     8.382 r  cpu_inst/data_mem_inst/deferred_load_data[0]_i_1/O
                         net (fo=5, routed)           0.648     9.031    cpu_inst/data_mem_inst/data2[0]
    SLICE_X9Y5                                                        r  cpu_inst/data_mem_inst/ex_alu_result0_i_8/I4
    SLICE_X9Y5           LUT5 (Prop_lut5_I4_O)        0.124     9.155 r  cpu_inst/data_mem_inst/ex_alu_result0_i_8/O
                         net (fo=3, routed)           0.453     9.608    cpu_inst/dot4acc_pipeline_inst/A[0]
    SLICE_X8Y6                                                        r  cpu_inst/dot4acc_pipeline_inst/product2_reg_reg_i_154/I2
    SLICE_X8Y6           LUT3 (Prop_lut3_I2_O)        0.124     9.732 r  cpu_inst/dot4acc_pipeline_inst/product2_reg_reg_i_154/O
                         net (fo=1, routed)           0.827    10.559    cpu_inst/dot4acc_pipeline_inst/product2_reg_reg_i_154_n_0
    SLICE_X11Y5                                                       r  cpu_inst/dot4acc_pipeline_inst/product2_reg_reg_i_135/I4
    SLICE_X11Y5          LUT6 (Prop_lut6_I4_O)        0.124    10.683 r  cpu_inst/dot4acc_pipeline_inst/product2_reg_reg_i_135/O
                         net (fo=1, routed)           0.000    10.683    cpu_inst/dot4acc_pipeline_inst/product2_reg_reg_i_135_n_0
    SLICE_X11Y5                                                       r  cpu_inst/dot4acc_pipeline_inst/product2_reg_reg_i_127/S[0]
    SLICE_X11Y5          CARRY4 (Prop_carry4_S[0]_CO[3])
                                                      0.532    11.215 r  cpu_inst/dot4acc_pipeline_inst/product2_reg_reg_i_127/CO[3]
                         net (fo=1, routed)           0.000    11.215    cpu_inst/dot4acc_pipeline_inst/product2_reg_reg_i_127_n_0
    SLICE_X11Y6                                                       r  cpu_inst/dot4acc_pipeline_inst/product2_reg_reg_i_98/CI
    SLICE_X11Y6          CARRY4 (Prop_carry4_CI_CO[3])
                                                      0.114    11.329 r  cpu_inst/dot4acc_pipeline_inst/product2_reg_reg_i_98/CO[3]
                         net (fo=1, routed)           0.000    11.329    cpu_inst/dot4acc_pipeline_inst/product2_reg_reg_i_98_n_0
    SLICE_X11Y7                                                       r  cpu_inst/dot4acc_pipeline_inst/product2_reg_reg_i_53/CI
    SLICE_X11Y7          CARRY4 (Prop_carry4_CI_CO[2])
                                                      0.228    11.557 r  cpu_inst/dot4acc_pipeline_inst/product2_reg_reg_i_53/CO[2]
                         net (fo=18, routed)          0.581    12.138    cpu_inst/dot4acc_pipeline_inst/ex_branch_taken0
    SLICE_X10Y7                                                       r  cpu_inst/dot4acc_pipeline_inst/id_ex_reg[pc][31]_i_6/I3
    SLICE_X10Y7          LUT4 (Prop_lut4_I3_O)        0.313    12.451 r  cpu_inst/dot4acc_pipeline_inst/id_ex_reg[pc][31]_i_6/O
                         net (fo=38, routed)          0.509    12.960    cpu_inst/dot4acc_pipeline_inst/id_ex_reg[pc][31]_i_6_n_0
    SLICE_X10Y11                                                      r  cpu_inst/dot4acc_pipeline_inst/id_ex_reg[pc][31]_i_9/I4
    SLICE_X10Y11         LUT5 (Prop_lut5_I4_O)        0.124    13.084 r  cpu_inst/dot4acc_pipeline_inst/id_ex_reg[pc][31]_i_9/O
                         net (fo=3, routed)           0.187    13.271    cpu_inst/dot4acc_pipeline_inst/id_ex_reg[pc][31]_i_9_n_0
    SLICE_X10Y11                                                      r  cpu_inst/dot4acc_pipeline_inst/id_ex_reg[pc][31]_i_8/I5
    SLICE_X10Y11         LUT6 (Prop_lut6_I5_O)        0.124    13.395 r  cpu_inst/dot4acc_pipeline_inst/id_ex_reg[pc][31]_i_8/O
                         net (fo=3, routed)           0.196    13.591    cpu_inst/dot4acc_pipeline_inst/id_ex_reg[pc][31]_i_8_n_0
    SLICE_X10Y11                                                      r  cpu_inst/dot4acc_pipeline_inst/id_ex_reg[pc][31]_i_3/I1
    SLICE_X10Y11         LUT2 (Prop_lut2_I1_O)        0.124    13.715 f  cpu_inst/dot4acc_pipeline_inst/id_ex_reg[pc][31]_i_3/O
                         net (fo=8, routed)           0.825    14.540    cpu_inst/dot4acc_pipeline_inst/id_ex_reg[pc][31]_i_3_n_0
    SLICE_X9Y13                                                       f  cpu_inst/dot4acc_pipeline_inst/id_ex_reg[pc][31]_i_1/I1
    SLICE_X9Y13          LUT3 (Prop_lut3_I1_O)        0.124    14.664 r  cpu_inst/dot4acc_pipeline_inst/id_ex_reg[pc][31]_i_1/O
                         net (fo=64, routed)          0.777    15.441    cpu_inst/dot4acc_pipeline_inst_n_54
    SLICE_X11Y10         FDRE                                         r  cpu_inst/id_ex_reg_reg[instruction][24]/R
  -------------------------------------------------------------------    -------------------

                         (clock sys_clk_pin rise edge)
                                                     10.000    10.000 r  <hidden>
    W5                                                0.000    10.000 r  clk
                         net (fo=0)                   0.000    10.000    clk
    W5                                                                r  clk_IBUF_inst/I
    W5                   IBUF (Prop_ibuf_I_O)         1.388    11.388 r  clk_IBUF_inst/O
                         net (fo=1, routed)           1.862    13.250    clk_IBUF
    BUFGCTRL_X0Y0                                                     r  clk_IBUF_BUFG_inst/I
    BUFGCTRL_X0Y0        BUFG (Prop_bufg_I_O)         0.091    13.341 r  clk_IBUF_BUFG_inst/O
                         net (fo=1822, routed)        1.449    14.790    cpu_inst/clk_IBUF_BUFG
    SLICE_X11Y10         FDRE                                         r  cpu_inst/id_ex_reg_reg[instruction][24]/C
                         clock pessimism              0.260    15.050    <hidden>
                         clock uncertainty           -0.035    15.015    <hidden>
    SLICE_X11Y10         FDRE (Setup_fdre_C_R)       -0.429    14.586    cpu_inst/id_ex_reg_reg[instruction][24]
  -------------------------------------------------------------------
                         required time                         14.586    <hidden>
                         arrival time                         -15.441    <hidden>
  -------------------------------------------------------------------
                         slack                                 -0.855    <hidden>

Slack (VIOLATED) :        -0.855ns  (required time - arrival time)
  Source:                 cpu_inst/data_mem_inst/mem_reg/CLKARDCLK
                            (rising edge-triggered cell RAMB18E1 clocked by sys_clk_pin  {rise@0.000ns fall@5.000ns period=10.000ns})
  Destination:            cpu_inst/id_ex_reg_reg[instruction][30]/R
                            (rising edge-triggered cell FDRE clocked by sys_clk_pin  {rise@0.000ns fall@5.000ns period=10.000ns})
  Path Group:             sys_clk_pin
  Path Type:              Setup (Max at Slow Process Corner)
  Requirement:            10.000ns  (sys_clk_pin rise@10.000ns - sys_clk_pin rise@0.000ns)
  Data Path Delay:        10.309ns  (logic 4.633ns (44.940%)  route 5.676ns (55.060%))
  Logic Levels:           12  (CARRY4=3 LUT2=1 LUT3=3 LUT4=1 LUT5=2 LUT6=2)
  Clock Path Skew:        -0.081ns (DCD - SCD + CPR)
    Destination Clock Delay (DCD):    4.790ns = ( 14.790 - 10.000 )
    Source Clock Delay      (SCD):    5.132ns
    Clock Pessimism Removal (CPR):    0.260ns
  Clock Uncertainty:      0.035ns  ((TSJ^2 + TIJ^2)^1/2 + DJ) / 2 + PE
    Total System Jitter     (TSJ):    0.071ns
    Total Input Jitter      (TIJ):    0.000ns
    Discrete Jitter          (DJ):    0.000ns
    Phase Error              (PE):    0.000ns

    Location             Delay type                Incr(ns)  Path(ns)    Netlist Resource(s)
  -------------------------------------------------------------------    -------------------
                         (clock sys_clk_pin rise edge)
                                                      0.000     0.000 r  <hidden>
    W5                                                0.000     0.000 r  clk
                         net (fo=0)                   0.000     0.000    clk
    W5                                                                r  clk_IBUF_inst/I
    W5                   IBUF (Prop_ibuf_I_O)         1.458     1.458 r  clk_IBUF_inst/O
                         net (fo=1, routed)           1.967     3.425    clk_IBUF
    BUFGCTRL_X0Y0                                                     r  clk_IBUF_BUFG_inst/I
    BUFGCTRL_X0Y0        BUFG (Prop_bufg_I_O)         0.096     3.521 r  clk_IBUF_BUFG_inst/O
                         net (fo=1822, routed)        1.611     5.132    cpu_inst/data_mem_inst/clk_IBUF_BUFG
    RAMB18_X0Y2          RAMB18E1                                     r  cpu_inst/data_mem_inst/mem_reg/CLKARDCLK
  -------------------------------------------------------------------    -------------------
    RAMB18_X0Y2          RAMB18E1 (Prop_ramb18e1_CLKARDCLK_DOADO[0])
                                                      2.454     7.586 r  cpu_inst/data_mem_inst/mem_reg/DOADO[0]
                         net (fo=5, routed)           0.673     8.258    cpu_inst/data_mem_inst/read_data[0]
    SLICE_X8Y5                                                        r  cpu_inst/data_mem_inst/deferred_load_data[0]_i_1/I0
    SLICE_X8Y5           LUT3 (Prop_lut3_I0_O)        0.124     8.382 r  cpu_inst/data_mem_inst/deferred_load_data[0]_i_1/O
                         net (fo=5, routed)           0.648     9.031    cpu_inst/data_mem_inst/data2[0]
    SLICE_X9Y5                                                        r  cpu_inst/data_mem_inst/ex_alu_result0_i_8/I4
    SLICE_X9Y5           LUT5 (Prop_lut5_I4_O)        0.124     9.155 r  cpu_inst/data_mem_inst/ex_alu_result0_i_8/O
                         net (fo=3, routed)           0.453     9.608    cpu_inst/dot4acc_pipeline_inst/A[0]
    SLICE_X8Y6                                                        r  cpu_inst/dot4acc_pipeline_inst/product2_reg_reg_i_154/I2
    SLICE_X8Y6           LUT3 (Prop_lut3_I2_O)        0.124     9.732 r  cpu_inst/dot4acc_pipeline_inst/product2_reg_reg_i_154/O
                         net (fo=1, routed)           0.827    10.559    cpu_inst/dot4acc_pipeline_inst/product2_reg_reg_i_154_n_0
    SLICE_X11Y5                                                       r  cpu_inst/dot4acc_pipeline_inst/product2_reg_reg_i_135/I4
    SLICE_X11Y5          LUT6 (Prop_lut6_I4_O)        0.124    10.683 r  cpu_inst/dot4acc_pipeline_inst/product2_reg_reg_i_135/O
                         net (fo=1, routed)           0.000    10.683    cpu_inst/dot4acc_pipeline_inst/product2_reg_reg_i_135_n_0
    SLICE_X11Y5                                                       r  cpu_inst/dot4acc_pipeline_inst/product2_reg_reg_i_127/S[0]
    SLICE_X11Y5          CARRY4 (Prop_carry4_S[0]_CO[3])
                                                      0.532    11.215 r  cpu_inst/dot4acc_pipeline_inst/product2_reg_reg_i_127/CO[3]
                         net (fo=1, routed)           0.000    11.215    cpu_inst/dot4acc_pipeline_inst/product2_reg_reg_i_127_n_0
    SLICE_X11Y6                                                       r  cpu_inst/dot4acc_pipeline_inst/product2_reg_reg_i_98/CI
    SLICE_X11Y6          CARRY4 (Prop_carry4_CI_CO[3])
                                                      0.114    11.329 r  cpu_inst/dot4acc_pipeline_inst/product2_reg_reg_i_98/CO[3]
                         net (fo=1, routed)           0.000    11.329    cpu_inst/dot4acc_pipeline_inst/product2_reg_reg_i_98_n_0
    SLICE_X11Y7                                                       r  cpu_inst/dot4acc_pipeline_inst/product2_reg_reg_i_53/CI
    SLICE_X11Y7          CARRY4 (Prop_carry4_CI_CO[2])
                                                      0.228    11.557 r  cpu_inst/dot4acc_pipeline_inst/product2_reg_reg_i_53/CO[2]
                         net (fo=18, routed)          0.581    12.138    cpu_inst/dot4acc_pipeline_inst/ex_branch_taken0
    SLICE_X10Y7                                                       r  cpu_inst/dot4acc_pipeline_inst/id_ex_reg[pc][31]_i_6/I3
    SLICE_X10Y7          LUT4 (Prop_lut4_I3_O)        0.313    12.451 r  cpu_inst/dot4acc_pipeline_inst/id_ex_reg[pc][31]_i_6/O
                         net (fo=38, routed)          0.509    12.960    cpu_inst/dot4acc_pipeline_inst/id_ex_reg[pc][31]_i_6_n_0
    SLICE_X10Y11                                                      r  cpu_inst/dot4acc_pipeline_inst/id_ex_reg[pc][31]_i_9/I4
    SLICE_X10Y11         LUT5 (Prop_lut5_I4_O)        0.124    13.084 r  cpu_inst/dot4acc_pipeline_inst/id_ex_reg[pc][31]_i_9/O
                         net (fo=3, routed)           0.187    13.271    cpu_inst/dot4acc_pipeline_inst/id_ex_reg[pc][31]_i_9_n_0
    SLICE_X10Y11                                                      r  cpu_inst/dot4acc_pipeline_inst/id_ex_reg[pc][31]_i_8/I5
    SLICE_X10Y11         LUT6 (Prop_lut6_I5_O)        0.124    13.395 r  cpu_inst/dot4acc_pipeline_inst/id_ex_reg[pc][31]_i_8/O
                         net (fo=3, routed)           0.196    13.591    cpu_inst/dot4acc_pipeline_inst/id_ex_reg[pc][31]_i_8_n_0
    SLICE_X10Y11                                                      r  cpu_inst/dot4acc_pipeline_inst/id_ex_reg[pc][31]_i_3/I1
    SLICE_X10Y11         LUT2 (Prop_lut2_I1_O)        0.124    13.715 f  cpu_inst/dot4acc_pipeline_inst/id_ex_reg[pc][31]_i_3/O
                         net (fo=8, routed)           0.825    14.540    cpu_inst/dot4acc_pipeline_inst/id_ex_reg[pc][31]_i_3_n_0
    SLICE_X9Y13                                                       f  cpu_inst/dot4acc_pipeline_inst/id_ex_reg[pc][31]_i_1/I1
    SLICE_X9Y13          LUT3 (Prop_lut3_I1_O)        0.124    14.664 r  cpu_inst/dot4acc_pipeline_inst/id_ex_reg[pc][31]_i_1/O
                         net (fo=64, routed)          0.777    15.441    cpu_inst/dot4acc_pipeline_inst_n_54
    SLICE_X11Y10         FDRE                                         r  cpu_inst/id_ex_reg_reg[instruction][30]/R
  -------------------------------------------------------------------    -------------------

                         (clock sys_clk_pin rise edge)
                                                     10.000    10.000 r  <hidden>
    W5                                                0.000    10.000 r  clk
                         net (fo=0)                   0.000    10.000    clk
    W5                                                                r  clk_IBUF_inst/I
    W5                   IBUF (Prop_ibuf_I_O)         1.388    11.388 r  clk_IBUF_inst/O
                         net (fo=1, routed)           1.862    13.250    clk_IBUF
    BUFGCTRL_X0Y0                                                     r  clk_IBUF_BUFG_inst/I
    BUFGCTRL_X0Y0        BUFG (Prop_bufg_I_O)         0.091    13.341 r  clk_IBUF_BUFG_inst/O
                         net (fo=1822, routed)        1.449    14.790    cpu_inst/clk_IBUF_BUFG
    SLICE_X11Y10         FDRE                                         r  cpu_inst/id_ex_reg_reg[instruction][30]/C
                         clock pessimism              0.260    15.050    <hidden>
                         clock uncertainty           -0.035    15.015    <hidden>
    SLICE_X11Y10         FDRE (Setup_fdre_C_R)       -0.429    14.586    cpu_inst/id_ex_reg_reg[instruction][30]
  -------------------------------------------------------------------
                         required time                         14.586    <hidden>
                         arrival time                         -15.441    <hidden>
  -------------------------------------------------------------------
                         slack                                 -0.855    <hidden>

Slack (VIOLATED) :        -0.855ns  (required time - arrival time)
  Source:                 cpu_inst/data_mem_inst/mem_reg/CLKARDCLK
                            (rising edge-triggered cell RAMB18E1 clocked by sys_clk_pin  {rise@0.000ns fall@5.000ns period=10.000ns})
  Destination:            cpu_inst/id_ex_reg_reg[pc][14]/R
                            (rising edge-triggered cell FDRE clocked by sys_clk_pin  {rise@0.000ns fall@5.000ns period=10.000ns})
  Path Group:             sys_clk_pin
  Path Type:              Setup (Max at Slow Process Corner)
  Requirement:            10.000ns  (sys_clk_pin rise@10.000ns - sys_clk_pin rise@0.000ns)
  Data Path Delay:        10.309ns  (logic 4.633ns (44.940%)  route 5.676ns (55.060%))
  Logic Levels:           12  (CARRY4=3 LUT2=1 LUT3=3 LUT4=1 LUT5=2 LUT6=2)
  Clock Path Skew:        -0.081ns (DCD - SCD + CPR)
    Destination Clock Delay (DCD):    4.790ns = ( 14.790 - 10.000 )
    Source Clock Delay      (SCD):    5.132ns
    Clock Pessimism Removal (CPR):    0.260ns
  Clock Uncertainty:      0.035ns  ((TSJ^2 + TIJ^2)^1/2 + DJ) / 2 + PE
    Total System Jitter     (TSJ):    0.071ns
    Total Input Jitter      (TIJ):    0.000ns
    Discrete Jitter          (DJ):    0.000ns
    Phase Error              (PE):    0.000ns

    Location             Delay type                Incr(ns)  Path(ns)    Netlist Resource(s)
  -------------------------------------------------------------------    -------------------
                         (clock sys_clk_pin rise edge)
                                                      0.000     0.000 r  <hidden>
    W5                                                0.000     0.000 r  clk
                         net (fo=0)                   0.000     0.000    clk
    W5                                                                r  clk_IBUF_inst/I
    W5                   IBUF (Prop_ibuf_I_O)         1.458     1.458 r  clk_IBUF_inst/O
                         net (fo=1, routed)           1.967     3.425    clk_IBUF
    BUFGCTRL_X0Y0                                                     r  clk_IBUF_BUFG_inst/I
    BUFGCTRL_X0Y0        BUFG (Prop_bufg_I_O)         0.096     3.521 r  clk_IBUF_BUFG_inst/O
                         net (fo=1822, routed)        1.611     5.132    cpu_inst/data_mem_inst/clk_IBUF_BUFG
    RAMB18_X0Y2          RAMB18E1                                     r  cpu_inst/data_mem_inst/mem_reg/CLKARDCLK
  -------------------------------------------------------------------    -------------------
    RAMB18_X0Y2          RAMB18E1 (Prop_ramb18e1_CLKARDCLK_DOADO[0])
                                                      2.454     7.586 r  cpu_inst/data_mem_inst/mem_reg/DOADO[0]
                         net (fo=5, routed)           0.673     8.258    cpu_inst/data_mem_inst/read_data[0]
    SLICE_X8Y5                                                        r  cpu_inst/data_mem_inst/deferred_load_data[0]_i_1/I0
    SLICE_X8Y5           LUT3 (Prop_lut3_I0_O)        0.124     8.382 r  cpu_inst/data_mem_inst/deferred_load_data[0]_i_1/O
                         net (fo=5, routed)           0.648     9.031    cpu_inst/data_mem_inst/data2[0]
    SLICE_X9Y5                                                        r  cpu_inst/data_mem_inst/ex_alu_result0_i_8/I4
    SLICE_X9Y5           LUT5 (Prop_lut5_I4_O)        0.124     9.155 r  cpu_inst/data_mem_inst/ex_alu_result0_i_8/O
                         net (fo=3, routed)           0.453     9.608    cpu_inst/dot4acc_pipeline_inst/A[0]
    SLICE_X8Y6                                                        r  cpu_inst/dot4acc_pipeline_inst/product2_reg_reg_i_154/I2
    SLICE_X8Y6           LUT3 (Prop_lut3_I2_O)        0.124     9.732 r  cpu_inst/dot4acc_pipeline_inst/product2_reg_reg_i_154/O
                         net (fo=1, routed)           0.827    10.559    cpu_inst/dot4acc_pipeline_inst/product2_reg_reg_i_154_n_0
    SLICE_X11Y5                                                       r  cpu_inst/dot4acc_pipeline_inst/product2_reg_reg_i_135/I4
    SLICE_X11Y5          LUT6 (Prop_lut6_I4_O)        0.124    10.683 r  cpu_inst/dot4acc_pipeline_inst/product2_reg_reg_i_135/O
                         net (fo=1, routed)           0.000    10.683    cpu_inst/dot4acc_pipeline_inst/product2_reg_reg_i_135_n_0
    SLICE_X11Y5                                                       r  cpu_inst/dot4acc_pipeline_inst/product2_reg_reg_i_127/S[0]
    SLICE_X11Y5          CARRY4 (Prop_carry4_S[0]_CO[3])
                                                      0.532    11.215 r  cpu_inst/dot4acc_pipeline_inst/product2_reg_reg_i_127/CO[3]
                         net (fo=1, routed)           0.000    11.215    cpu_inst/dot4acc_pipeline_inst/product2_reg_reg_i_127_n_0
    SLICE_X11Y6                                                       r  cpu_inst/dot4acc_pipeline_inst/product2_reg_reg_i_98/CI
    SLICE_X11Y6          CARRY4 (Prop_carry4_CI_CO[3])
                                                      0.114    11.329 r  cpu_inst/dot4acc_pipeline_inst/product2_reg_reg_i_98/CO[3]
                         net (fo=1, routed)           0.000    11.329    cpu_inst/dot4acc_pipeline_inst/product2_reg_reg_i_98_n_0
    SLICE_X11Y7                                                       r  cpu_inst/dot4acc_pipeline_inst/product2_reg_reg_i_53/CI
    SLICE_X11Y7          CARRY4 (Prop_carry4_CI_CO[2])
                                                      0.228    11.557 r  cpu_inst/dot4acc_pipeline_inst/product2_reg_reg_i_53/CO[2]
                         net (fo=18, routed)          0.581    12.138    cpu_inst/dot4acc_pipeline_inst/ex_branch_taken0
    SLICE_X10Y7                                                       r  cpu_inst/dot4acc_pipeline_inst/id_ex_reg[pc][31]_i_6/I3
    SLICE_X10Y7          LUT4 (Prop_lut4_I3_O)        0.313    12.451 r  cpu_inst/dot4acc_pipeline_inst/id_ex_reg[pc][31]_i_6/O
                         net (fo=38, routed)          0.509    12.960    cpu_inst/dot4acc_pipeline_inst/id_ex_reg[pc][31]_i_6_n_0
    SLICE_X10Y11                                                      r  cpu_inst/dot4acc_pipeline_inst/id_ex_reg[pc][31]_i_9/I4
    SLICE_X10Y11         LUT5 (Prop_lut5_I4_O)        0.124    13.084 r  cpu_inst/dot4acc_pipeline_inst/id_ex_reg[pc][31]_i_9/O
                         net (fo=3, routed)           0.187    13.271    cpu_inst/dot4acc_pipeline_inst/id_ex_reg[pc][31]_i_9_n_0
    SLICE_X10Y11                                                      r  cpu_inst/dot4acc_pipeline_inst/id_ex_reg[pc][31]_i_8/I5
    SLICE_X10Y11         LUT6 (Prop_lut6_I5_O)        0.124    13.395 r  cpu_inst/dot4acc_pipeline_inst/id_ex_reg[pc][31]_i_8/O
                         net (fo=3, routed)           0.196    13.591    cpu_inst/dot4acc_pipeline_inst/id_ex_reg[pc][31]_i_8_n_0
    SLICE_X10Y11                                                      r  cpu_inst/dot4acc_pipeline_inst/id_ex_reg[pc][31]_i_3/I1
    SLICE_X10Y11         LUT2 (Prop_lut2_I1_O)        0.124    13.715 f  cpu_inst/dot4acc_pipeline_inst/id_ex_reg[pc][31]_i_3/O
                         net (fo=8, routed)           0.825    14.540    cpu_inst/dot4acc_pipeline_inst/id_ex_reg[pc][31]_i_3_n_0
    SLICE_X9Y13                                                       f  cpu_inst/dot4acc_pipeline_inst/id_ex_reg[pc][31]_i_1/I1
    SLICE_X9Y13          LUT3 (Prop_lut3_I1_O)        0.124    14.664 r  cpu_inst/dot4acc_pipeline_inst/id_ex_reg[pc][31]_i_1/O
                         net (fo=64, routed)          0.777    15.441    cpu_inst/dot4acc_pipeline_inst_n_54
    SLICE_X11Y10         FDRE                                         r  cpu_inst/id_ex_reg_reg[pc][14]/R
  -------------------------------------------------------------------    -------------------

                         (clock sys_clk_pin rise edge)
                                                     10.000    10.000 r  <hidden>
    W5                                                0.000    10.000 r  clk
                         net (fo=0)                   0.000    10.000    clk
    W5                                                                r  clk_IBUF_inst/I
    W5                   IBUF (Prop_ibuf_I_O)         1.388    11.388 r  clk_IBUF_inst/O
                         net (fo=1, routed)           1.862    13.250    clk_IBUF
    BUFGCTRL_X0Y0                                                     r  clk_IBUF_BUFG_inst/I
    BUFGCTRL_X0Y0        BUFG (Prop_bufg_I_O)         0.091    13.341 r  clk_IBUF_BUFG_inst/O
                         net (fo=1822, routed)        1.449    14.790    cpu_inst/clk_IBUF_BUFG
    SLICE_X11Y10         FDRE                                         r  cpu_inst/id_ex_reg_reg[pc][14]/C
                         clock pessimism              0.260    15.050    <hidden>
                         clock uncertainty           -0.035    15.015    <hidden>
    SLICE_X11Y10         FDRE (Setup_fdre_C_R)       -0.429    14.586    cpu_inst/id_ex_reg_reg[pc][14]
  -------------------------------------------------------------------
                         required time                         14.586    <hidden>
                         arrival time                         -15.441    <hidden>
  -------------------------------------------------------------------
                         slack                                 -0.855    <hidden>

Slack (VIOLATED) :        -0.855ns  (required time - arrival time)
  Source:                 cpu_inst/data_mem_inst/mem_reg/CLKARDCLK
                            (rising edge-triggered cell RAMB18E1 clocked by sys_clk_pin  {rise@0.000ns fall@5.000ns period=10.000ns})
  Destination:            cpu_inst/id_ex_reg_reg[pc][28]/R
                            (rising edge-triggered cell FDRE clocked by sys_clk_pin  {rise@0.000ns fall@5.000ns period=10.000ns})
  Path Group:             sys_clk_pin
  Path Type:              Setup (Max at Slow Process Corner)
  Requirement:            10.000ns  (sys_clk_pin rise@10.000ns - sys_clk_pin rise@0.000ns)
  Data Path Delay:        10.309ns  (logic 4.633ns (44.940%)  route 5.676ns (55.060%))
  Logic Levels:           12  (CARRY4=3 LUT2=1 LUT3=3 LUT4=1 LUT5=2 LUT6=2)
  Clock Path Skew:        -0.081ns (DCD - SCD + CPR)
    Destination Clock Delay (DCD):    4.790ns = ( 14.790 - 10.000 )
    Source Clock Delay      (SCD):    5.132ns
    Clock Pessimism Removal (CPR):    0.260ns
  Clock Uncertainty:      0.035ns  ((TSJ^2 + TIJ^2)^1/2 + DJ) / 2 + PE
    Total System Jitter     (TSJ):    0.071ns
    Total Input Jitter      (TIJ):    0.000ns
    Discrete Jitter          (DJ):    0.000ns
    Phase Error              (PE):    0.000ns

    Location             Delay type                Incr(ns)  Path(ns)    Netlist Resource(s)
  -------------------------------------------------------------------    -------------------
                         (clock sys_clk_pin rise edge)
                                                      0.000     0.000 r  <hidden>
    W5                                                0.000     0.000 r  clk
                         net (fo=0)                   0.000     0.000    clk
    W5                                                                r  clk_IBUF_inst/I
    W5                   IBUF (Prop_ibuf_I_O)         1.458     1.458 r  clk_IBUF_inst/O
                         net (fo=1, routed)           1.967     3.425    clk_IBUF
    BUFGCTRL_X0Y0                                                     r  clk_IBUF_BUFG_inst/I
    BUFGCTRL_X0Y0        BUFG (Prop_bufg_I_O)         0.096     3.521 r  clk_IBUF_BUFG_inst/O
                         net (fo=1822, routed)        1.611     5.132    cpu_inst/data_mem_inst/clk_IBUF_BUFG
    RAMB18_X0Y2          RAMB18E1                                     r  cpu_inst/data_mem_inst/mem_reg/CLKARDCLK
  -------------------------------------------------------------------    -------------------
    RAMB18_X0Y2          RAMB18E1 (Prop_ramb18e1_CLKARDCLK_DOADO[0])
                                                      2.454     7.586 r  cpu_inst/data_mem_inst/mem_reg/DOADO[0]
                         net (fo=5, routed)           0.673     8.258    cpu_inst/data_mem_inst/read_data[0]
    SLICE_X8Y5                                                        r  cpu_inst/data_mem_inst/deferred_load_data[0]_i_1/I0
    SLICE_X8Y5           LUT3 (Prop_lut3_I0_O)        0.124     8.382 r  cpu_inst/data_mem_inst/deferred_load_data[0]_i_1/O
                         net (fo=5, routed)           0.648     9.031    cpu_inst/data_mem_inst/data2[0]
    SLICE_X9Y5                                                        r  cpu_inst/data_mem_inst/ex_alu_result0_i_8/I4
    SLICE_X9Y5           LUT5 (Prop_lut5_I4_O)        0.124     9.155 r  cpu_inst/data_mem_inst/ex_alu_result0_i_8/O
                         net (fo=3, routed)           0.453     9.608    cpu_inst/dot4acc_pipeline_inst/A[0]
    SLICE_X8Y6                                                        r  cpu_inst/dot4acc_pipeline_inst/product2_reg_reg_i_154/I2
    SLICE_X8Y6           LUT3 (Prop_lut3_I2_O)        0.124     9.732 r  cpu_inst/dot4acc_pipeline_inst/product2_reg_reg_i_154/O
                         net (fo=1, routed)           0.827    10.559    cpu_inst/dot4acc_pipeline_inst/product2_reg_reg_i_154_n_0
    SLICE_X11Y5                                                       r  cpu_inst/dot4acc_pipeline_inst/product2_reg_reg_i_135/I4
    SLICE_X11Y5          LUT6 (Prop_lut6_I4_O)        0.124    10.683 r  cpu_inst/dot4acc_pipeline_inst/product2_reg_reg_i_135/O
                         net (fo=1, routed)           0.000    10.683    cpu_inst/dot4acc_pipeline_inst/product2_reg_reg_i_135_n_0
    SLICE_X11Y5                                                       r  cpu_inst/dot4acc_pipeline_inst/product2_reg_reg_i_127/S[0]
    SLICE_X11Y5          CARRY4 (Prop_carry4_S[0]_CO[3])
                                                      0.532    11.215 r  cpu_inst/dot4acc_pipeline_inst/product2_reg_reg_i_127/CO[3]
                         net (fo=1, routed)           0.000    11.215    cpu_inst/dot4acc_pipeline_inst/product2_reg_reg_i_127_n_0
    SLICE_X11Y6                                                       r  cpu_inst/dot4acc_pipeline_inst/product2_reg_reg_i_98/CI
    SLICE_X11Y6          CARRY4 (Prop_carry4_CI_CO[3])
                                                      0.114    11.329 r  cpu_inst/dot4acc_pipeline_inst/product2_reg_reg_i_98/CO[3]
                         net (fo=1, routed)           0.000    11.329    cpu_inst/dot4acc_pipeline_inst/product2_reg_reg_i_98_n_0
    SLICE_X11Y7                                                       r  cpu_inst/dot4acc_pipeline_inst/product2_reg_reg_i_53/CI
    SLICE_X11Y7          CARRY4 (Prop_carry4_CI_CO[2])
                                                      0.228    11.557 r  cpu_inst/dot4acc_pipeline_inst/product2_reg_reg_i_53/CO[2]
                         net (fo=18, routed)          0.581    12.138    cpu_inst/dot4acc_pipeline_inst/ex_branch_taken0
    SLICE_X10Y7                                                       r  cpu_inst/dot4acc_pipeline_inst/id_ex_reg[pc][31]_i_6/I3
    SLICE_X10Y7          LUT4 (Prop_lut4_I3_O)        0.313    12.451 r  cpu_inst/dot4acc_pipeline_inst/id_ex_reg[pc][31]_i_6/O
                         net (fo=38, routed)          0.509    12.960    cpu_inst/dot4acc_pipeline_inst/id_ex_reg[pc][31]_i_6_n_0
    SLICE_X10Y11                                                      r  cpu_inst/dot4acc_pipeline_inst/id_ex_reg[pc][31]_i_9/I4
    SLICE_X10Y11         LUT5 (Prop_lut5_I4_O)        0.124    13.084 r  cpu_inst/dot4acc_pipeline_inst/id_ex_reg[pc][31]_i_9/O
                         net (fo=3, routed)           0.187    13.271    cpu_inst/dot4acc_pipeline_inst/id_ex_reg[pc][31]_i_9_n_0
    SLICE_X10Y11                                                      r  cpu_inst/dot4acc_pipeline_inst/id_ex_reg[pc][31]_i_8/I5
    SLICE_X10Y11         LUT6 (Prop_lut6_I5_O)        0.124    13.395 r  cpu_inst/dot4acc_pipeline_inst/id_ex_reg[pc][31]_i_8/O
                         net (fo=3, routed)           0.196    13.591    cpu_inst/dot4acc_pipeline_inst/id_ex_reg[pc][31]_i_8_n_0
    SLICE_X10Y11                                                      r  cpu_inst/dot4acc_pipeline_inst/id_ex_reg[pc][31]_i_3/I1
    SLICE_X10Y11         LUT2 (Prop_lut2_I1_O)        0.124    13.715 f  cpu_inst/dot4acc_pipeline_inst/id_ex_reg[pc][31]_i_3/O
                         net (fo=8, routed)           0.825    14.540    cpu_inst/dot4acc_pipeline_inst/id_ex_reg[pc][31]_i_3_n_0
    SLICE_X9Y13                                                       f  cpu_inst/dot4acc_pipeline_inst/id_ex_reg[pc][31]_i_1/I1
    SLICE_X9Y13          LUT3 (Prop_lut3_I1_O)        0.124    14.664 r  cpu_inst/dot4acc_pipeline_inst/id_ex_reg[pc][31]_i_1/O
                         net (fo=64, routed)          0.777    15.441    cpu_inst/dot4acc_pipeline_inst_n_54
    SLICE_X11Y10         FDRE                                         r  cpu_inst/id_ex_reg_reg[pc][28]/R
  -------------------------------------------------------------------    -------------------

                         (clock sys_clk_pin rise edge)
                                                     10.000    10.000 r  <hidden>
    W5                                                0.000    10.000 r  clk
                         net (fo=0)                   0.000    10.000    clk
    W5                                                                r  clk_IBUF_inst/I
    W5                   IBUF (Prop_ibuf_I_O)         1.388    11.388 r  clk_IBUF_inst/O
                         net (fo=1, routed)           1.862    13.250    clk_IBUF
    BUFGCTRL_X0Y0                                                     r  clk_IBUF_BUFG_inst/I
    BUFGCTRL_X0Y0        BUFG (Prop_bufg_I_O)         0.091    13.341 r  clk_IBUF_BUFG_inst/O
                         net (fo=1822, routed)        1.449    14.790    cpu_inst/clk_IBUF_BUFG
    SLICE_X11Y10         FDRE                                         r  cpu_inst/id_ex_reg_reg[pc][28]/C
                         clock pessimism              0.260    15.050    <hidden>
                         clock uncertainty           -0.035    15.015    <hidden>
    SLICE_X11Y10         FDRE (Setup_fdre_C_R)       -0.429    14.586    cpu_inst/id_ex_reg_reg[pc][28]
  -------------------------------------------------------------------
                         required time                         14.586    <hidden>
                         arrival time                         -15.441    <hidden>
  -------------------------------------------------------------------
                         slack                                 -0.855    <hidden>

Slack (VIOLATED) :        -0.855ns  (required time - arrival time)
  Source:                 cpu_inst/data_mem_inst/mem_reg/CLKARDCLK
                            (rising edge-triggered cell RAMB18E1 clocked by sys_clk_pin  {rise@0.000ns fall@5.000ns period=10.000ns})
  Destination:            cpu_inst/id_ex_reg_reg[pc][30]/R
                            (rising edge-triggered cell FDRE clocked by sys_clk_pin  {rise@0.000ns fall@5.000ns period=10.000ns})
  Path Group:             sys_clk_pin
  Path Type:              Setup (Max at Slow Process Corner)
  Requirement:            10.000ns  (sys_clk_pin rise@10.000ns - sys_clk_pin rise@0.000ns)
  Data Path Delay:        10.309ns  (logic 4.633ns (44.940%)  route 5.676ns (55.060%))
  Logic Levels:           12  (CARRY4=3 LUT2=1 LUT3=3 LUT4=1 LUT5=2 LUT6=2)
  Clock Path Skew:        -0.081ns (DCD - SCD + CPR)
    Destination Clock Delay (DCD):    4.790ns = ( 14.790 - 10.000 )
    Source Clock Delay      (SCD):    5.132ns
    Clock Pessimism Removal (CPR):    0.260ns
  Clock Uncertainty:      0.035ns  ((TSJ^2 + TIJ^2)^1/2 + DJ) / 2 + PE
    Total System Jitter     (TSJ):    0.071ns
    Total Input Jitter      (TIJ):    0.000ns
    Discrete Jitter          (DJ):    0.000ns
    Phase Error              (PE):    0.000ns

    Location             Delay type                Incr(ns)  Path(ns)    Netlist Resource(s)
  -------------------------------------------------------------------    -------------------
                         (clock sys_clk_pin rise edge)
                                                      0.000     0.000 r  <hidden>
    W5                                                0.000     0.000 r  clk
                         net (fo=0)                   0.000     0.000    clk
    W5                                                                r  clk_IBUF_inst/I
    W5                   IBUF (Prop_ibuf_I_O)         1.458     1.458 r  clk_IBUF_inst/O
                         net (fo=1, routed)           1.967     3.425    clk_IBUF
    BUFGCTRL_X0Y0                                                     r  clk_IBUF_BUFG_inst/I
    BUFGCTRL_X0Y0        BUFG (Prop_bufg_I_O)         0.096     3.521 r  clk_IBUF_BUFG_inst/O
                         net (fo=1822, routed)        1.611     5.132    cpu_inst/data_mem_inst/clk_IBUF_BUFG
    RAMB18_X0Y2          RAMB18E1                                     r  cpu_inst/data_mem_inst/mem_reg/CLKARDCLK
  -------------------------------------------------------------------    -------------------
    RAMB18_X0Y2          RAMB18E1 (Prop_ramb18e1_CLKARDCLK_DOADO[0])
                                                      2.454     7.586 r  cpu_inst/data_mem_inst/mem_reg/DOADO[0]
                         net (fo=5, routed)           0.673     8.258    cpu_inst/data_mem_inst/read_data[0]
    SLICE_X8Y5                                                        r  cpu_inst/data_mem_inst/deferred_load_data[0]_i_1/I0
    SLICE_X8Y5           LUT3 (Prop_lut3_I0_O)        0.124     8.382 r  cpu_inst/data_mem_inst/deferred_load_data[0]_i_1/O
                         net (fo=5, routed)           0.648     9.031    cpu_inst/data_mem_inst/data2[0]
    SLICE_X9Y5                                                        r  cpu_inst/data_mem_inst/ex_alu_result0_i_8/I4
    SLICE_X9Y5           LUT5 (Prop_lut5_I4_O)        0.124     9.155 r  cpu_inst/data_mem_inst/ex_alu_result0_i_8/O
                         net (fo=3, routed)           0.453     9.608    cpu_inst/dot4acc_pipeline_inst/A[0]
    SLICE_X8Y6                                                        r  cpu_inst/dot4acc_pipeline_inst/product2_reg_reg_i_154/I2
    SLICE_X8Y6           LUT3 (Prop_lut3_I2_O)        0.124     9.732 r  cpu_inst/dot4acc_pipeline_inst/product2_reg_reg_i_154/O
                         net (fo=1, routed)           0.827    10.559    cpu_inst/dot4acc_pipeline_inst/product2_reg_reg_i_154_n_0
    SLICE_X11Y5                                                       r  cpu_inst/dot4acc_pipeline_inst/product2_reg_reg_i_135/I4
    SLICE_X11Y5          LUT6 (Prop_lut6_I4_O)        0.124    10.683 r  cpu_inst/dot4acc_pipeline_inst/product2_reg_reg_i_135/O
                         net (fo=1, routed)           0.000    10.683    cpu_inst/dot4acc_pipeline_inst/product2_reg_reg_i_135_n_0
    SLICE_X11Y5                                                       r  cpu_inst/dot4acc_pipeline_inst/product2_reg_reg_i_127/S[0]
    SLICE_X11Y5          CARRY4 (Prop_carry4_S[0]_CO[3])
                                                      0.532    11.215 r  cpu_inst/dot4acc_pipeline_inst/product2_reg_reg_i_127/CO[3]
                         net (fo=1, routed)           0.000    11.215    cpu_inst/dot4acc_pipeline_inst/product2_reg_reg_i_127_n_0
    SLICE_X11Y6                                                       r  cpu_inst/dot4acc_pipeline_inst/product2_reg_reg_i_98/CI
    SLICE_X11Y6          CARRY4 (Prop_carry4_CI_CO[3])
                                                      0.114    11.329 r  cpu_inst/dot4acc_pipeline_inst/product2_reg_reg_i_98/CO[3]
                         net (fo=1, routed)           0.000    11.329    cpu_inst/dot4acc_pipeline_inst/product2_reg_reg_i_98_n_0
    SLICE_X11Y7                                                       r  cpu_inst/dot4acc_pipeline_inst/product2_reg_reg_i_53/CI
    SLICE_X11Y7          CARRY4 (Prop_carry4_CI_CO[2])
                                                      0.228    11.557 r  cpu_inst/dot4acc_pipeline_inst/product2_reg_reg_i_53/CO[2]
                         net (fo=18, routed)          0.581    12.138    cpu_inst/dot4acc_pipeline_inst/ex_branch_taken0
    SLICE_X10Y7                                                       r  cpu_inst/dot4acc_pipeline_inst/id_ex_reg[pc][31]_i_6/I3
    SLICE_X10Y7          LUT4 (Prop_lut4_I3_O)        0.313    12.451 r  cpu_inst/dot4acc_pipeline_inst/id_ex_reg[pc][31]_i_6/O
                         net (fo=38, routed)          0.509    12.960    cpu_inst/dot4acc_pipeline_inst/id_ex_reg[pc][31]_i_6_n_0
    SLICE_X10Y11                                                      r  cpu_inst/dot4acc_pipeline_inst/id_ex_reg[pc][31]_i_9/I4
    SLICE_X10Y11         LUT5 (Prop_lut5_I4_O)        0.124    13.084 r  cpu_inst/dot4acc_pipeline_inst/id_ex_reg[pc][31]_i_9/O
                         net (fo=3, routed)           0.187    13.271    cpu_inst/dot4acc_pipeline_inst/id_ex_reg[pc][31]_i_9_n_0
    SLICE_X10Y11                                                      r  cpu_inst/dot4acc_pipeline_inst/id_ex_reg[pc][31]_i_8/I5
    SLICE_X10Y11         LUT6 (Prop_lut6_I5_O)        0.124    13.395 r  cpu_inst/dot4acc_pipeline_inst/id_ex_reg[pc][31]_i_8/O
                         net (fo=3, routed)           0.196    13.591    cpu_inst/dot4acc_pipeline_inst/id_ex_reg[pc][31]_i_8_n_0
    SLICE_X10Y11                                                      r  cpu_inst/dot4acc_pipeline_inst/id_ex_reg[pc][31]_i_3/I1
    SLICE_X10Y11         LUT2 (Prop_lut2_I1_O)        0.124    13.715 f  cpu_inst/dot4acc_pipeline_inst/id_ex_reg[pc][31]_i_3/O
                         net (fo=8, routed)           0.825    14.540    cpu_inst/dot4acc_pipeline_inst/id_ex_reg[pc][31]_i_3_n_0
    SLICE_X9Y13                                                       f  cpu_inst/dot4acc_pipeline_inst/id_ex_reg[pc][31]_i_1/I1
    SLICE_X9Y13          LUT3 (Prop_lut3_I1_O)        0.124    14.664 r  cpu_inst/dot4acc_pipeline_inst/id_ex_reg[pc][31]_i_1/O
                         net (fo=64, routed)          0.777    15.441    cpu_inst/dot4acc_pipeline_inst_n_54
    SLICE_X11Y10         FDRE                                         r  cpu_inst/id_ex_reg_reg[pc][30]/R
  -------------------------------------------------------------------    -------------------

                         (clock sys_clk_pin rise edge)
                                                     10.000    10.000 r  <hidden>
    W5                                                0.000    10.000 r  clk
                         net (fo=0)                   0.000    10.000    clk
    W5                                                                r  clk_IBUF_inst/I
    W5                   IBUF (Prop_ibuf_I_O)         1.388    11.388 r  clk_IBUF_inst/O
                         net (fo=1, routed)           1.862    13.250    clk_IBUF
    BUFGCTRL_X0Y0                                                     r  clk_IBUF_BUFG_inst/I
    BUFGCTRL_X0Y0        BUFG (Prop_bufg_I_O)         0.091    13.341 r  clk_IBUF_BUFG_inst/O
                         net (fo=1822, routed)        1.449    14.790    cpu_inst/clk_IBUF_BUFG
    SLICE_X11Y10         FDRE                                         r  cpu_inst/id_ex_reg_reg[pc][30]/C
                         clock pessimism              0.260    15.050    <hidden>
                         clock uncertainty           -0.035    15.015    <hidden>
    SLICE_X11Y10         FDRE (Setup_fdre_C_R)       -0.429    14.586    cpu_inst/id_ex_reg_reg[pc][30]
  -------------------------------------------------------------------
                         required time                         14.586    <hidden>
                         arrival time                         -15.441    <hidden>
  -------------------------------------------------------------------
                         slack                                 -0.855    <hidden>

Slack (VIOLATED) :        -0.855ns  (required time - arrival time)
  Source:                 cpu_inst/data_mem_inst/mem_reg/CLKARDCLK
                            (rising edge-triggered cell RAMB18E1 clocked by sys_clk_pin  {rise@0.000ns fall@5.000ns period=10.000ns})
  Destination:            cpu_inst/id_ex_reg_reg[pc][31]/R
                            (rising edge-triggered cell FDRE clocked by sys_clk_pin  {rise@0.000ns fall@5.000ns period=10.000ns})
  Path Group:             sys_clk_pin
  Path Type:              Setup (Max at Slow Process Corner)
  Requirement:            10.000ns  (sys_clk_pin rise@10.000ns - sys_clk_pin rise@0.000ns)
  Data Path Delay:        10.309ns  (logic 4.633ns (44.940%)  route 5.676ns (55.060%))
  Logic Levels:           12  (CARRY4=3 LUT2=1 LUT3=3 LUT4=1 LUT5=2 LUT6=2)
  Clock Path Skew:        -0.081ns (DCD - SCD + CPR)
    Destination Clock Delay (DCD):    4.790ns = ( 14.790 - 10.000 )
    Source Clock Delay      (SCD):    5.132ns
    Clock Pessimism Removal (CPR):    0.260ns
  Clock Uncertainty:      0.035ns  ((TSJ^2 + TIJ^2)^1/2 + DJ) / 2 + PE
    Total System Jitter     (TSJ):    0.071ns
    Total Input Jitter      (TIJ):    0.000ns
    Discrete Jitter          (DJ):    0.000ns
    Phase Error              (PE):    0.000ns

    Location             Delay type                Incr(ns)  Path(ns)    Netlist Resource(s)
  -------------------------------------------------------------------    -------------------
                         (clock sys_clk_pin rise edge)
                                                      0.000     0.000 r  <hidden>
    W5                                                0.000     0.000 r  clk
                         net (fo=0)                   0.000     0.000    clk
    W5                                                                r  clk_IBUF_inst/I
    W5                   IBUF (Prop_ibuf_I_O)         1.458     1.458 r  clk_IBUF_inst/O
                         net (fo=1, routed)           1.967     3.425    clk_IBUF
    BUFGCTRL_X0Y0                                                     r  clk_IBUF_BUFG_inst/I
    BUFGCTRL_X0Y0        BUFG (Prop_bufg_I_O)         0.096     3.521 r  clk_IBUF_BUFG_inst/O
                         net (fo=1822, routed)        1.611     5.132    cpu_inst/data_mem_inst/clk_IBUF_BUFG
    RAMB18_X0Y2          RAMB18E1                                     r  cpu_inst/data_mem_inst/mem_reg/CLKARDCLK
  -------------------------------------------------------------------    -------------------
    RAMB18_X0Y2          RAMB18E1 (Prop_ramb18e1_CLKARDCLK_DOADO[0])
                                                      2.454     7.586 r  cpu_inst/data_mem_inst/mem_reg/DOADO[0]
                         net (fo=5, routed)           0.673     8.258    cpu_inst/data_mem_inst/read_data[0]
    SLICE_X8Y5                                                        r  cpu_inst/data_mem_inst/deferred_load_data[0]_i_1/I0
    SLICE_X8Y5           LUT3 (Prop_lut3_I0_O)        0.124     8.382 r  cpu_inst/data_mem_inst/deferred_load_data[0]_i_1/O
                         net (fo=5, routed)           0.648     9.031    cpu_inst/data_mem_inst/data2[0]
    SLICE_X9Y5                                                        r  cpu_inst/data_mem_inst/ex_alu_result0_i_8/I4
    SLICE_X9Y5           LUT5 (Prop_lut5_I4_O)        0.124     9.155 r  cpu_inst/data_mem_inst/ex_alu_result0_i_8/O
                         net (fo=3, routed)           0.453     9.608    cpu_inst/dot4acc_pipeline_inst/A[0]
    SLICE_X8Y6                                                        r  cpu_inst/dot4acc_pipeline_inst/product2_reg_reg_i_154/I2
    SLICE_X8Y6           LUT3 (Prop_lut3_I2_O)        0.124     9.732 r  cpu_inst/dot4acc_pipeline_inst/product2_reg_reg_i_154/O
                         net (fo=1, routed)           0.827    10.559    cpu_inst/dot4acc_pipeline_inst/product2_reg_reg_i_154_n_0
    SLICE_X11Y5                                                       r  cpu_inst/dot4acc_pipeline_inst/product2_reg_reg_i_135/I4
    SLICE_X11Y5          LUT6 (Prop_lut6_I4_O)        0.124    10.683 r  cpu_inst/dot4acc_pipeline_inst/product2_reg_reg_i_135/O
                         net (fo=1, routed)           0.000    10.683    cpu_inst/dot4acc_pipeline_inst/product2_reg_reg_i_135_n_0
    SLICE_X11Y5                                                       r  cpu_inst/dot4acc_pipeline_inst/product2_reg_reg_i_127/S[0]
    SLICE_X11Y5          CARRY4 (Prop_carry4_S[0]_CO[3])
                                                      0.532    11.215 r  cpu_inst/dot4acc_pipeline_inst/product2_reg_reg_i_127/CO[3]
                         net (fo=1, routed)           0.000    11.215    cpu_inst/dot4acc_pipeline_inst/product2_reg_reg_i_127_n_0
    SLICE_X11Y6                                                       r  cpu_inst/dot4acc_pipeline_inst/product2_reg_reg_i_98/CI
    SLICE_X11Y6          CARRY4 (Prop_carry4_CI_CO[3])
                                                      0.114    11.329 r  cpu_inst/dot4acc_pipeline_inst/product2_reg_reg_i_98/CO[3]
                         net (fo=1, routed)           0.000    11.329    cpu_inst/dot4acc_pipeline_inst/product2_reg_reg_i_98_n_0
    SLICE_X11Y7                                                       r  cpu_inst/dot4acc_pipeline_inst/product2_reg_reg_i_53/CI
    SLICE_X11Y7          CARRY4 (Prop_carry4_CI_CO[2])
                                                      0.228    11.557 r  cpu_inst/dot4acc_pipeline_inst/product2_reg_reg_i_53/CO[2]
                         net (fo=18, routed)          0.581    12.138    cpu_inst/dot4acc_pipeline_inst/ex_branch_taken0
    SLICE_X10Y7                                                       r  cpu_inst/dot4acc_pipeline_inst/id_ex_reg[pc][31]_i_6/I3
    SLICE_X10Y7          LUT4 (Prop_lut4_I3_O)        0.313    12.451 r  cpu_inst/dot4acc_pipeline_inst/id_ex_reg[pc][31]_i_6/O
                         net (fo=38, routed)          0.509    12.960    cpu_inst/dot4acc_pipeline_inst/id_ex_reg[pc][31]_i_6_n_0
    SLICE_X10Y11                                                      r  cpu_inst/dot4acc_pipeline_inst/id_ex_reg[pc][31]_i_9/I4
    SLICE_X10Y11         LUT5 (Prop_lut5_I4_O)        0.124    13.084 r  cpu_inst/dot4acc_pipeline_inst/id_ex_reg[pc][31]_i_9/O
                         net (fo=3, routed)           0.187    13.271    cpu_inst/dot4acc_pipeline_inst/id_ex_reg[pc][31]_i_9_n_0
    SLICE_X10Y11                                                      r  cpu_inst/dot4acc_pipeline_inst/id_ex_reg[pc][31]_i_8/I5
    SLICE_X10Y11         LUT6 (Prop_lut6_I5_O)        0.124    13.395 r  cpu_inst/dot4acc_pipeline_inst/id_ex_reg[pc][31]_i_8/O
                         net (fo=3, routed)           0.196    13.591    cpu_inst/dot4acc_pipeline_inst/id_ex_reg[pc][31]_i_8_n_0
    SLICE_X10Y11                                                      r  cpu_inst/dot4acc_pipeline_inst/id_ex_reg[pc][31]_i_3/I1
    SLICE_X10Y11         LUT2 (Prop_lut2_I1_O)        0.124    13.715 f  cpu_inst/dot4acc_pipeline_inst/id_ex_reg[pc][31]_i_3/O
                         net (fo=8, routed)           0.825    14.540    cpu_inst/dot4acc_pipeline_inst/id_ex_reg[pc][31]_i_3_n_0
    SLICE_X9Y13                                                       f  cpu_inst/dot4acc_pipeline_inst/id_ex_reg[pc][31]_i_1/I1
    SLICE_X9Y13          LUT3 (Prop_lut3_I1_O)        0.124    14.664 r  cpu_inst/dot4acc_pipeline_inst/id_ex_reg[pc][31]_i_1/O
                         net (fo=64, routed)          0.777    15.441    cpu_inst/dot4acc_pipeline_inst_n_54
    SLICE_X11Y10         FDRE                                         r  cpu_inst/id_ex_reg_reg[pc][31]/R
  -------------------------------------------------------------------    -------------------

                         (clock sys_clk_pin rise edge)
                                                     10.000    10.000 r  <hidden>
    W5                                                0.000    10.000 r  clk
                         net (fo=0)                   0.000    10.000    clk
    W5                                                                r  clk_IBUF_inst/I
    W5                   IBUF (Prop_ibuf_I_O)         1.388    11.388 r  clk_IBUF_inst/O
                         net (fo=1, routed)           1.862    13.250    clk_IBUF
    BUFGCTRL_X0Y0                                                     r  clk_IBUF_BUFG_inst/I
    BUFGCTRL_X0Y0        BUFG (Prop_bufg_I_O)         0.091    13.341 r  clk_IBUF_BUFG_inst/O
                         net (fo=1822, routed)        1.449    14.790    cpu_inst/clk_IBUF_BUFG
    SLICE_X11Y10         FDRE                                         r  cpu_inst/id_ex_reg_reg[pc][31]/C
                         clock pessimism              0.260    15.050    <hidden>
                         clock uncertainty           -0.035    15.015    <hidden>
    SLICE_X11Y10         FDRE (Setup_fdre_C_R)       -0.429    14.586    cpu_inst/id_ex_reg_reg[pc][31]
  -------------------------------------------------------------------
                         required time                         14.586    <hidden>
                         arrival time                         -15.441    <hidden>
  -------------------------------------------------------------------
                         slack                                 -0.855    <hidden>

Slack (VIOLATED) :        -0.832ns  (required time - arrival time)
  Source:                 cpu_inst/data_mem_inst/mem_reg/CLKARDCLK
                            (rising edge-triggered cell RAMB18E1 clocked by sys_clk_pin  {rise@0.000ns fall@5.000ns period=10.000ns})
  Destination:            cpu_inst/id_ex_reg_reg[pc][11]/R
                            (rising edge-triggered cell FDRE clocked by sys_clk_pin  {rise@0.000ns fall@5.000ns period=10.000ns})
  Path Group:             sys_clk_pin
  Path Type:              Setup (Max at Slow Process Corner)
  Requirement:            10.000ns  (sys_clk_pin rise@10.000ns - sys_clk_pin rise@0.000ns)
  Data Path Delay:        10.192ns  (logic 4.633ns (45.459%)  route 5.559ns (54.541%))
  Logic Levels:           12  (CARRY4=3 LUT2=1 LUT3=3 LUT4=1 LUT5=2 LUT6=2)
  Clock Path Skew:        -0.081ns (DCD - SCD + CPR)
    Destination Clock Delay (DCD):    4.790ns = ( 14.790 - 10.000 )
    Source Clock Delay      (SCD):    5.132ns
    Clock Pessimism Removal (CPR):    0.260ns
  Clock Uncertainty:      0.035ns  ((TSJ^2 + TIJ^2)^1/2 + DJ) / 2 + PE
    Total System Jitter     (TSJ):    0.071ns
    Total Input Jitter      (TIJ):    0.000ns
    Discrete Jitter          (DJ):    0.000ns
    Phase Error              (PE):    0.000ns

    Location             Delay type                Incr(ns)  Path(ns)    Netlist Resource(s)
  -------------------------------------------------------------------    -------------------
                         (clock sys_clk_pin rise edge)
                                                      0.000     0.000 r  <hidden>
    W5                                                0.000     0.000 r  clk
                         net (fo=0)                   0.000     0.000    clk
    W5                                                                r  clk_IBUF_inst/I
    W5                   IBUF (Prop_ibuf_I_O)         1.458     1.458 r  clk_IBUF_inst/O
                         net (fo=1, routed)           1.967     3.425    clk_IBUF
    BUFGCTRL_X0Y0                                                     r  clk_IBUF_BUFG_inst/I
    BUFGCTRL_X0Y0        BUFG (Prop_bufg_I_O)         0.096     3.521 r  clk_IBUF_BUFG_inst/O
                         net (fo=1822, routed)        1.611     5.132    cpu_inst/data_mem_inst/clk_IBUF_BUFG
    RAMB18_X0Y2          RAMB18E1                                     r  cpu_inst/data_mem_inst/mem_reg/CLKARDCLK
  -------------------------------------------------------------------    -------------------
    RAMB18_X0Y2          RAMB18E1 (Prop_ramb18e1_CLKARDCLK_DOADO[0])
                                                      2.454     7.586 r  cpu_inst/data_mem_inst/mem_reg/DOADO[0]
                         net (fo=5, routed)           0.673     8.258    cpu_inst/data_mem_inst/read_data[0]
    SLICE_X8Y5                                                        r  cpu_inst/data_mem_inst/deferred_load_data[0]_i_1/I0
    SLICE_X8Y5           LUT3 (Prop_lut3_I0_O)        0.124     8.382 r  cpu_inst/data_mem_inst/deferred_load_data[0]_i_1/O
                         net (fo=5, routed)           0.648     9.031    cpu_inst/data_mem_inst/data2[0]
    SLICE_X9Y5                                                        r  cpu_inst/data_mem_inst/ex_alu_result0_i_8/I4
    SLICE_X9Y5           LUT5 (Prop_lut5_I4_O)        0.124     9.155 r  cpu_inst/data_mem_inst/ex_alu_result0_i_8/O
                         net (fo=3, routed)           0.453     9.608    cpu_inst/dot4acc_pipeline_inst/A[0]
    SLICE_X8Y6                                                        r  cpu_inst/dot4acc_pipeline_inst/product2_reg_reg_i_154/I2
    SLICE_X8Y6           LUT3 (Prop_lut3_I2_O)        0.124     9.732 r  cpu_inst/dot4acc_pipeline_inst/product2_reg_reg_i_154/O
                         net (fo=1, routed)           0.827    10.559    cpu_inst/dot4acc_pipeline_inst/product2_reg_reg_i_154_n_0
    SLICE_X11Y5                                                       r  cpu_inst/dot4acc_pipeline_inst/product2_reg_reg_i_135/I4
    SLICE_X11Y5          LUT6 (Prop_lut6_I4_O)        0.124    10.683 r  cpu_inst/dot4acc_pipeline_inst/product2_reg_reg_i_135/O
                         net (fo=1, routed)           0.000    10.683    cpu_inst/dot4acc_pipeline_inst/product2_reg_reg_i_135_n_0
    SLICE_X11Y5                                                       r  cpu_inst/dot4acc_pipeline_inst/product2_reg_reg_i_127/S[0]
    SLICE_X11Y5          CARRY4 (Prop_carry4_S[0]_CO[3])
                                                      0.532    11.215 r  cpu_inst/dot4acc_pipeline_inst/product2_reg_reg_i_127/CO[3]
                         net (fo=1, routed)           0.000    11.215    cpu_inst/dot4acc_pipeline_inst/product2_reg_reg_i_127_n_0
    SLICE_X11Y6                                                       r  cpu_inst/dot4acc_pipeline_inst/product2_reg_reg_i_98/CI
    SLICE_X11Y6          CARRY4 (Prop_carry4_CI_CO[3])
                                                      0.114    11.329 r  cpu_inst/dot4acc_pipeline_inst/product2_reg_reg_i_98/CO[3]
                         net (fo=1, routed)           0.000    11.329    cpu_inst/dot4acc_pipeline_inst/product2_reg_reg_i_98_n_0
    SLICE_X11Y7                                                       r  cpu_inst/dot4acc_pipeline_inst/product2_reg_reg_i_53/CI
    SLICE_X11Y7          CARRY4 (Prop_carry4_CI_CO[2])
                                                      0.228    11.557 r  cpu_inst/dot4acc_pipeline_inst/product2_reg_reg_i_53/CO[2]
                         net (fo=18, routed)          0.581    12.138    cpu_inst/dot4acc_pipeline_inst/ex_branch_taken0
    SLICE_X10Y7                                                       r  cpu_inst/dot4acc_pipeline_inst/id_ex_reg[pc][31]_i_6/I3
    SLICE_X10Y7          LUT4 (Prop_lut4_I3_O)        0.313    12.451 r  cpu_inst/dot4acc_pipeline_inst/id_ex_reg[pc][31]_i_6/O
                         net (fo=38, routed)          0.509    12.960    cpu_inst/dot4acc_pipeline_inst/id_ex_reg[pc][31]_i_6_n_0
    SLICE_X10Y11                                                      r  cpu_inst/dot4acc_pipeline_inst/id_ex_reg[pc][31]_i_9/I4
    SLICE_X10Y11         LUT5 (Prop_lut5_I4_O)        0.124    13.084 r  cpu_inst/dot4acc_pipeline_inst/id_ex_reg[pc][31]_i_9/O
                         net (fo=3, routed)           0.187    13.271    cpu_inst/dot4acc_pipeline_inst/id_ex_reg[pc][31]_i_9_n_0
    SLICE_X10Y11                                                      r  cpu_inst/dot4acc_pipeline_inst/id_ex_reg[pc][31]_i_8/I5
    SLICE_X10Y11         LUT6 (Prop_lut6_I5_O)        0.124    13.395 r  cpu_inst/dot4acc_pipeline_inst/id_ex_reg[pc][31]_i_8/O
                         net (fo=3, routed)           0.196    13.591    cpu_inst/dot4acc_pipeline_inst/id_ex_reg[pc][31]_i_8_n_0
    SLICE_X10Y11                                                      r  cpu_inst/dot4acc_pipeline_inst/id_ex_reg[pc][31]_i_3/I1
    SLICE_X10Y11         LUT2 (Prop_lut2_I1_O)        0.124    13.715 f  cpu_inst/dot4acc_pipeline_inst/id_ex_reg[pc][31]_i_3/O
                         net (fo=8, routed)           0.825    14.540    cpu_inst/dot4acc_pipeline_inst/id_ex_reg[pc][31]_i_3_n_0
    SLICE_X9Y13                                                       f  cpu_inst/dot4acc_pipeline_inst/id_ex_reg[pc][31]_i_1/I1
    SLICE_X9Y13          LUT3 (Prop_lut3_I1_O)        0.124    14.664 r  cpu_inst/dot4acc_pipeline_inst/id_ex_reg[pc][31]_i_1/O
                         net (fo=64, routed)          0.660    15.323    cpu_inst/dot4acc_pipeline_inst_n_54
    SLICE_X12Y8          FDRE                                         r  cpu_inst/id_ex_reg_reg[pc][11]/R
  -------------------------------------------------------------------    -------------------

                         (clock sys_clk_pin rise edge)
                                                     10.000    10.000 r  <hidden>
    W5                                                0.000    10.000 r  clk
                         net (fo=0)                   0.000    10.000    clk
    W5                                                                r  clk_IBUF_inst/I
    W5                   IBUF (Prop_ibuf_I_O)         1.388    11.388 r  clk_IBUF_inst/O
                         net (fo=1, routed)           1.862    13.250    clk_IBUF
    BUFGCTRL_X0Y0                                                     r  clk_IBUF_BUFG_inst/I
    BUFGCTRL_X0Y0        BUFG (Prop_bufg_I_O)         0.091    13.341 r  clk_IBUF_BUFG_inst/O
                         net (fo=1822, routed)        1.449    14.790    cpu_inst/clk_IBUF_BUFG
    SLICE_X12Y8          FDRE                                         r  cpu_inst/id_ex_reg_reg[pc][11]/C
                         clock pessimism              0.260    15.050    <hidden>
                         clock uncertainty           -0.035    15.015    <hidden>
    SLICE_X12Y8          FDRE (Setup_fdre_C_R)       -0.524    14.491    cpu_inst/id_ex_reg_reg[pc][11]
  -------------------------------------------------------------------
                         required time                         14.491    <hidden>
                         arrival time                         -15.323    <hidden>
  -------------------------------------------------------------------
                         slack                                 -0.832    <hidden>

Slack (VIOLATED) :        -0.832ns  (required time - arrival time)
  Source:                 cpu_inst/data_mem_inst/mem_reg/CLKARDCLK
                            (rising edge-triggered cell RAMB18E1 clocked by sys_clk_pin  {rise@0.000ns fall@5.000ns period=10.000ns})
  Destination:            cpu_inst/id_ex_reg_reg[pc][18]/R
                            (rising edge-triggered cell FDRE clocked by sys_clk_pin  {rise@0.000ns fall@5.000ns period=10.000ns})
  Path Group:             sys_clk_pin
  Path Type:              Setup (Max at Slow Process Corner)
  Requirement:            10.000ns  (sys_clk_pin rise@10.000ns - sys_clk_pin rise@0.000ns)
  Data Path Delay:        10.192ns  (logic 4.633ns (45.459%)  route 5.559ns (54.541%))
  Logic Levels:           12  (CARRY4=3 LUT2=1 LUT3=3 LUT4=1 LUT5=2 LUT6=2)
  Clock Path Skew:        -0.081ns (DCD - SCD + CPR)
    Destination Clock Delay (DCD):    4.790ns = ( 14.790 - 10.000 )
    Source Clock Delay      (SCD):    5.132ns
    Clock Pessimism Removal (CPR):    0.260ns
  Clock Uncertainty:      0.035ns  ((TSJ^2 + TIJ^2)^1/2 + DJ) / 2 + PE
    Total System Jitter     (TSJ):    0.071ns
    Total Input Jitter      (TIJ):    0.000ns
    Discrete Jitter          (DJ):    0.000ns
    Phase Error              (PE):    0.000ns

    Location             Delay type                Incr(ns)  Path(ns)    Netlist Resource(s)
  -------------------------------------------------------------------    -------------------
                         (clock sys_clk_pin rise edge)
                                                      0.000     0.000 r  <hidden>
    W5                                                0.000     0.000 r  clk
                         net (fo=0)                   0.000     0.000    clk
    W5                                                                r  clk_IBUF_inst/I
    W5                   IBUF (Prop_ibuf_I_O)         1.458     1.458 r  clk_IBUF_inst/O
                         net (fo=1, routed)           1.967     3.425    clk_IBUF
    BUFGCTRL_X0Y0                                                     r  clk_IBUF_BUFG_inst/I
    BUFGCTRL_X0Y0        BUFG (Prop_bufg_I_O)         0.096     3.521 r  clk_IBUF_BUFG_inst/O
                         net (fo=1822, routed)        1.611     5.132    cpu_inst/data_mem_inst/clk_IBUF_BUFG
    RAMB18_X0Y2          RAMB18E1                                     r  cpu_inst/data_mem_inst/mem_reg/CLKARDCLK
  -------------------------------------------------------------------    -------------------
    RAMB18_X0Y2          RAMB18E1 (Prop_ramb18e1_CLKARDCLK_DOADO[0])
                                                      2.454     7.586 r  cpu_inst/data_mem_inst/mem_reg/DOADO[0]
                         net (fo=5, routed)           0.673     8.258    cpu_inst/data_mem_inst/read_data[0]
    SLICE_X8Y5                                                        r  cpu_inst/data_mem_inst/deferred_load_data[0]_i_1/I0
    SLICE_X8Y5           LUT3 (Prop_lut3_I0_O)        0.124     8.382 r  cpu_inst/data_mem_inst/deferred_load_data[0]_i_1/O
                         net (fo=5, routed)           0.648     9.031    cpu_inst/data_mem_inst/data2[0]
    SLICE_X9Y5                                                        r  cpu_inst/data_mem_inst/ex_alu_result0_i_8/I4
    SLICE_X9Y5           LUT5 (Prop_lut5_I4_O)        0.124     9.155 r  cpu_inst/data_mem_inst/ex_alu_result0_i_8/O
                         net (fo=3, routed)           0.453     9.608    cpu_inst/dot4acc_pipeline_inst/A[0]
    SLICE_X8Y6                                                        r  cpu_inst/dot4acc_pipeline_inst/product2_reg_reg_i_154/I2
    SLICE_X8Y6           LUT3 (Prop_lut3_I2_O)        0.124     9.732 r  cpu_inst/dot4acc_pipeline_inst/product2_reg_reg_i_154/O
                         net (fo=1, routed)           0.827    10.559    cpu_inst/dot4acc_pipeline_inst/product2_reg_reg_i_154_n_0
    SLICE_X11Y5                                                       r  cpu_inst/dot4acc_pipeline_inst/product2_reg_reg_i_135/I4
    SLICE_X11Y5          LUT6 (Prop_lut6_I4_O)        0.124    10.683 r  cpu_inst/dot4acc_pipeline_inst/product2_reg_reg_i_135/O
                         net (fo=1, routed)           0.000    10.683    cpu_inst/dot4acc_pipeline_inst/product2_reg_reg_i_135_n_0
    SLICE_X11Y5                                                       r  cpu_inst/dot4acc_pipeline_inst/product2_reg_reg_i_127/S[0]
    SLICE_X11Y5          CARRY4 (Prop_carry4_S[0]_CO[3])
                                                      0.532    11.215 r  cpu_inst/dot4acc_pipeline_inst/product2_reg_reg_i_127/CO[3]
                         net (fo=1, routed)           0.000    11.215    cpu_inst/dot4acc_pipeline_inst/product2_reg_reg_i_127_n_0
    SLICE_X11Y6                                                       r  cpu_inst/dot4acc_pipeline_inst/product2_reg_reg_i_98/CI
    SLICE_X11Y6          CARRY4 (Prop_carry4_CI_CO[3])
                                                      0.114    11.329 r  cpu_inst/dot4acc_pipeline_inst/product2_reg_reg_i_98/CO[3]
                         net (fo=1, routed)           0.000    11.329    cpu_inst/dot4acc_pipeline_inst/product2_reg_reg_i_98_n_0
    SLICE_X11Y7                                                       r  cpu_inst/dot4acc_pipeline_inst/product2_reg_reg_i_53/CI
    SLICE_X11Y7          CARRY4 (Prop_carry4_CI_CO[2])
                                                      0.228    11.557 r  cpu_inst/dot4acc_pipeline_inst/product2_reg_reg_i_53/CO[2]
                         net (fo=18, routed)          0.581    12.138    cpu_inst/dot4acc_pipeline_inst/ex_branch_taken0
    SLICE_X10Y7                                                       r  cpu_inst/dot4acc_pipeline_inst/id_ex_reg[pc][31]_i_6/I3
    SLICE_X10Y7          LUT4 (Prop_lut4_I3_O)        0.313    12.451 r  cpu_inst/dot4acc_pipeline_inst/id_ex_reg[pc][31]_i_6/O
                         net (fo=38, routed)          0.509    12.960    cpu_inst/dot4acc_pipeline_inst/id_ex_reg[pc][31]_i_6_n_0
    SLICE_X10Y11                                                      r  cpu_inst/dot4acc_pipeline_inst/id_ex_reg[pc][31]_i_9/I4
    SLICE_X10Y11         LUT5 (Prop_lut5_I4_O)        0.124    13.084 r  cpu_inst/dot4acc_pipeline_inst/id_ex_reg[pc][31]_i_9/O
                         net (fo=3, routed)           0.187    13.271    cpu_inst/dot4acc_pipeline_inst/id_ex_reg[pc][31]_i_9_n_0
    SLICE_X10Y11                                                      r  cpu_inst/dot4acc_pipeline_inst/id_ex_reg[pc][31]_i_8/I5
    SLICE_X10Y11         LUT6 (Prop_lut6_I5_O)        0.124    13.395 r  cpu_inst/dot4acc_pipeline_inst/id_ex_reg[pc][31]_i_8/O
                         net (fo=3, routed)           0.196    13.591    cpu_inst/dot4acc_pipeline_inst/id_ex_reg[pc][31]_i_8_n_0
    SLICE_X10Y11                                                      r  cpu_inst/dot4acc_pipeline_inst/id_ex_reg[pc][31]_i_3/I1
    SLICE_X10Y11         LUT2 (Prop_lut2_I1_O)        0.124    13.715 f  cpu_inst/dot4acc_pipeline_inst/id_ex_reg[pc][31]_i_3/O
                         net (fo=8, routed)           0.825    14.540    cpu_inst/dot4acc_pipeline_inst/id_ex_reg[pc][31]_i_3_n_0
    SLICE_X9Y13                                                       f  cpu_inst/dot4acc_pipeline_inst/id_ex_reg[pc][31]_i_1/I1
    SLICE_X9Y13          LUT3 (Prop_lut3_I1_O)        0.124    14.664 r  cpu_inst/dot4acc_pipeline_inst/id_ex_reg[pc][31]_i_1/O
                         net (fo=64, routed)          0.660    15.323    cpu_inst/dot4acc_pipeline_inst_n_54
    SLICE_X12Y8          FDRE                                         r  cpu_inst/id_ex_reg_reg[pc][18]/R
  -------------------------------------------------------------------    -------------------

                         (clock sys_clk_pin rise edge)
                                                     10.000    10.000 r  <hidden>
    W5                                                0.000    10.000 r  clk
                         net (fo=0)                   0.000    10.000    clk
    W5                                                                r  clk_IBUF_inst/I
    W5                   IBUF (Prop_ibuf_I_O)         1.388    11.388 r  clk_IBUF_inst/O
                         net (fo=1, routed)           1.862    13.250    clk_IBUF
    BUFGCTRL_X0Y0                                                     r  clk_IBUF_BUFG_inst/I
    BUFGCTRL_X0Y0        BUFG (Prop_bufg_I_O)         0.091    13.341 r  clk_IBUF_BUFG_inst/O
                         net (fo=1822, routed)        1.449    14.790    cpu_inst/clk_IBUF_BUFG
    SLICE_X12Y8          FDRE                                         r  cpu_inst/id_ex_reg_reg[pc][18]/C
                         clock pessimism              0.260    15.050    <hidden>
                         clock uncertainty           -0.035    15.015    <hidden>
    SLICE_X12Y8          FDRE (Setup_fdre_C_R)       -0.524    14.491    cpu_inst/id_ex_reg_reg[pc][18]
  -------------------------------------------------------------------
                         required time                         14.491    <hidden>
                         arrival time                         -15.323    <hidden>
  -------------------------------------------------------------------
                         slack                                 -0.832    <hidden>

Slack (VIOLATED) :        -0.832ns  (required time - arrival time)
  Source:                 cpu_inst/data_mem_inst/mem_reg/CLKARDCLK
                            (rising edge-triggered cell RAMB18E1 clocked by sys_clk_pin  {rise@0.000ns fall@5.000ns period=10.000ns})
  Destination:            cpu_inst/id_ex_reg_reg[pc][5]/R
                            (rising edge-triggered cell FDRE clocked by sys_clk_pin  {rise@0.000ns fall@5.000ns period=10.000ns})
  Path Group:             sys_clk_pin
  Path Type:              Setup (Max at Slow Process Corner)
  Requirement:            10.000ns  (sys_clk_pin rise@10.000ns - sys_clk_pin rise@0.000ns)
  Data Path Delay:        10.192ns  (logic 4.633ns (45.459%)  route 5.559ns (54.541%))
  Logic Levels:           12  (CARRY4=3 LUT2=1 LUT3=3 LUT4=1 LUT5=2 LUT6=2)
  Clock Path Skew:        -0.081ns (DCD - SCD + CPR)
    Destination Clock Delay (DCD):    4.790ns = ( 14.790 - 10.000 )
    Source Clock Delay      (SCD):    5.132ns
    Clock Pessimism Removal (CPR):    0.260ns
  Clock Uncertainty:      0.035ns  ((TSJ^2 + TIJ^2)^1/2 + DJ) / 2 + PE
    Total System Jitter     (TSJ):    0.071ns
    Total Input Jitter      (TIJ):    0.000ns
    Discrete Jitter          (DJ):    0.000ns
    Phase Error              (PE):    0.000ns

    Location             Delay type                Incr(ns)  Path(ns)    Netlist Resource(s)
  -------------------------------------------------------------------    -------------------
                         (clock sys_clk_pin rise edge)
                                                      0.000     0.000 r  <hidden>
    W5                                                0.000     0.000 r  clk
                         net (fo=0)                   0.000     0.000    clk
    W5                                                                r  clk_IBUF_inst/I
    W5                   IBUF (Prop_ibuf_I_O)         1.458     1.458 r  clk_IBUF_inst/O
                         net (fo=1, routed)           1.967     3.425    clk_IBUF
    BUFGCTRL_X0Y0                                                     r  clk_IBUF_BUFG_inst/I
    BUFGCTRL_X0Y0        BUFG (Prop_bufg_I_O)         0.096     3.521 r  clk_IBUF_BUFG_inst/O
                         net (fo=1822, routed)        1.611     5.132    cpu_inst/data_mem_inst/clk_IBUF_BUFG
    RAMB18_X0Y2          RAMB18E1                                     r  cpu_inst/data_mem_inst/mem_reg/CLKARDCLK
  -------------------------------------------------------------------    -------------------
    RAMB18_X0Y2          RAMB18E1 (Prop_ramb18e1_CLKARDCLK_DOADO[0])
                                                      2.454     7.586 r  cpu_inst/data_mem_inst/mem_reg/DOADO[0]
                         net (fo=5, routed)           0.673     8.258    cpu_inst/data_mem_inst/read_data[0]
    SLICE_X8Y5                                                        r  cpu_inst/data_mem_inst/deferred_load_data[0]_i_1/I0
    SLICE_X8Y5           LUT3 (Prop_lut3_I0_O)        0.124     8.382 r  cpu_inst/data_mem_inst/deferred_load_data[0]_i_1/O
                         net (fo=5, routed)           0.648     9.031    cpu_inst/data_mem_inst/data2[0]
    SLICE_X9Y5                                                        r  cpu_inst/data_mem_inst/ex_alu_result0_i_8/I4
    SLICE_X9Y5           LUT5 (Prop_lut5_I4_O)        0.124     9.155 r  cpu_inst/data_mem_inst/ex_alu_result0_i_8/O
                         net (fo=3, routed)           0.453     9.608    cpu_inst/dot4acc_pipeline_inst/A[0]
    SLICE_X8Y6                                                        r  cpu_inst/dot4acc_pipeline_inst/product2_reg_reg_i_154/I2
    SLICE_X8Y6           LUT3 (Prop_lut3_I2_O)        0.124     9.732 r  cpu_inst/dot4acc_pipeline_inst/product2_reg_reg_i_154/O
                         net (fo=1, routed)           0.827    10.559    cpu_inst/dot4acc_pipeline_inst/product2_reg_reg_i_154_n_0
    SLICE_X11Y5                                                       r  cpu_inst/dot4acc_pipeline_inst/product2_reg_reg_i_135/I4
    SLICE_X11Y5          LUT6 (Prop_lut6_I4_O)        0.124    10.683 r  cpu_inst/dot4acc_pipeline_inst/product2_reg_reg_i_135/O
                         net (fo=1, routed)           0.000    10.683    cpu_inst/dot4acc_pipeline_inst/product2_reg_reg_i_135_n_0
    SLICE_X11Y5                                                       r  cpu_inst/dot4acc_pipeline_inst/product2_reg_reg_i_127/S[0]
    SLICE_X11Y5          CARRY4 (Prop_carry4_S[0]_CO[3])
                                                      0.532    11.215 r  cpu_inst/dot4acc_pipeline_inst/product2_reg_reg_i_127/CO[3]
                         net (fo=1, routed)           0.000    11.215    cpu_inst/dot4acc_pipeline_inst/product2_reg_reg_i_127_n_0
    SLICE_X11Y6                                                       r  cpu_inst/dot4acc_pipeline_inst/product2_reg_reg_i_98/CI
    SLICE_X11Y6          CARRY4 (Prop_carry4_CI_CO[3])
                                                      0.114    11.329 r  cpu_inst/dot4acc_pipeline_inst/product2_reg_reg_i_98/CO[3]
                         net (fo=1, routed)           0.000    11.329    cpu_inst/dot4acc_pipeline_inst/product2_reg_reg_i_98_n_0
    SLICE_X11Y7                                                       r  cpu_inst/dot4acc_pipeline_inst/product2_reg_reg_i_53/CI
    SLICE_X11Y7          CARRY4 (Prop_carry4_CI_CO[2])
                                                      0.228    11.557 r  cpu_inst/dot4acc_pipeline_inst/product2_reg_reg_i_53/CO[2]
                         net (fo=18, routed)          0.581    12.138    cpu_inst/dot4acc_pipeline_inst/ex_branch_taken0
    SLICE_X10Y7                                                       r  cpu_inst/dot4acc_pipeline_inst/id_ex_reg[pc][31]_i_6/I3
    SLICE_X10Y7          LUT4 (Prop_lut4_I3_O)        0.313    12.451 r  cpu_inst/dot4acc_pipeline_inst/id_ex_reg[pc][31]_i_6/O
                         net (fo=38, routed)          0.509    12.960    cpu_inst/dot4acc_pipeline_inst/id_ex_reg[pc][31]_i_6_n_0
    SLICE_X10Y11                                                      r  cpu_inst/dot4acc_pipeline_inst/id_ex_reg[pc][31]_i_9/I4
    SLICE_X10Y11         LUT5 (Prop_lut5_I4_O)        0.124    13.084 r  cpu_inst/dot4acc_pipeline_inst/id_ex_reg[pc][31]_i_9/O
                         net (fo=3, routed)           0.187    13.271    cpu_inst/dot4acc_pipeline_inst/id_ex_reg[pc][31]_i_9_n_0
    SLICE_X10Y11                                                      r  cpu_inst/dot4acc_pipeline_inst/id_ex_reg[pc][31]_i_8/I5
    SLICE_X10Y11         LUT6 (Prop_lut6_I5_O)        0.124    13.395 r  cpu_inst/dot4acc_pipeline_inst/id_ex_reg[pc][31]_i_8/O
                         net (fo=3, routed)           0.196    13.591    cpu_inst/dot4acc_pipeline_inst/id_ex_reg[pc][31]_i_8_n_0
    SLICE_X10Y11                                                      r  cpu_inst/dot4acc_pipeline_inst/id_ex_reg[pc][31]_i_3/I1
    SLICE_X10Y11         LUT2 (Prop_lut2_I1_O)        0.124    13.715 f  cpu_inst/dot4acc_pipeline_inst/id_ex_reg[pc][31]_i_3/O
                         net (fo=8, routed)           0.825    14.540    cpu_inst/dot4acc_pipeline_inst/id_ex_reg[pc][31]_i_3_n_0
    SLICE_X9Y13                                                       f  cpu_inst/dot4acc_pipeline_inst/id_ex_reg[pc][31]_i_1/I1
    SLICE_X9Y13          LUT3 (Prop_lut3_I1_O)        0.124    14.664 r  cpu_inst/dot4acc_pipeline_inst/id_ex_reg[pc][31]_i_1/O
                         net (fo=64, routed)          0.660    15.323    cpu_inst/dot4acc_pipeline_inst_n_54
    SLICE_X12Y8          FDRE                                         r  cpu_inst/id_ex_reg_reg[pc][5]/R
  -------------------------------------------------------------------    -------------------

                         (clock sys_clk_pin rise edge)
                                                     10.000    10.000 r  <hidden>
    W5                                                0.000    10.000 r  clk
                         net (fo=0)                   0.000    10.000    clk
    W5                                                                r  clk_IBUF_inst/I
    W5                   IBUF (Prop_ibuf_I_O)         1.388    11.388 r  clk_IBUF_inst/O
                         net (fo=1, routed)           1.862    13.250    clk_IBUF
    BUFGCTRL_X0Y0                                                     r  clk_IBUF_BUFG_inst/I
    BUFGCTRL_X0Y0        BUFG (Prop_bufg_I_O)         0.091    13.341 r  clk_IBUF_BUFG_inst/O
                         net (fo=1822, routed)        1.449    14.790    cpu_inst/clk_IBUF_BUFG
    SLICE_X12Y8          FDRE                                         r  cpu_inst/id_ex_reg_reg[pc][5]/C
                         clock pessimism              0.260    15.050    <hidden>
                         clock uncertainty           -0.035    15.015    <hidden>
    SLICE_X12Y8          FDRE (Setup_fdre_C_R)       -0.524    14.491    cpu_inst/id_ex_reg_reg[pc][5]
  -------------------------------------------------------------------
                         required time                         14.491    <hidden>
                         arrival time                         -15.323    <hidden>
  -------------------------------------------------------------------
                         slack                                 -0.832    <hidden>

Slack (VIOLATED) :        -0.832ns  (required time - arrival time)
  Source:                 cpu_inst/data_mem_inst/mem_reg/CLKARDCLK
                            (rising edge-triggered cell RAMB18E1 clocked by sys_clk_pin  {rise@0.000ns fall@5.000ns period=10.000ns})
  Destination:            cpu_inst/id_ex_reg_reg[pc][6]/R
                            (rising edge-triggered cell FDRE clocked by sys_clk_pin  {rise@0.000ns fall@5.000ns period=10.000ns})
  Path Group:             sys_clk_pin
  Path Type:              Setup (Max at Slow Process Corner)
  Requirement:            10.000ns  (sys_clk_pin rise@10.000ns - sys_clk_pin rise@0.000ns)
  Data Path Delay:        10.192ns  (logic 4.633ns (45.459%)  route 5.559ns (54.541%))
  Logic Levels:           12  (CARRY4=3 LUT2=1 LUT3=3 LUT4=1 LUT5=2 LUT6=2)
  Clock Path Skew:        -0.081ns (DCD - SCD + CPR)
    Destination Clock Delay (DCD):    4.790ns = ( 14.790 - 10.000 )
    Source Clock Delay      (SCD):    5.132ns
    Clock Pessimism Removal (CPR):    0.260ns
  Clock Uncertainty:      0.035ns  ((TSJ^2 + TIJ^2)^1/2 + DJ) / 2 + PE
    Total System Jitter     (TSJ):    0.071ns
    Total Input Jitter      (TIJ):    0.000ns
    Discrete Jitter          (DJ):    0.000ns
    Phase Error              (PE):    0.000ns

    Location             Delay type                Incr(ns)  Path(ns)    Netlist Resource(s)
  -------------------------------------------------------------------    -------------------
                         (clock sys_clk_pin rise edge)
                                                      0.000     0.000 r  <hidden>
    W5                                                0.000     0.000 r  clk
                         net (fo=0)                   0.000     0.000    clk
    W5                                                                r  clk_IBUF_inst/I
    W5                   IBUF (Prop_ibuf_I_O)         1.458     1.458 r  clk_IBUF_inst/O
                         net (fo=1, routed)           1.967     3.425    clk_IBUF
    BUFGCTRL_X0Y0                                                     r  clk_IBUF_BUFG_inst/I
    BUFGCTRL_X0Y0        BUFG (Prop_bufg_I_O)         0.096     3.521 r  clk_IBUF_BUFG_inst/O
                         net (fo=1822, routed)        1.611     5.132    cpu_inst/data_mem_inst/clk_IBUF_BUFG
    RAMB18_X0Y2          RAMB18E1                                     r  cpu_inst/data_mem_inst/mem_reg/CLKARDCLK
  -------------------------------------------------------------------    -------------------
    RAMB18_X0Y2          RAMB18E1 (Prop_ramb18e1_CLKARDCLK_DOADO[0])
                                                      2.454     7.586 r  cpu_inst/data_mem_inst/mem_reg/DOADO[0]
                         net (fo=5, routed)           0.673     8.258    cpu_inst/data_mem_inst/read_data[0]
    SLICE_X8Y5                                                        r  cpu_inst/data_mem_inst/deferred_load_data[0]_i_1/I0
    SLICE_X8Y5           LUT3 (Prop_lut3_I0_O)        0.124     8.382 r  cpu_inst/data_mem_inst/deferred_load_data[0]_i_1/O
                         net (fo=5, routed)           0.648     9.031    cpu_inst/data_mem_inst/data2[0]
    SLICE_X9Y5                                                        r  cpu_inst/data_mem_inst/ex_alu_result0_i_8/I4
    SLICE_X9Y5           LUT5 (Prop_lut5_I4_O)        0.124     9.155 r  cpu_inst/data_mem_inst/ex_alu_result0_i_8/O
                         net (fo=3, routed)           0.453     9.608    cpu_inst/dot4acc_pipeline_inst/A[0]
    SLICE_X8Y6                                                        r  cpu_inst/dot4acc_pipeline_inst/product2_reg_reg_i_154/I2
    SLICE_X8Y6           LUT3 (Prop_lut3_I2_O)        0.124     9.732 r  cpu_inst/dot4acc_pipeline_inst/product2_reg_reg_i_154/O
                         net (fo=1, routed)           0.827    10.559    cpu_inst/dot4acc_pipeline_inst/product2_reg_reg_i_154_n_0
    SLICE_X11Y5                                                       r  cpu_inst/dot4acc_pipeline_inst/product2_reg_reg_i_135/I4
    SLICE_X11Y5          LUT6 (Prop_lut6_I4_O)        0.124    10.683 r  cpu_inst/dot4acc_pipeline_inst/product2_reg_reg_i_135/O
                         net (fo=1, routed)           0.000    10.683    cpu_inst/dot4acc_pipeline_inst/product2_reg_reg_i_135_n_0
    SLICE_X11Y5                                                       r  cpu_inst/dot4acc_pipeline_inst/product2_reg_reg_i_127/S[0]
    SLICE_X11Y5          CARRY4 (Prop_carry4_S[0]_CO[3])
                                                      0.532    11.215 r  cpu_inst/dot4acc_pipeline_inst/product2_reg_reg_i_127/CO[3]
                         net (fo=1, routed)           0.000    11.215    cpu_inst/dot4acc_pipeline_inst/product2_reg_reg_i_127_n_0
    SLICE_X11Y6                                                       r  cpu_inst/dot4acc_pipeline_inst/product2_reg_reg_i_98/CI
    SLICE_X11Y6          CARRY4 (Prop_carry4_CI_CO[3])
                                                      0.114    11.329 r  cpu_inst/dot4acc_pipeline_inst/product2_reg_reg_i_98/CO[3]
                         net (fo=1, routed)           0.000    11.329    cpu_inst/dot4acc_pipeline_inst/product2_reg_reg_i_98_n_0
    SLICE_X11Y7                                                       r  cpu_inst/dot4acc_pipeline_inst/product2_reg_reg_i_53/CI
    SLICE_X11Y7          CARRY4 (Prop_carry4_CI_CO[2])
                                                      0.228    11.557 r  cpu_inst/dot4acc_pipeline_inst/product2_reg_reg_i_53/CO[2]
                         net (fo=18, routed)          0.581    12.138    cpu_inst/dot4acc_pipeline_inst/ex_branch_taken0
    SLICE_X10Y7                                                       r  cpu_inst/dot4acc_pipeline_inst/id_ex_reg[pc][31]_i_6/I3
    SLICE_X10Y7          LUT4 (Prop_lut4_I3_O)        0.313    12.451 r  cpu_inst/dot4acc_pipeline_inst/id_ex_reg[pc][31]_i_6/O
                         net (fo=38, routed)          0.509    12.960    cpu_inst/dot4acc_pipeline_inst/id_ex_reg[pc][31]_i_6_n_0
    SLICE_X10Y11                                                      r  cpu_inst/dot4acc_pipeline_inst/id_ex_reg[pc][31]_i_9/I4
    SLICE_X10Y11         LUT5 (Prop_lut5_I4_O)        0.124    13.084 r  cpu_inst/dot4acc_pipeline_inst/id_ex_reg[pc][31]_i_9/O
                         net (fo=3, routed)           0.187    13.271    cpu_inst/dot4acc_pipeline_inst/id_ex_reg[pc][31]_i_9_n_0
    SLICE_X10Y11                                                      r  cpu_inst/dot4acc_pipeline_inst/id_ex_reg[pc][31]_i_8/I5
    SLICE_X10Y11         LUT6 (Prop_lut6_I5_O)        0.124    13.395 r  cpu_inst/dot4acc_pipeline_inst/id_ex_reg[pc][31]_i_8/O
                         net (fo=3, routed)           0.196    13.591    cpu_inst/dot4acc_pipeline_inst/id_ex_reg[pc][31]_i_8_n_0
    SLICE_X10Y11                                                      r  cpu_inst/dot4acc_pipeline_inst/id_ex_reg[pc][31]_i_3/I1
    SLICE_X10Y11         LUT2 (Prop_lut2_I1_O)        0.124    13.715 f  cpu_inst/dot4acc_pipeline_inst/id_ex_reg[pc][31]_i_3/O
                         net (fo=8, routed)           0.825    14.540    cpu_inst/dot4acc_pipeline_inst/id_ex_reg[pc][31]_i_3_n_0
    SLICE_X9Y13                                                       f  cpu_inst/dot4acc_pipeline_inst/id_ex_reg[pc][31]_i_1/I1
    SLICE_X9Y13          LUT3 (Prop_lut3_I1_O)        0.124    14.664 r  cpu_inst/dot4acc_pipeline_inst/id_ex_reg[pc][31]_i_1/O
                         net (fo=64, routed)          0.660    15.323    cpu_inst/dot4acc_pipeline_inst_n_54
    SLICE_X12Y8          FDRE                                         r  cpu_inst/id_ex_reg_reg[pc][6]/R
  -------------------------------------------------------------------    -------------------

                         (clock sys_clk_pin rise edge)
                                                     10.000    10.000 r  <hidden>
    W5                                                0.000    10.000 r  clk
                         net (fo=0)                   0.000    10.000    clk
    W5                                                                r  clk_IBUF_inst/I
    W5                   IBUF (Prop_ibuf_I_O)         1.388    11.388 r  clk_IBUF_inst/O
                         net (fo=1, routed)           1.862    13.250    clk_IBUF
    BUFGCTRL_X0Y0                                                     r  clk_IBUF_BUFG_inst/I
    BUFGCTRL_X0Y0        BUFG (Prop_bufg_I_O)         0.091    13.341 r  clk_IBUF_BUFG_inst/O
                         net (fo=1822, routed)        1.449    14.790    cpu_inst/clk_IBUF_BUFG
    SLICE_X12Y8          FDRE                                         r  cpu_inst/id_ex_reg_reg[pc][6]/C
                         clock pessimism              0.260    15.050    <hidden>
                         clock uncertainty           -0.035    15.015    <hidden>
    SLICE_X12Y8          FDRE (Setup_fdre_C_R)       -0.524    14.491    cpu_inst/id_ex_reg_reg[pc][6]
  -------------------------------------------------------------------
                         required time                         14.491    <hidden>
                         arrival time                         -15.323    <hidden>
  -------------------------------------------------------------------
                         slack                                 -0.832    <hidden>

Slack (VIOLATED) :        -0.811ns  (required time - arrival time)
  Source:                 cpu_inst/data_mem_inst/mem_reg/CLKARDCLK
                            (rising edge-triggered cell RAMB18E1 clocked by sys_clk_pin  {rise@0.000ns fall@5.000ns period=10.000ns})
  Destination:            cpu_inst/id_ex_reg_reg[instruction][17]/R
                            (rising edge-triggered cell FDRE clocked by sys_clk_pin  {rise@0.000ns fall@5.000ns period=10.000ns})
  Path Group:             sys_clk_pin
  Path Type:              Setup (Max at Slow Process Corner)
  Requirement:            10.000ns  (sys_clk_pin rise@10.000ns - sys_clk_pin rise@0.000ns)
  Data Path Delay:        10.331ns  (logic 4.633ns (44.848%)  route 5.698ns (55.152%))
  Logic Levels:           12  (CARRY4=3 LUT2=1 LUT3=3 LUT4=1 LUT5=2 LUT6=2)
  Clock Path Skew:        -0.016ns (DCD - SCD + CPR)
    Destination Clock Delay (DCD):    4.855ns = ( 14.855 - 10.000 )
    Source Clock Delay      (SCD):    5.132ns
    Clock Pessimism Removal (CPR):    0.260ns
  Clock Uncertainty:      0.035ns  ((TSJ^2 + TIJ^2)^1/2 + DJ) / 2 + PE
    Total System Jitter     (TSJ):    0.071ns
    Total Input Jitter      (TIJ):    0.000ns
    Discrete Jitter          (DJ):    0.000ns
    Phase Error              (PE):    0.000ns

    Location             Delay type                Incr(ns)  Path(ns)    Netlist Resource(s)
  -------------------------------------------------------------------    -------------------
                         (clock sys_clk_pin rise edge)
                                                      0.000     0.000 r  <hidden>
    W5                                                0.000     0.000 r  clk
                         net (fo=0)                   0.000     0.000    clk
    W5                                                                r  clk_IBUF_inst/I
    W5                   IBUF (Prop_ibuf_I_O)         1.458     1.458 r  clk_IBUF_inst/O
                         net (fo=1, routed)           1.967     3.425    clk_IBUF
    BUFGCTRL_X0Y0                                                     r  clk_IBUF_BUFG_inst/I
    BUFGCTRL_X0Y0        BUFG (Prop_bufg_I_O)         0.096     3.521 r  clk_IBUF_BUFG_inst/O
                         net (fo=1822, routed)        1.611     5.132    cpu_inst/data_mem_inst/clk_IBUF_BUFG
    RAMB18_X0Y2          RAMB18E1                                     r  cpu_inst/data_mem_inst/mem_reg/CLKARDCLK
  -------------------------------------------------------------------    -------------------
    RAMB18_X0Y2          RAMB18E1 (Prop_ramb18e1_CLKARDCLK_DOADO[0])
                                                      2.454     7.586 r  cpu_inst/data_mem_inst/mem_reg/DOADO[0]
                         net (fo=5, routed)           0.673     8.258    cpu_inst/data_mem_inst/read_data[0]
    SLICE_X8Y5                                                        r  cpu_inst/data_mem_inst/deferred_load_data[0]_i_1/I0
    SLICE_X8Y5           LUT3 (Prop_lut3_I0_O)        0.124     8.382 r  cpu_inst/data_mem_inst/deferred_load_data[0]_i_1/O
                         net (fo=5, routed)           0.648     9.031    cpu_inst/data_mem_inst/data2[0]
    SLICE_X9Y5                                                        r  cpu_inst/data_mem_inst/ex_alu_result0_i_8/I4
    SLICE_X9Y5           LUT5 (Prop_lut5_I4_O)        0.124     9.155 r  cpu_inst/data_mem_inst/ex_alu_result0_i_8/O
                         net (fo=3, routed)           0.453     9.608    cpu_inst/dot4acc_pipeline_inst/A[0]
    SLICE_X8Y6                                                        r  cpu_inst/dot4acc_pipeline_inst/product2_reg_reg_i_154/I2
    SLICE_X8Y6           LUT3 (Prop_lut3_I2_O)        0.124     9.732 r  cpu_inst/dot4acc_pipeline_inst/product2_reg_reg_i_154/O
                         net (fo=1, routed)           0.827    10.559    cpu_inst/dot4acc_pipeline_inst/product2_reg_reg_i_154_n_0
    SLICE_X11Y5                                                       r  cpu_inst/dot4acc_pipeline_inst/product2_reg_reg_i_135/I4
    SLICE_X11Y5          LUT6 (Prop_lut6_I4_O)        0.124    10.683 r  cpu_inst/dot4acc_pipeline_inst/product2_reg_reg_i_135/O
                         net (fo=1, routed)           0.000    10.683    cpu_inst/dot4acc_pipeline_inst/product2_reg_reg_i_135_n_0
    SLICE_X11Y5                                                       r  cpu_inst/dot4acc_pipeline_inst/product2_reg_reg_i_127/S[0]
    SLICE_X11Y5          CARRY4 (Prop_carry4_S[0]_CO[3])
                                                      0.532    11.215 r  cpu_inst/dot4acc_pipeline_inst/product2_reg_reg_i_127/CO[3]
                         net (fo=1, routed)           0.000    11.215    cpu_inst/dot4acc_pipeline_inst/product2_reg_reg_i_127_n_0
    SLICE_X11Y6                                                       r  cpu_inst/dot4acc_pipeline_inst/product2_reg_reg_i_98/CI
    SLICE_X11Y6          CARRY4 (Prop_carry4_CI_CO[3])
                                                      0.114    11.329 r  cpu_inst/dot4acc_pipeline_inst/product2_reg_reg_i_98/CO[3]
                         net (fo=1, routed)           0.000    11.329    cpu_inst/dot4acc_pipeline_inst/product2_reg_reg_i_98_n_0
    SLICE_X11Y7                                                       r  cpu_inst/dot4acc_pipeline_inst/product2_reg_reg_i_53/CI
    SLICE_X11Y7          CARRY4 (Prop_carry4_CI_CO[2])
                                                      0.228    11.557 r  cpu_inst/dot4acc_pipeline_inst/product2_reg_reg_i_53/CO[2]
                         net (fo=18, routed)          0.581    12.138    cpu_inst/dot4acc_pipeline_inst/ex_branch_taken0
    SLICE_X10Y7                                                       r  cpu_inst/dot4acc_pipeline_inst/id_ex_reg[pc][31]_i_6/I3
    SLICE_X10Y7          LUT4 (Prop_lut4_I3_O)        0.313    12.451 r  cpu_inst/dot4acc_pipeline_inst/id_ex_reg[pc][31]_i_6/O
                         net (fo=38, routed)          0.509    12.960    cpu_inst/dot4acc_pipeline_inst/id_ex_reg[pc][31]_i_6_n_0
    SLICE_X10Y11                                                      r  cpu_inst/dot4acc_pipeline_inst/id_ex_reg[pc][31]_i_9/I4
    SLICE_X10Y11         LUT5 (Prop_lut5_I4_O)        0.124    13.084 r  cpu_inst/dot4acc_pipeline_inst/id_ex_reg[pc][31]_i_9/O
                         net (fo=3, routed)           0.187    13.271    cpu_inst/dot4acc_pipeline_inst/id_ex_reg[pc][31]_i_9_n_0
    SLICE_X10Y11                                                      r  cpu_inst/dot4acc_pipeline_inst/id_ex_reg[pc][31]_i_8/I5
    SLICE_X10Y11         LUT6 (Prop_lut6_I5_O)        0.124    13.395 r  cpu_inst/dot4acc_pipeline_inst/id_ex_reg[pc][31]_i_8/O
                         net (fo=3, routed)           0.196    13.591    cpu_inst/dot4acc_pipeline_inst/id_ex_reg[pc][31]_i_8_n_0
    SLICE_X10Y11                                                      r  cpu_inst/dot4acc_pipeline_inst/id_ex_reg[pc][31]_i_3/I1
    SLICE_X10Y11         LUT2 (Prop_lut2_I1_O)        0.124    13.715 f  cpu_inst/dot4acc_pipeline_inst/id_ex_reg[pc][31]_i_3/O
                         net (fo=8, routed)           0.825    14.540    cpu_inst/dot4acc_pipeline_inst/id_ex_reg[pc][31]_i_3_n_0
    SLICE_X9Y13                                                       f  cpu_inst/dot4acc_pipeline_inst/id_ex_reg[pc][31]_i_1/I1
    SLICE_X9Y13          LUT3 (Prop_lut3_I1_O)        0.124    14.664 r  cpu_inst/dot4acc_pipeline_inst/id_ex_reg[pc][31]_i_1/O
                         net (fo=64, routed)          0.798    15.462    cpu_inst/dot4acc_pipeline_inst_n_54
    SLICE_X7Y11          FDRE                                         r  cpu_inst/id_ex_reg_reg[instruction][17]/R
  -------------------------------------------------------------------    -------------------

                         (clock sys_clk_pin rise edge)
                                                     10.000    10.000 r  <hidden>
    W5                                                0.000    10.000 r  clk
                         net (fo=0)                   0.000    10.000    clk
    W5                                                                r  clk_IBUF_inst/I
    W5                   IBUF (Prop_ibuf_I_O)         1.388    11.388 r  clk_IBUF_inst/O
                         net (fo=1, routed)           1.862    13.250    clk_IBUF
    BUFGCTRL_X0Y0                                                     r  clk_IBUF_BUFG_inst/I
    BUFGCTRL_X0Y0        BUFG (Prop_bufg_I_O)         0.091    13.341 r  clk_IBUF_BUFG_inst/O
                         net (fo=1822, routed)        1.514    14.855    cpu_inst/clk_IBUF_BUFG
    SLICE_X7Y11          FDRE                                         r  cpu_inst/id_ex_reg_reg[instruction][17]/C
                         clock pessimism              0.260    15.115    <hidden>
                         clock uncertainty           -0.035    15.080    <hidden>
    SLICE_X7Y11          FDRE (Setup_fdre_C_R)       -0.429    14.651    cpu_inst/id_ex_reg_reg[instruction][17]
  -------------------------------------------------------------------
                         required time                         14.651    <hidden>
                         arrival time                         -15.462    <hidden>
  -------------------------------------------------------------------
                         slack                                 -0.811    <hidden>

Slack (VIOLATED) :        -0.811ns  (required time - arrival time)
  Source:                 cpu_inst/data_mem_inst/mem_reg/CLKARDCLK
                            (rising edge-triggered cell RAMB18E1 clocked by sys_clk_pin  {rise@0.000ns fall@5.000ns period=10.000ns})
  Destination:            cpu_inst/id_ex_reg_reg[instruction][0]/R
                            (rising edge-triggered cell FDRE clocked by sys_clk_pin  {rise@0.000ns fall@5.000ns period=10.000ns})
  Path Group:             sys_clk_pin
  Path Type:              Setup (Max at Slow Process Corner)
  Requirement:            10.000ns  (sys_clk_pin rise@10.000ns - sys_clk_pin rise@0.000ns)
  Data Path Delay:        10.261ns  (logic 4.633ns (45.150%)  route 5.628ns (54.850%))
  Logic Levels:           12  (CARRY4=3 LUT2=1 LUT3=3 LUT4=1 LUT5=2 LUT6=2)
  Clock Path Skew:        -0.085ns (DCD - SCD + CPR)
    Destination Clock Delay (DCD):    4.786ns = ( 14.786 - 10.000 )
    Source Clock Delay      (SCD):    5.132ns
    Clock Pessimism Removal (CPR):    0.260ns
  Clock Uncertainty:      0.035ns  ((TSJ^2 + TIJ^2)^1/2 + DJ) / 2 + PE
    Total System Jitter     (TSJ):    0.071ns
    Total Input Jitter      (TIJ):    0.000ns
    Discrete Jitter          (DJ):    0.000ns
    Phase Error              (PE):    0.000ns

    Location             Delay type                Incr(ns)  Path(ns)    Netlist Resource(s)
  -------------------------------------------------------------------    -------------------
                         (clock sys_clk_pin rise edge)
                                                      0.000     0.000 r  <hidden>
    W5                                                0.000     0.000 r  clk
                         net (fo=0)                   0.000     0.000    clk
    W5                                                                r  clk_IBUF_inst/I
    W5                   IBUF (Prop_ibuf_I_O)         1.458     1.458 r  clk_IBUF_inst/O
                         net (fo=1, routed)           1.967     3.425    clk_IBUF
    BUFGCTRL_X0Y0                                                     r  clk_IBUF_BUFG_inst/I
    BUFGCTRL_X0Y0        BUFG (Prop_bufg_I_O)         0.096     3.521 r  clk_IBUF_BUFG_inst/O
                         net (fo=1822, routed)        1.611     5.132    cpu_inst/data_mem_inst/clk_IBUF_BUFG
    RAMB18_X0Y2          RAMB18E1                                     r  cpu_inst/data_mem_inst/mem_reg/CLKARDCLK
  -------------------------------------------------------------------    -------------------
    RAMB18_X0Y2          RAMB18E1 (Prop_ramb18e1_CLKARDCLK_DOADO[0])
                                                      2.454     7.586 r  cpu_inst/data_mem_inst/mem_reg/DOADO[0]
                         net (fo=5, routed)           0.673     8.258    cpu_inst/data_mem_inst/read_data[0]
    SLICE_X8Y5                                                        r  cpu_inst/data_mem_inst/deferred_load_data[0]_i_1/I0
    SLICE_X8Y5           LUT3 (Prop_lut3_I0_O)        0.124     8.382 r  cpu_inst/data_mem_inst/deferred_load_data[0]_i_1/O
                         net (fo=5, routed)           0.648     9.031    cpu_inst/data_mem_inst/data2[0]
    SLICE_X9Y5                                                        r  cpu_inst/data_mem_inst/ex_alu_result0_i_8/I4
    SLICE_X9Y5           LUT5 (Prop_lut5_I4_O)        0.124     9.155 r  cpu_inst/data_mem_inst/ex_alu_result0_i_8/O
                         net (fo=3, routed)           0.453     9.608    cpu_inst/dot4acc_pipeline_inst/A[0]
    SLICE_X8Y6                                                        r  cpu_inst/dot4acc_pipeline_inst/product2_reg_reg_i_154/I2
    SLICE_X8Y6           LUT3 (Prop_lut3_I2_O)        0.124     9.732 r  cpu_inst/dot4acc_pipeline_inst/product2_reg_reg_i_154/O
                         net (fo=1, routed)           0.827    10.559    cpu_inst/dot4acc_pipeline_inst/product2_reg_reg_i_154_n_0
    SLICE_X11Y5                                                       r  cpu_inst/dot4acc_pipeline_inst/product2_reg_reg_i_135/I4
    SLICE_X11Y5          LUT6 (Prop_lut6_I4_O)        0.124    10.683 r  cpu_inst/dot4acc_pipeline_inst/product2_reg_reg_i_135/O
                         net (fo=1, routed)           0.000    10.683    cpu_inst/dot4acc_pipeline_inst/product2_reg_reg_i_135_n_0
    SLICE_X11Y5                                                       r  cpu_inst/dot4acc_pipeline_inst/product2_reg_reg_i_127/S[0]
    SLICE_X11Y5          CARRY4 (Prop_carry4_S[0]_CO[3])
                                                      0.532    11.215 r  cpu_inst/dot4acc_pipeline_inst/product2_reg_reg_i_127/CO[3]
                         net (fo=1, routed)           0.000    11.215    cpu_inst/dot4acc_pipeline_inst/product2_reg_reg_i_127_n_0
    SLICE_X11Y6                                                       r  cpu_inst/dot4acc_pipeline_inst/product2_reg_reg_i_98/CI
    SLICE_X11Y6          CARRY4 (Prop_carry4_CI_CO[3])
                                                      0.114    11.329 r  cpu_inst/dot4acc_pipeline_inst/product2_reg_reg_i_98/CO[3]
                         net (fo=1, routed)           0.000    11.329    cpu_inst/dot4acc_pipeline_inst/product2_reg_reg_i_98_n_0
    SLICE_X11Y7                                                       r  cpu_inst/dot4acc_pipeline_inst/product2_reg_reg_i_53/CI
    SLICE_X11Y7          CARRY4 (Prop_carry4_CI_CO[2])
                                                      0.228    11.557 r  cpu_inst/dot4acc_pipeline_inst/product2_reg_reg_i_53/CO[2]
                         net (fo=18, routed)          0.581    12.138    cpu_inst/dot4acc_pipeline_inst/ex_branch_taken0
    SLICE_X10Y7                                                       r  cpu_inst/dot4acc_pipeline_inst/id_ex_reg[pc][31]_i_6/I3
    SLICE_X10Y7          LUT4 (Prop_lut4_I3_O)        0.313    12.451 r  cpu_inst/dot4acc_pipeline_inst/id_ex_reg[pc][31]_i_6/O
                         net (fo=38, routed)          0.509    12.960    cpu_inst/dot4acc_pipeline_inst/id_ex_reg[pc][31]_i_6_n_0
    SLICE_X10Y11                                                      r  cpu_inst/dot4acc_pipeline_inst/id_ex_reg[pc][31]_i_9/I4
    SLICE_X10Y11         LUT5 (Prop_lut5_I4_O)        0.124    13.084 r  cpu_inst/dot4acc_pipeline_inst/id_ex_reg[pc][31]_i_9/O
                         net (fo=3, routed)           0.187    13.271    cpu_inst/dot4acc_pipeline_inst/id_ex_reg[pc][31]_i_9_n_0
    SLICE_X10Y11                                                      r  cpu_inst/dot4acc_pipeline_inst/id_ex_reg[pc][31]_i_8/I5
    SLICE_X10Y11         LUT6 (Prop_lut6_I5_O)        0.124    13.395 r  cpu_inst/dot4acc_pipeline_inst/id_ex_reg[pc][31]_i_8/O
                         net (fo=3, routed)           0.196    13.591    cpu_inst/dot4acc_pipeline_inst/id_ex_reg[pc][31]_i_8_n_0
    SLICE_X10Y11                                                      r  cpu_inst/dot4acc_pipeline_inst/id_ex_reg[pc][31]_i_3/I1
    SLICE_X10Y11         LUT2 (Prop_lut2_I1_O)        0.124    13.715 f  cpu_inst/dot4acc_pipeline_inst/id_ex_reg[pc][31]_i_3/O
                         net (fo=8, routed)           0.825    14.540    cpu_inst/dot4acc_pipeline_inst/id_ex_reg[pc][31]_i_3_n_0
    SLICE_X9Y13                                                       f  cpu_inst/dot4acc_pipeline_inst/id_ex_reg[pc][31]_i_1/I1
    SLICE_X9Y13          LUT3 (Prop_lut3_I1_O)        0.124    14.664 r  cpu_inst/dot4acc_pipeline_inst/id_ex_reg[pc][31]_i_1/O
                         net (fo=64, routed)          0.729    15.393    cpu_inst/dot4acc_pipeline_inst_n_54
    SLICE_X11Y15         FDRE                                         r  cpu_inst/id_ex_reg_reg[instruction][0]/R
  -------------------------------------------------------------------    -------------------

                         (clock sys_clk_pin rise edge)
                                                     10.000    10.000 r  <hidden>
    W5                                                0.000    10.000 r  clk
                         net (fo=0)                   0.000    10.000    clk
    W5                                                                r  clk_IBUF_inst/I
    W5                   IBUF (Prop_ibuf_I_O)         1.388    11.388 r  clk_IBUF_inst/O
                         net (fo=1, routed)           1.862    13.250    clk_IBUF
    BUFGCTRL_X0Y0                                                     r  clk_IBUF_BUFG_inst/I
    BUFGCTRL_X0Y0        BUFG (Prop_bufg_I_O)         0.091    13.341 r  clk_IBUF_BUFG_inst/O
                         net (fo=1822, routed)        1.445    14.786    cpu_inst/clk_IBUF_BUFG
    SLICE_X11Y15         FDRE                                         r  cpu_inst/id_ex_reg_reg[instruction][0]/C
                         clock pessimism              0.260    15.046    <hidden>
                         clock uncertainty           -0.035    15.011    <hidden>
    SLICE_X11Y15         FDRE (Setup_fdre_C_R)       -0.429    14.582    cpu_inst/id_ex_reg_reg[instruction][0]
  -------------------------------------------------------------------
                         required time                         14.582    <hidden>
                         arrival time                         -15.393    <hidden>
  -------------------------------------------------------------------
                         slack                                 -0.811    <hidden>

Slack (VIOLATED) :        -0.811ns  (required time - arrival time)
  Source:                 cpu_inst/data_mem_inst/mem_reg/CLKARDCLK
                            (rising edge-triggered cell RAMB18E1 clocked by sys_clk_pin  {rise@0.000ns fall@5.000ns period=10.000ns})
  Destination:            cpu_inst/id_ex_reg_reg[instruction][10]/R
                            (rising edge-triggered cell FDRE clocked by sys_clk_pin  {rise@0.000ns fall@5.000ns period=10.000ns})
  Path Group:             sys_clk_pin
  Path Type:              Setup (Max at Slow Process Corner)
  Requirement:            10.000ns  (sys_clk_pin rise@10.000ns - sys_clk_pin rise@0.000ns)
  Data Path Delay:        10.261ns  (logic 4.633ns (45.150%)  route 5.628ns (54.850%))
  Logic Levels:           12  (CARRY4=3 LUT2=1 LUT3=3 LUT4=1 LUT5=2 LUT6=2)
  Clock Path Skew:        -0.085ns (DCD - SCD + CPR)
    Destination Clock Delay (DCD):    4.786ns = ( 14.786 - 10.000 )
    Source Clock Delay      (SCD):    5.132ns
    Clock Pessimism Removal (CPR):    0.260ns
  Clock Uncertainty:      0.035ns  ((TSJ^2 + TIJ^2)^1/2 + DJ) / 2 + PE
    Total System Jitter     (TSJ):    0.071ns
    Total Input Jitter      (TIJ):    0.000ns
    Discrete Jitter          (DJ):    0.000ns
    Phase Error              (PE):    0.000ns

    Location             Delay type                Incr(ns)  Path(ns)    Netlist Resource(s)
  -------------------------------------------------------------------    -------------------
                         (clock sys_clk_pin rise edge)
                                                      0.000     0.000 r  <hidden>
    W5                                                0.000     0.000 r  clk
                         net (fo=0)                   0.000     0.000    clk
    W5                                                                r  clk_IBUF_inst/I
    W5                   IBUF (Prop_ibuf_I_O)         1.458     1.458 r  clk_IBUF_inst/O
                         net (fo=1, routed)           1.967     3.425    clk_IBUF
    BUFGCTRL_X0Y0                                                     r  clk_IBUF_BUFG_inst/I
    BUFGCTRL_X0Y0        BUFG (Prop_bufg_I_O)         0.096     3.521 r  clk_IBUF_BUFG_inst/O
                         net (fo=1822, routed)        1.611     5.132    cpu_inst/data_mem_inst/clk_IBUF_BUFG
    RAMB18_X0Y2          RAMB18E1                                     r  cpu_inst/data_mem_inst/mem_reg/CLKARDCLK
  -------------------------------------------------------------------    -------------------
    RAMB18_X0Y2          RAMB18E1 (Prop_ramb18e1_CLKARDCLK_DOADO[0])
                                                      2.454     7.586 r  cpu_inst/data_mem_inst/mem_reg/DOADO[0]
                         net (fo=5, routed)           0.673     8.258    cpu_inst/data_mem_inst/read_data[0]
    SLICE_X8Y5                                                        r  cpu_inst/data_mem_inst/deferred_load_data[0]_i_1/I0
    SLICE_X8Y5           LUT3 (Prop_lut3_I0_O)        0.124     8.382 r  cpu_inst/data_mem_inst/deferred_load_data[0]_i_1/O
                         net (fo=5, routed)           0.648     9.031    cpu_inst/data_mem_inst/data2[0]
    SLICE_X9Y5                                                        r  cpu_inst/data_mem_inst/ex_alu_result0_i_8/I4
    SLICE_X9Y5           LUT5 (Prop_lut5_I4_O)        0.124     9.155 r  cpu_inst/data_mem_inst/ex_alu_result0_i_8/O
                         net (fo=3, routed)           0.453     9.608    cpu_inst/dot4acc_pipeline_inst/A[0]
    SLICE_X8Y6                                                        r  cpu_inst/dot4acc_pipeline_inst/product2_reg_reg_i_154/I2
    SLICE_X8Y6           LUT3 (Prop_lut3_I2_O)        0.124     9.732 r  cpu_inst/dot4acc_pipeline_inst/product2_reg_reg_i_154/O
                         net (fo=1, routed)           0.827    10.559    cpu_inst/dot4acc_pipeline_inst/product2_reg_reg_i_154_n_0
    SLICE_X11Y5                                                       r  cpu_inst/dot4acc_pipeline_inst/product2_reg_reg_i_135/I4
    SLICE_X11Y5          LUT6 (Prop_lut6_I4_O)        0.124    10.683 r  cpu_inst/dot4acc_pipeline_inst/product2_reg_reg_i_135/O
                         net (fo=1, routed)           0.000    10.683    cpu_inst/dot4acc_pipeline_inst/product2_reg_reg_i_135_n_0
    SLICE_X11Y5                                                       r  cpu_inst/dot4acc_pipeline_inst/product2_reg_reg_i_127/S[0]
    SLICE_X11Y5          CARRY4 (Prop_carry4_S[0]_CO[3])
                                                      0.532    11.215 r  cpu_inst/dot4acc_pipeline_inst/product2_reg_reg_i_127/CO[3]
                         net (fo=1, routed)           0.000    11.215    cpu_inst/dot4acc_pipeline_inst/product2_reg_reg_i_127_n_0
    SLICE_X11Y6                                                       r  cpu_inst/dot4acc_pipeline_inst/product2_reg_reg_i_98/CI
    SLICE_X11Y6          CARRY4 (Prop_carry4_CI_CO[3])
                                                      0.114    11.329 r  cpu_inst/dot4acc_pipeline_inst/product2_reg_reg_i_98/CO[3]
                         net (fo=1, routed)           0.000    11.329    cpu_inst/dot4acc_pipeline_inst/product2_reg_reg_i_98_n_0
    SLICE_X11Y7                                                       r  cpu_inst/dot4acc_pipeline_inst/product2_reg_reg_i_53/CI
    SLICE_X11Y7          CARRY4 (Prop_carry4_CI_CO[2])
                                                      0.228    11.557 r  cpu_inst/dot4acc_pipeline_inst/product2_reg_reg_i_53/CO[2]
                         net (fo=18, routed)          0.581    12.138    cpu_inst/dot4acc_pipeline_inst/ex_branch_taken0
    SLICE_X10Y7                                                       r  cpu_inst/dot4acc_pipeline_inst/id_ex_reg[pc][31]_i_6/I3
    SLICE_X10Y7          LUT4 (Prop_lut4_I3_O)        0.313    12.451 r  cpu_inst/dot4acc_pipeline_inst/id_ex_reg[pc][31]_i_6/O
                         net (fo=38, routed)          0.509    12.960    cpu_inst/dot4acc_pipeline_inst/id_ex_reg[pc][31]_i_6_n_0
    SLICE_X10Y11                                                      r  cpu_inst/dot4acc_pipeline_inst/id_ex_reg[pc][31]_i_9/I4
    SLICE_X10Y11         LUT5 (Prop_lut5_I4_O)        0.124    13.084 r  cpu_inst/dot4acc_pipeline_inst/id_ex_reg[pc][31]_i_9/O
                         net (fo=3, routed)           0.187    13.271    cpu_inst/dot4acc_pipeline_inst/id_ex_reg[pc][31]_i_9_n_0
    SLICE_X10Y11                                                      r  cpu_inst/dot4acc_pipeline_inst/id_ex_reg[pc][31]_i_8/I5
    SLICE_X10Y11         LUT6 (Prop_lut6_I5_O)        0.124    13.395 r  cpu_inst/dot4acc_pipeline_inst/id_ex_reg[pc][31]_i_8/O
                         net (fo=3, routed)           0.196    13.591    cpu_inst/dot4acc_pipeline_inst/id_ex_reg[pc][31]_i_8_n_0
    SLICE_X10Y11                                                      r  cpu_inst/dot4acc_pipeline_inst/id_ex_reg[pc][31]_i_3/I1
    SLICE_X10Y11         LUT2 (Prop_lut2_I1_O)        0.124    13.715 f  cpu_inst/dot4acc_pipeline_inst/id_ex_reg[pc][31]_i_3/O
                         net (fo=8, routed)           0.825    14.540    cpu_inst/dot4acc_pipeline_inst/id_ex_reg[pc][31]_i_3_n_0
    SLICE_X9Y13                                                       f  cpu_inst/dot4acc_pipeline_inst/id_ex_reg[pc][31]_i_1/I1
    SLICE_X9Y13          LUT3 (Prop_lut3_I1_O)        0.124    14.664 r  cpu_inst/dot4acc_pipeline_inst/id_ex_reg[pc][31]_i_1/O
                         net (fo=64, routed)          0.729    15.393    cpu_inst/dot4acc_pipeline_inst_n_54
    SLICE_X11Y15         FDRE                                         r  cpu_inst/id_ex_reg_reg[instruction][10]/R
  -------------------------------------------------------------------    -------------------

                         (clock sys_clk_pin rise edge)
                                                     10.000    10.000 r  <hidden>
    W5                                                0.000    10.000 r  clk
                         net (fo=0)                   0.000    10.000    clk
    W5                                                                r  clk_IBUF_inst/I
    W5                   IBUF (Prop_ibuf_I_O)         1.388    11.388 r  clk_IBUF_inst/O
                         net (fo=1, routed)           1.862    13.250    clk_IBUF
    BUFGCTRL_X0Y0                                                     r  clk_IBUF_BUFG_inst/I
    BUFGCTRL_X0Y0        BUFG (Prop_bufg_I_O)         0.091    13.341 r  clk_IBUF_BUFG_inst/O
                         net (fo=1822, routed)        1.445    14.786    cpu_inst/clk_IBUF_BUFG
    SLICE_X11Y15         FDRE                                         r  cpu_inst/id_ex_reg_reg[instruction][10]/C
                         clock pessimism              0.260    15.046    <hidden>
                         clock uncertainty           -0.035    15.011    <hidden>
    SLICE_X11Y15         FDRE (Setup_fdre_C_R)       -0.429    14.582    cpu_inst/id_ex_reg_reg[instruction][10]
  -------------------------------------------------------------------
                         required time                         14.582    <hidden>
                         arrival time                         -15.393    <hidden>
  -------------------------------------------------------------------
                         slack                                 -0.811    <hidden>

Slack (VIOLATED) :        -0.811ns  (required time - arrival time)
  Source:                 cpu_inst/data_mem_inst/mem_reg/CLKARDCLK
                            (rising edge-triggered cell RAMB18E1 clocked by sys_clk_pin  {rise@0.000ns fall@5.000ns period=10.000ns})
  Destination:            cpu_inst/id_ex_reg_reg[instruction][12]/R
                            (rising edge-triggered cell FDRE clocked by sys_clk_pin  {rise@0.000ns fall@5.000ns period=10.000ns})
  Path Group:             sys_clk_pin
  Path Type:              Setup (Max at Slow Process Corner)
  Requirement:            10.000ns  (sys_clk_pin rise@10.000ns - sys_clk_pin rise@0.000ns)
  Data Path Delay:        10.261ns  (logic 4.633ns (45.150%)  route 5.628ns (54.850%))
  Logic Levels:           12  (CARRY4=3 LUT2=1 LUT3=3 LUT4=1 LUT5=2 LUT6=2)
  Clock Path Skew:        -0.085ns (DCD - SCD + CPR)
    Destination Clock Delay (DCD):    4.786ns = ( 14.786 - 10.000 )
    Source Clock Delay      (SCD):    5.132ns
    Clock Pessimism Removal (CPR):    0.260ns
  Clock Uncertainty:      0.035ns  ((TSJ^2 + TIJ^2)^1/2 + DJ) / 2 + PE
    Total System Jitter     (TSJ):    0.071ns
    Total Input Jitter      (TIJ):    0.000ns
    Discrete Jitter          (DJ):    0.000ns
    Phase Error              (PE):    0.000ns

    Location             Delay type                Incr(ns)  Path(ns)    Netlist Resource(s)
  -------------------------------------------------------------------    -------------------
                         (clock sys_clk_pin rise edge)
                                                      0.000     0.000 r  <hidden>
    W5                                                0.000     0.000 r  clk
                         net (fo=0)                   0.000     0.000    clk
    W5                                                                r  clk_IBUF_inst/I
    W5                   IBUF (Prop_ibuf_I_O)         1.458     1.458 r  clk_IBUF_inst/O
                         net (fo=1, routed)           1.967     3.425    clk_IBUF
    BUFGCTRL_X0Y0                                                     r  clk_IBUF_BUFG_inst/I
    BUFGCTRL_X0Y0        BUFG (Prop_bufg_I_O)         0.096     3.521 r  clk_IBUF_BUFG_inst/O
                         net (fo=1822, routed)        1.611     5.132    cpu_inst/data_mem_inst/clk_IBUF_BUFG
    RAMB18_X0Y2          RAMB18E1                                     r  cpu_inst/data_mem_inst/mem_reg/CLKARDCLK
  -------------------------------------------------------------------    -------------------
    RAMB18_X0Y2          RAMB18E1 (Prop_ramb18e1_CLKARDCLK_DOADO[0])
                                                      2.454     7.586 r  cpu_inst/data_mem_inst/mem_reg/DOADO[0]
                         net (fo=5, routed)           0.673     8.258    cpu_inst/data_mem_inst/read_data[0]
    SLICE_X8Y5                                                        r  cpu_inst/data_mem_inst/deferred_load_data[0]_i_1/I0
    SLICE_X8Y5           LUT3 (Prop_lut3_I0_O)        0.124     8.382 r  cpu_inst/data_mem_inst/deferred_load_data[0]_i_1/O
                         net (fo=5, routed)           0.648     9.031    cpu_inst/data_mem_inst/data2[0]
    SLICE_X9Y5                                                        r  cpu_inst/data_mem_inst/ex_alu_result0_i_8/I4
    SLICE_X9Y5           LUT5 (Prop_lut5_I4_O)        0.124     9.155 r  cpu_inst/data_mem_inst/ex_alu_result0_i_8/O
                         net (fo=3, routed)           0.453     9.608    cpu_inst/dot4acc_pipeline_inst/A[0]
    SLICE_X8Y6                                                        r  cpu_inst/dot4acc_pipeline_inst/product2_reg_reg_i_154/I2
    SLICE_X8Y6           LUT3 (Prop_lut3_I2_O)        0.124     9.732 r  cpu_inst/dot4acc_pipeline_inst/product2_reg_reg_i_154/O
                         net (fo=1, routed)           0.827    10.559    cpu_inst/dot4acc_pipeline_inst/product2_reg_reg_i_154_n_0
    SLICE_X11Y5                                                       r  cpu_inst/dot4acc_pipeline_inst/product2_reg_reg_i_135/I4
    SLICE_X11Y5          LUT6 (Prop_lut6_I4_O)        0.124    10.683 r  cpu_inst/dot4acc_pipeline_inst/product2_reg_reg_i_135/O
                         net (fo=1, routed)           0.000    10.683    cpu_inst/dot4acc_pipeline_inst/product2_reg_reg_i_135_n_0
    SLICE_X11Y5                                                       r  cpu_inst/dot4acc_pipeline_inst/product2_reg_reg_i_127/S[0]
    SLICE_X11Y5          CARRY4 (Prop_carry4_S[0]_CO[3])
                                                      0.532    11.215 r  cpu_inst/dot4acc_pipeline_inst/product2_reg_reg_i_127/CO[3]
                         net (fo=1, routed)           0.000    11.215    cpu_inst/dot4acc_pipeline_inst/product2_reg_reg_i_127_n_0
    SLICE_X11Y6                                                       r  cpu_inst/dot4acc_pipeline_inst/product2_reg_reg_i_98/CI
    SLICE_X11Y6          CARRY4 (Prop_carry4_CI_CO[3])
                                                      0.114    11.329 r  cpu_inst/dot4acc_pipeline_inst/product2_reg_reg_i_98/CO[3]
                         net (fo=1, routed)           0.000    11.329    cpu_inst/dot4acc_pipeline_inst/product2_reg_reg_i_98_n_0
    SLICE_X11Y7                                                       r  cpu_inst/dot4acc_pipeline_inst/product2_reg_reg_i_53/CI
    SLICE_X11Y7          CARRY4 (Prop_carry4_CI_CO[2])
                                                      0.228    11.557 r  cpu_inst/dot4acc_pipeline_inst/product2_reg_reg_i_53/CO[2]
                         net (fo=18, routed)          0.581    12.138    cpu_inst/dot4acc_pipeline_inst/ex_branch_taken0
    SLICE_X10Y7                                                       r  cpu_inst/dot4acc_pipeline_inst/id_ex_reg[pc][31]_i_6/I3
    SLICE_X10Y7          LUT4 (Prop_lut4_I3_O)        0.313    12.451 r  cpu_inst/dot4acc_pipeline_inst/id_ex_reg[pc][31]_i_6/O
                         net (fo=38, routed)          0.509    12.960    cpu_inst/dot4acc_pipeline_inst/id_ex_reg[pc][31]_i_6_n_0
    SLICE_X10Y11                                                      r  cpu_inst/dot4acc_pipeline_inst/id_ex_reg[pc][31]_i_9/I4
    SLICE_X10Y11         LUT5 (Prop_lut5_I4_O)        0.124    13.084 r  cpu_inst/dot4acc_pipeline_inst/id_ex_reg[pc][31]_i_9/O
                         net (fo=3, routed)           0.187    13.271    cpu_inst/dot4acc_pipeline_inst/id_ex_reg[pc][31]_i_9_n_0
    SLICE_X10Y11                                                      r  cpu_inst/dot4acc_pipeline_inst/id_ex_reg[pc][31]_i_8/I5
    SLICE_X10Y11         LUT6 (Prop_lut6_I5_O)        0.124    13.395 r  cpu_inst/dot4acc_pipeline_inst/id_ex_reg[pc][31]_i_8/O
                         net (fo=3, routed)           0.196    13.591    cpu_inst/dot4acc_pipeline_inst/id_ex_reg[pc][31]_i_8_n_0
    SLICE_X10Y11                                                      r  cpu_inst/dot4acc_pipeline_inst/id_ex_reg[pc][31]_i_3/I1
    SLICE_X10Y11         LUT2 (Prop_lut2_I1_O)        0.124    13.715 f  cpu_inst/dot4acc_pipeline_inst/id_ex_reg[pc][31]_i_3/O
                         net (fo=8, routed)           0.825    14.540    cpu_inst/dot4acc_pipeline_inst/id_ex_reg[pc][31]_i_3_n_0
    SLICE_X9Y13                                                       f  cpu_inst/dot4acc_pipeline_inst/id_ex_reg[pc][31]_i_1/I1
    SLICE_X9Y13          LUT3 (Prop_lut3_I1_O)        0.124    14.664 r  cpu_inst/dot4acc_pipeline_inst/id_ex_reg[pc][31]_i_1/O
                         net (fo=64, routed)          0.729    15.393    cpu_inst/dot4acc_pipeline_inst_n_54
    SLICE_X11Y15         FDRE                                         r  cpu_inst/id_ex_reg_reg[instruction][12]/R
  -------------------------------------------------------------------    -------------------

                         (clock sys_clk_pin rise edge)
                                                     10.000    10.000 r  <hidden>
    W5                                                0.000    10.000 r  clk
                         net (fo=0)                   0.000    10.000    clk
    W5                                                                r  clk_IBUF_inst/I
    W5                   IBUF (Prop_ibuf_I_O)         1.388    11.388 r  clk_IBUF_inst/O
                         net (fo=1, routed)           1.862    13.250    clk_IBUF
    BUFGCTRL_X0Y0                                                     r  clk_IBUF_BUFG_inst/I
    BUFGCTRL_X0Y0        BUFG (Prop_bufg_I_O)         0.091    13.341 r  clk_IBUF_BUFG_inst/O
                         net (fo=1822, routed)        1.445    14.786    cpu_inst/clk_IBUF_BUFG
    SLICE_X11Y15         FDRE                                         r  cpu_inst/id_ex_reg_reg[instruction][12]/C
                         clock pessimism              0.260    15.046    <hidden>
                         clock uncertainty           -0.035    15.011    <hidden>
    SLICE_X11Y15         FDRE (Setup_fdre_C_R)       -0.429    14.582    cpu_inst/id_ex_reg_reg[instruction][12]
  -------------------------------------------------------------------
                         required time                         14.582    <hidden>
                         arrival time                         -15.393    <hidden>
  -------------------------------------------------------------------
                         slack                                 -0.811    <hidden>

Slack (VIOLATED) :        -0.811ns  (required time - arrival time)
  Source:                 cpu_inst/data_mem_inst/mem_reg/CLKARDCLK
                            (rising edge-triggered cell RAMB18E1 clocked by sys_clk_pin  {rise@0.000ns fall@5.000ns period=10.000ns})
  Destination:            cpu_inst/id_ex_reg_reg[instruction][6]/R
                            (rising edge-triggered cell FDRE clocked by sys_clk_pin  {rise@0.000ns fall@5.000ns period=10.000ns})
  Path Group:             sys_clk_pin
  Path Type:              Setup (Max at Slow Process Corner)
  Requirement:            10.000ns  (sys_clk_pin rise@10.000ns - sys_clk_pin rise@0.000ns)
  Data Path Delay:        10.261ns  (logic 4.633ns (45.150%)  route 5.628ns (54.850%))
  Logic Levels:           12  (CARRY4=3 LUT2=1 LUT3=3 LUT4=1 LUT5=2 LUT6=2)
  Clock Path Skew:        -0.085ns (DCD - SCD + CPR)
    Destination Clock Delay (DCD):    4.786ns = ( 14.786 - 10.000 )
    Source Clock Delay      (SCD):    5.132ns
    Clock Pessimism Removal (CPR):    0.260ns
  Clock Uncertainty:      0.035ns  ((TSJ^2 + TIJ^2)^1/2 + DJ) / 2 + PE
    Total System Jitter     (TSJ):    0.071ns
    Total Input Jitter      (TIJ):    0.000ns
    Discrete Jitter          (DJ):    0.000ns
    Phase Error              (PE):    0.000ns

    Location             Delay type                Incr(ns)  Path(ns)    Netlist Resource(s)
  -------------------------------------------------------------------    -------------------
                         (clock sys_clk_pin rise edge)
                                                      0.000     0.000 r  <hidden>
    W5                                                0.000     0.000 r  clk
                         net (fo=0)                   0.000     0.000    clk
    W5                                                                r  clk_IBUF_inst/I
    W5                   IBUF (Prop_ibuf_I_O)         1.458     1.458 r  clk_IBUF_inst/O
                         net (fo=1, routed)           1.967     3.425    clk_IBUF
    BUFGCTRL_X0Y0                                                     r  clk_IBUF_BUFG_inst/I
    BUFGCTRL_X0Y0        BUFG (Prop_bufg_I_O)         0.096     3.521 r  clk_IBUF_BUFG_inst/O
                         net (fo=1822, routed)        1.611     5.132    cpu_inst/data_mem_inst/clk_IBUF_BUFG
    RAMB18_X0Y2          RAMB18E1                                     r  cpu_inst/data_mem_inst/mem_reg/CLKARDCLK
  -------------------------------------------------------------------    -------------------
    RAMB18_X0Y2          RAMB18E1 (Prop_ramb18e1_CLKARDCLK_DOADO[0])
                                                      2.454     7.586 r  cpu_inst/data_mem_inst/mem_reg/DOADO[0]
                         net (fo=5, routed)           0.673     8.258    cpu_inst/data_mem_inst/read_data[0]
    SLICE_X8Y5                                                        r  cpu_inst/data_mem_inst/deferred_load_data[0]_i_1/I0
    SLICE_X8Y5           LUT3 (Prop_lut3_I0_O)        0.124     8.382 r  cpu_inst/data_mem_inst/deferred_load_data[0]_i_1/O
                         net (fo=5, routed)           0.648     9.031    cpu_inst/data_mem_inst/data2[0]
    SLICE_X9Y5                                                        r  cpu_inst/data_mem_inst/ex_alu_result0_i_8/I4
    SLICE_X9Y5           LUT5 (Prop_lut5_I4_O)        0.124     9.155 r  cpu_inst/data_mem_inst/ex_alu_result0_i_8/O
                         net (fo=3, routed)           0.453     9.608    cpu_inst/dot4acc_pipeline_inst/A[0]
    SLICE_X8Y6                                                        r  cpu_inst/dot4acc_pipeline_inst/product2_reg_reg_i_154/I2
    SLICE_X8Y6           LUT3 (Prop_lut3_I2_O)        0.124     9.732 r  cpu_inst/dot4acc_pipeline_inst/product2_reg_reg_i_154/O
                         net (fo=1, routed)           0.827    10.559    cpu_inst/dot4acc_pipeline_inst/product2_reg_reg_i_154_n_0
    SLICE_X11Y5                                                       r  cpu_inst/dot4acc_pipeline_inst/product2_reg_reg_i_135/I4
    SLICE_X11Y5          LUT6 (Prop_lut6_I4_O)        0.124    10.683 r  cpu_inst/dot4acc_pipeline_inst/product2_reg_reg_i_135/O
                         net (fo=1, routed)           0.000    10.683    cpu_inst/dot4acc_pipeline_inst/product2_reg_reg_i_135_n_0
    SLICE_X11Y5                                                       r  cpu_inst/dot4acc_pipeline_inst/product2_reg_reg_i_127/S[0]
    SLICE_X11Y5          CARRY4 (Prop_carry4_S[0]_CO[3])
                                                      0.532    11.215 r  cpu_inst/dot4acc_pipeline_inst/product2_reg_reg_i_127/CO[3]
                         net (fo=1, routed)           0.000    11.215    cpu_inst/dot4acc_pipeline_inst/product2_reg_reg_i_127_n_0
    SLICE_X11Y6                                                       r  cpu_inst/dot4acc_pipeline_inst/product2_reg_reg_i_98/CI
    SLICE_X11Y6          CARRY4 (Prop_carry4_CI_CO[3])
                                                      0.114    11.329 r  cpu_inst/dot4acc_pipeline_inst/product2_reg_reg_i_98/CO[3]
                         net (fo=1, routed)           0.000    11.329    cpu_inst/dot4acc_pipeline_inst/product2_reg_reg_i_98_n_0
    SLICE_X11Y7                                                       r  cpu_inst/dot4acc_pipeline_inst/product2_reg_reg_i_53/CI
    SLICE_X11Y7          CARRY4 (Prop_carry4_CI_CO[2])
                                                      0.228    11.557 r  cpu_inst/dot4acc_pipeline_inst/product2_reg_reg_i_53/CO[2]
                         net (fo=18, routed)          0.581    12.138    cpu_inst/dot4acc_pipeline_inst/ex_branch_taken0
    SLICE_X10Y7                                                       r  cpu_inst/dot4acc_pipeline_inst/id_ex_reg[pc][31]_i_6/I3
    SLICE_X10Y7          LUT4 (Prop_lut4_I3_O)        0.313    12.451 r  cpu_inst/dot4acc_pipeline_inst/id_ex_reg[pc][31]_i_6/O
                         net (fo=38, routed)          0.509    12.960    cpu_inst/dot4acc_pipeline_inst/id_ex_reg[pc][31]_i_6_n_0
    SLICE_X10Y11                                                      r  cpu_inst/dot4acc_pipeline_inst/id_ex_reg[pc][31]_i_9/I4
    SLICE_X10Y11         LUT5 (Prop_lut5_I4_O)        0.124    13.084 r  cpu_inst/dot4acc_pipeline_inst/id_ex_reg[pc][31]_i_9/O
                         net (fo=3, routed)           0.187    13.271    cpu_inst/dot4acc_pipeline_inst/id_ex_reg[pc][31]_i_9_n_0
    SLICE_X10Y11                                                      r  cpu_inst/dot4acc_pipeline_inst/id_ex_reg[pc][31]_i_8/I5
    SLICE_X10Y11         LUT6 (Prop_lut6_I5_O)        0.124    13.395 r  cpu_inst/dot4acc_pipeline_inst/id_ex_reg[pc][31]_i_8/O
                         net (fo=3, routed)           0.196    13.591    cpu_inst/dot4acc_pipeline_inst/id_ex_reg[pc][31]_i_8_n_0
    SLICE_X10Y11                                                      r  cpu_inst/dot4acc_pipeline_inst/id_ex_reg[pc][31]_i_3/I1
    SLICE_X10Y11         LUT2 (Prop_lut2_I1_O)        0.124    13.715 f  cpu_inst/dot4acc_pipeline_inst/id_ex_reg[pc][31]_i_3/O
                         net (fo=8, routed)           0.825    14.540    cpu_inst/dot4acc_pipeline_inst/id_ex_reg[pc][31]_i_3_n_0
    SLICE_X9Y13                                                       f  cpu_inst/dot4acc_pipeline_inst/id_ex_reg[pc][31]_i_1/I1
    SLICE_X9Y13          LUT3 (Prop_lut3_I1_O)        0.124    14.664 r  cpu_inst/dot4acc_pipeline_inst/id_ex_reg[pc][31]_i_1/O
                         net (fo=64, routed)          0.729    15.393    cpu_inst/dot4acc_pipeline_inst_n_54
    SLICE_X11Y15         FDRE                                         r  cpu_inst/id_ex_reg_reg[instruction][6]/R
  -------------------------------------------------------------------    -------------------

                         (clock sys_clk_pin rise edge)
                                                     10.000    10.000 r  <hidden>
    W5                                                0.000    10.000 r  clk
                         net (fo=0)                   0.000    10.000    clk
    W5                                                                r  clk_IBUF_inst/I
    W5                   IBUF (Prop_ibuf_I_O)         1.388    11.388 r  clk_IBUF_inst/O
                         net (fo=1, routed)           1.862    13.250    clk_IBUF
    BUFGCTRL_X0Y0                                                     r  clk_IBUF_BUFG_inst/I
    BUFGCTRL_X0Y0        BUFG (Prop_bufg_I_O)         0.091    13.341 r  clk_IBUF_BUFG_inst/O
                         net (fo=1822, routed)        1.445    14.786    cpu_inst/clk_IBUF_BUFG
    SLICE_X11Y15         FDRE                                         r  cpu_inst/id_ex_reg_reg[instruction][6]/C
                         clock pessimism              0.260    15.046    <hidden>
                         clock uncertainty           -0.035    15.011    <hidden>
    SLICE_X11Y15         FDRE (Setup_fdre_C_R)       -0.429    14.582    cpu_inst/id_ex_reg_reg[instruction][6]
  -------------------------------------------------------------------
                         required time                         14.582    <hidden>
                         arrival time                         -15.393    <hidden>
  -------------------------------------------------------------------
                         slack                                 -0.811    <hidden>

Slack (VIOLATED) :        -0.811ns  (required time - arrival time)
  Source:                 cpu_inst/data_mem_inst/mem_reg/CLKARDCLK
                            (rising edge-triggered cell RAMB18E1 clocked by sys_clk_pin  {rise@0.000ns fall@5.000ns period=10.000ns})
  Destination:            cpu_inst/id_ex_reg_reg[pc][17]/R
                            (rising edge-triggered cell FDRE clocked by sys_clk_pin  {rise@0.000ns fall@5.000ns period=10.000ns})
  Path Group:             sys_clk_pin
  Path Type:              Setup (Max at Slow Process Corner)
  Requirement:            10.000ns  (sys_clk_pin rise@10.000ns - sys_clk_pin rise@0.000ns)
  Data Path Delay:        10.261ns  (logic 4.633ns (45.150%)  route 5.628ns (54.850%))
  Logic Levels:           12  (CARRY4=3 LUT2=1 LUT3=3 LUT4=1 LUT5=2 LUT6=2)
  Clock Path Skew:        -0.085ns (DCD - SCD + CPR)
    Destination Clock Delay (DCD):    4.786ns = ( 14.786 - 10.000 )
    Source Clock Delay      (SCD):    5.132ns
    Clock Pessimism Removal (CPR):    0.260ns
  Clock Uncertainty:      0.035ns  ((TSJ^2 + TIJ^2)^1/2 + DJ) / 2 + PE
    Total System Jitter     (TSJ):    0.071ns
    Total Input Jitter      (TIJ):    0.000ns
    Discrete Jitter          (DJ):    0.000ns
    Phase Error              (PE):    0.000ns

    Location             Delay type                Incr(ns)  Path(ns)    Netlist Resource(s)
  -------------------------------------------------------------------    -------------------
                         (clock sys_clk_pin rise edge)
                                                      0.000     0.000 r  <hidden>
    W5                                                0.000     0.000 r  clk
                         net (fo=0)                   0.000     0.000    clk
    W5                                                                r  clk_IBUF_inst/I
    W5                   IBUF (Prop_ibuf_I_O)         1.458     1.458 r  clk_IBUF_inst/O
                         net (fo=1, routed)           1.967     3.425    clk_IBUF
    BUFGCTRL_X0Y0                                                     r  clk_IBUF_BUFG_inst/I
    BUFGCTRL_X0Y0        BUFG (Prop_bufg_I_O)         0.096     3.521 r  clk_IBUF_BUFG_inst/O
                         net (fo=1822, routed)        1.611     5.132    cpu_inst/data_mem_inst/clk_IBUF_BUFG
    RAMB18_X0Y2          RAMB18E1                                     r  cpu_inst/data_mem_inst/mem_reg/CLKARDCLK
  -------------------------------------------------------------------    -------------------
    RAMB18_X0Y2          RAMB18E1 (Prop_ramb18e1_CLKARDCLK_DOADO[0])
                                                      2.454     7.586 r  cpu_inst/data_mem_inst/mem_reg/DOADO[0]
                         net (fo=5, routed)           0.673     8.258    cpu_inst/data_mem_inst/read_data[0]
    SLICE_X8Y5                                                        r  cpu_inst/data_mem_inst/deferred_load_data[0]_i_1/I0
    SLICE_X8Y5           LUT3 (Prop_lut3_I0_O)        0.124     8.382 r  cpu_inst/data_mem_inst/deferred_load_data[0]_i_1/O
                         net (fo=5, routed)           0.648     9.031    cpu_inst/data_mem_inst/data2[0]
    SLICE_X9Y5                                                        r  cpu_inst/data_mem_inst/ex_alu_result0_i_8/I4
    SLICE_X9Y5           LUT5 (Prop_lut5_I4_O)        0.124     9.155 r  cpu_inst/data_mem_inst/ex_alu_result0_i_8/O
                         net (fo=3, routed)           0.453     9.608    cpu_inst/dot4acc_pipeline_inst/A[0]
    SLICE_X8Y6                                                        r  cpu_inst/dot4acc_pipeline_inst/product2_reg_reg_i_154/I2
    SLICE_X8Y6           LUT3 (Prop_lut3_I2_O)        0.124     9.732 r  cpu_inst/dot4acc_pipeline_inst/product2_reg_reg_i_154/O
                         net (fo=1, routed)           0.827    10.559    cpu_inst/dot4acc_pipeline_inst/product2_reg_reg_i_154_n_0
    SLICE_X11Y5                                                       r  cpu_inst/dot4acc_pipeline_inst/product2_reg_reg_i_135/I4
    SLICE_X11Y5          LUT6 (Prop_lut6_I4_O)        0.124    10.683 r  cpu_inst/dot4acc_pipeline_inst/product2_reg_reg_i_135/O
                         net (fo=1, routed)           0.000    10.683    cpu_inst/dot4acc_pipeline_inst/product2_reg_reg_i_135_n_0
    SLICE_X11Y5                                                       r  cpu_inst/dot4acc_pipeline_inst/product2_reg_reg_i_127/S[0]
    SLICE_X11Y5          CARRY4 (Prop_carry4_S[0]_CO[3])
                                                      0.532    11.215 r  cpu_inst/dot4acc_pipeline_inst/product2_reg_reg_i_127/CO[3]
                         net (fo=1, routed)           0.000    11.215    cpu_inst/dot4acc_pipeline_inst/product2_reg_reg_i_127_n_0
    SLICE_X11Y6                                                       r  cpu_inst/dot4acc_pipeline_inst/product2_reg_reg_i_98/CI
    SLICE_X11Y6          CARRY4 (Prop_carry4_CI_CO[3])
                                                      0.114    11.329 r  cpu_inst/dot4acc_pipeline_inst/product2_reg_reg_i_98/CO[3]
                         net (fo=1, routed)           0.000    11.329    cpu_inst/dot4acc_pipeline_inst/product2_reg_reg_i_98_n_0
    SLICE_X11Y7                                                       r  cpu_inst/dot4acc_pipeline_inst/product2_reg_reg_i_53/CI
    SLICE_X11Y7          CARRY4 (Prop_carry4_CI_CO[2])
                                                      0.228    11.557 r  cpu_inst/dot4acc_pipeline_inst/product2_reg_reg_i_53/CO[2]
                         net (fo=18, routed)          0.581    12.138    cpu_inst/dot4acc_pipeline_inst/ex_branch_taken0
    SLICE_X10Y7                                                       r  cpu_inst/dot4acc_pipeline_inst/id_ex_reg[pc][31]_i_6/I3
    SLICE_X10Y7          LUT4 (Prop_lut4_I3_O)        0.313    12.451 r  cpu_inst/dot4acc_pipeline_inst/id_ex_reg[pc][31]_i_6/O
                         net (fo=38, routed)          0.509    12.960    cpu_inst/dot4acc_pipeline_inst/id_ex_reg[pc][31]_i_6_n_0
    SLICE_X10Y11                                                      r  cpu_inst/dot4acc_pipeline_inst/id_ex_reg[pc][31]_i_9/I4
    SLICE_X10Y11         LUT5 (Prop_lut5_I4_O)        0.124    13.084 r  cpu_inst/dot4acc_pipeline_inst/id_ex_reg[pc][31]_i_9/O
                         net (fo=3, routed)           0.187    13.271    cpu_inst/dot4acc_pipeline_inst/id_ex_reg[pc][31]_i_9_n_0
    SLICE_X10Y11                                                      r  cpu_inst/dot4acc_pipeline_inst/id_ex_reg[pc][31]_i_8/I5
    SLICE_X10Y11         LUT6 (Prop_lut6_I5_O)        0.124    13.395 r  cpu_inst/dot4acc_pipeline_inst/id_ex_reg[pc][31]_i_8/O
                         net (fo=3, routed)           0.196    13.591    cpu_inst/dot4acc_pipeline_inst/id_ex_reg[pc][31]_i_8_n_0
    SLICE_X10Y11                                                      r  cpu_inst/dot4acc_pipeline_inst/id_ex_reg[pc][31]_i_3/I1
    SLICE_X10Y11         LUT2 (Prop_lut2_I1_O)        0.124    13.715 f  cpu_inst/dot4acc_pipeline_inst/id_ex_reg[pc][31]_i_3/O
                         net (fo=8, routed)           0.825    14.540    cpu_inst/dot4acc_pipeline_inst/id_ex_reg[pc][31]_i_3_n_0
    SLICE_X9Y13                                                       f  cpu_inst/dot4acc_pipeline_inst/id_ex_reg[pc][31]_i_1/I1
    SLICE_X9Y13          LUT3 (Prop_lut3_I1_O)        0.124    14.664 r  cpu_inst/dot4acc_pipeline_inst/id_ex_reg[pc][31]_i_1/O
                         net (fo=64, routed)          0.729    15.393    cpu_inst/dot4acc_pipeline_inst_n_54
    SLICE_X11Y15         FDRE                                         r  cpu_inst/id_ex_reg_reg[pc][17]/R
  -------------------------------------------------------------------    -------------------

                         (clock sys_clk_pin rise edge)
                                                     10.000    10.000 r  <hidden>
    W5                                                0.000    10.000 r  clk
                         net (fo=0)                   0.000    10.000    clk
    W5                                                                r  clk_IBUF_inst/I
    W5                   IBUF (Prop_ibuf_I_O)         1.388    11.388 r  clk_IBUF_inst/O
                         net (fo=1, routed)           1.862    13.250    clk_IBUF
    BUFGCTRL_X0Y0                                                     r  clk_IBUF_BUFG_inst/I
    BUFGCTRL_X0Y0        BUFG (Prop_bufg_I_O)         0.091    13.341 r  clk_IBUF_BUFG_inst/O
                         net (fo=1822, routed)        1.445    14.786    cpu_inst/clk_IBUF_BUFG
    SLICE_X11Y15         FDRE                                         r  cpu_inst/id_ex_reg_reg[pc][17]/C
                         clock pessimism              0.260    15.046    <hidden>
                         clock uncertainty           -0.035    15.011    <hidden>
    SLICE_X11Y15         FDRE (Setup_fdre_C_R)       -0.429    14.582    cpu_inst/id_ex_reg_reg[pc][17]
  -------------------------------------------------------------------
                         required time                         14.582    <hidden>
                         arrival time                         -15.393    <hidden>
  -------------------------------------------------------------------
                         slack                                 -0.811    <hidden>
